#
# There is insufficient memory for the Java Runtime Environment to continue.
# Native memory allocation (mmap) failed to map 610271232 bytes. Error detail: G1 virtual space
# Possible reasons:
#   The system is out of physical RAM or swap space
#   This process is running with CompressedOops enabled, and the Java Heap may be blocking the growth of the native heap
# Possible solutions:
#   Reduce memory load on the system
#   Increase physical memory or swap space
#   Check if swap backing store is full
#   Decrease Java heap size (-Xmx/-Xms)
#   Decrease number of Java threads
#   Decrease Java thread stack sizes (-Xss)
#   Set larger code cache with -XX:ReservedCodeCacheSize=
#   JVM is running with Zero Based Compressed Oops mode in which the Java heap is
#     placed in the first 32GB address space. The Java Heap base address is the
#     maximum limit for the native heap growth. Please use -XX:HeapBaseMinAddress
#     to set the Java Heap base and to place the Java Heap above 32GB virtual address.
# This output file may be truncated or incomplete.
#
#  Out of Memory Error (os_windows.cpp:3926), pid=8844, tid=3632
#
# JRE version: OpenJDK Runtime Environment (21.0.10) (build 21.0.10+-14961533-b1163.108)
# Java VM: OpenJDK 64-Bit Server VM (21.0.10+-14961533-b1163.108, mixed mode, tiered, compressed oops, compressed class ptrs, g1 gc, windows-amd64)
# No core dump will be written. Minidumps are not enabled by default on client versions of Windows
#

---------------  S U M M A R Y ------------

Command Line: --add-opens=java.base/java.lang=ALL-UNNAMED --add-opens=java.base/java.lang.invoke=ALL-UNNAMED --add-opens=java.base/java.util=ALL-UNNAMED --add-opens=java.prefs/java.util.prefs=ALL-UNNAMED --add-exports=jdk.compiler/com.sun.tools.javac.api=ALL-UNNAMED --add-exports=jdk.compiler/com.sun.tools.javac.util=ALL-UNNAMED --add-opens=java.base/java.util=ALL-UNNAMED --add-opens=java.prefs/java.util.prefs=ALL-UNNAMED --add-opens=java.base/java.nio.charset=ALL-UNNAMED --add-opens=java.base/java.net=ALL-UNNAMED --add-opens=java.base/java.util.concurrent=ALL-UNNAMED --add-opens=java.base/java.util.concurrent.atomic=ALL-UNNAMED --add-opens=java.xml/javax.xml.namespace=ALL-UNNAMED --add-opens=java.base/java.time=ALL-UNNAMED -Xmx4g -Dfile.encoding=UTF-8 -Duser.country=CO -Duser.language=es -Duser.variant -javaagent:D:\Dev\caches\Gradle\wrapper\dists\gradle-9.4.1-bin\arn2x92ynaizyzdaamcbpbhtj\gradle-9.4.1\lib\agents\gradle-instrumentation-agent-9.4.1.jar org.gradle.launcher.daemon.bootstrap.GradleDaemon 9.4.1

Host: Intel(R) Core(TM) i5-8265U CPU @ 1.60GHz, 8 cores, 7G,  Windows 11 , 64 bit Build 26100 (10.0.26100.8521)
Time: Fri Jun  5 20:51:08 2026 Hora est. Pacífico, Sudamérica elapsed time: 3235.784821 seconds (0d 0h 53m 55s)

---------------  T H R E A D  ---------------

Current thread (0x00000178c9f3d460):  VMThread "VM Thread"          [id=3632, stack(0x0000006ed2b00000,0x0000006ed2c00000) (1024K)]

Stack: [0x0000006ed2b00000,0x0000006ed2c00000]
Native frames: (J=compiled Java code, j=interpreted, Vv=VM code, C=native code)
V  [jvm.dll+0x6d78a9]
V  [jvm.dll+0x8665b3]
V  [jvm.dll+0x868bde]
V  [jvm.dll+0x8692c3]
V  [jvm.dll+0x280ee6]
V  [jvm.dll+0x6d4165]
V  [jvm.dll+0x6c77fa]
V  [jvm.dll+0x358f4b]
V  [jvm.dll+0x360bc6]
V  [jvm.dll+0x3b2ea6]
V  [jvm.dll+0x3b3178]
V  [jvm.dll+0x32b65c]
V  [jvm.dll+0x32b6e7]
V  [jvm.dll+0x3715cc]
V  [jvm.dll+0x36fd7e]
V  [jvm.dll+0x32adb1]
V  [jvm.dll+0x36f480]
V  [jvm.dll+0x86f048]
V  [jvm.dll+0x870394]
V  [jvm.dll+0x8708d0]
V  [jvm.dll+0x870b63]
V  [jvm.dll+0x80fd28]
V  [jvm.dll+0x6d60fd]
C  [ucrtbase.dll+0x2cd30]
C  [KERNEL32.DLL+0x2e957]
C  [ntdll.dll+0x87c1c]

VM_Operation (0x0000006ed72fc240): G1CollectForAllocation, mode: safepoint, requested by thread 0x00000178f19972d0


---------------  P R O C E S S  ---------------

Threads class SMR info:
_java_thread_list=0x00000178d105a3c0, length=69, elements={
0x00000178b008b110, 0x00000178ca105330, 0x00000178ca119f60, 0x00000178ca11a9c0,
0x00000178ca1437d0, 0x00000178ca144230, 0x00000178ca146370, 0x00000178ca126730,
0x00000178ca128ba0, 0x00000178ca12a2e0, 0x00000178ca4430b0, 0x00000178cfbd8350,
0x00000178cfb06d30, 0x00000178d071b900, 0x00000178ca65a090, 0x00000178ca65c7f0,
0x00000178ca65c160, 0x00000178d4343270, 0x00000178d4343f90, 0x00000178d4347aa0,
0x00000178d00447e0, 0x00000178d0049010, 0x00000178d3d34100, 0x00000178d3d37c10,
0x00000178d4348e50, 0x00000178d00475d0, 0x00000178d004b0e0, 0x00000178d40045f0,
0x00000178d4006030, 0x00000178e01e3a50, 0x00000178e01dde70, 0x00000178f55c8100,
0x00000178f55c8790, 0x00000178f55c5310, 0x00000178f55ca1d0, 0x00000178f55ca860,
0x00000178f55cbc10, 0x00000178f55c8e20, 0x00000178f55cc2a0, 0x00000178e01e4770,
0x00000178f20153c0, 0x00000178e6ee2d50, 0x00000178f2008850, 0x00000178e6ee2030,
0x00000178d60a9eb0, 0x00000178d60a6a30, 0x00000178d60aabd0, 0x00000178e70a0720,
0x000001788467f340, 0x000001788467df90, 0x00000178846806f0, 0x000001788467f9d0,
0x000001788467e620, 0x0000017884681410, 0x0000017884680060, 0x0000017883e90dd0,
0x0000017883e92810, 0x0000017883e91460, 0x0000017883e93530, 0x00000178e6ee33e0,
0x00000178d60a7750, 0x00000178d60a7de0, 0x00000178d60acca0, 0x00000178e6ee3a70,
0x0000017884680d80, 0x00000178d60aa540, 0x00000178e7876b10, 0x00000178f19972d0,
0x00000178f5727c90
}

Java Threads: ( => current thread )
  0x00000178b008b110 JavaThread "main"                              [_thread_blocked, id=4188, stack(0x0000006ed2400000,0x0000006ed2500000) (1024K)]
  0x00000178ca105330 JavaThread "Common-Cleaner"             daemon [_thread_blocked, id=8964, stack(0x0000006ed2c00000,0x0000006ed2d00000) (1024K)]
  0x00000178ca119f60 JavaThread "Reference Handler"          daemon [_thread_blocked, id=16064, stack(0x0000006ed2d00000,0x0000006ed2e00000) (1024K)]
  0x00000178ca11a9c0 JavaThread "Finalizer"                  daemon [_thread_blocked, id=12372, stack(0x0000006ed2e00000,0x0000006ed2f00000) (1024K)]
  0x00000178ca1437d0 JavaThread "Signal Dispatcher"          daemon [_thread_blocked, id=5544, stack(0x0000006ed2f00000,0x0000006ed3000000) (1024K)]
  0x00000178ca144230 JavaThread "Attach Listener"            daemon [_thread_blocked, id=11660, stack(0x0000006ed3000000,0x0000006ed3100000) (1024K)]
  0x00000178ca146370 JavaThread "Service Thread"             daemon [_thread_blocked, id=15176, stack(0x0000006ed3100000,0x0000006ed3200000) (1024K)]
  0x00000178ca126730 JavaThread "Monitor Deflation Thread"   daemon [_thread_blocked, id=15816, stack(0x0000006ed3200000,0x0000006ed3300000) (1024K)]
  0x00000178ca128ba0 JavaThread "C2 CompilerThread0"         daemon [_thread_blocked, id=5284, stack(0x0000006ed3300000,0x0000006ed3400000) (1024K)]
  0x00000178ca12a2e0 JavaThread "C1 CompilerThread0"         daemon [_thread_blocked, id=14700, stack(0x0000006ed3400000,0x0000006ed3500000) (1024K)]
  0x00000178ca4430b0 JavaThread "Notification Thread"        daemon [_thread_blocked, id=1972, stack(0x0000006ed3500000,0x0000006ed3600000) (1024K)]
  0x00000178cfbd8350 JavaThread "Daemon health stats"               [_thread_blocked, id=12732, stack(0x0000006ed3a00000,0x0000006ed3b00000) (1024K)]
  0x00000178cfb06d30 JavaThread "Incoming local TCP Connector on port 51192"        [_thread_in_native, id=16312, stack(0x0000006ed3c00000,0x0000006ed3d00000) (1024K)]
  0x00000178d071b900 JavaThread "Daemon periodic checks"            [_thread_blocked, id=15720, stack(0x0000006ed4000000,0x0000006ed4100000) (1024K)]
  0x00000178ca65a090 JavaThread "Cache worker for journal cache (D:\Dev\caches\Gradle\caches\journal-1)"        [_thread_blocked, id=5596, stack(0x0000006ed3b00000,0x0000006ed3c00000) (1024K)]
  0x00000178ca65c7f0 JavaThread "File lock request listener"        [_thread_in_native, id=4804, stack(0x0000006ed4900000,0x0000006ed4a00000) (1024K)]
  0x00000178ca65c160 JavaThread "Cache worker for file hash cache (D:\Dev\caches\Gradle\caches\9.4.1\fileHashes)"        [_thread_blocked, id=14080, stack(0x0000006ed4b00000,0x0000006ed4c00000) (1024K)]
  0x00000178d4343270 JavaThread "Cache worker for file content cache (D:\Dev\caches\Gradle\caches\9.4.1\fileContent)"        [_thread_blocked, id=14180, stack(0x0000006ed5000000,0x0000006ed5100000) (1024K)]
  0x00000178d4343f90 JavaThread "File watcher server"        daemon [_thread_blocked, id=14048, stack(0x0000006ed4f00000,0x0000006ed5000000) (1024K)]
  0x00000178d4347aa0 JavaThread "File watcher consumer"      daemon [_thread_blocked, id=15552, stack(0x0000006ed5100000,0x0000006ed5200000) (1024K)]
  0x00000178d00447e0 JavaThread "Memory manager"                    [_thread_blocked, id=4960, stack(0x0000006ed5400000,0x0000006ed5500000) (1024K)]
  0x00000178d0049010 JavaThread "pool-2-thread-1"                   [_thread_blocked, id=15168, stack(0x0000006ed5800000,0x0000006ed5900000) (1024K)]
  0x00000178d3d34100 JavaThread "Java2D Disposer"            daemon [_thread_blocked, id=6868, stack(0x0000006ed2100000,0x0000006ed2200000) (1024K)]
  0x00000178d3d37c10 JavaThread "AWT-Windows"                daemon [_thread_in_native, id=4496, stack(0x0000006ed6400000,0x0000006ed6500000) (1024K)]
  0x00000178d4348e50 JavaThread "DefaultDispatcher-worker-1" daemon [_thread_blocked, id=12812, stack(0x0000006ed6300000,0x0000006ed6400000) (1024K)]
  0x00000178d00475d0 JavaThread "DefaultDispatcher-worker-2" daemon [_thread_blocked, id=5636, stack(0x0000006ed6500000,0x0000006ed6600000) (1024K)]
  0x00000178d004b0e0 JavaThread "DefaultDispatcher-worker-3" daemon [_thread_blocked, id=3844, stack(0x0000006ed6600000,0x0000006ed6700000) (1024K)]
  0x00000178d40045f0 JavaThread "Periodic tasks thread"      daemon [_thread_blocked, id=6580, stack(0x0000006ed6800000,0x0000006ed6900000) (1024K)]
  0x00000178d4006030 JavaThread "ApplicationImpl pooled thread 1"        [_thread_blocked, id=8428, stack(0x0000006ed6900000,0x0000006ed6a00000) (1024K)]
  0x00000178e01e3a50 JavaThread "pool-6-thread-1"                   [_thread_blocked, id=7760, stack(0x0000006ed5e00000,0x0000006ed5f00000) (1024K)]
  0x00000178e01dde70 JavaThread "pool-9-thread-1"                   [_thread_blocked, id=8368, stack(0x0000006ed5f00000,0x0000006ed6000000) (1024K)]
  0x00000178f55c8100 JavaThread "jar transforms"                    [_thread_blocked, id=2800, stack(0x0000006ed4c00000,0x0000006ed4d00000) (1024K)]
  0x00000178f55c8790 JavaThread "jar transforms Thread 2"           [_thread_blocked, id=15924, stack(0x0000006ed4d00000,0x0000006ed4e00000) (1024K)]
  0x00000178f55c5310 JavaThread "jar transforms Thread 3"           [_thread_blocked, id=7680, stack(0x0000006ed4e00000,0x0000006ed4f00000) (1024K)]
  0x00000178f55ca1d0 JavaThread "jar transforms Thread 4"           [_thread_blocked, id=14508, stack(0x0000006ed5200000,0x0000006ed5300000) (1024K)]
  0x00000178f55ca860 JavaThread "jar transforms Thread 5"           [_thread_blocked, id=14140, stack(0x0000006ed5300000,0x0000006ed5400000) (1024K)]
  0x00000178f55cbc10 JavaThread "jar transforms Thread 6"           [_thread_blocked, id=14344, stack(0x0000006ed5500000,0x0000006ed5600000) (1024K)]
  0x00000178f55c8e20 JavaThread "jar transforms Thread 7"           [_thread_blocked, id=4564, stack(0x0000006ed5600000,0x0000006ed5700000) (1024K)]
  0x00000178f55cc2a0 JavaThread "jar transforms Thread 8"           [_thread_blocked, id=7936, stack(0x0000006ed5700000,0x0000006ed5800000) (1024K)]
  0x00000178e01e4770 JavaThread "pool-13-thread-1"                  [_thread_blocked, id=6312, stack(0x0000006ed6700000,0x0000006ed6800000) (1024K)]
  0x00000178f20153c0 JavaThread "pool-15-thread-1"                  [_thread_blocked, id=14684, stack(0x0000006ed6f00000,0x0000006ed7000000) (1024K)]
  0x00000178e6ee2d50 JavaThread "Cache worker for Java compile cache (D:\Dev\caches\Gradle\caches\9.4.1\javaCompile)"        [_thread_blocked, id=15760, stack(0x0000006ed7500000,0x0000006ed7600000) (1024K)]
  0x00000178f2008850 JavaThread "pool-19-thread-1"                  [_thread_blocked, id=2676, stack(0x0000006ed6e00000,0x0000006ed6f00000) (1024K)]
  0x00000178e6ee2030 JavaThread "Daemon Thread 6"                   [_thread_blocked, id=9172, stack(0x0000006ed2200000,0x0000006ed2300000) (1024K)]
  0x00000178d60a9eb0 JavaThread "Handler for socket connection from /127.0.0.1:51192 to /127.0.0.1:65232"        [_thread_in_native, id=15752, stack(0x0000006ed2300000,0x0000006ed2400000) (1024K)]
  0x00000178d60a6a30 JavaThread "Cancel handler"                    [_thread_blocked, id=15684, stack(0x0000006ed4200000,0x0000006ed4300000) (1024K)]
  0x00000178d60aabd0 JavaThread "Daemon worker Thread 6"            [_thread_blocked, id=15112, stack(0x0000006ed4400000,0x0000006ed4500000) (1024K)]
  0x00000178e70a0720 JavaThread "Asynchronous log dispatcher for DefaultDaemonConnection: socket connection from /127.0.0.1:51192 to /127.0.0.1:65232"        [_thread_blocked, id=15976, stack(0x0000006ed4500000,0x0000006ed4600000) (1024K)]
  0x000001788467f340 JavaThread "Stdin handler"                     [_thread_blocked, id=12424, stack(0x0000006ed4600000,0x0000006ed4700000) (1024K)]
  0x000001788467df90 JavaThread "Daemon client event forwarder"        [_thread_blocked, id=7548, stack(0x0000006ed4700000,0x0000006ed4800000) (1024K)]
  0x00000178846806f0 JavaThread "Cache worker for file hash cache (D:\Proyectos\Dulceplay\.gradle\9.4.1\fileHashes)"        [_thread_blocked, id=6120, stack(0x0000006ed4800000,0x0000006ed4900000) (1024K)]
  0x000001788467f9d0 JavaThread "Cache worker for checksums cache (D:\Proyectos\Dulceplay\.gradle\9.4.1\checksums)"        [_thread_blocked, id=8156, stack(0x0000006ed4100000,0x0000006ed4200000) (1024K)]
  0x000001788467e620 JavaThread "Cache worker for Build Output Cleanup Cache (D:\Proyectos\Dulceplay\.gradle\buildOutputCleanup)"        [_thread_blocked, id=5100, stack(0x0000006ed4a00000,0x0000006ed4b00000) (1024K)]
  0x0000017884681410 JavaThread "Cache worker for cache directory md-supplier (D:\Dev\caches\Gradle\caches\9.4.1\md-supplier)"        [_thread_blocked, id=12304, stack(0x0000006ed5a00000,0x0000006ed5b00000) (1024K)]
  0x0000017884680060 JavaThread "Cache worker for cache directory md-rule (D:\Dev\caches\Gradle\caches\9.4.1\md-rule)"        [_thread_blocked, id=14464, stack(0x0000006ed5b00000,0x0000006ed5c00000) (1024K)]
  0x0000017883e90dd0 JavaThread "build event listener"              [_thread_blocked, id=14796, stack(0x0000006ed5d00000,0x0000006ed5e00000) (1024K)]
  0x0000017883e92810 JavaThread "build event listener"              [_thread_blocked, id=15524, stack(0x0000006ed6100000,0x0000006ed6200000) (1024K)]
  0x0000017883e91460 JavaThread "build event listener"              [_thread_blocked, id=14624, stack(0x0000006ed6200000,0x0000006ed6300000) (1024K)]
  0x0000017883e93530 JavaThread "Build operations"                  [_thread_blocked, id=9816, stack(0x0000006ed6a00000,0x0000006ed6b00000) (1024K)]
  0x00000178e6ee33e0 JavaThread "included builds"                   [_thread_blocked, id=15784, stack(0x0000006ed5c00000,0x0000006ed5d00000) (1024K)]
  0x00000178d60a7750 JavaThread "Execution worker"                  [_thread_blocked, id=9056, stack(0x0000006ed6b00000,0x0000006ed6c00000) (1024K)]
  0x00000178d60a7de0 JavaThread "Execution worker Thread 2"         [_thread_blocked, id=11060, stack(0x0000006ed6c00000,0x0000006ed6d00000) (1024K)]
  0x00000178d60acca0 JavaThread "Execution worker Thread 3"         [_thread_blocked, id=9724, stack(0x0000006ed6d00000,0x0000006ed6e00000) (1024K)]
  0x00000178e6ee3a70 JavaThread "Cache worker for execution history cache (D:\Proyectos\Dulceplay\.gradle\9.4.1\executionHistory)"        [_thread_blocked, id=1732, stack(0x0000006ed7000000,0x0000006ed7100000) (1024K)]
  0x0000017884680d80 JavaThread "pool-22-thread-1"                  [_thread_blocked, id=15424, stack(0x0000006ed7100000,0x0000006ed7200000) (1024K)]
  0x00000178d60aa540 JavaThread "WorkerExecutor Queue"              [_thread_blocked, id=4472, stack(0x0000006ed6000000,0x0000006ed6100000) (1024K)]
  0x00000178e7876b10 JavaThread "WorkerExecutor Queue Thread 2"        [_thread_blocked, id=5692, stack(0x0000006ed5900000,0x0000006ed5a00000) (1024K)]
  0x00000178f19972d0 JavaThread "pool-23-thread-1"                  [_thread_blocked, id=15496, stack(0x0000006ed7200000,0x0000006ed7300000) (1024K)]
  0x00000178f5727c90 JavaThread "C2 CompilerThread1"         daemon [_thread_blocked, id=8864, stack(0x0000006ed7600000,0x0000006ed7700000) (1024K)]
Total: 69

Other Threads:
=>0x00000178c9f3d460 VMThread "VM Thread"                           [id=3632, stack(0x0000006ed2b00000,0x0000006ed2c00000) (1024K)]
  0x00000178c9ef7cf0 WatcherThread "VM Periodic Task Thread"        [id=15908, stack(0x0000006ed2a00000,0x0000006ed2b00000) (1024K)]
  0x00000178b00f4520 WorkerThread "GC Thread#0"                     [id=16156, stack(0x0000006ed2500000,0x0000006ed2600000) (1024K)]
  0x00000178cf53d700 WorkerThread "GC Thread#1"                     [id=15556, stack(0x0000006ed3600000,0x0000006ed3700000) (1024K)]
  0x00000178cf53dab0 WorkerThread "GC Thread#2"                     [id=11344, stack(0x0000006ed3700000,0x0000006ed3800000) (1024K)]
  0x00000178caabd6c0 WorkerThread "GC Thread#3"                     [id=13228, stack(0x0000006ed3800000,0x0000006ed3900000) (1024K)]
  0x00000178cf568350 WorkerThread "GC Thread#4"                     [id=12324, stack(0x0000006ed3900000,0x0000006ed3a00000) (1024K)]
  0x00000178cf4cf3d0 WorkerThread "GC Thread#5"                     [id=14384, stack(0x0000006ed3d00000,0x0000006ed3e00000) (1024K)]
  0x00000178d119c800 WorkerThread "GC Thread#6"                     [id=13288, stack(0x0000006ed3e00000,0x0000006ed3f00000) (1024K)]
  0x00000178d119cbb0 WorkerThread "GC Thread#7"                     [id=15060, stack(0x0000006ed3f00000,0x0000006ed4000000) (1024K)]
  0x00000178b0105420 ConcurrentGCThread "G1 Main Marker"            [id=9144, stack(0x0000006ed2600000,0x0000006ed2700000) (1024K)]
  0x00000178b0107c90 WorkerThread "G1 Conc#0"                       [id=6152, stack(0x0000006ed2700000,0x0000006ed2800000) (1024K)]
  0x00000178cfad6be0 WorkerThread "G1 Conc#1"                       [id=4408, stack(0x0000006ed4300000,0x0000006ed4400000) (1024K)]
  0x00000178b014e710 ConcurrentGCThread "G1 Refine#0"               [id=14992, stack(0x0000006ed2800000,0x0000006ed2900000) (1024K)]
  0x00000178c9dc9370 ConcurrentGCThread "G1 Service"                [id=16128, stack(0x0000006ed2900000,0x0000006ed2a00000) (1024K)]
Total: 15

Threads with active compile tasks:
C1 CompilerThread0  3236243 134242       3       org.jetbrains.org.objectweb.asm.ClassReader::readMethod (1093 bytes)
Total: 1

VM state: at safepoint (normal execution)

VM Mutex/Monitor currently owned by a thread:  ([mutex/lock_event])
[0x00007ffb748186d0] Threads_lock - owner thread: 0x00000178c9f3d460
[0x00007ffb748187d0] Heap_lock - owner thread: 0x00000178f19972d0

Heap address: 0x0000000700000000, size: 4096 MB, Compressed Oops mode: Zero based, Oop shift amount: 3

CDS archive(s) not mapped
Compressed class space mapped at: 0x0000000800000000-0x0000000840000000, reserved size: 1073741824
Narrow klass base: 0x0000000800000000, Narrow klass shift: 0, Narrow klass range: 0x40000000

GC Precious Log:
 CardTable entry size: 512
 Card Set container configuration: InlinePtr #cards 4 size 8 Array Of Cards #cards 16 size 48 Howl #buckets 8 coarsen threshold 3686 Howl Bitmap #cards 512 size 80 coarsen threshold 460 Card regions per heap region 1 cards per card region 4096
 CPUs: 8 total, 8 available
 Memory: 8039M
 Large Page Support: Disabled
 NUMA Support: Disabled
 Compressed Oops: Enabled (Zero based)
 Heap Region Size: 2M
 Heap Min Capacity: 8M
 Heap Initial Capacity: 126M
 Heap Max Capacity: 4G
 Pre-touch: Disabled
 Parallel Workers: 8
 Concurrent Workers: 2
 Concurrent Refinement Workers: 8
 Periodic GC: Disabled

Heap:
 garbage-first heap   total 1001472K, used 509455K [0x0000000700000000, 0x0000000800000000)
  region size 2048K, 9 young (18432K), 9 survivors (18432K)
 Metaspace       used 374678K, committed 378112K, reserved 1441792K
  class space    used 46534K, committed 48256K, reserved 1048576K

Heap Regions: E=young(eden), S=young(survivor), O=old, HS=humongous(starts), HC=humongous(continues), CS=collection set, F=free, TAMS=top-at-mark-start, PB=parsable bottom
|   0|0x0000000700000000, 0x0000000700200000, 0x0000000700200000|100%|HS|  |TAMS 0x0000000700000000| PB 0x0000000700000000| Complete 
|   1|0x0000000700200000, 0x0000000700400000, 0x0000000700400000|100%|HC|  |TAMS 0x0000000700200000| PB 0x0000000700200000| Complete 
|   2|0x0000000700400000, 0x0000000700600000, 0x0000000700600000|100%| O|  |TAMS 0x0000000700400000| PB 0x0000000700400000| Untracked 
|   3|0x0000000700600000, 0x0000000700800000, 0x0000000700800000|100%|HS|  |TAMS 0x0000000700600000| PB 0x0000000700600000| Complete 
|   4|0x0000000700800000, 0x0000000700a00000, 0x0000000700a00000|100%| O|  |TAMS 0x0000000700800000| PB 0x0000000700800000| Untracked 
|   5|0x0000000700a00000, 0x0000000700c00000, 0x0000000700c00000|100%| O|  |TAMS 0x0000000700a00000| PB 0x0000000700a00000| Untracked 
|   6|0x0000000700c00000, 0x0000000700e00000, 0x0000000700e00000|100%| O|  |TAMS 0x0000000700c00000| PB 0x0000000700c00000| Untracked 
|   7|0x0000000700e00000, 0x0000000701000000, 0x0000000701000000|100%| O|  |TAMS 0x0000000700e00000| PB 0x0000000700e00000| Untracked 
|   8|0x0000000701000000, 0x0000000701200000, 0x0000000701200000|100%| O|  |TAMS 0x0000000701000000| PB 0x0000000701000000| Untracked 
|   9|0x0000000701200000, 0x0000000701400000, 0x0000000701400000|100%| O|  |TAMS 0x0000000701200000| PB 0x0000000701200000| Untracked 
|  10|0x0000000701400000, 0x0000000701600000, 0x0000000701600000|100%| O|  |TAMS 0x0000000701400000| PB 0x0000000701400000| Untracked 
|  11|0x0000000701600000, 0x0000000701800000, 0x0000000701800000|100%| O|  |TAMS 0x0000000701600000| PB 0x0000000701600000| Untracked 
|  12|0x0000000701800000, 0x0000000701a00000, 0x0000000701a00000|100%| O|  |TAMS 0x0000000701800000| PB 0x0000000701800000| Untracked 
|  13|0x0000000701a00000, 0x0000000701c00000, 0x0000000701c00000|100%| O|  |TAMS 0x0000000701a00000| PB 0x0000000701a00000| Untracked 
|  14|0x0000000701c00000, 0x0000000701e00000, 0x0000000701e00000|100%|HS|  |TAMS 0x0000000701c00000| PB 0x0000000701c00000| Complete 
|  15|0x0000000701e00000, 0x0000000702000000, 0x0000000702000000|100%| O|  |TAMS 0x0000000701e00000| PB 0x0000000701e00000| Untracked 
|  16|0x0000000702000000, 0x0000000702200000, 0x0000000702200000|100%| O|  |TAMS 0x0000000702000000| PB 0x0000000702000000| Untracked 
|  17|0x0000000702200000, 0x0000000702400000, 0x0000000702400000|100%| O|  |TAMS 0x0000000702200000| PB 0x0000000702200000| Untracked 
|  18|0x0000000702400000, 0x0000000702600000, 0x0000000702600000|100%| O|  |TAMS 0x0000000702400000| PB 0x0000000702400000| Untracked 
|  19|0x0000000702600000, 0x0000000702800000, 0x0000000702800000|100%| O|  |TAMS 0x0000000702600000| PB 0x0000000702600000| Untracked 
|  20|0x0000000702800000, 0x0000000702a00000, 0x0000000702a00000|100%| O|  |TAMS 0x0000000702800000| PB 0x0000000702800000| Untracked 
|  21|0x0000000702a00000, 0x0000000702c00000, 0x0000000702c00000|100%| O|  |TAMS 0x0000000702a00000| PB 0x0000000702a00000| Untracked 
|  22|0x0000000702c00000, 0x0000000702e00000, 0x0000000702e00000|100%| O|  |TAMS 0x0000000702c00000| PB 0x0000000702c00000| Untracked 
|  23|0x0000000702e00000, 0x0000000703000000, 0x0000000703000000|100%| O|  |TAMS 0x0000000702e00000| PB 0x0000000702e00000| Untracked 
|  24|0x0000000703000000, 0x0000000703200000, 0x0000000703200000|100%| O|  |TAMS 0x0000000703000000| PB 0x0000000703000000| Untracked 
|  25|0x0000000703200000, 0x0000000703400000, 0x0000000703400000|100%| O|  |TAMS 0x0000000703200000| PB 0x0000000703200000| Untracked 
|  26|0x0000000703400000, 0x0000000703600000, 0x0000000703600000|100%| O|  |TAMS 0x0000000703400000| PB 0x0000000703400000| Untracked 
|  27|0x0000000703600000, 0x0000000703800000, 0x0000000703800000|100%| O|  |TAMS 0x0000000703600000| PB 0x0000000703600000| Untracked 
|  28|0x0000000703800000, 0x0000000703a00000, 0x0000000703a00000|100%| O|  |TAMS 0x0000000703800000| PB 0x0000000703800000| Untracked 
|  29|0x0000000703a00000, 0x0000000703c00000, 0x0000000703c00000|100%| O|  |TAMS 0x0000000703a00000| PB 0x0000000703a00000| Untracked 
|  30|0x0000000703c00000, 0x0000000703e00000, 0x0000000703e00000|100%| O|  |TAMS 0x0000000703c00000| PB 0x0000000703c00000| Untracked 
|  31|0x0000000703e00000, 0x0000000704000000, 0x0000000704000000|100%| O|  |TAMS 0x0000000703e00000| PB 0x0000000703e00000| Untracked 
|  32|0x0000000704000000, 0x0000000704200000, 0x0000000704200000|100%| O|  |TAMS 0x0000000704000000| PB 0x0000000704000000| Untracked 
|  33|0x0000000704200000, 0x0000000704400000, 0x0000000704400000|100%| O|  |TAMS 0x0000000704200000| PB 0x0000000704200000| Untracked 
|  34|0x0000000704400000, 0x0000000704600000, 0x0000000704600000|100%| O|Cm|TAMS 0x0000000704400000| PB 0x0000000704400000| Complete 
|  35|0x0000000704600000, 0x0000000704800000, 0x0000000704800000|100%| O|  |TAMS 0x0000000704600000| PB 0x0000000704600000| Untracked 
|  36|0x0000000704800000, 0x0000000704a00000, 0x0000000704a00000|100%| O|  |TAMS 0x0000000704800000| PB 0x0000000704800000| Untracked 
|  37|0x0000000704a00000, 0x0000000704c00000, 0x0000000704c00000|100%| O|  |TAMS 0x0000000704a00000| PB 0x0000000704a00000| Untracked 
|  38|0x0000000704c00000, 0x0000000704e00000, 0x0000000704e00000|100%| O|  |TAMS 0x0000000704c00000| PB 0x0000000704c00000| Untracked 
|  39|0x0000000704e00000, 0x0000000705000000, 0x0000000705000000|100%| O|  |TAMS 0x0000000704e00000| PB 0x0000000704e00000| Untracked 
|  40|0x0000000705000000, 0x0000000705200000, 0x0000000705200000|100%| O|  |TAMS 0x0000000705000000| PB 0x0000000705000000| Untracked 
|  41|0x0000000705200000, 0x0000000705400000, 0x0000000705400000|100%| O|  |TAMS 0x0000000705200000| PB 0x0000000705200000| Untracked 
|  42|0x0000000705400000, 0x0000000705600000, 0x0000000705600000|100%| O|  |TAMS 0x0000000705400000| PB 0x0000000705400000| Untracked 
|  43|0x0000000705600000, 0x0000000705800000, 0x0000000705800000|100%| O|  |TAMS 0x0000000705600000| PB 0x0000000705600000| Untracked 
|  44|0x0000000705800000, 0x0000000705a00000, 0x0000000705a00000|100%| O|Cm|TAMS 0x0000000705800000| PB 0x0000000705800000| Complete 
|  45|0x0000000705a00000, 0x0000000705c00000, 0x0000000705c00000|100%|HS|  |TAMS 0x0000000705a00000| PB 0x0000000705a00000| Complete 
|  46|0x0000000705c00000, 0x0000000705e00000, 0x0000000705e00000|100%|HC|  |TAMS 0x0000000705c00000| PB 0x0000000705c00000| Complete 
|  47|0x0000000705e00000, 0x0000000706000000, 0x0000000706000000|100%|HC|  |TAMS 0x0000000705e00000| PB 0x0000000705e00000| Complete 
|  48|0x0000000706000000, 0x0000000706200000, 0x0000000706200000|100%| O|Cm|TAMS 0x0000000706000000| PB 0x0000000706000000| Complete 
|  49|0x0000000706200000, 0x0000000706400000, 0x0000000706400000|100%| O|  |TAMS 0x0000000706200000| PB 0x0000000706200000| Untracked 
|  50|0x0000000706400000, 0x0000000706600000, 0x0000000706600000|100%| O|  |TAMS 0x0000000706400000| PB 0x0000000706400000| Untracked 
|  51|0x0000000706600000, 0x0000000706800000, 0x0000000706800000|100%| O|  |TAMS 0x0000000706600000| PB 0x0000000706600000| Untracked 
|  52|0x0000000706800000, 0x0000000706a00000, 0x0000000706a00000|100%| O|  |TAMS 0x0000000706800000| PB 0x0000000706800000| Untracked 
|  53|0x0000000706a00000, 0x0000000706c00000, 0x0000000706c00000|100%| O|  |TAMS 0x0000000706a00000| PB 0x0000000706a00000| Untracked 
|  54|0x0000000706c00000, 0x0000000706e00000, 0x0000000706e00000|100%| O|  |TAMS 0x0000000706c00000| PB 0x0000000706c00000| Untracked 
|  55|0x0000000706e00000, 0x0000000707000000, 0x0000000707000000|100%| O|  |TAMS 0x0000000706e00000| PB 0x0000000706e00000| Untracked 
|  56|0x0000000707000000, 0x0000000707200000, 0x0000000707200000|100%| O|  |TAMS 0x0000000707000000| PB 0x0000000707000000| Untracked 
|  57|0x0000000707200000, 0x0000000707400000, 0x0000000707400000|100%| O|  |TAMS 0x0000000707200000| PB 0x0000000707200000| Untracked 
|  58|0x0000000707400000, 0x0000000707600000, 0x0000000707600000|100%| O|  |TAMS 0x0000000707400000| PB 0x0000000707400000| Untracked 
|  59|0x0000000707600000, 0x0000000707800000, 0x0000000707800000|100%| O|Cm|TAMS 0x0000000707600000| PB 0x0000000707600000| Complete 
|  60|0x0000000707800000, 0x0000000707a00000, 0x0000000707a00000|100%| O|Cm|TAMS 0x0000000707800000| PB 0x0000000707800000| Complete 
|  61|0x0000000707a00000, 0x0000000707c00000, 0x0000000707c00000|100%| O|  |TAMS 0x0000000707a00000| PB 0x0000000707a00000| Untracked 
|  62|0x0000000707c00000, 0x0000000707e00000, 0x0000000707e00000|100%| O|  |TAMS 0x0000000707c00000| PB 0x0000000707c00000| Untracked 
|  63|0x0000000707e00000, 0x0000000708000000, 0x0000000708000000|100%| O|  |TAMS 0x0000000707e00000| PB 0x0000000707e00000| Untracked 
|  64|0x0000000708000000, 0x0000000708200000, 0x0000000708200000|100%| O|Cm|TAMS 0x0000000708000000| PB 0x0000000708000000| Complete 
|  65|0x0000000708200000, 0x0000000708400000, 0x0000000708400000|100%| O|Cm|TAMS 0x0000000708200000| PB 0x0000000708200000| Complete 
|  66|0x0000000708400000, 0x0000000708600000, 0x0000000708600000|100%| O|Cm|TAMS 0x0000000708400000| PB 0x0000000708400000| Complete 
|  67|0x0000000708600000, 0x0000000708800000, 0x0000000708800000|100%| O|  |TAMS 0x0000000708600000| PB 0x0000000708600000| Untracked 
|  68|0x0000000708800000, 0x0000000708a00000, 0x0000000708a00000|100%| O|Cm|TAMS 0x0000000708800000| PB 0x0000000708800000| Complete 
|  69|0x0000000708a00000, 0x0000000708c00000, 0x0000000708c00000|100%| O|  |TAMS 0x0000000708a00000| PB 0x0000000708a00000| Untracked 
|  70|0x0000000708c00000, 0x0000000708e00000, 0x0000000708e00000|100%| O|  |TAMS 0x0000000708c00000| PB 0x0000000708c00000| Untracked 
|  71|0x0000000708e00000, 0x0000000709000000, 0x0000000709000000|100%| O|  |TAMS 0x0000000708e00000| PB 0x0000000708e00000| Untracked 
|  72|0x0000000709000000, 0x0000000709200000, 0x0000000709200000|100%| O|  |TAMS 0x0000000709000000| PB 0x0000000709000000| Untracked 
|  73|0x0000000709200000, 0x0000000709400000, 0x0000000709400000|100%| O|  |TAMS 0x0000000709200000| PB 0x0000000709200000| Untracked 
|  74|0x0000000709400000, 0x0000000709600000, 0x0000000709600000|100%| O|  |TAMS 0x0000000709400000| PB 0x0000000709400000| Untracked 
|  75|0x0000000709600000, 0x0000000709800000, 0x0000000709800000|100%| O|  |TAMS 0x0000000709600000| PB 0x0000000709600000| Untracked 
|  76|0x0000000709800000, 0x0000000709a00000, 0x0000000709a00000|100%| O|  |TAMS 0x0000000709800000| PB 0x0000000709800000| Untracked 
|  77|0x0000000709a00000, 0x0000000709c00000, 0x0000000709c00000|100%| O|  |TAMS 0x0000000709a00000| PB 0x0000000709a00000| Untracked 
|  78|0x0000000709c00000, 0x0000000709e00000, 0x0000000709e00000|100%| O|Cm|TAMS 0x0000000709c00000| PB 0x0000000709c00000| Complete 
|  79|0x0000000709e00000, 0x000000070a000000, 0x000000070a000000|100%| O|  |TAMS 0x0000000709e00000| PB 0x0000000709e00000| Untracked 
|  80|0x000000070a000000, 0x000000070a200000, 0x000000070a200000|100%| O|Cm|TAMS 0x000000070a000000| PB 0x000000070a000000| Complete 
|  81|0x000000070a200000, 0x000000070a400000, 0x000000070a400000|100%| O|  |TAMS 0x000000070a200000| PB 0x000000070a200000| Untracked 
|  82|0x000000070a400000, 0x000000070a600000, 0x000000070a600000|100%| O|  |TAMS 0x000000070a400000| PB 0x000000070a400000| Untracked 
|  83|0x000000070a600000, 0x000000070a800000, 0x000000070a800000|100%| O|Cm|TAMS 0x000000070a600000| PB 0x000000070a600000| Complete 
|  84|0x000000070a800000, 0x000000070aa00000, 0x000000070aa00000|100%| O|  |TAMS 0x000000070a800000| PB 0x000000070a800000| Untracked 
|  85|0x000000070aa00000, 0x000000070ac00000, 0x000000070ac00000|100%| O|  |TAMS 0x000000070aa00000| PB 0x000000070aa00000| Untracked 
|  86|0x000000070ac00000, 0x000000070ae00000, 0x000000070ae00000|100%| O|Cm|TAMS 0x000000070ac00000| PB 0x000000070ac00000| Complete 
|  87|0x000000070ae00000, 0x000000070b000000, 0x000000070b000000|100%| O|  |TAMS 0x000000070ae00000| PB 0x000000070ae00000| Untracked 
|  88|0x000000070b000000, 0x000000070b200000, 0x000000070b200000|100%| O|  |TAMS 0x000000070b000000| PB 0x000000070b000000| Untracked 
|  89|0x000000070b200000, 0x000000070b400000, 0x000000070b400000|100%| O|  |TAMS 0x000000070b200000| PB 0x000000070b200000| Untracked 
|  90|0x000000070b400000, 0x000000070b600000, 0x000000070b600000|100%| O|Cm|TAMS 0x000000070b400000| PB 0x000000070b400000| Complete 
|  91|0x000000070b600000, 0x000000070b800000, 0x000000070b800000|100%| O|  |TAMS 0x000000070b600000| PB 0x000000070b600000| Untracked 
|  92|0x000000070b800000, 0x000000070ba00000, 0x000000070ba00000|100%| O|  |TAMS 0x000000070b800000| PB 0x000000070b800000| Untracked 
|  93|0x000000070ba00000, 0x000000070bc00000, 0x000000070bc00000|100%| O|  |TAMS 0x000000070ba00000| PB 0x000000070ba00000| Untracked 
|  94|0x000000070bc00000, 0x000000070be00000, 0x000000070be00000|100%| O|  |TAMS 0x000000070bc00000| PB 0x000000070bc00000| Untracked 
|  95|0x000000070be00000, 0x000000070c000000, 0x000000070c000000|100%| O|  |TAMS 0x000000070be00000| PB 0x000000070be00000| Untracked 
|  96|0x000000070c000000, 0x000000070c200000, 0x000000070c200000|100%| O|  |TAMS 0x000000070c000000| PB 0x000000070c000000| Untracked 
|  97|0x000000070c200000, 0x000000070c400000, 0x000000070c400000|100%| O|  |TAMS 0x000000070c200000| PB 0x000000070c200000| Untracked 
|  98|0x000000070c400000, 0x000000070c600000, 0x000000070c600000|100%| O|  |TAMS 0x000000070c400000| PB 0x000000070c400000| Untracked 
|  99|0x000000070c600000, 0x000000070c800000, 0x000000070c800000|100%| O|Cm|TAMS 0x000000070c600000| PB 0x000000070c600000| Complete 
| 100|0x000000070c800000, 0x000000070ca00000, 0x000000070ca00000|100%|HS|  |TAMS 0x000000070c800000| PB 0x000000070c800000| Complete 
| 101|0x000000070ca00000, 0x000000070cc00000, 0x000000070cc00000|100%| O|  |TAMS 0x000000070ca00000| PB 0x000000070ca00000| Untracked 
| 102|0x000000070cc00000, 0x000000070ce00000, 0x000000070ce00000|100%| O|Cm|TAMS 0x000000070cc00000| PB 0x000000070cc00000| Complete 
| 103|0x000000070ce00000, 0x000000070d000000, 0x000000070d000000|100%| O|  |TAMS 0x000000070ce00000| PB 0x000000070ce00000| Untracked 
| 104|0x000000070d000000, 0x000000070d200000, 0x000000070d200000|100%| O|Cm|TAMS 0x000000070d000000| PB 0x000000070d000000| Complete 
| 105|0x000000070d200000, 0x000000070d400000, 0x000000070d400000|100%| O|  |TAMS 0x000000070d200000| PB 0x000000070d200000| Untracked 
| 106|0x000000070d400000, 0x000000070d600000, 0x000000070d600000|100%| O|  |TAMS 0x000000070d400000| PB 0x000000070d400000| Untracked 
| 107|0x000000070d600000, 0x000000070d800000, 0x000000070d800000|100%| O|  |TAMS 0x000000070d600000| PB 0x000000070d600000| Untracked 
| 108|0x000000070d800000, 0x000000070da00000, 0x000000070da00000|100%| O|  |TAMS 0x000000070d800000| PB 0x000000070d800000| Untracked 
| 109|0x000000070da00000, 0x000000070dc00000, 0x000000070dc00000|100%| O|  |TAMS 0x000000070da00000| PB 0x000000070da00000| Untracked 
| 110|0x000000070dc00000, 0x000000070de00000, 0x000000070de00000|100%| O|  |TAMS 0x000000070dc00000| PB 0x000000070dc00000| Untracked 
| 111|0x000000070de00000, 0x000000070e000000, 0x000000070e000000|100%| O|  |TAMS 0x000000070de00000| PB 0x000000070de00000| Untracked 
| 112|0x000000070e000000, 0x000000070e200000, 0x000000070e200000|100%| O|  |TAMS 0x000000070e000000| PB 0x000000070e000000| Untracked 
| 113|0x000000070e200000, 0x000000070e400000, 0x000000070e400000|100%| O|  |TAMS 0x000000070e200000| PB 0x000000070e200000| Untracked 
| 114|0x000000070e400000, 0x000000070e600000, 0x000000070e600000|100%| O|Cm|TAMS 0x000000070e400000| PB 0x000000070e400000| Complete 
| 115|0x000000070e600000, 0x000000070e800000, 0x000000070e800000|100%| O|Cm|TAMS 0x000000070e600000| PB 0x000000070e600000| Complete 
| 116|0x000000070e800000, 0x000000070ea00000, 0x000000070ea00000|100%| O|Cm|TAMS 0x000000070e800000| PB 0x000000070e800000| Complete 
| 117|0x000000070ea00000, 0x000000070ec00000, 0x000000070ec00000|100%| O|Cm|TAMS 0x000000070ea00000| PB 0x000000070ea00000| Complete 
| 118|0x000000070ec00000, 0x000000070ee00000, 0x000000070ee00000|100%| O|  |TAMS 0x000000070ec00000| PB 0x000000070ec00000| Untracked 
| 119|0x000000070ee00000, 0x000000070f000000, 0x000000070f000000|100%| O|Cm|TAMS 0x000000070ee00000| PB 0x000000070ee00000| Complete 
| 120|0x000000070f000000, 0x000000070f200000, 0x000000070f200000|100%|HS|  |TAMS 0x000000070f000000| PB 0x000000070f000000| Complete 
| 121|0x000000070f200000, 0x000000070f400000, 0x000000070f400000|100%|HC|  |TAMS 0x000000070f200000| PB 0x000000070f200000| Complete 
| 122|0x000000070f400000, 0x000000070f600000, 0x000000070f600000|100%| O|  |TAMS 0x000000070f400000| PB 0x000000070f400000| Untracked 
| 123|0x000000070f600000, 0x000000070f800000, 0x000000070f800000|100%| O|Cm|TAMS 0x000000070f600000| PB 0x000000070f600000| Complete 
| 124|0x000000070f800000, 0x000000070fa00000, 0x000000070fa00000|100%| O|  |TAMS 0x000000070f800000| PB 0x000000070f800000| Untracked 
| 125|0x000000070fa00000, 0x000000070fc00000, 0x000000070fc00000|100%| O|  |TAMS 0x000000070fa00000| PB 0x000000070fa00000| Untracked 
| 126|0x000000070fc00000, 0x000000070fc00000, 0x000000070fe00000|  0%| F|  |TAMS 0x000000070fc00000| PB 0x000000070fc00000| Untracked 
| 127|0x000000070fe00000, 0x0000000710000000, 0x0000000710000000|100%| O|Cm|TAMS 0x000000070fe00000| PB 0x000000070fe00000| Complete 
| 128|0x0000000710000000, 0x0000000710000000, 0x0000000710200000|  0%| F|  |TAMS 0x0000000710000000| PB 0x0000000710000000| Untracked 
| 129|0x0000000710200000, 0x0000000710400000, 0x0000000710400000|100%| O|Cm|TAMS 0x0000000710200000| PB 0x0000000710200000| Complete 
| 130|0x0000000710400000, 0x0000000710600000, 0x0000000710600000|100%| O|  |TAMS 0x0000000710400000| PB 0x0000000710400000| Untracked 
| 131|0x0000000710600000, 0x0000000710800000, 0x0000000710800000|100%| O|  |TAMS 0x0000000710600000| PB 0x0000000710600000| Untracked 
| 132|0x0000000710800000, 0x0000000710a00000, 0x0000000710a00000|100%| O|  |TAMS 0x0000000710800000| PB 0x0000000710800000| Untracked 
| 133|0x0000000710a00000, 0x0000000710a00000, 0x0000000710c00000|  0%| F|  |TAMS 0x0000000710a00000| PB 0x0000000710a00000| Untracked 
| 134|0x0000000710c00000, 0x0000000710e00000, 0x0000000710e00000|100%| O|Cm|TAMS 0x0000000710c00000| PB 0x0000000710c00000| Complete 
| 135|0x0000000710e00000, 0x0000000711000000, 0x0000000711000000|100%| O|  |TAMS 0x0000000710e00000| PB 0x0000000710e00000| Untracked 
| 136|0x0000000711000000, 0x0000000711200000, 0x0000000711200000|100%| O|  |TAMS 0x0000000711000000| PB 0x0000000711000000| Untracked 
| 137|0x0000000711200000, 0x0000000711400000, 0x0000000711400000|100%| O|  |TAMS 0x0000000711200000| PB 0x0000000711200000| Untracked 
| 138|0x0000000711400000, 0x0000000711600000, 0x0000000711600000|100%| O|  |TAMS 0x0000000711400000| PB 0x0000000711400000| Untracked 
| 139|0x0000000711600000, 0x0000000711800000, 0x0000000711800000|100%| O|  |TAMS 0x0000000711600000| PB 0x0000000711600000| Untracked 
| 140|0x0000000711800000, 0x0000000711a00000, 0x0000000711a00000|100%| O|  |TAMS 0x0000000711800000| PB 0x0000000711800000| Untracked 
| 141|0x0000000711a00000, 0x0000000711c00000, 0x0000000711c00000|100%| O|Cm|TAMS 0x0000000711a00000| PB 0x0000000711a00000| Complete 
| 142|0x0000000711c00000, 0x0000000711e00000, 0x0000000711e00000|100%| O|  |TAMS 0x0000000711c00000| PB 0x0000000711c00000| Untracked 
| 143|0x0000000711e00000, 0x0000000712000000, 0x0000000712000000|100%| O|Cm|TAMS 0x0000000711e00000| PB 0x0000000711e00000| Complete 
| 144|0x0000000712000000, 0x0000000712200000, 0x0000000712200000|100%| O|Cm|TAMS 0x0000000712000000| PB 0x0000000712000000| Complete 
| 145|0x0000000712200000, 0x0000000712400000, 0x0000000712400000|100%| O|  |TAMS 0x0000000712200000| PB 0x0000000712200000| Untracked 
| 146|0x0000000712400000, 0x0000000712600000, 0x0000000712600000|100%| O|  |TAMS 0x0000000712400000| PB 0x0000000712400000| Untracked 
| 147|0x0000000712600000, 0x0000000712800000, 0x0000000712800000|100%| O|  |TAMS 0x0000000712600000| PB 0x0000000712600000| Untracked 
| 148|0x0000000712800000, 0x0000000712a00000, 0x0000000712a00000|100%| O|Cm|TAMS 0x0000000712800000| PB 0x0000000712800000| Complete 
| 149|0x0000000712a00000, 0x0000000712c00000, 0x0000000712c00000|100%| O|Cm|TAMS 0x0000000712a00000| PB 0x0000000712a00000| Complete 
| 150|0x0000000712c00000, 0x0000000712e00000, 0x0000000712e00000|100%| O|Cm|TAMS 0x0000000712c00000| PB 0x0000000712c00000| Complete 
| 151|0x0000000712e00000, 0x0000000713000000, 0x0000000713000000|100%| O|Cm|TAMS 0x0000000712e00000| PB 0x0000000712e00000| Complete 
| 152|0x0000000713000000, 0x0000000713200000, 0x0000000713200000|100%| O|  |TAMS 0x0000000713000000| PB 0x0000000713000000| Untracked 
| 153|0x0000000713200000, 0x0000000713400000, 0x0000000713400000|100%| O|  |TAMS 0x0000000713200000| PB 0x0000000713200000| Untracked 
| 154|0x0000000713400000, 0x0000000713400000, 0x0000000713600000|  0%| F|  |TAMS 0x0000000713400000| PB 0x0000000713400000| Untracked 
| 155|0x0000000713600000, 0x0000000713800000, 0x0000000713800000|100%| O|  |TAMS 0x0000000713600000| PB 0x0000000713600000| Untracked 
| 156|0x0000000713800000, 0x0000000713a00000, 0x0000000713a00000|100%| O|Cm|TAMS 0x0000000713800000| PB 0x0000000713800000| Complete 
| 157|0x0000000713a00000, 0x0000000713c00000, 0x0000000713c00000|100%| O|Cm|TAMS 0x0000000713a00000| PB 0x0000000713a00000| Complete 
| 158|0x0000000713c00000, 0x0000000713e00000, 0x0000000713e00000|100%| O|Cm|TAMS 0x0000000713c00000| PB 0x0000000713c00000| Complete 
| 159|0x0000000713e00000, 0x0000000714000000, 0x0000000714000000|100%| O|Cm|TAMS 0x0000000713e00000| PB 0x0000000713e00000| Complete 
| 160|0x0000000714000000, 0x0000000714200000, 0x0000000714200000|100%| O|  |TAMS 0x0000000714000000| PB 0x0000000714000000| Untracked 
| 161|0x0000000714200000, 0x0000000714400000, 0x0000000714400000|100%| O|  |TAMS 0x0000000714200000| PB 0x0000000714200000| Untracked 
| 162|0x0000000714400000, 0x0000000714600000, 0x0000000714600000|100%| O|  |TAMS 0x0000000714400000| PB 0x0000000714400000| Untracked 
| 163|0x0000000714600000, 0x0000000714800000, 0x0000000714800000|100%| O|  |TAMS 0x0000000714600000| PB 0x0000000714600000| Untracked 
| 164|0x0000000714800000, 0x0000000714a00000, 0x0000000714a00000|100%| O|  |TAMS 0x0000000714800000| PB 0x0000000714800000| Untracked 
| 165|0x0000000714a00000, 0x0000000714c00000, 0x0000000714c00000|100%| O|  |TAMS 0x0000000714a00000| PB 0x0000000714a00000| Untracked 
| 166|0x0000000714c00000, 0x0000000714e00000, 0x0000000714e00000|100%| O|  |TAMS 0x0000000714c00000| PB 0x0000000714c00000| Untracked 
| 167|0x0000000714e00000, 0x0000000715000000, 0x0000000715000000|100%| O|  |TAMS 0x0000000714e00000| PB 0x0000000714e00000| Untracked 
| 168|0x0000000715000000, 0x0000000715200000, 0x0000000715200000|100%| O|  |TAMS 0x0000000715000000| PB 0x0000000715000000| Untracked 
| 169|0x0000000715200000, 0x0000000715400000, 0x0000000715400000|100%| O|  |TAMS 0x0000000715200000| PB 0x0000000715200000| Untracked 
| 170|0x0000000715400000, 0x0000000715600000, 0x0000000715600000|100%| O|  |TAMS 0x0000000715400000| PB 0x0000000715400000| Untracked 
| 171|0x0000000715600000, 0x0000000715800000, 0x0000000715800000|100%| O|Cm|TAMS 0x0000000715600000| PB 0x0000000715600000| Complete 
| 172|0x0000000715800000, 0x0000000715a00000, 0x0000000715a00000|100%| O|Cm|TAMS 0x0000000715800000| PB 0x0000000715800000| Complete 
| 173|0x0000000715a00000, 0x0000000715c00000, 0x0000000715c00000|100%| O|  |TAMS 0x0000000715a00000| PB 0x0000000715a00000| Untracked 
| 174|0x0000000715c00000, 0x0000000715e00000, 0x0000000715e00000|100%| O|  |TAMS 0x0000000715c00000| PB 0x0000000715c00000| Untracked 
| 175|0x0000000715e00000, 0x0000000716000000, 0x0000000716000000|100%| O|Cm|TAMS 0x0000000715e00000| PB 0x0000000715e00000| Complete 
| 176|0x0000000716000000, 0x0000000716200000, 0x0000000716200000|100%| O|  |TAMS 0x0000000716000000| PB 0x0000000716000000| Untracked 
| 177|0x0000000716200000, 0x0000000716400000, 0x0000000716400000|100%| O|Cm|TAMS 0x0000000716200000| PB 0x0000000716200000| Complete 
| 178|0x0000000716400000, 0x0000000716600000, 0x0000000716600000|100%|HS|  |TAMS 0x0000000716400000| PB 0x0000000716400000| Complete 
| 179|0x0000000716600000, 0x0000000716800000, 0x0000000716800000|100%|HC|  |TAMS 0x0000000716600000| PB 0x0000000716600000| Complete 
| 180|0x0000000716800000, 0x0000000716a00000, 0x0000000716a00000|100%|HC|  |TAMS 0x0000000716800000| PB 0x0000000716800000| Complete 
| 181|0x0000000716a00000, 0x0000000716c00000, 0x0000000716c00000|100%|HS|  |TAMS 0x0000000716a00000| PB 0x0000000716a00000| Complete 
| 182|0x0000000716c00000, 0x0000000716e00000, 0x0000000716e00000|100%| O|  |TAMS 0x0000000716c00000| PB 0x0000000716c00000| Untracked 
| 183|0x0000000716e00000, 0x0000000717000000, 0x0000000717000000|100%|HS|  |TAMS 0x0000000716e00000| PB 0x0000000716e00000| Complete 
| 184|0x0000000717000000, 0x0000000717183f60, 0x0000000717200000| 75%| O|  |TAMS 0x0000000717000000| PB 0x0000000717000000| Untracked 
| 185|0x0000000717200000, 0x0000000717200000, 0x0000000717400000|  0%| F|  |TAMS 0x0000000717200000| PB 0x0000000717200000| Untracked 
| 186|0x0000000717400000, 0x0000000717400000, 0x0000000717600000|  0%| F|  |TAMS 0x0000000717400000| PB 0x0000000717400000| Untracked 
| 187|0x0000000717600000, 0x0000000717800000, 0x0000000717800000|100%| O|  |TAMS 0x0000000717600000| PB 0x0000000717600000| Untracked 
| 188|0x0000000717800000, 0x0000000717800000, 0x0000000717a00000|  0%| F|  |TAMS 0x0000000717800000| PB 0x0000000717800000| Untracked 
| 189|0x0000000717a00000, 0x0000000717a00000, 0x0000000717c00000|  0%| F|  |TAMS 0x0000000717a00000| PB 0x0000000717a00000| Untracked 
| 190|0x0000000717c00000, 0x0000000717e00000, 0x0000000717e00000|100%| O|Cm|TAMS 0x0000000717c00000| PB 0x0000000717c00000| Complete 
| 191|0x0000000717e00000, 0x0000000717e00000, 0x0000000718000000|  0%| F|  |TAMS 0x0000000717e00000| PB 0x0000000717e00000| Untracked 
| 192|0x0000000718000000, 0x0000000718000000, 0x0000000718200000|  0%| F|  |TAMS 0x0000000718000000| PB 0x0000000718000000| Untracked 
| 193|0x0000000718200000, 0x0000000718400000, 0x0000000718400000|100%| O|Cm|TAMS 0x0000000718200000| PB 0x0000000718200000| Complete 
| 194|0x0000000718400000, 0x0000000718600000, 0x0000000718600000|100%| O|Cm|TAMS 0x0000000718400000| PB 0x0000000718400000| Complete 
| 195|0x0000000718600000, 0x0000000718800000, 0x0000000718800000|100%| O|Cm|TAMS 0x0000000718600000| PB 0x0000000718600000| Complete 
| 196|0x0000000718800000, 0x0000000718800000, 0x0000000718a00000|  0%| F|  |TAMS 0x0000000718800000| PB 0x0000000718800000| Untracked 
| 197|0x0000000718a00000, 0x0000000718c00000, 0x0000000718c00000|100%|HS|  |TAMS 0x0000000718a00000| PB 0x0000000718a00000| Complete 
| 198|0x0000000718c00000, 0x0000000718e00000, 0x0000000718e00000|100%|HC|  |TAMS 0x0000000718c00000| PB 0x0000000718c00000| Complete 
| 199|0x0000000718e00000, 0x0000000719000000, 0x0000000719000000|100%|HC|  |TAMS 0x0000000718e00000| PB 0x0000000718e00000| Complete 
| 200|0x0000000719000000, 0x0000000719000000, 0x0000000719200000|  0%| F|  |TAMS 0x0000000719000000| PB 0x0000000719000000| Untracked 
| 201|0x0000000719200000, 0x0000000719400000, 0x0000000719400000|100%| O|  |TAMS 0x0000000719200000| PB 0x0000000719200000| Untracked 
| 202|0x0000000719400000, 0x0000000719400000, 0x0000000719600000|  0%| F|  |TAMS 0x0000000719400000| PB 0x0000000719400000| Untracked 
| 203|0x0000000719600000, 0x0000000719800000, 0x0000000719800000|100%| O|Cm|TAMS 0x0000000719600000| PB 0x0000000719600000| Complete 
| 204|0x0000000719800000, 0x0000000719800000, 0x0000000719a00000|  0%| F|  |TAMS 0x0000000719800000| PB 0x0000000719800000| Untracked 
| 205|0x0000000719a00000, 0x0000000719a00000, 0x0000000719c00000|  0%| F|  |TAMS 0x0000000719a00000| PB 0x0000000719a00000| Untracked 
| 206|0x0000000719c00000, 0x0000000719c00000, 0x0000000719e00000|  0%| F|  |TAMS 0x0000000719c00000| PB 0x0000000719c00000| Untracked 
| 207|0x0000000719e00000, 0x0000000719e00000, 0x000000071a000000|  0%| F|  |TAMS 0x0000000719e00000| PB 0x0000000719e00000| Untracked 
| 208|0x000000071a000000, 0x000000071a200000, 0x000000071a200000|100%|HS|  |TAMS 0x000000071a000000| PB 0x000000071a000000| Complete 
| 209|0x000000071a200000, 0x000000071a200000, 0x000000071a400000|  0%| F|  |TAMS 0x000000071a200000| PB 0x000000071a200000| Untracked 
| 210|0x000000071a400000, 0x000000071a400000, 0x000000071a600000|  0%| F|  |TAMS 0x000000071a400000| PB 0x000000071a400000| Untracked 
| 211|0x000000071a600000, 0x000000071a800000, 0x000000071a800000|100%| O|Cm|TAMS 0x000000071a600000| PB 0x000000071a600000| Complete 
| 212|0x000000071a800000, 0x000000071a800000, 0x000000071aa00000|  0%| F|  |TAMS 0x000000071a800000| PB 0x000000071a800000| Untracked 
| 213|0x000000071aa00000, 0x000000071aa00000, 0x000000071ac00000|  0%| F|  |TAMS 0x000000071aa00000| PB 0x000000071aa00000| Untracked 
| 214|0x000000071ac00000, 0x000000071ae00000, 0x000000071ae00000|100%| O|Cm|TAMS 0x000000071ac00000| PB 0x000000071ac00000| Complete 
| 215|0x000000071ae00000, 0x000000071b000000, 0x000000071b000000|100%| O|  |TAMS 0x000000071ae00000| PB 0x000000071ae00000| Untracked 
| 216|0x000000071b000000, 0x000000071b200000, 0x000000071b200000|100%| O|  |TAMS 0x000000071b000000| PB 0x000000071b000000| Untracked 
| 217|0x000000071b200000, 0x000000071b400000, 0x000000071b400000|100%| O|Cm|TAMS 0x000000071b200000| PB 0x000000071b200000| Complete 
| 218|0x000000071b400000, 0x000000071b600000, 0x000000071b600000|100%| O|  |TAMS 0x000000071b400000| PB 0x000000071b400000| Untracked 
| 219|0x000000071b600000, 0x000000071b600000, 0x000000071b800000|  0%| F|  |TAMS 0x000000071b600000| PB 0x000000071b600000| Untracked 
| 220|0x000000071b800000, 0x000000071b800000, 0x000000071ba00000|  0%| F|  |TAMS 0x000000071b800000| PB 0x000000071b800000| Untracked 
| 221|0x000000071ba00000, 0x000000071ba00000, 0x000000071bc00000|  0%| F|  |TAMS 0x000000071ba00000| PB 0x000000071ba00000| Untracked 
| 222|0x000000071bc00000, 0x000000071bc00000, 0x000000071be00000|  0%| F|  |TAMS 0x000000071bc00000| PB 0x000000071bc00000| Untracked 
| 223|0x000000071be00000, 0x000000071be00000, 0x000000071c000000|  0%| F|  |TAMS 0x000000071be00000| PB 0x000000071be00000| Untracked 
| 224|0x000000071c000000, 0x000000071c000000, 0x000000071c200000|  0%| F|  |TAMS 0x000000071c000000| PB 0x000000071c000000| Untracked 
| 225|0x000000071c200000, 0x000000071c400000, 0x000000071c400000|100%| O|  |TAMS 0x000000071c200000| PB 0x000000071c200000| Untracked 
| 226|0x000000071c400000, 0x000000071c400000, 0x000000071c600000|  0%| F|  |TAMS 0x000000071c400000| PB 0x000000071c400000| Untracked 
| 227|0x000000071c600000, 0x000000071c800000, 0x000000071c800000|100%| O|Cm|TAMS 0x000000071c600000| PB 0x000000071c600000| Complete 
| 228|0x000000071c800000, 0x000000071c800000, 0x000000071ca00000|  0%| F|  |TAMS 0x000000071c800000| PB 0x000000071c800000| Untracked 
| 229|0x000000071ca00000, 0x000000071ca00000, 0x000000071cc00000|  0%| F|  |TAMS 0x000000071ca00000| PB 0x000000071ca00000| Untracked 
| 230|0x000000071cc00000, 0x000000071cc00000, 0x000000071ce00000|  0%| F|  |TAMS 0x000000071cc00000| PB 0x000000071cc00000| Untracked 
| 231|0x000000071ce00000, 0x000000071d000000, 0x000000071d000000|100%| O|  |TAMS 0x000000071ce00000| PB 0x000000071ce00000| Untracked 
| 232|0x000000071d000000, 0x000000071d000000, 0x000000071d200000|  0%| F|  |TAMS 0x000000071d000000| PB 0x000000071d000000| Untracked 
| 233|0x000000071d200000, 0x000000071d200000, 0x000000071d400000|  0%| F|  |TAMS 0x000000071d200000| PB 0x000000071d200000| Untracked 
| 234|0x000000071d400000, 0x000000071d600000, 0x000000071d600000|100%| O|  |TAMS 0x000000071d400000| PB 0x000000071d400000| Untracked 
| 235|0x000000071d600000, 0x000000071d600000, 0x000000071d800000|  0%| F|  |TAMS 0x000000071d600000| PB 0x000000071d600000| Untracked 
| 236|0x000000071d800000, 0x000000071d800000, 0x000000071da00000|  0%| F|  |TAMS 0x000000071d800000| PB 0x000000071d800000| Untracked 
| 237|0x000000071da00000, 0x000000071dc00000, 0x000000071dc00000|100%| O|Cm|TAMS 0x000000071da00000| PB 0x000000071da00000| Complete 
| 238|0x000000071dc00000, 0x000000071dc00000, 0x000000071de00000|  0%| F|  |TAMS 0x000000071dc00000| PB 0x000000071dc00000| Untracked 
| 239|0x000000071de00000, 0x000000071e000000, 0x000000071e000000|100%| O|  |TAMS 0x000000071de00000| PB 0x000000071de00000| Untracked 
| 240|0x000000071e000000, 0x000000071e200000, 0x000000071e200000|100%| O|Cm|TAMS 0x000000071e000000| PB 0x000000071e000000| Complete 
| 241|0x000000071e200000, 0x000000071e200000, 0x000000071e400000|  0%| F|  |TAMS 0x000000071e200000| PB 0x000000071e200000| Untracked 
| 242|0x000000071e400000, 0x000000071e400000, 0x000000071e600000|  0%| F|  |TAMS 0x000000071e400000| PB 0x000000071e400000| Untracked 
| 243|0x000000071e600000, 0x000000071e600000, 0x000000071e800000|  0%| F|  |TAMS 0x000000071e600000| PB 0x000000071e600000| Untracked 
| 244|0x000000071e800000, 0x000000071e800000, 0x000000071ea00000|  0%| F|  |TAMS 0x000000071e800000| PB 0x000000071e800000| Untracked 
| 245|0x000000071ea00000, 0x000000071ea00000, 0x000000071ec00000|  0%| F|  |TAMS 0x000000071ea00000| PB 0x000000071ea00000| Untracked 
| 246|0x000000071ec00000, 0x000000071ee00000, 0x000000071ee00000|100%| O|  |TAMS 0x000000071ec00000| PB 0x000000071ec00000| Untracked 
| 247|0x000000071ee00000, 0x000000071ee00000, 0x000000071f000000|  0%| F|  |TAMS 0x000000071ee00000| PB 0x000000071ee00000| Untracked 
| 248|0x000000071f000000, 0x000000071f000000, 0x000000071f200000|  0%| F|  |TAMS 0x000000071f000000| PB 0x000000071f000000| Untracked 
| 249|0x000000071f200000, 0x000000071f200000, 0x000000071f400000|  0%| F|  |TAMS 0x000000071f200000| PB 0x000000071f200000| Untracked 
| 250|0x000000071f400000, 0x000000071f400000, 0x000000071f600000|  0%| F|  |TAMS 0x000000071f400000| PB 0x000000071f400000| Untracked 
| 251|0x000000071f600000, 0x000000071f600000, 0x000000071f800000|  0%| F|  |TAMS 0x000000071f600000| PB 0x000000071f600000| Untracked 
| 252|0x000000071f800000, 0x000000071fa00000, 0x000000071fa00000|100%| O|Cm|TAMS 0x000000071f800000| PB 0x000000071f800000| Complete 
| 253|0x000000071fa00000, 0x000000071fc00000, 0x000000071fc00000|100%| O|Cm|TAMS 0x000000071fa00000| PB 0x000000071fa00000| Complete 
| 254|0x000000071fc00000, 0x000000071fe00000, 0x000000071fe00000|100%| O|  |TAMS 0x000000071fc00000| PB 0x000000071fc00000| Untracked 
| 255|0x000000071fe00000, 0x000000071fe00000, 0x0000000720000000|  0%| F|  |TAMS 0x000000071fe00000| PB 0x000000071fe00000| Untracked 
| 256|0x0000000720000000, 0x0000000720000000, 0x0000000720200000|  0%| F|  |TAMS 0x0000000720000000| PB 0x0000000720000000| Untracked 
| 257|0x0000000720200000, 0x0000000720400000, 0x0000000720400000|100%| O|Cm|TAMS 0x0000000720200000| PB 0x0000000720200000| Complete 
| 258|0x0000000720400000, 0x0000000720600000, 0x0000000720600000|100%| O|  |TAMS 0x0000000720400000| PB 0x0000000720400000| Untracked 
| 259|0x0000000720600000, 0x0000000720800000, 0x0000000720800000|100%| O|  |TAMS 0x0000000720600000| PB 0x0000000720600000| Untracked 
| 260|0x0000000720800000, 0x0000000720a00000, 0x0000000720a00000|100%| O|Cm|TAMS 0x0000000720800000| PB 0x0000000720800000| Complete 
| 261|0x0000000720a00000, 0x0000000720c00000, 0x0000000720c00000|100%| O|Cm|TAMS 0x0000000720a00000| PB 0x0000000720a00000| Complete 
| 262|0x0000000720c00000, 0x0000000720e00000, 0x0000000720e00000|100%| O|Cm|TAMS 0x0000000720c00000| PB 0x0000000720c00000| Complete 
| 263|0x0000000720e00000, 0x0000000721000000, 0x0000000721000000|100%| O|  |TAMS 0x0000000720e00000| PB 0x0000000720e00000| Untracked 
| 264|0x0000000721000000, 0x0000000721200000, 0x0000000721200000|100%| O|  |TAMS 0x0000000721000000| PB 0x0000000721000000| Untracked 
| 265|0x0000000721200000, 0x0000000721400000, 0x0000000721400000|100%| O|Cm|TAMS 0x0000000721200000| PB 0x0000000721200000| Complete 
| 266|0x0000000721400000, 0x0000000721600000, 0x0000000721600000|100%| O|  |TAMS 0x0000000721400000| PB 0x0000000721400000| Untracked 
| 267|0x0000000721600000, 0x0000000721800000, 0x0000000721800000|100%| O|  |TAMS 0x0000000721600000| PB 0x0000000721600000| Untracked 
| 268|0x0000000721800000, 0x0000000721a00000, 0x0000000721a00000|100%| O|Cm|TAMS 0x0000000721800000| PB 0x0000000721800000| Complete 
| 269|0x0000000721a00000, 0x0000000721a00000, 0x0000000721c00000|  0%| F|  |TAMS 0x0000000721a00000| PB 0x0000000721a00000| Untracked 
| 270|0x0000000721c00000, 0x0000000721e00000, 0x0000000721e00000|100%| O|Cm|TAMS 0x0000000721c00000| PB 0x0000000721c00000| Complete 
| 271|0x0000000721e00000, 0x0000000722000000, 0x0000000722000000|100%| O|Cm|TAMS 0x0000000721e00000| PB 0x0000000721e00000| Complete 
| 272|0x0000000722000000, 0x0000000722000000, 0x0000000722200000|  0%| F|  |TAMS 0x0000000722000000| PB 0x0000000722000000| Untracked 
| 273|0x0000000722200000, 0x0000000722200000, 0x0000000722400000|  0%| F|  |TAMS 0x0000000722200000| PB 0x0000000722200000| Untracked 
| 274|0x0000000722400000, 0x0000000722400000, 0x0000000722600000|  0%| F|  |TAMS 0x0000000722400000| PB 0x0000000722400000| Untracked 
| 275|0x0000000722600000, 0x0000000722600000, 0x0000000722800000|  0%| F|  |TAMS 0x0000000722600000| PB 0x0000000722600000| Untracked 
| 276|0x0000000722800000, 0x0000000722a00000, 0x0000000722a00000|100%| O|Cm|TAMS 0x0000000722800000| PB 0x0000000722800000| Complete 
| 277|0x0000000722a00000, 0x0000000722c00000, 0x0000000722c00000|100%| O|  |TAMS 0x0000000722a00000| PB 0x0000000722a00000| Untracked 
| 278|0x0000000722c00000, 0x0000000722e00000, 0x0000000722e00000|100%| O|Cm|TAMS 0x0000000722c00000| PB 0x0000000722c00000| Complete 
| 279|0x0000000722e00000, 0x0000000723000000, 0x0000000723000000|100%| O|Cm|TAMS 0x0000000722e00000| PB 0x0000000722e00000| Complete 
| 280|0x0000000723000000, 0x0000000723000000, 0x0000000723200000|  0%| F|  |TAMS 0x0000000723000000| PB 0x0000000723000000| Untracked 
| 281|0x0000000723200000, 0x0000000723400000, 0x0000000723400000|100%| O|Cm|TAMS 0x0000000723200000| PB 0x0000000723200000| Complete 
| 282|0x0000000723400000, 0x0000000723600000, 0x0000000723600000|100%| O|Cm|TAMS 0x0000000723400000| PB 0x0000000723400000| Complete 
| 283|0x0000000723600000, 0x0000000723800000, 0x0000000723800000|100%| O|Cm|TAMS 0x0000000723600000| PB 0x0000000723600000| Complete 
| 284|0x0000000723800000, 0x0000000723a00000, 0x0000000723a00000|100%| O|Cm|TAMS 0x0000000723800000| PB 0x0000000723800000| Complete 
| 285|0x0000000723a00000, 0x0000000723c00000, 0x0000000723c00000|100%| O|  |TAMS 0x0000000723a00000| PB 0x0000000723a00000| Untracked 
| 286|0x0000000723c00000, 0x0000000723c00000, 0x0000000723e00000|  0%| F|  |TAMS 0x0000000723c00000| PB 0x0000000723c00000| Untracked 
| 287|0x0000000723e00000, 0x0000000724000000, 0x0000000724000000|100%| O|  |TAMS 0x0000000723e00000| PB 0x0000000723e00000| Untracked 
| 288|0x0000000724000000, 0x0000000724000000, 0x0000000724200000|  0%| F|  |TAMS 0x0000000724000000| PB 0x0000000724000000| Untracked 
| 289|0x0000000724200000, 0x0000000724400000, 0x0000000724400000|100%| O|Cm|TAMS 0x0000000724200000| PB 0x0000000724200000| Complete 
| 290|0x0000000724400000, 0x0000000724600000, 0x0000000724600000|100%| O|  |TAMS 0x0000000724400000| PB 0x0000000724400000| Untracked 
| 291|0x0000000724600000, 0x0000000724600000, 0x0000000724800000|  0%| F|  |TAMS 0x0000000724600000| PB 0x0000000724600000| Untracked 
| 292|0x0000000724800000, 0x0000000724800000, 0x0000000724a00000|  0%| F|  |TAMS 0x0000000724800000| PB 0x0000000724800000| Untracked 
| 293|0x0000000724a00000, 0x0000000724a00000, 0x0000000724c00000|  0%| F|  |TAMS 0x0000000724a00000| PB 0x0000000724a00000| Untracked 
| 294|0x0000000724c00000, 0x0000000724e00000, 0x0000000724e00000|100%| O|Cm|TAMS 0x0000000724c00000| PB 0x0000000724c00000| Complete 
| 295|0x0000000724e00000, 0x0000000724e00000, 0x0000000725000000|  0%| F|  |TAMS 0x0000000724e00000| PB 0x0000000724e00000| Untracked 
| 296|0x0000000725000000, 0x0000000725000000, 0x0000000725200000|  0%| F|  |TAMS 0x0000000725000000| PB 0x0000000725000000| Untracked 
| 297|0x0000000725200000, 0x0000000725200000, 0x0000000725400000|  0%| F|  |TAMS 0x0000000725200000| PB 0x0000000725200000| Untracked 
| 298|0x0000000725400000, 0x0000000725400000, 0x0000000725600000|  0%| F|  |TAMS 0x0000000725400000| PB 0x0000000725400000| Untracked 
| 299|0x0000000725600000, 0x0000000725600000, 0x0000000725800000|  0%| F|  |TAMS 0x0000000725600000| PB 0x0000000725600000| Untracked 
| 300|0x0000000725800000, 0x0000000725800000, 0x0000000725a00000|  0%| F|  |TAMS 0x0000000725800000| PB 0x0000000725800000| Untracked 
| 301|0x0000000725a00000, 0x0000000725a00000, 0x0000000725c00000|  0%| F|  |TAMS 0x0000000725a00000| PB 0x0000000725a00000| Untracked 
| 302|0x0000000725c00000, 0x0000000725e00000, 0x0000000725e00000|100%| O|Cm|TAMS 0x0000000725c00000| PB 0x0000000725c00000| Complete 
| 303|0x0000000725e00000, 0x0000000725e00000, 0x0000000726000000|  0%| F|  |TAMS 0x0000000725e00000| PB 0x0000000725e00000| Untracked 
| 304|0x0000000726000000, 0x0000000726000000, 0x0000000726200000|  0%| F|  |TAMS 0x0000000726000000| PB 0x0000000726000000| Untracked 
| 305|0x0000000726200000, 0x0000000726400000, 0x0000000726400000|100%| O|Cm|TAMS 0x0000000726200000| PB 0x0000000726200000| Complete 
| 306|0x0000000726400000, 0x0000000726600000, 0x0000000726600000|100%| O|  |TAMS 0x0000000726400000| PB 0x0000000726400000| Untracked 
| 307|0x0000000726600000, 0x0000000726800000, 0x0000000726800000|100%| O|Cm|TAMS 0x0000000726600000| PB 0x0000000726600000| Complete 
| 308|0x0000000726800000, 0x0000000726800000, 0x0000000726a00000|  0%| F|  |TAMS 0x0000000726800000| PB 0x0000000726800000| Untracked 
| 309|0x0000000726a00000, 0x0000000726a00000, 0x0000000726c00000|  0%| F|  |TAMS 0x0000000726a00000| PB 0x0000000726a00000| Untracked 
| 310|0x0000000726c00000, 0x0000000726c00000, 0x0000000726e00000|  0%| F|  |TAMS 0x0000000726c00000| PB 0x0000000726c00000| Untracked 
| 311|0x0000000726e00000, 0x0000000726e00000, 0x0000000727000000|  0%| F|  |TAMS 0x0000000726e00000| PB 0x0000000726e00000| Untracked 
| 312|0x0000000727000000, 0x0000000727000000, 0x0000000727200000|  0%| F|  |TAMS 0x0000000727000000| PB 0x0000000727000000| Untracked 
| 313|0x0000000727200000, 0x0000000727200000, 0x0000000727400000|  0%| F|  |TAMS 0x0000000727200000| PB 0x0000000727200000| Untracked 
| 314|0x0000000727400000, 0x0000000727400000, 0x0000000727600000|  0%| F|  |TAMS 0x0000000727400000| PB 0x0000000727400000| Untracked 
| 315|0x0000000727600000, 0x0000000727600000, 0x0000000727800000|  0%| F|  |TAMS 0x0000000727600000| PB 0x0000000727600000| Untracked 
| 316|0x0000000727800000, 0x0000000727800000, 0x0000000727a00000|  0%| F|  |TAMS 0x0000000727800000| PB 0x0000000727800000| Untracked 
| 317|0x0000000727a00000, 0x0000000727a00000, 0x0000000727c00000|  0%| F|  |TAMS 0x0000000727a00000| PB 0x0000000727a00000| Untracked 
| 318|0x0000000727c00000, 0x0000000727c00000, 0x0000000727e00000|  0%| F|  |TAMS 0x0000000727c00000| PB 0x0000000727c00000| Untracked 
| 319|0x0000000727e00000, 0x0000000727e00000, 0x0000000728000000|  0%| F|  |TAMS 0x0000000727e00000| PB 0x0000000727e00000| Untracked 
| 320|0x0000000728000000, 0x0000000728000000, 0x0000000728200000|  0%| F|  |TAMS 0x0000000728000000| PB 0x0000000728000000| Untracked 
| 321|0x0000000728200000, 0x0000000728200000, 0x0000000728400000|  0%| F|  |TAMS 0x0000000728200000| PB 0x0000000728200000| Untracked 
| 322|0x0000000728400000, 0x0000000728400000, 0x0000000728600000|  0%| F|  |TAMS 0x0000000728400000| PB 0x0000000728400000| Untracked 
| 323|0x0000000728600000, 0x0000000728600000, 0x0000000728800000|  0%| F|  |TAMS 0x0000000728600000| PB 0x0000000728600000| Untracked 
| 324|0x0000000728800000, 0x0000000728800000, 0x0000000728a00000|  0%| F|  |TAMS 0x0000000728800000| PB 0x0000000728800000| Untracked 
| 325|0x0000000728a00000, 0x0000000728a00000, 0x0000000728c00000|  0%| F|  |TAMS 0x0000000728a00000| PB 0x0000000728a00000| Untracked 
| 326|0x0000000728c00000, 0x0000000728c00000, 0x0000000728e00000|  0%| F|  |TAMS 0x0000000728c00000| PB 0x0000000728c00000| Untracked 
| 327|0x0000000728e00000, 0x0000000728e00000, 0x0000000729000000|  0%| F|  |TAMS 0x0000000728e00000| PB 0x0000000728e00000| Untracked 
| 328|0x0000000729000000, 0x0000000729000000, 0x0000000729200000|  0%| F|  |TAMS 0x0000000729000000| PB 0x0000000729000000| Untracked 
| 329|0x0000000729200000, 0x0000000729200000, 0x0000000729400000|  0%| F|  |TAMS 0x0000000729200000| PB 0x0000000729200000| Untracked 
| 330|0x0000000729400000, 0x0000000729400000, 0x0000000729600000|  0%| F|  |TAMS 0x0000000729400000| PB 0x0000000729400000| Untracked 
| 331|0x0000000729600000, 0x0000000729600000, 0x0000000729800000|  0%| F|  |TAMS 0x0000000729600000| PB 0x0000000729600000| Untracked 
| 332|0x0000000729800000, 0x0000000729800000, 0x0000000729a00000|  0%| F|  |TAMS 0x0000000729800000| PB 0x0000000729800000| Untracked 
| 333|0x0000000729a00000, 0x0000000729a00000, 0x0000000729c00000|  0%| F|  |TAMS 0x0000000729a00000| PB 0x0000000729a00000| Untracked 
| 334|0x0000000729c00000, 0x0000000729c00000, 0x0000000729e00000|  0%| F|  |TAMS 0x0000000729c00000| PB 0x0000000729c00000| Untracked 
| 335|0x0000000729e00000, 0x0000000729e00000, 0x000000072a000000|  0%| F|  |TAMS 0x0000000729e00000| PB 0x0000000729e00000| Untracked 
| 336|0x000000072a000000, 0x000000072a000000, 0x000000072a200000|  0%| F|  |TAMS 0x000000072a000000| PB 0x000000072a000000| Untracked 
| 337|0x000000072a200000, 0x000000072a200000, 0x000000072a400000|  0%| F|  |TAMS 0x000000072a200000| PB 0x000000072a200000| Untracked 
| 338|0x000000072a400000, 0x000000072a400000, 0x000000072a600000|  0%| F|  |TAMS 0x000000072a400000| PB 0x000000072a400000| Untracked 
| 339|0x000000072a600000, 0x000000072a600000, 0x000000072a800000|  0%| F|  |TAMS 0x000000072a600000| PB 0x000000072a600000| Untracked 
| 340|0x000000072a800000, 0x000000072a800000, 0x000000072aa00000|  0%| F|  |TAMS 0x000000072a800000| PB 0x000000072a800000| Untracked 
| 341|0x000000072aa00000, 0x000000072aa00000, 0x000000072ac00000|  0%| F|  |TAMS 0x000000072aa00000| PB 0x000000072aa00000| Untracked 
| 342|0x000000072ac00000, 0x000000072ac00000, 0x000000072ae00000|  0%| F|  |TAMS 0x000000072ac00000| PB 0x000000072ac00000| Untracked 
| 343|0x000000072ae00000, 0x000000072ae00000, 0x000000072b000000|  0%| F|  |TAMS 0x000000072ae00000| PB 0x000000072ae00000| Untracked 
| 344|0x000000072b000000, 0x000000072b000000, 0x000000072b200000|  0%| F|  |TAMS 0x000000072b000000| PB 0x000000072b000000| Untracked 
| 345|0x000000072b200000, 0x000000072b200000, 0x000000072b400000|  0%| F|  |TAMS 0x000000072b200000| PB 0x000000072b200000| Untracked 
| 346|0x000000072b400000, 0x000000072b400000, 0x000000072b600000|  0%| F|  |TAMS 0x000000072b400000| PB 0x000000072b400000| Untracked 
| 347|0x000000072b600000, 0x000000072b600000, 0x000000072b800000|  0%| F|  |TAMS 0x000000072b600000| PB 0x000000072b600000| Untracked 
| 348|0x000000072b800000, 0x000000072b800000, 0x000000072ba00000|  0%| F|  |TAMS 0x000000072b800000| PB 0x000000072b800000| Untracked 
| 349|0x000000072ba00000, 0x000000072ba00000, 0x000000072bc00000|  0%| F|  |TAMS 0x000000072ba00000| PB 0x000000072ba00000| Untracked 
| 350|0x000000072bc00000, 0x000000072bc00000, 0x000000072be00000|  0%| F|  |TAMS 0x000000072bc00000| PB 0x000000072bc00000| Untracked 
| 351|0x000000072be00000, 0x000000072be00000, 0x000000072c000000|  0%| F|  |TAMS 0x000000072be00000| PB 0x000000072be00000| Untracked 
| 352|0x000000072c000000, 0x000000072c000000, 0x000000072c200000|  0%| F|  |TAMS 0x000000072c000000| PB 0x000000072c000000| Untracked 
| 353|0x000000072c200000, 0x000000072c200000, 0x000000072c400000|  0%| F|  |TAMS 0x000000072c200000| PB 0x000000072c200000| Untracked 
| 354|0x000000072c400000, 0x000000072c400000, 0x000000072c600000|  0%| F|  |TAMS 0x000000072c400000| PB 0x000000072c400000| Untracked 
| 355|0x000000072c600000, 0x000000072c600000, 0x000000072c800000|  0%| F|  |TAMS 0x000000072c600000| PB 0x000000072c600000| Untracked 
| 356|0x000000072c800000, 0x000000072c800000, 0x000000072ca00000|  0%| F|  |TAMS 0x000000072c800000| PB 0x000000072c800000| Untracked 
| 357|0x000000072ca00000, 0x000000072ca00000, 0x000000072cc00000|  0%| F|  |TAMS 0x000000072ca00000| PB 0x000000072ca00000| Untracked 
| 358|0x000000072cc00000, 0x000000072cc00000, 0x000000072ce00000|  0%| F|  |TAMS 0x000000072cc00000| PB 0x000000072cc00000| Untracked 
| 359|0x000000072ce00000, 0x000000072ce00000, 0x000000072d000000|  0%| F|  |TAMS 0x000000072ce00000| PB 0x000000072ce00000| Untracked 
| 360|0x000000072d000000, 0x000000072d000000, 0x000000072d200000|  0%| F|  |TAMS 0x000000072d000000| PB 0x000000072d000000| Untracked 
| 361|0x000000072d200000, 0x000000072d200000, 0x000000072d400000|  0%| F|  |TAMS 0x000000072d200000| PB 0x000000072d200000| Untracked 
| 362|0x000000072d400000, 0x000000072d400000, 0x000000072d600000|  0%| F|  |TAMS 0x000000072d400000| PB 0x000000072d400000| Untracked 
| 363|0x000000072d600000, 0x000000072d600000, 0x000000072d800000|  0%| F|  |TAMS 0x000000072d600000| PB 0x000000072d600000| Untracked 
| 364|0x000000072d800000, 0x000000072d800000, 0x000000072da00000|  0%| F|  |TAMS 0x000000072d800000| PB 0x000000072d800000| Untracked 
| 365|0x000000072da00000, 0x000000072da00000, 0x000000072dc00000|  0%| F|  |TAMS 0x000000072da00000| PB 0x000000072da00000| Untracked 
| 366|0x000000072dc00000, 0x000000072dc00000, 0x000000072de00000|  0%| F|  |TAMS 0x000000072dc00000| PB 0x000000072dc00000| Untracked 
| 367|0x000000072de00000, 0x000000072de00000, 0x000000072e000000|  0%| F|  |TAMS 0x000000072de00000| PB 0x000000072de00000| Untracked 
| 368|0x000000072e000000, 0x000000072e000000, 0x000000072e200000|  0%| F|  |TAMS 0x000000072e000000| PB 0x000000072e000000| Untracked 
| 369|0x000000072e200000, 0x000000072e200000, 0x000000072e400000|  0%| F|  |TAMS 0x000000072e200000| PB 0x000000072e200000| Untracked 
| 370|0x000000072e400000, 0x000000072e400000, 0x000000072e600000|  0%| F|  |TAMS 0x000000072e400000| PB 0x000000072e400000| Untracked 
| 371|0x000000072e600000, 0x000000072e600000, 0x000000072e800000|  0%| F|  |TAMS 0x000000072e600000| PB 0x000000072e600000| Untracked 
| 372|0x000000072e800000, 0x000000072e800000, 0x000000072ea00000|  0%| F|  |TAMS 0x000000072e800000| PB 0x000000072e800000| Untracked 
| 373|0x000000072ea00000, 0x000000072ea00000, 0x000000072ec00000|  0%| F|  |TAMS 0x000000072ea00000| PB 0x000000072ea00000| Untracked 
| 374|0x000000072ec00000, 0x000000072ec00000, 0x000000072ee00000|  0%| F|  |TAMS 0x000000072ec00000| PB 0x000000072ec00000| Untracked 
| 375|0x000000072ee00000, 0x000000072ee00000, 0x000000072f000000|  0%| F|  |TAMS 0x000000072ee00000| PB 0x000000072ee00000| Untracked 
| 376|0x000000072f000000, 0x000000072f000000, 0x000000072f200000|  0%| F|  |TAMS 0x000000072f000000| PB 0x000000072f000000| Untracked 
| 377|0x000000072f200000, 0x000000072f200000, 0x000000072f400000|  0%| F|  |TAMS 0x000000072f200000| PB 0x000000072f200000| Untracked 
| 378|0x000000072f400000, 0x000000072f400000, 0x000000072f600000|  0%| F|  |TAMS 0x000000072f400000| PB 0x000000072f400000| Untracked 
| 379|0x000000072f600000, 0x000000072f600000, 0x000000072f800000|  0%| F|  |TAMS 0x000000072f600000| PB 0x000000072f600000| Untracked 
| 380|0x000000072f800000, 0x000000072f800000, 0x000000072fa00000|  0%| F|  |TAMS 0x000000072f800000| PB 0x000000072f800000| Untracked 
| 381|0x000000072fa00000, 0x000000072fa00000, 0x000000072fc00000|  0%| F|  |TAMS 0x000000072fa00000| PB 0x000000072fa00000| Untracked 
| 382|0x000000072fc00000, 0x000000072fc00000, 0x000000072fe00000|  0%| F|  |TAMS 0x000000072fc00000| PB 0x000000072fc00000| Untracked 
| 383|0x000000072fe00000, 0x000000072fe00000, 0x0000000730000000|  0%| F|  |TAMS 0x000000072fe00000| PB 0x000000072fe00000| Untracked 
| 384|0x0000000730000000, 0x0000000730000000, 0x0000000730200000|  0%| F|  |TAMS 0x0000000730000000| PB 0x0000000730000000| Untracked 
| 385|0x0000000730200000, 0x0000000730200000, 0x0000000730400000|  0%| F|  |TAMS 0x0000000730200000| PB 0x0000000730200000| Untracked 
| 386|0x0000000730400000, 0x0000000730400000, 0x0000000730600000|  0%| F|  |TAMS 0x0000000730400000| PB 0x0000000730400000| Untracked 
| 387|0x0000000730600000, 0x0000000730600000, 0x0000000730800000|  0%| F|  |TAMS 0x0000000730600000| PB 0x0000000730600000| Untracked 
| 388|0x0000000730800000, 0x0000000730800000, 0x0000000730a00000|  0%| F|  |TAMS 0x0000000730800000| PB 0x0000000730800000| Untracked 
| 389|0x0000000730a00000, 0x0000000730a00000, 0x0000000730c00000|  0%| F|  |TAMS 0x0000000730a00000| PB 0x0000000730a00000| Untracked 
| 390|0x0000000730c00000, 0x0000000730c00000, 0x0000000730e00000|  0%| F|  |TAMS 0x0000000730c00000| PB 0x0000000730c00000| Untracked 
| 391|0x0000000730e00000, 0x0000000730e00000, 0x0000000731000000|  0%| F|  |TAMS 0x0000000730e00000| PB 0x0000000730e00000| Untracked 
| 392|0x0000000731000000, 0x0000000731000000, 0x0000000731200000|  0%| F|  |TAMS 0x0000000731000000| PB 0x0000000731000000| Untracked 
| 393|0x0000000731200000, 0x0000000731200000, 0x0000000731400000|  0%| F|  |TAMS 0x0000000731200000| PB 0x0000000731200000| Untracked 
| 394|0x0000000731400000, 0x0000000731400000, 0x0000000731600000|  0%| F|  |TAMS 0x0000000731400000| PB 0x0000000731400000| Untracked 
| 395|0x0000000731600000, 0x0000000731600000, 0x0000000731800000|  0%| F|  |TAMS 0x0000000731600000| PB 0x0000000731600000| Untracked 
| 396|0x0000000731800000, 0x0000000731800000, 0x0000000731a00000|  0%| F|  |TAMS 0x0000000731800000| PB 0x0000000731800000| Untracked 
| 397|0x0000000731a00000, 0x0000000731a00000, 0x0000000731c00000|  0%| F|  |TAMS 0x0000000731a00000| PB 0x0000000731a00000| Untracked 
| 398|0x0000000731c00000, 0x0000000731c00000, 0x0000000731e00000|  0%| F|  |TAMS 0x0000000731c00000| PB 0x0000000731c00000| Untracked 
| 399|0x0000000731e00000, 0x0000000731e00000, 0x0000000732000000|  0%| F|  |TAMS 0x0000000731e00000| PB 0x0000000731e00000| Untracked 
| 400|0x0000000732000000, 0x0000000732000000, 0x0000000732200000|  0%| F|  |TAMS 0x0000000732000000| PB 0x0000000732000000| Untracked 
| 401|0x0000000732200000, 0x0000000732200000, 0x0000000732400000|  0%| F|  |TAMS 0x0000000732200000| PB 0x0000000732200000| Untracked 
| 402|0x0000000732400000, 0x0000000732400000, 0x0000000732600000|  0%| F|  |TAMS 0x0000000732400000| PB 0x0000000732400000| Untracked 
| 403|0x0000000732600000, 0x0000000732600000, 0x0000000732800000|  0%| F|  |TAMS 0x0000000732600000| PB 0x0000000732600000| Untracked 
| 404|0x0000000732800000, 0x0000000732800000, 0x0000000732a00000|  0%| F|  |TAMS 0x0000000732800000| PB 0x0000000732800000| Untracked 
| 405|0x0000000732a00000, 0x0000000732a00000, 0x0000000732c00000|  0%| F|  |TAMS 0x0000000732a00000| PB 0x0000000732a00000| Untracked 
| 406|0x0000000732c00000, 0x0000000732c00000, 0x0000000732e00000|  0%| F|  |TAMS 0x0000000732c00000| PB 0x0000000732c00000| Untracked 
| 407|0x0000000732e00000, 0x0000000732e00000, 0x0000000733000000|  0%| F|  |TAMS 0x0000000732e00000| PB 0x0000000732e00000| Untracked 
| 408|0x0000000733000000, 0x0000000733000000, 0x0000000733200000|  0%| F|  |TAMS 0x0000000733000000| PB 0x0000000733000000| Untracked 
| 409|0x0000000733200000, 0x0000000733200000, 0x0000000733400000|  0%| F|  |TAMS 0x0000000733200000| PB 0x0000000733200000| Untracked 
| 410|0x0000000733400000, 0x0000000733400000, 0x0000000733600000|  0%| F|  |TAMS 0x0000000733400000| PB 0x0000000733400000| Untracked 
| 411|0x0000000733600000, 0x0000000733600000, 0x0000000733800000|  0%| F|  |TAMS 0x0000000733600000| PB 0x0000000733600000| Untracked 
| 412|0x0000000733800000, 0x0000000733a00000, 0x0000000733a00000|100%| S|CS|TAMS 0x0000000733800000| PB 0x0000000733800000| Complete 
| 413|0x0000000733a00000, 0x0000000733c00000, 0x0000000733c00000|100%| S|CS|TAMS 0x0000000733a00000| PB 0x0000000733a00000| Complete 
| 414|0x0000000733c00000, 0x0000000733e00000, 0x0000000733e00000|100%| S|CS|TAMS 0x0000000733c00000| PB 0x0000000733c00000| Complete 
| 415|0x0000000733e00000, 0x0000000734000000, 0x0000000734000000|100%| S|CS|TAMS 0x0000000733e00000| PB 0x0000000733e00000| Complete 
| 416|0x0000000734000000, 0x0000000734200000, 0x0000000734200000|100%| S|CS|TAMS 0x0000000734000000| PB 0x0000000734000000| Complete 
| 417|0x0000000734200000, 0x0000000734400000, 0x0000000734400000|100%| S|CS|TAMS 0x0000000734200000| PB 0x0000000734200000| Complete 
| 418|0x0000000734400000, 0x0000000734600000, 0x0000000734600000|100%| S|CS|TAMS 0x0000000734400000| PB 0x0000000734400000| Complete 
| 419|0x0000000734600000, 0x0000000734800000, 0x0000000734800000|100%| S|CS|TAMS 0x0000000734600000| PB 0x0000000734600000| Complete 
| 420|0x0000000734800000, 0x0000000734a00000, 0x0000000734a00000|100%| S|CS|TAMS 0x0000000734800000| PB 0x0000000734800000| Complete 
| 421|0x0000000734a00000, 0x0000000734a00000, 0x0000000734c00000|  0%| F|  |TAMS 0x0000000734a00000| PB 0x0000000734a00000| Untracked 
| 422|0x0000000734c00000, 0x0000000734c00000, 0x0000000734e00000|  0%| F|  |TAMS 0x0000000734c00000| PB 0x0000000734c00000| Untracked 
| 423|0x0000000734e00000, 0x0000000734e00000, 0x0000000735000000|  0%| F|  |TAMS 0x0000000734e00000| PB 0x0000000734e00000| Untracked 
| 424|0x0000000735000000, 0x0000000735000000, 0x0000000735200000|  0%| F|  |TAMS 0x0000000735000000| PB 0x0000000735000000| Untracked 
| 425|0x0000000735200000, 0x0000000735200000, 0x0000000735400000|  0%| F|  |TAMS 0x0000000735200000| PB 0x0000000735200000| Untracked 
| 426|0x0000000735400000, 0x0000000735400000, 0x0000000735600000|  0%| F|  |TAMS 0x0000000735400000| PB 0x0000000735400000| Untracked 
| 427|0x0000000735600000, 0x0000000735600000, 0x0000000735800000|  0%| F|  |TAMS 0x0000000735600000| PB 0x0000000735600000| Untracked 
| 428|0x0000000735800000, 0x0000000735800000, 0x0000000735a00000|  0%| F|  |TAMS 0x0000000735800000| PB 0x0000000735800000| Untracked 
| 429|0x0000000735a00000, 0x0000000735a00000, 0x0000000735c00000|  0%| F|  |TAMS 0x0000000735a00000| PB 0x0000000735a00000| Untracked 
| 430|0x0000000735c00000, 0x0000000735c00000, 0x0000000735e00000|  0%| F|  |TAMS 0x0000000735c00000| PB 0x0000000735c00000| Untracked 
| 431|0x0000000735e00000, 0x0000000735e00000, 0x0000000736000000|  0%| F|  |TAMS 0x0000000735e00000| PB 0x0000000735e00000| Untracked 
| 432|0x0000000736000000, 0x0000000736000000, 0x0000000736200000|  0%| F|  |TAMS 0x0000000736000000| PB 0x0000000736000000| Untracked 
| 433|0x0000000736200000, 0x0000000736200000, 0x0000000736400000|  0%| F|  |TAMS 0x0000000736200000| PB 0x0000000736200000| Untracked 
| 434|0x0000000736400000, 0x0000000736400000, 0x0000000736600000|  0%| F|  |TAMS 0x0000000736400000| PB 0x0000000736400000| Untracked 
| 435|0x0000000736600000, 0x0000000736600000, 0x0000000736800000|  0%| F|  |TAMS 0x0000000736600000| PB 0x0000000736600000| Untracked 
| 436|0x0000000736800000, 0x0000000736800000, 0x0000000736a00000|  0%| F|  |TAMS 0x0000000736800000| PB 0x0000000736800000| Untracked 
| 437|0x0000000736a00000, 0x0000000736a00000, 0x0000000736c00000|  0%| F|  |TAMS 0x0000000736a00000| PB 0x0000000736a00000| Untracked 
| 438|0x0000000736c00000, 0x0000000736c00000, 0x0000000736e00000|  0%| F|  |TAMS 0x0000000736c00000| PB 0x0000000736c00000| Untracked 
| 439|0x0000000736e00000, 0x0000000736e00000, 0x0000000737000000|  0%| F|  |TAMS 0x0000000736e00000| PB 0x0000000736e00000| Untracked 
| 440|0x0000000737000000, 0x0000000737000000, 0x0000000737200000|  0%| F|  |TAMS 0x0000000737000000| PB 0x0000000737000000| Untracked 
| 441|0x0000000737200000, 0x0000000737200000, 0x0000000737400000|  0%| F|  |TAMS 0x0000000737200000| PB 0x0000000737200000| Untracked 
| 442|0x0000000737400000, 0x0000000737400000, 0x0000000737600000|  0%| F|  |TAMS 0x0000000737400000| PB 0x0000000737400000| Untracked 
| 443|0x0000000737600000, 0x0000000737600000, 0x0000000737800000|  0%| F|  |TAMS 0x0000000737600000| PB 0x0000000737600000| Untracked 
| 444|0x0000000737800000, 0x0000000737800000, 0x0000000737a00000|  0%| F|  |TAMS 0x0000000737800000| PB 0x0000000737800000| Untracked 
| 445|0x0000000737a00000, 0x0000000737a00000, 0x0000000737c00000|  0%| F|  |TAMS 0x0000000737a00000| PB 0x0000000737a00000| Untracked 
| 446|0x0000000737c00000, 0x0000000737c00000, 0x0000000737e00000|  0%| F|  |TAMS 0x0000000737c00000| PB 0x0000000737c00000| Untracked 
| 447|0x0000000737e00000, 0x0000000737e00000, 0x0000000738000000|  0%| F|  |TAMS 0x0000000737e00000| PB 0x0000000737e00000| Untracked 
| 448|0x0000000738000000, 0x0000000738000000, 0x0000000738200000|  0%| F|  |TAMS 0x0000000738000000| PB 0x0000000738000000| Untracked 
| 449|0x0000000738200000, 0x0000000738200000, 0x0000000738400000|  0%| F|  |TAMS 0x0000000738200000| PB 0x0000000738200000| Untracked 
| 450|0x0000000738400000, 0x0000000738400000, 0x0000000738600000|  0%| F|  |TAMS 0x0000000738400000| PB 0x0000000738400000| Untracked 
| 451|0x0000000738600000, 0x0000000738600000, 0x0000000738800000|  0%| F|  |TAMS 0x0000000738600000| PB 0x0000000738600000| Untracked 
| 452|0x0000000738800000, 0x0000000738800000, 0x0000000738a00000|  0%| F|  |TAMS 0x0000000738800000| PB 0x0000000738800000| Untracked 
| 453|0x0000000738a00000, 0x0000000738a00000, 0x0000000738c00000|  0%| F|  |TAMS 0x0000000738a00000| PB 0x0000000738a00000| Untracked 
| 454|0x0000000738c00000, 0x0000000738c00000, 0x0000000738e00000|  0%| F|  |TAMS 0x0000000738c00000| PB 0x0000000738c00000| Untracked 
| 455|0x0000000738e00000, 0x0000000738e00000, 0x0000000739000000|  0%| F|  |TAMS 0x0000000738e00000| PB 0x0000000738e00000| Untracked 
| 456|0x0000000739000000, 0x0000000739000000, 0x0000000739200000|  0%| F|  |TAMS 0x0000000739000000| PB 0x0000000739000000| Untracked 
| 457|0x0000000739200000, 0x0000000739200000, 0x0000000739400000|  0%| F|  |TAMS 0x0000000739200000| PB 0x0000000739200000| Untracked 
| 458|0x0000000739400000, 0x0000000739400000, 0x0000000739600000|  0%| F|  |TAMS 0x0000000739400000| PB 0x0000000739400000| Untracked 
| 459|0x0000000739600000, 0x0000000739600000, 0x0000000739800000|  0%| F|  |TAMS 0x0000000739600000| PB 0x0000000739600000| Untracked 
| 460|0x0000000739800000, 0x0000000739800000, 0x0000000739a00000|  0%| F|  |TAMS 0x0000000739800000| PB 0x0000000739800000| Untracked 
| 461|0x0000000739a00000, 0x0000000739a00000, 0x0000000739c00000|  0%| F|  |TAMS 0x0000000739a00000| PB 0x0000000739a00000| Untracked 
| 462|0x0000000739c00000, 0x0000000739c00000, 0x0000000739e00000|  0%| F|  |TAMS 0x0000000739c00000| PB 0x0000000739c00000| Untracked 
| 463|0x0000000739e00000, 0x0000000739e00000, 0x000000073a000000|  0%| F|  |TAMS 0x0000000739e00000| PB 0x0000000739e00000| Untracked 
| 464|0x000000073a000000, 0x000000073a000000, 0x000000073a200000|  0%| F|  |TAMS 0x000000073a000000| PB 0x000000073a000000| Untracked 
| 465|0x000000073a200000, 0x000000073a200000, 0x000000073a400000|  0%| F|  |TAMS 0x000000073a200000| PB 0x000000073a200000| Untracked 
| 466|0x000000073a400000, 0x000000073a400000, 0x000000073a600000|  0%| F|  |TAMS 0x000000073a400000| PB 0x000000073a400000| Untracked 
| 467|0x000000073a600000, 0x000000073a600000, 0x000000073a800000|  0%| F|  |TAMS 0x000000073a600000| PB 0x000000073a600000| Untracked 
| 468|0x000000073a800000, 0x000000073a800000, 0x000000073aa00000|  0%| F|  |TAMS 0x000000073a800000| PB 0x000000073a800000| Untracked 
| 469|0x000000073aa00000, 0x000000073aa00000, 0x000000073ac00000|  0%| F|  |TAMS 0x000000073aa00000| PB 0x000000073aa00000| Untracked 
| 470|0x000000073ac00000, 0x000000073ac00000, 0x000000073ae00000|  0%| F|  |TAMS 0x000000073ac00000| PB 0x000000073ac00000| Untracked 
|2030|0x00000007fdc00000, 0x00000007fdc00000, 0x00000007fde00000|  0%| F|  |TAMS 0x00000007fdc00000| PB 0x00000007fdc00000| Untracked 
|2031|0x00000007fde00000, 0x00000007fde00000, 0x00000007fe000000|  0%| F|  |TAMS 0x00000007fde00000| PB 0x00000007fde00000| Untracked 
|2032|0x00000007fe000000, 0x00000007fe000000, 0x00000007fe200000|  0%| F|  |TAMS 0x00000007fe000000| PB 0x00000007fe000000| Untracked 
|2033|0x00000007fe200000, 0x00000007fe200000, 0x00000007fe400000|  0%| F|  |TAMS 0x00000007fe200000| PB 0x00000007fe200000| Untracked 
|2034|0x00000007fe400000, 0x00000007fe400000, 0x00000007fe600000|  0%| F|  |TAMS 0x00000007fe400000| PB 0x00000007fe400000| Untracked 
|2035|0x00000007fe600000, 0x00000007fe600000, 0x00000007fe800000|  0%| F|  |TAMS 0x00000007fe600000| PB 0x00000007fe600000| Untracked 
|2036|0x00000007fe800000, 0x00000007fe800000, 0x00000007fea00000|  0%| F|  |TAMS 0x00000007fe800000| PB 0x00000007fe800000| Untracked 
|2037|0x00000007fea00000, 0x00000007fea00000, 0x00000007fec00000|  0%| F|  |TAMS 0x00000007fea00000| PB 0x00000007fea00000| Untracked 
|2038|0x00000007fec00000, 0x00000007fec00000, 0x00000007fee00000|  0%| F|  |TAMS 0x00000007fec00000| PB 0x00000007fec00000| Untracked 
|2039|0x00000007fee00000, 0x00000007fee00000, 0x00000007ff000000|  0%| F|  |TAMS 0x00000007fee00000| PB 0x00000007fee00000| Untracked 
|2040|0x00000007ff000000, 0x00000007ff000000, 0x00000007ff200000|  0%| F|  |TAMS 0x00000007ff000000| PB 0x00000007ff000000| Untracked 
|2041|0x00000007ff200000, 0x00000007ff200000, 0x00000007ff400000|  0%| F|  |TAMS 0x00000007ff200000| PB 0x00000007ff200000| Untracked 
|2042|0x00000007ff400000, 0x00000007ff400000, 0x00000007ff600000|  0%| F|  |TAMS 0x00000007ff400000| PB 0x00000007ff400000| Untracked 
|2043|0x00000007ff600000, 0x00000007ff600000, 0x00000007ff800000|  0%| F|  |TAMS 0x00000007ff600000| PB 0x00000007ff600000| Untracked 
|2044|0x00000007ff800000, 0x00000007ff800000, 0x00000007ffa00000|  0%| F|  |TAMS 0x00000007ff800000| PB 0x00000007ff800000| Untracked 
|2045|0x00000007ffa00000, 0x00000007ffa00000, 0x00000007ffc00000|  0%| F|  |TAMS 0x00000007ffa00000| PB 0x00000007ffa00000| Untracked 
|2046|0x00000007ffc00000, 0x00000007ffc00000, 0x00000007ffe00000|  0%| F|  |TAMS 0x00000007ffc00000| PB 0x00000007ffc00000| Untracked 
|2047|0x00000007ffe00000, 0x00000007ffe00000, 0x0000000800000000|  0%| F|  |TAMS 0x00000007ffe00000| PB 0x00000007ffe00000| Untracked 

Card table byte_map: [0x00000178c2d20000,0x00000178c3520000] _byte_map_base: 0x00000178bf520000

Marking Bits: (CMBitMap*) 0x00000178b00f4b40
 Bits: [0x00000178c3520000, 0x00000178c7520000)

Polling page: 0x00000178ae030000

Metaspace:

Usage:
  Non-class:    320.45 MB used.
      Class:     45.44 MB used.
       Both:    365.90 MB used.

Virtual space:
  Non-class space:      384.00 MB reserved,     322.12 MB ( 84%) committed,  6 nodes.
      Class space:        1.00 GB reserved,      47.12 MB (  5%) committed,  1 nodes.
             Both:        1.38 GB reserved,     369.25 MB ( 26%) committed. 

Chunk freelists:
   Non-Class:  45.72 MB
       Class:  16.83 MB
        Both:  62.55 MB

MaxMetaspaceSize: unlimited
CompressedClassSpaceSize: 1.00 GB
Initial GC threshold: 21.00 MB
Current GC threshold: 641.25 MB
CDS: off
 - commit_granule_bytes: 65536.
 - commit_granule_words: 8192.
 - virtual_space_node_default_size: 8388608.
 - enlarge_chunks_in_place: 1.
 - use_allocation_guard: 0.


Internal statistics:

num_allocs_failed_limit: 11.
num_arena_births: 7162.
num_arena_deaths: 148.
num_vsnodes_births: 7.
num_vsnodes_deaths: 0.
num_space_committed: 9667.
num_space_uncommitted: 340.
num_chunks_returned_to_freelist: 8583.
num_chunks_taken_from_freelist: 30816.
num_chunk_merges: 3844.
num_chunk_splits: 23559.
num_chunks_enlarged: 18897.
num_inconsistent_stats: 0.

CodeHeap 'non-profiled nmethods': size=120000Kb used=19541Kb max_used=32360Kb free=100458Kb
 bounds [0x00000178bacc0000, 0x00000178bcc60000, 0x00000178c21f0000]
CodeHeap 'profiled nmethods': size=120000Kb used=32275Kb max_used=89431Kb free=87724Kb
 bounds [0x00000178b31f0000, 0x00000178b8960000, 0x00000178ba720000]
CodeHeap 'non-nmethods': size=5760Kb used=2710Kb max_used=2836Kb free=3049Kb
 bounds [0x00000178ba720000, 0x00000178baa00000, 0x00000178bacc0000]
CodeCache: size=245760Kb, used=54526Kb, max_used=124627Kb, free=191231Kb
 total_blobs=17045, nmethods=15566, adapters=1379, full_count=0
Compilation: enabled, stopped_count=0, restarted_count=0

Compilation events (20 events):
Event: 3235.565 Thread 0x00000178ca12a2e0 nmethod 134231 0x00000178b3de1610 code [0x00000178b3de1a20, 0x00000178b3de3468]
Event: 3235.565 Thread 0x00000178ca12a2e0 134235       1       org.jetbrains.kotlin.fir.expressions.impl.FirAnnotationCallImpl::getTypeArguments-5e3fPpI (5 bytes)
Event: 3235.566 Thread 0x00000178ca12a2e0 nmethod 134235 0x00000178bc579c10 code [0x00000178bc579da0, 0x00000178bc579e70]
Event: 3235.566 Thread 0x00000178ca12a2e0 134234       3       kotlin.collections.CollectionsKt__CollectionsKt::getIndices (23 bytes)
Event: 3235.566 Thread 0x00000178ca12a2e0 nmethod 134234 0x00000178b5cb8690 code [0x00000178b5cb88e0, 0x00000178b5cb9068]
Event: 3235.574 Thread 0x00000178ca12a2e0 134236       3       org.jetbrains.kotlin.fir.java.deserialization.JvmBinaryAnnotationDeserializer::loadPropertyAnnotations (409 bytes)
Event: 3235.580 Thread 0x00000178f5727c90 nmethod 134233 0x00000178bafd1110 code [0x00000178bafd1300, 0x00000178bafd1ac0]
Event: 3235.582 Thread 0x00000178ca12a2e0 nmethod 134236 0x00000178b483a910 code [0x00000178b483b160, 0x00000178b483fdd8]
Event: 3235.582 Thread 0x00000178ca12a2e0 134237       3       org.jetbrains.kotlin.fir.java.deserialization.JvmBinaryAnnotationDeserializer::loadPropertyBackingFieldAnnotations (260 bytes)
Event: 3235.586 Thread 0x00000178ca128ba0 nmethod 134193 0x00000178bb810710 code [0x00000178bb810a40, 0x00000178bb8129c0]
Event: 3235.587 Thread 0x00000178ca12a2e0 nmethod 134237 0x00000178b3510110 code [0x00000178b35107e0, 0x00000178b3514250]
Event: 3235.587 Thread 0x00000178ca12a2e0 134239       1       org.jetbrains.kotlin.load.java.structure.impl.classFiles.ClassifierResolutionContext$InnerClassInfo::getSimpleName (5 bytes)
Event: 3235.587 Thread 0x00000178ca12a2e0 nmethod 134239 0x00000178bc5f4710 code [0x00000178bc5f48a0, 0x00000178bc5f4970]
Event: 3235.587 Thread 0x00000178ca12a2e0 134238       3       org.jetbrains.kotlin.fir.java.deserialization.JvmBinaryAnnotationDeserializer::loadPropertyGetterAnnotations (99 bytes)
Event: 3235.590 Thread 0x00000178ca12a2e0 nmethod 134238 0x00000178b3e91890 code [0x00000178b3e91c40, 0x00000178b3e93080]
Event: 3235.590 Thread 0x00000178ca128ba0 134240       4       kotlin.internal.ProgressionUtilKt::getProgressionLastElement (61 bytes)
Event: 3235.590 Thread 0x00000178f5727c90 134241       4       kotlin.ranges.IntProgression::<init> (57 bytes)
Event: 3235.590 Thread 0x00000178ca12a2e0 134242       3       org.jetbrains.org.objectweb.asm.ClassReader::readMethod (1093 bytes)
Event: 3235.591 Thread 0x00000178ca128ba0 nmethod 134240 0x00000178bc64e190 code [0x00000178bc64e320, 0x00000178bc64e3f8]
Event: 3235.592 Thread 0x00000178f5727c90 nmethod 134241 0x00000178bbcddd10 code [0x00000178bbcddea0, 0x00000178bbcddfe8]

GC Heap History (20 events):
Event: 3168.719 GC heap after
{Heap after GC invocations=174 (full 0):
 garbage-first heap   total 1001472K, used 574164K [0x0000000700000000, 0x0000000800000000)
  region size 2048K, 3 young (6144K), 3 survivors (6144K)
 Metaspace       used 390578K, committed 394112K, reserved 1441792K
  class space    used 47896K, committed 49664K, reserved 1048576K
}
Event: 3179.831 GC heap before
{Heap before GC invocations=174 (full 0):
 garbage-first heap   total 1001472K, used 805588K [0x0000000700000000, 0x0000000800000000)
  region size 2048K, 114 young (233472K), 3 survivors (6144K)
 Metaspace       used 390633K, committed 394112K, reserved 1441792K
  class space    used 47899K, committed 49664K, reserved 1048576K
}
Event: 3179.924 GC heap after
{Heap after GC invocations=175 (full 0):
 garbage-first heap   total 1001472K, used 579002K [0x0000000700000000, 0x0000000800000000)
  region size 2048K, 10 young (20480K), 10 survivors (20480K)
 Metaspace       used 390633K, committed 394112K, reserved 1441792K
  class space    used 47899K, committed 49664K, reserved 1048576K
}
Event: 3188.007 GC heap before
{Heap before GC invocations=175 (full 0):
 garbage-first heap   total 1001472K, used 751034K [0x0000000700000000, 0x0000000800000000)
  region size 2048K, 91 young (186368K), 10 survivors (20480K)
 Metaspace       used 390902K, committed 394368K, reserved 1441792K
  class space    used 47927K, committed 49664K, reserved 1048576K
}
Event: 3188.297 GC heap after
{Heap after GC invocations=176 (full 0):
 garbage-first heap   total 1001472K, used 601171K [0x0000000700000000, 0x0000000800000000)
  region size 2048K, 12 young (24576K), 12 survivors (24576K)
 Metaspace       used 390902K, committed 394368K, reserved 1441792K
  class space    used 47927K, committed 49664K, reserved 1048576K
}
Event: 3188.958 GC heap before
{Heap before GC invocations=176 (full 0):
 garbage-first heap   total 1001472K, used 642131K [0x0000000700000000, 0x0000000800000000)
  region size 2048K, 31 young (63488K), 12 survivors (24576K)
 Metaspace       used 390904K, committed 394368K, reserved 1441792K
  class space    used 47927K, committed 49664K, reserved 1048576K
}
Event: 3189.135 GC heap after
{Heap after GC invocations=177 (full 0):
 garbage-first heap   total 1001472K, used 611328K [0x0000000700000000, 0x0000000800000000)
  region size 2048K, 4 young (8192K), 4 survivors (8192K)
 Metaspace       used 390904K, committed 394368K, reserved 1441792K
  class space    used 47927K, committed 49664K, reserved 1048576K
}
Event: 3206.065 GC heap before
{Heap before GC invocations=177 (full 0):
 garbage-first heap   total 1001472K, used 723968K [0x0000000700000000, 0x0000000800000000)
  region size 2048K, 60 young (122880K), 4 survivors (8192K)
 Metaspace       used 405531K, committed 409024K, reserved 1441792K
  class space    used 49620K, committed 51392K, reserved 1048576K
}
Event: 3206.170 GC heap after
{Heap after GC invocations=178 (full 0):
 garbage-first heap   total 1001472K, used 613168K [0x0000000700000000, 0x0000000800000000)
  region size 2048K, 8 young (16384K), 8 survivors (16384K)
 Metaspace       used 405531K, committed 409024K, reserved 1441792K
  class space    used 49620K, committed 51392K, reserved 1048576K
}
Event: 3209.802 GC heap before
{Heap before GC invocations=178 (full 0):
 garbage-first heap   total 1001472K, used 680752K [0x0000000700000000, 0x0000000800000000)
  region size 2048K, 41 young (83968K), 8 survivors (16384K)
 Metaspace       used 411054K, committed 414592K, reserved 1441792K
  class space    used 50243K, committed 52032K, reserved 1048576K
}
Event: 3210.310 GC heap after
{Heap after GC invocations=179 (full 0):
 garbage-first heap   total 1001472K, used 621657K [0x0000000700000000, 0x0000000800000000)
  region size 2048K, 6 young (12288K), 6 survivors (12288K)
 Metaspace       used 411054K, committed 414592K, reserved 1441792K
  class space    used 50243K, committed 52032K, reserved 1048576K
}
Event: 3213.632 GC heap before
{Heap before GC invocations=179 (full 0):
 garbage-first heap   total 1001472K, used 658521K [0x0000000700000000, 0x0000000800000000)
  region size 2048K, 24 young (49152K), 6 survivors (12288K)
 Metaspace       used 417765K, committed 421248K, reserved 1441792K
  class space    used 51499K, committed 53248K, reserved 1048576K
}
Event: 3213.764 GC heap after
{Heap after GC invocations=180 (full 0):
 garbage-first heap   total 1001472K, used 620397K [0x0000000700000000, 0x0000000800000000)
  region size 2048K, 3 young (6144K), 3 survivors (6144K)
 Metaspace       used 417765K, committed 421248K, reserved 1441792K
  class space    used 51499K, committed 53248K, reserved 1048576K
}
Event: 3217.976 GC heap before
{Heap before GC invocations=180 (full 0):
 garbage-first heap   total 1001472K, used 659309K [0x0000000700000000, 0x0000000800000000)
  region size 2048K, 24 young (49152K), 3 survivors (6144K)
 Metaspace       used 424981K, committed 428544K, reserved 1441792K
  class space    used 52157K, committed 53952K, reserved 1048576K
}
Event: 3218.030 GC heap after
{Heap after GC invocations=181 (full 0):
 garbage-first heap   total 1001472K, used 625848K [0x0000000700000000, 0x0000000800000000)
  region size 2048K, 3 young (6144K), 3 survivors (6144K)
 Metaspace       used 424981K, committed 428544K, reserved 1441792K
  class space    used 52157K, committed 53952K, reserved 1048576K
}
Event: 3232.355 GC heap before
{Heap before GC invocations=182 (full 0):
 garbage-first heap   total 1001472K, used 591032K [0x0000000700000000, 0x0000000800000000)
  region size 2048K, 50 young (102400K), 3 survivors (6144K)
 Metaspace       used 373813K, committed 377280K, reserved 1441792K
  class space    used 46492K, committed 48256K, reserved 1048576K
}
Event: 3232.403 GC heap after
{Heap after GC invocations=183 (full 0):
 garbage-first heap   total 1001472K, used 509952K [0x0000000700000000, 0x0000000800000000)
  region size 2048K, 7 young (14336K), 7 survivors (14336K)
 Metaspace       used 373813K, committed 377280K, reserved 1441792K
  class space    used 46492K, committed 48256K, reserved 1048576K
}
Event: 3233.495 GC heap before
{Heap before GC invocations=183 (full 0):
 garbage-first heap   total 1001472K, used 559104K [0x0000000700000000, 0x0000000800000000)
  region size 2048K, 31 young (63488K), 7 survivors (14336K)
 Metaspace       used 374142K, committed 377600K, reserved 1441792K
  class space    used 46501K, committed 48256K, reserved 1048576K
}
Event: 3233.578 GC heap after
{Heap after GC invocations=184 (full 0):
 garbage-first heap   total 1001472K, used 498846K [0x0000000700000000, 0x0000000800000000)
  region size 2048K, 4 young (8192K), 4 survivors (8192K)
 Metaspace       used 374142K, committed 377600K, reserved 1441792K
  class space    used 46501K, committed 48256K, reserved 1048576K
}
Event: 3235.596 GC heap before
{Heap before GC invocations=184 (full 0):
 garbage-first heap   total 1001472K, used 627870K [0x0000000700000000, 0x0000000800000000)
  region size 2048K, 68 young (139264K), 4 survivors (8192K)
 Metaspace       used 374678K, committed 378112K, reserved 1441792K
  class space    used 46534K, committed 48256K, reserved 1048576K
}

Dll operation events (9 events):
Event: 0.406 Loaded shared library D:\Dev\Android Studio\jbr\bin\java.dll
Event: 0.488 Loaded shared library D:\Dev\Android Studio\jbr\bin\zip.dll
Event: 2.449 Loaded shared library D:\Dev\Android Studio\jbr\bin\verify.dll
Event: 176.103 Unloaded dll "D:\Dev\Temp\sqlite-3.41.2.2-81dcc9c4-d095-4053-b66a-26e914ec4df3-sqlitejdbc.dll" [0x00007ffbbbb70000]
Event: 783.363 Unloaded dll "D:\Dev\Temp\sqlite-3.41.2.2-a01f26bb-1a01-4203-bd44-00873f6b8d2e-sqlitejdbc.dll" [0x00007ffbbbb70000]
Event: 893.503 Unloaded dll "D:\Dev\Temp\sqlite-3.41.2.2-232b4eee-d43e-466c-8d2e-93c5b5e18ca0-sqlitejdbc.dll" [0x00007ffbbbb70000]
Event: 1414.482 Unloaded dll "D:\Dev\Temp\sqlite-3.41.2.2-baf9abf7-2696-4d88-baf0-d0429b2dde5f-sqlitejdbc.dll" [0x00007ffbce600000]
Event: 3005.789 Unloaded dll "D:\Dev\Temp\sqlite-3.41.2.2-91a784c2-c49a-4ab7-82a2-86161cc9bed9-sqlitejdbc.dll" [0x00007ffbbb960000]
Event: 3225.222 Unloaded dll "D:\Dev\Temp\sqlite-3.41.2.2-dda03227-9050-4945-93f6-a2569ffe9ace-sqlitejdbc.dll" [0x00007ffbbb800000]

Deoptimization events (20 events):
Event: 3235.483 Thread 0x00000178f19972d0 Uncommon trap: trap_request=0xffffff45 fr.pc=0x00000178bc90273c relative=0x00000000000065dc
Event: 3235.483 Thread 0x00000178f19972d0 Uncommon trap: reason=unstable_if action=reinterpret pc=0x00000178bc90273c method=org.jetbrains.kotlin.metadata.ProtoBuf$Function.<init>(Lorg/jetbrains/kotlin/protobuf/CodedInputStream;Lorg/jetbrains/kotlin/protobuf/ExtensionRegistryLite;)V @ 981 c2
Event: 3235.483 Thread 0x00000178f19972d0 DEOPT PACKING pc=0x00000178bc90273c sp=0x0000006ed72fb810
Event: 3235.483 Thread 0x00000178f19972d0 DEOPT UNPACKING pc=0x00000178ba774422 sp=0x0000006ed72fb7c8 mode 2
Event: 3235.544 Thread 0x00000178f19972d0 Uncommon trap: trap_request=0xffffffde fr.pc=0x00000178baded498 relative=0x0000000000000418
Event: 3235.544 Thread 0x00000178f19972d0 Uncommon trap: reason=class_check action=maybe_recompile pc=0x00000178baded498 method=kotlin.jvm.internal.CollectionToArray.toArray(Ljava/util/Collection;)[Ljava/lang/Object; @ 28 c2
Event: 3235.544 Thread 0x00000178f19972d0 DEOPT PACKING pc=0x00000178baded498 sp=0x0000006ed72fd050
Event: 3235.544 Thread 0x00000178f19972d0 DEOPT UNPACKING pc=0x00000178ba774422 sp=0x0000006ed72fcfe0 mode 2
Event: 3235.587 Thread 0x00000178f19972d0 Uncommon trap: trap_request=0xffffff45 fr.pc=0x00000178bb5b9fd4 relative=0x00000000000051f4
Event: 3235.587 Thread 0x00000178f19972d0 Uncommon trap: reason=unstable_if action=reinterpret pc=0x00000178bb5b9fd4 method=org.jetbrains.org.objectweb.asm.ClassReader.readMethod(Lorg/jetbrains/org/objectweb/asm/ClassVisitor;Lorg/jetbrains/org/objectweb/asm/Context;I)I @ 906 c2
Event: 3235.587 Thread 0x00000178f19972d0 DEOPT PACKING pc=0x00000178bb5b9fd4 sp=0x0000006ed72fb940
Event: 3235.587 Thread 0x00000178f19972d0 DEOPT UNPACKING pc=0x00000178ba774422 sp=0x0000006ed72fb918 mode 2
Event: 3235.588 Thread 0x00000178f19972d0 Uncommon trap: trap_request=0xffffffc6 fr.pc=0x00000178bbf2721c relative=0x00000000000000dc
Event: 3235.588 Thread 0x00000178f19972d0 Uncommon trap: reason=bimorphic_or_optimized_type_check action=maybe_recompile pc=0x00000178bbf2721c method=kotlin.collections.CollectionsKt___CollectionsKt.getOrNull(Ljava/util/List;I)Ljava/lang/Object; @ 35 c2
Event: 3235.588 Thread 0x00000178f19972d0 DEOPT PACKING pc=0x00000178bbf2721c sp=0x0000006ed72fb710
Event: 3235.588 Thread 0x00000178f19972d0 DEOPT UNPACKING pc=0x00000178ba774422 sp=0x0000006ed72fb6b8 mode 2
Event: 3235.588 Thread 0x00000178f19972d0 Uncommon trap: trap_request=0xffffffc6 fr.pc=0x00000178bbf2721c relative=0x00000000000000dc
Event: 3235.588 Thread 0x00000178f19972d0 Uncommon trap: reason=bimorphic_or_optimized_type_check action=maybe_recompile pc=0x00000178bbf2721c method=kotlin.collections.CollectionsKt___CollectionsKt.getOrNull(Ljava/util/List;I)Ljava/lang/Object; @ 35 c2
Event: 3235.588 Thread 0x00000178f19972d0 DEOPT PACKING pc=0x00000178bbf2721c sp=0x0000006ed72fb710
Event: 3235.588 Thread 0x00000178f19972d0 DEOPT UNPACKING pc=0x00000178ba774422 sp=0x0000006ed72fb6b8 mode 2

Classes loaded (20 events):
Event: 1606.058 Loading class java/util/stream/ReferencePipeline$15
Event: 1606.082 Loading class java/util/stream/ReferencePipeline$15 done
Event: 1606.085 Loading class java/util/stream/ReferencePipeline$15$1
Event: 1606.087 Loading class java/util/stream/ReferencePipeline$15$1 done
Event: 1606.424 Loading class java/security/cert/CertificateEncodingException
Event: 1606.425 Loading class java/security/cert/CertificateEncodingException done
Event: 1606.441 Loading class java/util/concurrent/ForkJoinTask$AdaptedInterruptibleCallable
Event: 1606.455 Loading class java/util/concurrent/ForkJoinTask$InterruptibleTask
Event: 1606.457 Loading class java/util/concurrent/ForkJoinTask$InterruptibleTask done
Event: 1606.457 Loading class java/util/concurrent/ForkJoinTask$AdaptedInterruptibleCallable done
Event: 1607.371 Loading class java/util/concurrent/CountedCompleter
Event: 1607.377 Loading class java/util/concurrent/CountedCompleter done
Event: 1611.122 Loading class java/security/DigestException
Event: 1611.129 Loading class java/security/DigestException done
Event: 1611.888 Loading class java/util/concurrent/ForkJoinTask$AdaptedInterruptibleRunnable
Event: 1611.891 Loading class java/util/concurrent/ForkJoinTask$AdaptedInterruptibleRunnable done
Event: 1612.347 Loading class sun/security/rsa/RSACore$BlindingParameters
Event: 1612.372 Loading class sun/security/rsa/RSACore$BlindingParameters done
Event: 1612.392 Loading class sun/security/rsa/RSACore$BlindingRandomPair
Event: 1612.395 Loading class sun/security/rsa/RSACore$BlindingRandomPair done

Classes unloaded (20 events):
Event: 3221.635 Thread 0x00000178c9f3d460 Unloading class 0x0000000801de8240 'org/jetbrains/kotlin/cli/common/arguments/CommonToolArguments'
Event: 3221.635 Thread 0x00000178c9f3d460 Unloading class 0x0000000801de8000 'org/jetbrains/kotlin/cli/common/arguments/Freezable'
Event: 3221.635 Thread 0x00000178c9f3d460 Unloading class 0x0000000801de7b28 'org/jetbrains/kotlin/platform/TargetPlatform'
Event: 3221.635 Thread 0x00000178c9f3d460 Unloading class 0x0000000801de78f8 'kotlin/jvm/internal/markers/KMappedMarker'
Event: 3221.635 Thread 0x00000178c9f3d460 Unloading class 0x0000000801de76c0 'org/jetbrains/kotlin/cli/jvm/K2JVMCompiler$Companion'
Event: 3221.635 Thread 0x00000178c9f3d460 Unloading class 0x0000000801de7430 'org/jetbrains/kotlin/cli/jvm/compiler/CompileEnvironmentException'
Event: 3221.636 Thread 0x00000178c9f3d460 Unloading class 0x0000000801de71f8 'org/jetbrains/kotlin/cli/common/CLICompiler$Companion'
Event: 3221.636 Thread 0x00000178c9f3d460 Unloading class 0x0000000801de6f00 'org/jetbrains/kotlin/codegen/CompilationException'
Event: 3221.636 Thread 0x00000178c9f3d460 Unloading class 0x0000000801de6c10 'org/jetbrains/kotlin/utils/KotlinExceptionWithAttachments'
Event: 3221.636 Thread 0x00000178c9f3d460 Unloading class 0x0000000801de69e0 'org/jetbrains/kotlin/utils/exceptions/KotlinExceptionWithAttachments'
Event: 3221.636 Thread 0x00000178c9f3d460 Unloading class 0x0000000801de67b0 'org/jetbrains/kotlin/com/intellij/openapi/diagnostic/ExceptionWithAttachments'
Event: 3221.636 Thread 0x00000178c9f3d460 Unloading class 0x0000000801de6520 'org/jetbrains/kotlin/analyzer/CompilationErrorException'
Event: 3221.636 Thread 0x00000178c9f3d460 Unloading class 0x0000000801de6290 'org/jetbrains/kotlin/progress/CompilationCanceledException'
Event: 3221.636 Thread 0x00000178c9f3d460 Unloading class 0x0000000801de6000 'org/jetbrains/kotlin/com/intellij/openapi/progress/ProcessCanceledException'
Event: 3221.636 Thread 0x00000178c9f3d460 Unloading class 0x0000000801de5be8 'org/jetbrains/kotlin/com/intellij/openapi/diagnostic/ControlFlowException'
Event: 3221.636 Thread 0x00000178c9f3d460 Unloading class 0x0000000801de5950 'org/jetbrains/kotlin/cli/jvm/K2JVMCompiler'
Event: 3221.636 Thread 0x00000178c9f3d460 Unloading class 0x0000000801de56b8 'org/jetbrains/kotlin/cli/common/CLICompiler'
Event: 3221.636 Thread 0x00000178c9f3d460 Unloading class 0x0000000801de5478 'org/jetbrains/kotlin/config/Services$Builder'
Event: 3221.636 Thread 0x00000178c9f3d460 Unloading class 0x0000000801de5240 'org/jetbrains/kotlin/config/Services$Companion'
Event: 3221.636 Thread 0x00000178c9f3d460 Unloading class 0x0000000801de5000 'org/jetbrains/kotlin/config/Services'

Classes redefined (0 events):
No events

Internal exceptions (20 events):
Event: 3198.667 Thread 0x00000178d60a7750 Exception <a 'sun/nio/fs/WindowsException'{0x0000000739bff8e0}> (0x0000000739bff8e0) 
thrown [s\src\hotspot\share\prims\jni.cpp, line 537]
Event: 3198.668 Thread 0x00000178d60a7750 Exception <a 'sun/nio/fs/WindowsException'{0x0000000739804570}> (0x0000000739804570) 
thrown [s\src\hotspot\share\prims\jni.cpp, line 537]
Event: 3198.708 Thread 0x00000178d60a7750 Exception <a 'sun/nio/fs/WindowsException'{0x000000073982e140}> (0x000000073982e140) 
thrown [s\src\hotspot\share\prims\jni.cpp, line 537]
Event: 3198.708 Thread 0x00000178d60a7750 Exception <a 'sun/nio/fs/WindowsException'{0x000000073982f4a0}> (0x000000073982f4a0) 
thrown [s\src\hotspot\share\prims\jni.cpp, line 537]
Event: 3200.273 Thread 0x00000178f19972d0 Exception <a 'sun/nio/fs/WindowsException'{0x00000007387a57c8}> (0x00000007387a57c8) 
thrown [s\src\hotspot\share\prims\jni.cpp, line 537]
Event: 3200.273 Thread 0x00000178f19972d0 Exception <a 'sun/nio/fs/WindowsException'{0x00000007387a62b0}> (0x00000007387a62b0) 
thrown [s\src\hotspot\share\prims\jni.cpp, line 537]
Event: 3200.274 Thread 0x00000178f19972d0 Exception <a 'sun/nio/fs/WindowsException'{0x00000007387ab728}> (0x00000007387ab728) 
thrown [s\src\hotspot\share\prims\jni.cpp, line 537]
Event: 3200.274 Thread 0x00000178f19972d0 Exception <a 'sun/nio/fs/WindowsException'{0x00000007387ac170}> (0x00000007387ac170) 
thrown [s\src\hotspot\share\prims\jni.cpp, line 537]
Event: 3203.810 Thread 0x00000178f19972d0 Exception <a 'sun/nio/fs/WindowsException'{0x000000073745e398}> (0x000000073745e398) 
thrown [s\src\hotspot\share\prims\jni.cpp, line 537]
Event: 3203.908 Thread 0x00000178f19972d0 Exception <a 'sun/nio/fs/WindowsException'{0x00000007374b3600}> (0x00000007374b3600) 
thrown [s\src\hotspot\share\prims\jni.cpp, line 537]
Event: 3203.909 Thread 0x00000178f19972d0 Exception <a 'sun/nio/fs/WindowsException'{0x00000007374b3e00}> (0x00000007374b3e00) 
thrown [s\src\hotspot\share\prims\jni.cpp, line 537]
Event: 3204.120 Thread 0x00000178f19972d0 Exception <a 'sun/nio/fs/WindowsException'{0x00000007373373c0}> (0x00000007373373c0) 
thrown [s\src\hotspot\share\prims\jni.cpp, line 537]
Event: 3206.635 Thread 0x00000178d071b900 Exception <a 'sun/nio/fs/WindowsException'{0x00000007ffab3670}> (0x00000007ffab3670) 
thrown [s\src\hotspot\share\prims\jni.cpp, line 537]
Event: 3207.196 Thread 0x00000178f19972d0 Implicit null exception at 0x00000178bc088076 to 0x00000178bc0884a8
Event: 3207.197 Thread 0x00000178f19972d0 Implicit null exception at 0x00000178bc8e99b2 to 0x00000178bc8ea7e4
Event: 3216.631 Thread 0x00000178d071b900 Exception <a 'sun/nio/fs/WindowsException'{0x00000007fe138850}> (0x00000007fe138850) 
thrown [s\src\hotspot\share\prims\jni.cpp, line 537]
Event: 3226.674 Thread 0x00000178d071b900 Exception <a 'sun/nio/fs/WindowsException'{0x00000007ff0b50d8}> (0x00000007ff0b50d8) 
thrown [s\src\hotspot\share\prims\jni.cpp, line 537]
Event: 3227.745 Thread 0x00000178f19972d0 Implicit null exception at 0x00000178bc4cffe9 to 0x00000178bc4d0f70
Event: 3227.746 Thread 0x00000178f19972d0 Implicit null exception at 0x00000178bb08605a to 0x00000178bb086178
Event: 3227.811 Thread 0x00000178f19972d0 Implicit null exception at 0x00000178bbfb0e13 to 0x00000178bbfb115c

ZGC Phase Switch (0 events):
No events

VM Operations (20 events):
Event: 3230.463 Executing non-safepoint VM operation: HandshakeAllThreads (Deoptimize) done
Event: 3230.603 Executing non-safepoint VM operation: HandshakeAllThreads (Deoptimize)
Event: 3230.603 Executing non-safepoint VM operation: HandshakeAllThreads (Deoptimize) done
Event: 3230.615 Executing non-safepoint VM operation: HandshakeAllThreads (Deoptimize)
Event: 3230.616 Executing non-safepoint VM operation: HandshakeAllThreads (Deoptimize) done
Event: 3231.497 Executing safepoint VM operation: ICBufferFull
Event: 3231.497 Executing safepoint VM operation: ICBufferFull done
Event: 3231.898 Executing non-safepoint VM operation: HandshakeAllThreads (Deoptimize)
Event: 3231.899 Executing non-safepoint VM operation: HandshakeAllThreads (Deoptimize) done
Event: 3232.355 Executing safepoint VM operation: G1CollectForAllocation (G1 Evacuation Pause)
Event: 3232.403 Executing safepoint VM operation: G1CollectForAllocation (G1 Evacuation Pause) done
Event: 3233.413 Executing safepoint VM operation: Cleanup
Event: 3233.413 Executing safepoint VM operation: Cleanup done
Event: 3233.495 Executing safepoint VM operation: G1CollectForAllocation (G1 Evacuation Pause)
Event: 3233.578 Executing safepoint VM operation: G1CollectForAllocation (G1 Evacuation Pause) done
Event: 3234.585 Executing safepoint VM operation: Cleanup
Event: 3234.586 Executing safepoint VM operation: Cleanup done
Event: 3235.515 Executing safepoint VM operation: ICBufferFull
Event: 3235.515 Executing safepoint VM operation: ICBufferFull done
Event: 3235.596 Executing safepoint VM operation: G1CollectForAllocation (G1 Evacuation Pause)

Memory protections (0 events):
No events

Nmethod flushes (20 events):
Event: 3224.300 Thread 0x00000178c9f3d460 flushing  nmethod 0x00000178b8765310
Event: 3224.300 Thread 0x00000178c9f3d460 flushing  nmethod 0x00000178b8767590
Event: 3224.300 Thread 0x00000178c9f3d460 flushing  nmethod 0x00000178b876b290
Event: 3224.300 Thread 0x00000178c9f3d460 flushing  nmethod 0x00000178b876b710
Event: 3224.300 Thread 0x00000178c9f3d460 flushing  nmethod 0x00000178b876e790
Event: 3224.300 Thread 0x00000178c9f3d460 flushing  nmethod 0x00000178b8773490
Event: 3224.300 Thread 0x00000178c9f3d460 flushing  nmethod 0x00000178b8775f90
Event: 3224.300 Thread 0x00000178c9f3d460 flushing  nmethod 0x00000178b88b7810
Event: 3224.300 Thread 0x00000178c9f3d460 flushing  nmethod 0x00000178b88b7d10
Event: 3224.300 Thread 0x00000178c9f3d460 flushing  nmethod 0x00000178b88e9190
Event: 3224.300 Thread 0x00000178c9f3d460 flushing  nmethod 0x00000178b88e9610
Event: 3224.300 Thread 0x00000178c9f3d460 flushing  nmethod 0x00000178b8902490
Event: 3224.300 Thread 0x00000178c9f3d460 flushing  nmethod 0x00000178b8903210
Event: 3224.300 Thread 0x00000178c9f3d460 flushing  nmethod 0x00000178b8903610
Event: 3224.300 Thread 0x00000178c9f3d460 flushing  nmethod 0x00000178b8904590
Event: 3224.300 Thread 0x00000178c9f3d460 flushing  nmethod 0x00000178b8904910
Event: 3224.300 Thread 0x00000178c9f3d460 flushing  nmethod 0x00000178b8904f10
Event: 3224.300 Thread 0x00000178c9f3d460 flushing  nmethod 0x00000178b890c810
Event: 3224.300 Thread 0x00000178c9f3d460 flushing  nmethod 0x00000178b890cd90
Event: 3224.300 Thread 0x00000178c9f3d460 flushing  nmethod 0x00000178b890df10

Events (20 events):
Event: 3213.208 Thread 0x00000178e0cb3760 Thread exited: 0x00000178e0cb3760
Event: 3215.206 Thread 0x00000178ca12a2e0 Thread added: 0x00000178f5726820
Event: 3215.229 Thread 0x00000178ca12a2e0 Thread added: 0x00000178f5724ce0
Event: 3215.579 Thread 0x00000178f5724ce0 Thread exited: 0x00000178f5724ce0
Event: 3216.300 Thread 0x00000178f5726820 Thread exited: 0x00000178f5726820
Event: 3216.460 Thread 0x00000178ca12a2e0 Thread added: 0x00000178f5723f40
Event: 3216.768 Thread 0x00000178ca12a2e0 Thread added: 0x00000178f5726820
Event: 3217.302 Thread 0x00000178f5726820 Thread exited: 0x00000178f5726820
Event: 3217.302 Thread 0x00000178f5723f40 Thread exited: 0x00000178f5723f40
Event: 3217.394 Thread 0x00000178ca12a2e0 Thread added: 0x00000178f57253b0
Event: 3219.942 Thread 0x00000178f57253b0 Thread exited: 0x00000178f57253b0
Event: 3229.600 Thread 0x00000178ca12a2e0 Thread added: 0x00000178f57253b0
Event: 3229.602 Thread 0x00000178ca12a2e0 Thread added: 0x00000178f5726820
Event: 3229.917 Thread 0x00000178f5726820 Thread exited: 0x00000178f5726820
Event: 3229.994 Thread 0x00000178f57253b0 Thread exited: 0x00000178f57253b0
Event: 3231.260 Thread 0x00000178ca12a2e0 Thread added: 0x00000178f5727c90
Event: 3231.741 Thread 0x00000178f5727c90 Thread exited: 0x00000178f5727c90
Event: 3232.354 Thread 0x00000178ca12a2e0 Thread added: 0x00000178f5727c90
Event: 3232.435 Thread 0x00000178ca12a2e0 Thread added: 0x00000178f5726820
Event: 3235.330 Thread 0x00000178f5726820 Thread exited: 0x00000178f5726820


Dynamic libraries:
0x00007ff73b670000 - 0x00007ff73b67a000 	D:\Dev\Android Studio\jbr\bin\java.exe
0x00007ffbea8a0000 - 0x00007ffbeab06000 	C:\WINDOWS\SYSTEM32\ntdll.dll
0x00007ffbe9c20000 - 0x00007ffbe9ce9000 	C:\WINDOWS\System32\KERNEL32.DLL
0x00007ffbe80c0000 - 0x00007ffbe84ba000 	C:\WINDOWS\System32\KERNELBASE.dll
0x00007ffbe84c0000 - 0x00007ffbe860c000 	C:\WINDOWS\System32\ucrtbase.dll
0x00007ffbe00c0000 - 0x00007ffbe00d8000 	D:\Dev\Android Studio\jbr\bin\jli.dll
0x00007ffbea690000 - 0x00007ffbea857000 	C:\WINDOWS\System32\USER32.dll
0x00007ffbd17f0000 - 0x00007ffbd1a82000 	C:\WINDOWS\WinSxS\amd64_microsoft.windows.common-controls_6595b64144ccf1df_6.0.26100.8521_none_3e08b75ce33403b3\COMCTL32.dll
0x00007ffbe7b30000 - 0x00007ffbe7b57000 	C:\WINDOWS\System32\win32u.dll
0x00007ffbe95b0000 - 0x00007ffbe9659000 	C:\WINDOWS\System32\msvcrt.dll
0x00007ffbe9760000 - 0x00007ffbe978b000 	C:\WINDOWS\System32\GDI32.dll
0x00007ffbe7b60000 - 0x00007ffbe7c8b000 	C:\WINDOWS\System32\gdi32full.dll
0x00007ffbe8010000 - 0x00007ffbe80b3000 	C:\WINDOWS\System32\msvcp_win.dll
0x00007ffbc81d0000 - 0x00007ffbc81eb000 	D:\Dev\Android Studio\jbr\bin\VCRUNTIME140.dll
0x00007ffbe93c0000 - 0x00007ffbe93f2000 	C:\WINDOWS\System32\IMM32.DLL
0x00007ffbdf0b0000 - 0x00007ffbdf0bc000 	D:\Dev\Android Studio\jbr\bin\vcruntime140_1.dll
0x00007ffbc3000000 - 0x00007ffbc308d000 	D:\Dev\Android Studio\jbr\bin\msvcp140.dll
0x00007ffb73c60000 - 0x00007ffb748f6000 	D:\Dev\Android Studio\jbr\bin\server\jvm.dll
0x00007ffbea550000 - 0x00007ffbea606000 	C:\WINDOWS\System32\ADVAPI32.dll
0x00007ffbe9f30000 - 0x00007ffbe9fda000 	C:\WINDOWS\System32\sechost.dll
0x00007ffbe8610000 - 0x00007ffbe8728000 	C:\WINDOWS\System32\RPCRT4.dll
0x00007ffbe9520000 - 0x00007ffbe95a0000 	C:\WINDOWS\System32\WS2_32.dll
0x00007ffbe7990000 - 0x00007ffbe79ee000 	C:\WINDOWS\SYSTEM32\POWRPROF.dll
0x00007ffbd3ea0000 - 0x00007ffbd3ed6000 	C:\WINDOWS\SYSTEM32\WINMM.dll
0x00007ffbde0c0000 - 0x00007ffbde0cb000 	C:\WINDOWS\SYSTEM32\VERSION.dll
0x00007ffbe7970000 - 0x00007ffbe7984000 	C:\WINDOWS\SYSTEM32\UMPDC.dll
0x00007ffbe6890000 - 0x00007ffbe68ab000 	C:\WINDOWS\SYSTEM32\kernel.appcore.dll
0x00007ffbdf070000 - 0x00007ffbdf07a000 	D:\Dev\Android Studio\jbr\bin\jimage.dll
0x00007ffbe53b0000 - 0x00007ffbe55f2000 	C:\WINDOWS\SYSTEM32\DBGHELP.DLL
0x00007ffbe87b0000 - 0x00007ffbe8b33000 	C:\WINDOWS\System32\combase.dll
0x00007ffbe9e50000 - 0x00007ffbe9f29000 	C:\WINDOWS\System32\OLEAUT32.dll
0x00007ffbca1a0000 - 0x00007ffbca1db000 	C:\WINDOWS\SYSTEM32\dbgcore.DLL
0x00007ffbe7d50000 - 0x00007ffbe7df8000 	C:\WINDOWS\System32\bcryptPrimitives.dll
0x00007ffbe1e50000 - 0x00007ffbe1e5e000 	D:\Dev\Android Studio\jbr\bin\instrument.dll
0x00007ffbbf290000 - 0x00007ffbbf2b0000 	D:\Dev\Android Studio\jbr\bin\java.dll
0x00007ffbbe110000 - 0x00007ffbbe128000 	D:\Dev\Android Studio\jbr\bin\zip.dll
0x00007ffbe8c10000 - 0x00007ffbe9394000 	C:\WINDOWS\System32\SHELL32.dll
0x00007ffbe56e0000 - 0x00007ffbe5f60000 	C:\WINDOWS\SYSTEM32\windows.storage.dll
0x00007ffbe9400000 - 0x00007ffbe94f6000 	C:\WINDOWS\System32\SHCORE.dll
0x00007ffbe8ba0000 - 0x00007ffbe8c07000 	C:\WINDOWS\System32\shlwapi.dll
0x00007ffbe7a50000 - 0x00007ffbe7a79000 	C:\WINDOWS\SYSTEM32\profapi.dll
0x00007ffbbed00000 - 0x00007ffbbed10000 	D:\Dev\Android Studio\jbr\bin\net.dll
0x00007ffbdddf0000 - 0x00007ffbddf19000 	C:\WINDOWS\SYSTEM32\WINHTTP.dll
0x00007ffbe6e30000 - 0x00007ffbe6e9c000 	C:\WINDOWS\system32\mswsock.dll
0x00007ffbbd640000 - 0x00007ffbbd656000 	D:\Dev\Android Studio\jbr\bin\nio.dll
0x00007ffbbd630000 - 0x00007ffbbd640000 	D:\Dev\Android Studio\jbr\bin\verify.dll
0x00007ffbe01d0000 - 0x00007ffbe01f7000 	D:\Dev\caches\Gradle\native\660c5614fbf4a5f2a75b1949f50a0caf5cd603558e7d8a26e50b933a0cfb79d1\windows-amd64\native-platform.dll
0x00007ffbbbc60000 - 0x00007ffbbbcd7000 	D:\Dev\caches\Gradle\native\0.2.8\x86_64-windows-gnu\gradle-fileevents.dll
0x00007ffbc02a0000 - 0x00007ffbc02a9000 	D:\Dev\Android Studio\jbr\bin\management.dll
0x00007ffbbec60000 - 0x00007ffbbec6b000 	D:\Dev\Android Studio\jbr\bin\management_ext.dll
0x00007ffbea2e0000 - 0x00007ffbea2e8000 	C:\WINDOWS\System32\PSAPI.DLL
0x00007ffbe6270000 - 0x00007ffbe62a3000 	C:\WINDOWS\SYSTEM32\IPHLPAPI.DLL
0x00007ffbea2d0000 - 0x00007ffbea2da000 	C:\WINDOWS\System32\NSI.dll
0x00007ffbc02b0000 - 0x00007ffbc02b9000 	D:\Dev\Android Studio\jbr\bin\extnet.dll
0x00007ffbe7110000 - 0x00007ffbe712b000 	C:\WINDOWS\SYSTEM32\CRYPTSP.dll
0x00007ffbe67f0000 - 0x00007ffbe6829000 	C:\WINDOWS\system32\rsaenh.dll
0x00007ffbe6ee0000 - 0x00007ffbe6f13000 	C:\WINDOWS\SYSTEM32\USERENV.dll
0x00007ffbe7a20000 - 0x00007ffbe7a4a000 	C:\WINDOWS\SYSTEM32\bcrypt.dll
0x00007ffbe7130000 - 0x00007ffbe713c000 	C:\WINDOWS\SYSTEM32\CRYPTBASE.dll
0x00007ffbc30a0000 - 0x00007ffbc30a8000 	C:\WINDOWS\system32\wshunix.dll
0x00007ffb73ac0000 - 0x00007ffb73c59000 	D:\Dev\Android Studio\jbr\bin\awt.dll
0x00007ffbe2650000 - 0x00007ffbe267f000 	C:\WINDOWS\SYSTEM32\dwmapi.dll
0x00007ffbc2da0000 - 0x00007ffbc2e16000 	C:\WINDOWS\SYSTEM32\OLEACC.dll
0x00007ffb99bd0000 - 0x00007ffb99c14000 	D:\Dev\Android Studio\jbr\bin\nvdaControllerClient64.dll
0x00007ffbe1f70000 - 0x00007ffbe2010000 	C:\WINDOWS\SYSTEM32\apphelp.dll
0x00007ffbe21c0000 - 0x00007ffbe226a000 	C:\WINDOWS\system32\uxtheme.dll
0x00007ffbe9cf0000 - 0x00007ffbe9e4d000 	C:\WINDOWS\System32\MSCTF.dll
0x00007ffbea2f0000 - 0x00007ffbea488000 	C:\WINDOWS\System32\ole32.dll
0x00007ffbe69b0000 - 0x00007ffbe69e6000 	C:\WINDOWS\SYSTEM32\ntmarta.dll
0x00007ffbe62b0000 - 0x00007ffbe63fa000 	C:\WINDOWS\SYSTEM32\DNSAPI.dll
0x00007ffbe6c30000 - 0x00007ffbe6c3d000 	C:\WINDOWS\SYSTEM32\DSPARSE.dll
0x00007ffbd9970000 - 0x00007ffbd997b000 	C:\Windows\System32\rasadhlp.dll
0x00007ffbdc180000 - 0x00007ffbdc206000 	C:\WINDOWS\System32\fwpuclnt.dll

JVMTI agents:
D:\Dev\caches\Gradle\wrapper\dists\gradle-9.4.1-bin\arn2x92ynaizyzdaamcbpbhtj\gradle-9.4.1\lib\agents\gradle-instrumentation-agent-9.4.1.jar path:D:\Dev\Android Studio\jbr\bin\instrument.dll, loaded, initialized, instrumentlib options:none

dbghelp: loaded successfully - version: 4.0.5 - missing functions: none
symbol engine: initialized successfully - sym options: 0x614 - pdb path: .;D:\Dev\Android Studio\jbr\bin;C:\WINDOWS\SYSTEM32;C:\WINDOWS\WinSxS\amd64_microsoft.windows.common-controls_6595b64144ccf1df_6.0.26100.8521_none_3e08b75ce33403b3;D:\Dev\Android Studio\jbr\bin\server;D:\Dev\caches\Gradle\native\660c5614fbf4a5f2a75b1949f50a0caf5cd603558e7d8a26e50b933a0cfb79d1\windows-amd64;D:\Dev\caches\Gradle\native\0.2.8\x86_64-windows-gnu;D:\Dev\Temp

VM Arguments:
jvm_args: --add-opens=java.base/java.lang=ALL-UNNAMED --add-opens=java.base/java.lang.invoke=ALL-UNNAMED --add-opens=java.base/java.util=ALL-UNNAMED --add-opens=java.prefs/java.util.prefs=ALL-UNNAMED --add-exports=jdk.compiler/com.sun.tools.javac.api=ALL-UNNAMED --add-exports=jdk.compiler/com.sun.tools.javac.util=ALL-UNNAMED --add-opens=java.base/java.util=ALL-UNNAMED --add-opens=java.prefs/java.util.prefs=ALL-UNNAMED --add-opens=java.base/java.nio.charset=ALL-UNNAMED --add-opens=java.base/java.net=ALL-UNNAMED --add-opens=java.base/java.util.concurrent=ALL-UNNAMED --add-opens=java.base/java.util.concurrent.atomic=ALL-UNNAMED --add-opens=java.xml/javax.xml.namespace=ALL-UNNAMED --add-opens=java.base/java.time=ALL-UNNAMED -Xmx4g -Dfile.encoding=UTF-8 -Duser.country=CO -Duser.language=es -Duser.variant -javaagent:D:\Dev\caches\Gradle\wrapper\dists\gradle-9.4.1-bin\arn2x92ynaizyzdaamcbpbhtj\gradle-9.4.1\lib\agents\gradle-instrumentation-agent-9.4.1.jar 
java_command: org.gradle.launcher.daemon.bootstrap.GradleDaemon 9.4.1
java_class_path (initial): D:\Dev\caches\Gradle\wrapper\dists\gradle-9.4.1-bin\arn2x92ynaizyzdaamcbpbhtj\gradle-9.4.1\lib\gradle-daemon-main-9.4.1.jar
Launcher Type: SUN_STANDARD

[Global flags]
     intx CICompilerCount                          = 4                                         {product} {ergonomic}
     uint ConcGCThreads                            = 2                                         {product} {ergonomic}
     uint G1ConcRefinementThreads                  = 8                                         {product} {ergonomic}
   size_t G1HeapRegionSize                         = 2097152                                   {product} {ergonomic}
    uintx GCDrainStackTargetSize                   = 64                                        {product} {ergonomic}
   size_t InitialHeapSize                          = 132120576                                 {product} {ergonomic}
   size_t MarkStackSize                            = 4194304                                   {product} {ergonomic}
   size_t MaxHeapSize                              = 4294967296                                {product} {command line}
   size_t MaxNewSize                               = 2575302656                                {product} {ergonomic}
   size_t MinHeapDeltaBytes                        = 2097152                                   {product} {ergonomic}
   size_t MinHeapSize                              = 8388608                                   {product} {ergonomic}
    uintx NonNMethodCodeHeapSize                   = 5839372                                {pd product} {ergonomic}
    uintx NonProfiledCodeHeapSize                  = 122909434                              {pd product} {ergonomic}
    uintx ProfiledCodeHeapSize                     = 122909434                              {pd product} {ergonomic}
    uintx ReservedCodeCacheSize                    = 251658240                              {pd product} {ergonomic}
     bool SegmentedCodeCache                       = true                                      {product} {ergonomic}
   size_t SoftMaxHeapSize                          = 4294967296                             {manageable} {ergonomic}
     bool UseCompressedOops                        = true                           {product lp64_product} {ergonomic}
     bool UseG1GC                                  = true                                      {product} {ergonomic}
     bool UseLargePagesIndividualAllocation        = false                                  {pd product} {ergonomic}

Logging:
Log output configuration:
 #0: stdout all=warning uptime,level,tags foldmultilines=false
 #1: stderr all=off uptime,level,tags foldmultilines=false

Release file:
JAVA_VERSION="21.0.10" 
MODULES="java.base java.compiler java.datatransfer java.xml java.prefs java.desktop java.instrument java.logging java.management java.security.sasl java.naming java.rmi java.management.rmi java.net.http java.scripting java.security.jgss java.transaction.xa java.sql java.sql.rowset java.xml.crypto java.se java.smartcardio jdk.accessibility jdk.internal.jvmstat jdk.attach jdk.charsets jdk.internal.opt jdk.zipfs jdk.compiler jdk.crypto.ec jdk.crypto.cryptoki jdk.dynalink jdk.hotspot.agent jdk.httpserver jdk.internal.ed jdk.internal.le jdk.internal.vm.ci jdk.jartool jdk.javadoc jdk.jcmd jdk.jdeps jdk.jdwp.agent jdk.jdi jdk.jfr jdk.jlink jdk.jsobject jdk.localedata jdk.management jdk.management.agent jdk.management.jfr jdk.naming.dns jdk.naming.rmi jdk.net jdk.sctp jdk.security.auth jdk.security.jgss jdk.unsupported jdk.unsupported.desktop jdk.xml.dom" 
IMPLEMENTOR="JetBrains s.r.o." 
JAVA_RUNTIME_VERSION="21.0.10+-14961533-b1163.108" 
LIBC="default" 
OS_ARCH="x86_64" 
OS_NAME="Windows" 
SOURCE=".:git:1351622c2ff2" 

Environment Variables:
PATH=C:\Program Files (x86)\Common Files\Oracle\Java\java8path;C:\Program Files (x86)\Common Files\Oracle\Java\javapath;C:\Windows\system32;C:\Windows;C:\Windows\System32\Wbem;C:\Windows\System32\WindowsPowerShell\v1.0\;C:\Windows\System32\OpenSSH\;C:\Program Files (x86)\NVIDIA Corporation\PhysX\Common;C:\Program Files\Common Files\Autodesk Shared\;C:\Program Files\Microsoft SQL Server\120\Tools\Binn\;C:\WINDOWS\system32;C:\WINDOWS;C:\WINDOWS\System32\Wbem;C:\WINDOWS\System32\WindowsPowerShell\v1.0\;C:\WINDOWS\System32\OpenSSH\;C:\Program Files\NVIDIA Corporation\NVIDIA App\NvDLISR;C:\Program Files\dotnet\;C:\Program Files\PowerShell\7\;D:\IPTV\node\;C:\ProgramData\chocolatey\bin;C:\Program Files\Git\cmd;C:\Users\PABLO MEJIA\.cargo\bin;C:\Users\PABLO MEJIA\.local\bin;D:\Dev\Python\Scripts\;D:\Dev\Python\;C:\Users\PABLO MEJIA\AppData\Local\Microsoft\WindowsApps;C:\Users\PABLO MEJIA\AppData\Local\Muse Hub\lib;C:\Users\PABLO MEJIA\AppData\Roaming\npm;D:\PTV\App - Dulce vision\Microsoft VS Code\bin;C:\Users\PABLO MEJIA\AppData\Local\GitHubDesktop\bin;C:\Users\PABLO MEJIA\.dotnet\tools;C:\Users\PABLO MEJIA\AppData\Local\Programs\Ollama;C:\Users\PABLO MEJIA\AppData\Local\cursor-agent;C:\Users\PABLO MEJIA\.dotnet\tools;D:\Dev\Tesseract-OCR;C:\Users\PABLO MEJIA\.local\bin;D:\Dev\VS code\bin;C:\Users\PABLO MEJIA\AppData\Local\Google\Cloud SDK\google-cloud-sdk\bin
USERNAME=Sebastian Gonzalez
OS=Windows_NT
PROCESSOR_IDENTIFIER=Intel64 Family 6 Model 142 Stepping 12, GenuineIntel
TMP=D:\Dev\Temp
TEMP=D:\Dev\Temp




Periodic native trim disabled

JNI global refs:
JNI global refs: 56, weak refs: 2

JNI global refs memory usage: 835, weak refs: 833

Process memory usage:
Resident Set Size: 1158540K (14% of 8232180K total physical memory with 584160K free physical memory)

OOME stack traces (most recent first):
Classloader memory used:
Loader java.net.URLClassLoader                                                         : 177M
Loader org.gradle.internal.classloader.VisitableURLClassLoader$InstrumentingVisitableURLClassLoader: 70058K
Loader org.gradle.internal.classloader.VisitableURLClassLoader                         : 53064K
Loader bootstrap                                                                       : 38770K
Loader org.gradle.initialization.MixInLegacyTypesClassLoader                           : 17772K
Loader org.gradle.internal.classloader.VisitableURLClassLoader                         : 8868K
Loader jdk.internal.reflect.DelegatingClassLoader                                      : 2131K
Loader jdk.internal.jrtfs.JrtFileSystemProvider$JrtFsLoader                            : 985K
Loader jdk.internal.loader.ClassLoaders$PlatformClassLoader                            : 633K
Loader jdk.internal.loader.ClassLoaders$AppClassLoader                                 : 197K
Loader org.gradle.groovy.scripts.internal.DefaultScriptCompilationHandler$ScriptClassLoader: 92360B
Loader sun.reflect.misc.MethodUtil                                                     : 3000B

Classes loaded by more than one classloader:
Class kotlin.text.StringsKt__AppendableKt                                             : loaded 5 times (x 71B)
Class kotlin.jvm.KotlinReflectionNotSupportedError                                    : loaded 5 times (x 82B)
Class kotlin.jvm.internal.markers.KMutableList                                        : loaded 5 times (x 70B)
Class kotlin.ranges.IntProgression                                                    : loaded 5 times (x 81B)
Class [Lkotlin.Pair;                                                                  : loaded 5 times (x 69B)
Class kotlin.text.StringsKt__StringNumberConversionsKt                                : loaded 5 times (x 71B)
Class kotlin.text.StringsKt                                                           : loaded 5 times (x 71B)
Class kotlin.sequences.TransformingSequence                                           : loaded 5 times (x 75B)
Class kotlin.collections.CollectionsKt__IteratorsKt                                   : loaded 5 times (x 71B)
Class kotlin.sequences.SequencesKt                                                    : loaded 5 times (x 71B)
Class kotlin.jvm.internal.CallableReference                                           : loaded 5 times (x 106B)
Class kotlin.collections.CollectionsKt__CollectionsJVMKt                              : loaded 5 times (x 71B)
Class kotlin.io.FilesKt__UtilsKt                                                      : loaded 5 times (x 71B)
Class kotlin.sequences.Sequence                                                       : loaded 5 times (x 70B)
Class kotlin.coroutines.CoroutineContext                                              : loaded 5 times (x 70B)
Class kotlin.ranges.IntRange                                                          : loaded 5 times (x 93B)
Class kotlin.coroutines.jvm.internal.DebugProbesKt                                    : loaded 5 times (x 71B)
Class kotlin.enums.EnumEntries                                                        : loaded 5 times (x 70B)
Class kotlin.ranges.IntProgressionIterator                                            : loaded 5 times (x 82B)
Class kotlin.collections.CollectionsKt                                                : loaded 5 times (x 71B)
Class kotlin.coroutines.intrinsics.IntrinsicsKt__IntrinsicsKt                         : loaded 5 times (x 71B)
Class kotlin.io.NoSuchFileException                                                   : loaded 5 times (x 82B)
Class kotlin.text.StringsKt__StringNumberConversionsJVMKt                             : loaded 5 times (x 71B)
Class kotlin.UninitializedPropertyAccessException                                     : loaded 5 times (x 82B)
Class kotlin.collections.CollectionsKt___CollectionsKt$asSequence$$inlined$Sequence$1 : loaded 5 times (x 75B)
Class kotlin.io.FileSystemException                                                   : loaded 5 times (x 82B)
Class kotlin.sequences.SequencesKt___SequencesKt$flatMap$2                            : loaded 5 times (x 125B)
Class kotlin.Metadata                                                                 : loaded 5 times (x 70B)
Class kotlin.coroutines.jvm.internal.CoroutineStackFrame                              : loaded 5 times (x 70B)
Class kotlin.jvm.internal.DefaultConstructorMarker                                    : loaded 5 times (x 71B)
Class kotlin.coroutines.intrinsics.IntrinsicsKt__IntrinsicsJvmKt                      : loaded 5 times (x 71B)
Class kotlin.collections.MapsKt__MapsKt                                               : loaded 5 times (x 71B)
Class kotlin.jvm.internal.Ref$BooleanRef                                              : loaded 5 times (x 71B)
Class kotlin.jvm.internal.StringCompanionObject                                       : loaded 5 times (x 71B)
Class kotlin.ranges.IntProgression$Companion                                          : loaded 5 times (x 71B)
Class kotlin.reflect.KFunction                                                        : loaded 5 times (x 70B)
Class kotlin.collections.EmptyIterator                                                : loaded 5 times (x 89B)
Class kotlin.text.StringsKt__RegexExtensionsKt                                        : loaded 5 times (x 71B)
Class kotlin.coroutines.jvm.internal.SuspendFunction                                  : loaded 5 times (x 70B)
Class kotlin.io.FilePathComponents                                                    : loaded 5 times (x 72B)
Class kotlin.sequences.SequencesKt__SequencesJVMKt                                    : loaded 5 times (x 71B)
Class kotlin.collections.AbstractList                                                 : loaded 5 times (x 197B)
Class kotlin.collections.AbstractCollection                                           : loaded 5 times (x 117B)
Class kotlin.collections.ArrayDeque                                                   : loaded 5 times (x 207B)
Class kotlin.sequences.FlatteningSequence                                             : loaded 5 times (x 75B)
Class Program                                                                         : loaded 5 times (x 72B)
Class kotlin.Triple                                                                   : loaded 5 times (x 72B)
Class kotlin.text.StringsKt__IndentKt                                                 : loaded 5 times (x 71B)
Class kotlin.jvm.internal.markers.KMappedMarker                                       : loaded 5 times (x 70B)
Class kotlin.text.Regex                                                               : loaded 5 times (x 72B)
Class kotlin.text.StringsKt__StringBuilderJVMKt                                       : loaded 5 times (x 71B)
Class kotlin.collections.SetsKt                                                       : loaded 5 times (x 71B)
Class kotlin.collections.ArraysKt___ArraysJvmKt                                       : loaded 5 times (x 71B)
Class kotlin.text.StringsKt__StringsJVMKt                                             : loaded 5 times (x 71B)
Class kotlin.collections.CollectionsKt__CollectionsKt                                 : loaded 5 times (x 71B)
Class kotlin.text.StringsKt__RegexExtensionsJVMKt                                     : loaded 5 times (x 71B)
Class kotlin.text.Regex$Companion                                                     : loaded 5 times (x 71B)
Class kotlin.coroutines.Continuation                                                  : loaded 5 times (x 70B)
Class kotlin.sequences.SequencesKt__SequencesKt                                       : loaded 5 times (x 71B)
Class [Lkotlin.coroutines.intrinsics.CoroutineSingletons;                             : loaded 5 times (x 69B)
Class kotlin.NoWhenBranchMatchedException                                             : loaded 5 times (x 82B)
Class kotlin.collections.SetsKt___SetsKt                                              : loaded 5 times (x 71B)
Class kotlin.ranges.RangesKt__RangesKt                                                : loaded 5 times (x 71B)
Class kotlin.coroutines.jvm.internal.BaseContinuationImpl                             : loaded 5 times (x 87B)
Class kotlin.sequences.FilteringSequence                                              : loaded 5 times (x 75B)
Class kotlin.text.StringsKt__StringsKt                                                : loaded 5 times (x 71B)
Class kotlin.NotImplementedError                                                      : loaded 5 times (x 82B)
Class kotlin.jvm.internal.FunctionReference                                           : loaded 5 times (x 122B)
Class kotlin.jvm.internal.CallableReference$NoReceiver                                : loaded 5 times (x 71B)
Class kotlin.text.StringsKt__StringBuilderKt                                          : loaded 5 times (x 71B)
Class kotlin.Result$Companion                                                         : loaded 5 times (x 71B)
Class kotlin.jvm.internal.FunctionBase                                                : loaded 5 times (x 70B)
Class kotlin.enums.EnumEntriesList                                                    : loaded 5 times (x 223B)
Class kotlin.text.CharsKt__CharJVMKt                                                  : loaded 5 times (x 71B)
Class kotlin.collections.IntIterator                                                  : loaded 5 times (x 82B)
Class kotlin.collections.ArraysKt__ArraysJVMKt                                        : loaded 5 times (x 71B)
Class kotlin.collections.CollectionsKt___CollectionsJvmKt                             : loaded 5 times (x 71B)
Class kotlin.ranges.ClosedRange                                                       : loaded 5 times (x 70B)
Class kotlin.jvm.internal.FunctionReferenceImpl                                       : loaded 5 times (x 122B)
Class kotlin.sequences.SequencesKt___SequencesJvmKt                                   : loaded 5 times (x 71B)
Class kotlin.Unit                                                                     : loaded 5 times (x 71B)
Class kotlin.TuplesKt                                                                 : loaded 5 times (x 71B)
Class kotlin.jvm.internal.markers.KMutableIterable                                    : loaded 5 times (x 70B)
Class kotlin.collections.SetsKt__SetsKt                                               : loaded 5 times (x 71B)
Class kotlin.ranges.RangesKt                                                          : loaded 5 times (x 71B)
Class kotlin.coroutines.EmptyCoroutineContext                                         : loaded 5 times (x 77B)
Class kotlin.sequences.FlatteningSequence$iterator$1                                  : loaded 5 times (x 79B)
Class kotlin.collections.CollectionsKt__IteratorsJVMKt                                : loaded 5 times (x 71B)
Class kotlin.collections.ArraysUtilJVM                                                : loaded 5 times (x 71B)
Class kotlin.collections.ArraysKt                                                     : loaded 5 times (x 71B)
Class kotlin.jvm.functions.Function0                                                  : loaded 5 times (x 70B)
Class kotlin.text.CharsKt__CharKt                                                     : loaded 5 times (x 71B)
Class kotlin.Result                                                                   : loaded 5 times (x 72B)
Class kotlin.collections.ArrayDeque$Companion                                         : loaded 5 times (x 71B)
Class kotlin.io.FileAlreadyExistsException                                            : loaded 5 times (x 82B)
Class kotlin.internal.ProgressionUtilKt                                               : loaded 5 times (x 71B)
Class kotlin.ranges.RangesKt___RangesKt                                               : loaded 5 times (x 71B)
Class kotlin.collections.AbstractMutableList                                          : loaded 5 times (x 206B)
Class kotlin.Function                                                                 : loaded 5 times (x 70B)
Class kotlin.KotlinNullPointerException                                               : loaded 5 times (x 83B)
Class kotlin.jvm.functions.Function1                                                  : loaded 5 times (x 70B)
Class kotlin.sequences.TransformingSequence$iterator$1                                : loaded 5 times (x 79B)
Class kotlin.collections.SetsKt__SetsJVMKt                                            : loaded 5 times (x 71B)
Class kotlin.KotlinNothingValueException                                              : loaded 5 times (x 82B)
Class kotlin.ranges.OpenEndRange                                                      : loaded 5 times (x 70B)
Class kotlin.Pair                                                                     : loaded 5 times (x 72B)
Class kotlin.jvm.functions.Function2                                                  : loaded 5 times (x 70B)
Class kotlin.collections.CollectionsKt__IterablesKt                                   : loaded 5 times (x 71B)
Class kotlin.collections.MapsKt                                                       : loaded 5 times (x 71B)
Class kotlin.collections.ArraysKt__ArraysKt                                           : loaded 5 times (x 71B)
Class kotlin.coroutines.intrinsics.CoroutineSingletons                                : loaded 5 times (x 79B)
Class kotlin.collections.MapsKt___MapsJvmKt                                           : loaded 5 times (x 71B)
Class kotlin.collections.AbstractList$Companion                                       : loaded 5 times (x 71B)
Class kotlin.jvm.internal.Intrinsics                                                  : loaded 5 times (x 71B)
Class kotlin.reflect.KAnnotatedElement                                                : loaded 5 times (x 70B)
Class kotlin.collections.EmptyMap                                                     : loaded 5 times (x 108B)
Class kotlin.jvm.internal.markers.KMutableCollection                                  : loaded 5 times (x 70B)
Class kotlin.Result$Failure                                                           : loaded 5 times (x 72B)
Class kotlin.ResultKt                                                                 : loaded 5 times (x 71B)
Class kotlin.ranges.IntRange$Companion                                                : loaded 5 times (x 71B)
Class kotlin.jvm.functions.Function4                                                  : loaded 5 times (x 70B)
Class kotlin.coroutines.intrinsics.IntrinsicsKt                                       : loaded 5 times (x 71B)
Class kotlin.annotation.Target                                                        : loaded 5 times (x 70B)
Class kotlin.collections.EmptySet                                                     : loaded 5 times (x 122B)
Class kotlin.collections.CollectionsKt___CollectionsKt                                : loaded 5 times (x 71B)
Class kotlin.collections.EmptyList                                                    : loaded 5 times (x 174B)
Class kotlin.sequences.SequencesKt___SequencesKt                                      : loaded 5 times (x 71B)
Class kotlin.collections.MapsKt__MapsJVMKt                                            : loaded 5 times (x 71B)
Class kotlin.io.FilesKt__FileReadWriteKt                                              : loaded 5 times (x 71B)
Class kotlin.annotation.Retention                                                     : loaded 5 times (x 70B)
Class kotlin.text.StringsKt___StringsJvmKt                                            : loaded 5 times (x 71B)
Class kotlin.reflect.KDeclarationContainer                                            : loaded 5 times (x 70B)
Class kotlin.io.FilesKt                                                               : loaded 5 times (x 71B)
Class kotlin.collections.MapsKt___MapsKt                                              : loaded 5 times (x 71B)
Class kotlin.collections.CollectionsKt__MutableCollectionsKt                          : loaded 5 times (x 71B)
Class kotlin.collections.ArraysKt___ArraysKt                                          : loaded 5 times (x 71B)
Class kotlin.io.TerminateException                                                    : loaded 5 times (x 82B)
Class kotlin.enums.EnumEntriesKt                                                      : loaded 5 times (x 71B)
Class kotlin.sequences.FilteringSequence$iterator$1                                   : loaded 5 times (x 79B)
Class kotlin.text.StringsKt___StringsKt                                               : loaded 5 times (x 71B)
Class kotlin.collections.CollectionsKt__MutableCollectionsJVMKt                       : loaded 5 times (x 71B)
Class kotlin.io.FilesKt__FilePathComponentsKt                                         : loaded 5 times (x 71B)
Class kotlin.sequences.SequencesKt__SequenceBuilderKt                                 : loaded 5 times (x 71B)
Class kotlin.io.FilesKt__FileTreeWalkKt                                               : loaded 5 times (x 71B)
Class kotlin.collections.MapsKt__MapWithDefaultKt                                     : loaded 5 times (x 71B)
Class kotlin.reflect.KCallable                                                        : loaded 5 times (x 70B)
Class kotlin.collections.CollectionsKt__ReversedViewsKt                               : loaded 5 times (x 71B)
Class kotlin.text.CharsKt                                                             : loaded 5 times (x 71B)
Class kotlin.jvm.internal.CollectionToArray                                           : loaded 5 times (x 71B)
Class [Lkotlin.annotation.AnnotationRetention;                                        : loaded 4 times (x 69B)
Class kotlin.jvm.functions.Function8                                                  : loaded 4 times (x 70B)
Class kotlin.collections.AbstractIterator                                             : loaded 4 times (x 83B)
Class com.google.common.collect.Iterators                                             : loaded 4 times (x 71B)
Class kotlin.collections.builders.MapBuilder$Companion                                : loaded 4 times (x 71B)
Class jdk.internal.jimage.ImageLocation                                               : loaded 4 times (x 90B)
Class kotlin.jvm.functions.Function7                                                  : loaded 4 times (x 70B)
Class kotlin.coroutines.ContinuationInterceptor$Key                                   : loaded 4 times (x 71B)
Class kotlin.text.DelimitedRangesSequence$iterator$1                                  : loaded 4 times (x 79B)
Class [Lkotlin.time.DurationUnit;                                                     : loaded 4 times (x 69B)
Class com.google.common.collect.Lists$StringAsImmutableList                           : loaded 4 times (x 207B)
Class kotlin.coroutines.CoroutineContext$Element                                      : loaded 4 times (x 70B)
Class kotlin.reflect.KProperty2                                                       : loaded 4 times (x 70B)
Class kotlin.collections.builders.MapBuilder$EntriesItr                               : loaded 4 times (x 81B)
Class kotlin.jvm.functions.Function6                                                  : loaded 4 times (x 70B)
Class kotlin.annotation.MustBeDocumented                                              : loaded 4 times (x 70B)
Class jdk.internal.jimage.ImageBufferCache$1                                          : loaded 4 times (x 83B)
Class kotlin.DeprecationLevel                                                         : loaded 4 times (x 79B)
Class kotlin.time.DurationUnitKt__DurationUnitJvmKt                                   : loaded 4 times (x 71B)
Class kotlin.io.CloseableKt                                                           : loaded 4 times (x 71B)
Class kotlin.jvm.functions.Function10                                                 : loaded 4 times (x 70B)
Class kotlin.jvm.functions.Function5                                                  : loaded 4 times (x 70B)
Class kotlin.jvm.functions.Function9                                                  : loaded 4 times (x 70B)
Class [Lkotlin.LazyThreadSafetyMode;                                                  : loaded 4 times (x 69B)
Class jdk.internal.jimage.ImageStrings                                                : loaded 4 times (x 70B)
Class [Lkotlin.reflect.KClassifier;                                                   : loaded 4 times (x 69B)
Class kotlin.KotlinVersion$Companion                                                  : loaded 4 times (x 71B)
Class kotlin.sequences.GeneratorSequence$iterator$1                                   : loaded 4 times (x 79B)
Class kotlin.text.MatcherMatchResult$groups$1                                         : loaded 4 times (x 151B)
Class com.google.common.collect.Iterators$SingletonIterator                           : loaded 4 times (x 81B)
Class jdk.internal.jimage.ImageBufferCache$2                                          : loaded 4 times (x 91B)
Class kotlin.reflect.KProperty1                                                       : loaded 4 times (x 70B)
Class kotlin.collections.builders.ListBuilderKt                                       : loaded 4 times (x 71B)
Class kotlin.reflect.KClass                                                           : loaded 4 times (x 70B)
Class com.google.common.collect.AbstractIterator                                      : loaded 4 times (x 82B)
Class kotlin.collections.IndexingIterable                                             : loaded 4 times (x 79B)
Class kotlin.jvm.functions.Function11                                                 : loaded 4 times (x 70B)
Class jdk.internal.jrtfs.JrtFileSystem                                                : loaded 4 times (x 102B)
Class kotlin.jvm.functions.Function12                                                 : loaded 4 times (x 70B)
Class kotlin.jvm.functions.Function3                                                  : loaded 4 times (x 70B)
Class kotlin.sequences.SequencesKt___SequencesKt$flatMap$1                            : loaded 4 times (x 125B)
Class kotlin.text.MatcherMatchResult$groupValues$1                                    : loaded 4 times (x 198B)
Class kotlin.io.FileTreeWalk$WalkState                                                : loaded 4 times (x 73B)
Class com.google.common.collect.AbstractIndexedListIterator                           : loaded 4 times (x 96B)
Class kotlin.jvm.internal.markers.KMutableIterator                                    : loaded 4 times (x 70B)
Class jdk.internal.jimage.decompressor.CompressedResourceHeader                       : loaded 4 times (x 71B)
Class kotlin.text.Charsets                                                            : loaded 4 times (x 71B)
Class kotlin.jvm.functions.Function13                                                 : loaded 4 times (x 70B)
Class jdk.internal.jrtfs.JrtFileSystemProvider                                        : loaded 4 times (x 101B)
Class kotlin.sequences.SequenceBuilderIterator                                        : loaded 4 times (x 85B)
Class kotlin.jvm.functions.Function14                                                 : loaded 4 times (x 70B)
Class com.google.common.collect.UnmodifiableIterator                                  : loaded 4 times (x 80B)
Class kotlin.reflect.KProperty0                                                       : loaded 4 times (x 70B)
Class kotlin.properties.ReadWriteProperty                                             : loaded 4 times (x 70B)
Class jdk.internal.jimage.decompressor.ZipDecompressor                                : loaded 4 times (x 75B)
Class kotlin.KotlinVersion                                                            : loaded 4 times (x 74B)
Class kotlin.reflect.KMutableProperty                                                 : loaded 4 times (x 70B)
Class kotlin.jvm.functions.Function15                                                 : loaded 4 times (x 70B)
Class kotlin.comparisons.ComparisonsKt___ComparisonsJvmKt                             : loaded 4 times (x 71B)
Class jdk.internal.jimage.ImageHeader                                                 : loaded 4 times (x 71B)
Class com.google.common.base.Preconditions                                            : loaded 4 times (x 71B)
Class kotlin.sequences.GeneratorSequence                                              : loaded 4 times (x 75B)
Class [Lkotlin.DeprecationLevel;                                                      : loaded 4 times (x 69B)
Class kotlin.jvm.internal.PropertyReference                                           : loaded 4 times (x 115B)
Class kotlin.jvm.functions.Function16                                                 : loaded 4 times (x 70B)
Class kotlin.collections.IndexingIterator                                             : loaded 4 times (x 79B)
Class [Lkotlin.reflect.KAnnotatedElement;                                             : loaded 4 times (x 69B)
Class kotlin.LazyKt                                                                   : loaded 4 times (x 71B)
Class kotlin.SafePublicationLazyImpl$Companion                                        : loaded 4 times (x 71B)
Class kotlin.jvm.internal.PropertyReference1Impl                                      : loaded 4 times (x 127B)
Class kotlin.jvm.internal.MutablePropertyReference1                                   : loaded 4 times (x 137B)
Class com.google.common.collect.PeekingIterator                                       : loaded 4 times (x 70B)
Class kotlin.collections.builders.AbstractMapBuilderEntrySet                          : loaded 4 times (x 144B)
Class kotlin.collections.builders.ListBuilder                                         : loaded 4 times (x 207B)
Class kotlin.annotation.AnnotationTarget                                              : loaded 4 times (x 79B)
Class kotlin.time.DurationKt                                                          : loaded 4 times (x 71B)
Class jdk.internal.jimage.BasicImageReader                                            : loaded 4 times (x 95B)
Class kotlin.InitializedLazyImpl                                                      : loaded 4 times (x 76B)
Class kotlin.jvm.functions.Function17                                                 : loaded 4 times (x 70B)
Class kotlin.reflect.KProperty                                                        : loaded 4 times (x 70B)
Class kotlin.text.DelimitedRangesSequence                                             : loaded 4 times (x 75B)
Class kotlin.collections.ReversedListReadOnly                                         : loaded 4 times (x 198B)
Class kotlin.jvm.internal.Reflection                                                  : loaded 4 times (x 71B)
Class kotlin.jvm.JvmClassMappingKt                                                    : loaded 4 times (x 71B)
Class [Lkotlin.reflect.KClass;                                                        : loaded 4 times (x 69B)
Class kotlin.reflect.KType                                                            : loaded 4 times (x 70B)
Class jdk.internal.jimage.decompressor.ResourceDecompressor                           : loaded 4 times (x 70B)
Class kotlin.collections.builders.ListBuilder$Companion                               : loaded 4 times (x 71B)
Class kotlin.comparisons.ComparisonsKt___ComparisonsKt                                : loaded 4 times (x 71B)
Class kotlin.comparisons.ComparisonsKt                                                : loaded 4 times (x 71B)
Class com.google.common.collect.Iterators$ArrayItr                                    : loaded 4 times (x 97B)
Class kotlin.jvm.functions.Function18                                                 : loaded 4 times (x 70B)
Class kotlin.reflect.KMutableProperty$Setter                                          : loaded 4 times (x 70B)
Class kotlin.jvm.functions.Function19                                                 : loaded 4 times (x 70B)
Class jdk.internal.jimage.decompressor.ZipDecompressorFactory                         : loaded 4 times (x 74B)
Class kotlin.comparisons.ComparisonsKt__ComparisonsKt                                 : loaded 4 times (x 71B)
Class kotlin.Lazy                                                                     : loaded 4 times (x 70B)
Class kotlin.jvm.internal.ClassBasedDeclarationContainer                              : loaded 4 times (x 70B)
Class kotlin.io.TextStreamsKt                                                         : loaded 4 times (x 71B)
Class kotlin.jvm.internal.TypeIntrinsics                                              : loaded 4 times (x 71B)
Class [Lkotlin.annotation.AnnotationTarget;                                           : loaded 4 times (x 69B)
Class kotlin._Assertions                                                              : loaded 4 times (x 71B)
Class kotlin.sequences.ConstrainedOnceSequence                                        : loaded 4 times (x 75B)
Class kotlin.time.DurationUnit                                                        : loaded 4 times (x 79B)
Class kotlin.collections.ReversedListReadOnly$listIterator$1                          : loaded 4 times (x 90B)
Class kotlin.UNINITIALIZED_VALUE                                                      : loaded 4 times (x 71B)
Class kotlin.jvm.internal.ReflectionFactory                                           : loaded 4 times (x 91B)
Class kotlin.jvm.internal.Ref$ObjectRef                                               : loaded 4 times (x 72B)
Class kotlin.time.Duration                                                            : loaded 4 times (x 74B)
Class kotlin.sequences.SequencesKt__SequenceBuilderKt$sequence$$inlined$Sequence$1    : loaded 4 times (x 75B)
Class kotlin.LazyKt__LazyKt                                                           : loaded 4 times (x 71B)
Class kotlin.coroutines.jvm.internal.CompletedContinuation                            : loaded 4 times (x 75B)
Class [Lkotlin.reflect.KProperty;                                                     : loaded 4 times (x 69B)
Class kotlin.collections.ArrayAsCollection                                            : loaded 4 times (x 105B)
Class kotlin.reflect.KTypeParameter                                                   : loaded 4 times (x 70B)
Class [Lkotlin.io.FileWalkDirection;                                                  : loaded 4 times (x 69B)
Class kotlin.collections.builders.MapBuilderEntries                                   : loaded 4 times (x 145B)
Class kotlin.coroutines.jvm.internal.RestrictedSuspendLambda                          : loaded 4 times (x 91B)
Class kotlin.jvm.functions.Function22                                                 : loaded 4 times (x 70B)
Class kotlin.coroutines.jvm.internal.ContinuationImpl                                 : loaded 4 times (x 87B)
Class com.google.common.collect.ImmutableList                                         : loaded 4 times (x 206B)
Class kotlin.coroutines.jvm.internal.SuspendLambda                                    : loaded 4 times (x 91B)
Class kotlin.io.FileTreeWalk                                                          : loaded 4 times (x 75B)
Class jdk.internal.jimage.ImageReader$Directory                                       : loaded 4 times (x 84B)
Class kotlin.SynchronizedLazyImpl                                                     : loaded 4 times (x 76B)
Class kotlin.reflect.KMutableProperty0                                                : loaded 4 times (x 70B)
Class kotlin.reflect.KClassifier                                                      : loaded 4 times (x 70B)
Class kotlin.collections.MapWithDefault                                               : loaded 4 times (x 70B)
Class kotlin.time.DurationUnitKt__DurationUnitKt                                      : loaded 4 times (x 71B)
Class kotlin.annotation.AnnotationRetention                                           : loaded 4 times (x 79B)
Class kotlin.jvm.internal.SpreadBuilder                                               : loaded 4 times (x 76B)
Class jdk.internal.jimage.decompressor.ResourceDecompressorRepository                 : loaded 4 times (x 71B)
Class kotlin.jvm.internal.ArrayIterator                                               : loaded 4 times (x 79B)
Class kotlin.jvm.internal.Lambda                                                      : loaded 4 times (x 75B)
Class kotlin.LazyThreadSafetyMode                                                     : loaded 4 times (x 79B)
Class [Lkotlin.reflect.KDeclarationContainer;                                         : loaded 4 times (x 69B)
Class kotlin.jvm.functions.Function21                                                 : loaded 4 times (x 70B)
Class kotlin.jvm.internal.MutablePropertyReference                                    : loaded 4 times (x 119B)
Class jdk.internal.jimage.ImageStringsReader                                          : loaded 4 times (x 80B)
Class kotlin.LazyKt__LazyJVMKt$WhenMappings                                           : loaded 4 times (x 71B)
Class kotlin.UnsafeLazyImpl                                                           : loaded 4 times (x 76B)
Class kotlin.jvm.internal.markers.KMutableMap$Entry                                   : loaded 4 times (x 70B)
Class kotlin.jvm.internal.PropertyReference1                                          : loaded 4 times (x 127B)
Class kotlin.io.FileTreeWalk$FileTreeWalkIterator                                     : loaded 4 times (x 83B)
Class com.google.common.collect.Iterators$1                                           : loaded 4 times (x 81B)
Class kotlin.properties.Delegates                                                     : loaded 4 times (x 71B)
Class kotlin.reflect.KMutableProperty1                                                : loaded 4 times (x 70B)
Class kotlin.collections.AbstractMutableSet                                           : loaded 4 times (x 142B)
Class kotlin.jvm.functions.Function20                                                 : loaded 4 times (x 70B)
Class kotlin.sequences.SequenceScope                                                  : loaded 4 times (x 73B)
Class jdk.internal.jimage.ImageReader                                                 : loaded 4 times (x 75B)
Class kotlin.reflect.KProperty$Getter                                                 : loaded 4 times (x 70B)
Class jdk.internal.jimage.ImageReader$SharedImageReader                               : loaded 4 times (x 95B)
Class kotlin.time.DurationJvmKt                                                       : loaded 4 times (x 71B)
Class kotlin.collections.builders.MapBuilder                                          : loaded 4 times (x 112B)
Class kotlin.coroutines.ContinuationInterceptor                                       : loaded 4 times (x 70B)
Class kotlin.SafePublicationLazyImpl                                                  : loaded 4 times (x 76B)
Class com.google.common.collect.Iterators$4                                           : loaded 4 times (x 82B)
Class jdk.internal.jrtfs.JrtPath                                                      : loaded 4 times (x 118B)
Class jdk.internal.jimage.ImageBufferCache                                            : loaded 4 times (x 71B)
Class jdk.internal.jimage.decompressor.ResourceDecompressorFactory                    : loaded 4 times (x 74B)
Class com.google.common.collect.Iterators$5                                           : loaded 4 times (x 82B)
Class kotlin.text.RegexKt                                                             : loaded 4 times (x 71B)
Class kotlin.time.Duration$Companion                                                  : loaded 4 times (x 71B)
Class kotlin.jvm.internal.markers.KMutableListIterator                                : loaded 4 times (x 70B)
Class kotlin.reflect.KMutableProperty2                                                : loaded 4 times (x 70B)
Class jdk.internal.jimage.decompressor.StringSharingDecompressorFactory               : loaded 4 times (x 74B)
Class kotlin.time.DurationUnitKt                                                      : loaded 4 times (x 71B)
Class com.google.common.collect.UnmodifiableListIterator                              : loaded 4 times (x 95B)
Class kotlin.jvm.internal.markers.KMutableMap                                         : loaded 4 times (x 70B)
Class jdk.internal.jimage.ImageReader$Node                                            : loaded 4 times (x 84B)
Class kotlin.properties.ReadOnlyProperty                                              : loaded 4 times (x 70B)
Class kotlin.collections.builders.MapBuilder$EntryRef                                 : loaded 4 times (x 81B)
Class kotlin.text.MatchResult                                                         : loaded 4 times (x 70B)
Class com.google.common.collect.Iterators$MergingIterator                             : loaded 4 times (x 81B)
Class com.google.common.collect.ImmutableCollection                                   : loaded 4 times (x 125B)
Class jdk.internal.jimage.BasicImageReader$1                                          : loaded 4 times (x 77B)
Class kotlin.text.MatcherMatchResult                                                  : loaded 4 times (x 80B)
Class kotlin.collections.AbstractList$IteratorImpl                                    : loaded 4 times (x 82B)
Class kotlin.collections.IndexedValue                                                 : loaded 4 times (x 72B)
Class kotlin.text.MatchGroupCollection                                                : loaded 4 times (x 70B)
Class kotlin.KotlinVersionCurrentValue                                                : loaded 4 times (x 71B)
Class kotlin.collections.builders.MapBuilder$Itr                                      : loaded 4 times (x 72B)
Class kotlin.jvm.internal.ArrayIteratorKt                                             : loaded 4 times (x 71B)
Class com.google.common.collect.Lists                                                 : loaded 4 times (x 71B)
Class jdk.internal.jimage.decompressor.ResourceDecompressor$StringsProvider           : loaded 4 times (x 70B)
Class kotlin.jvm.internal.markers.KMutableSet                                         : loaded 4 times (x 70B)
Class kotlin.io.FileWalkDirection                                                     : loaded 4 times (x 79B)
Class [Lkotlin.sequences.Sequence;                                                    : loaded 4 times (x 69B)
Class kotlin.jvm.internal.MutablePropertyReference1Impl                               : loaded 4 times (x 137B)
Class com.google.common.collect.Iterators$9                                           : loaded 4 times (x 81B)
Class [Lkotlin.reflect.KCallable;                                                     : loaded 4 times (x 69B)
Class kotlin.reflect.KProperty$Accessor                                               : loaded 4 times (x 70B)
Class kotlin.jvm.internal.AdaptedFunctionReference                                    : loaded 4 times (x 77B)
Class kotlin.collections.builders.ListBuilder$Itr                                     : loaded 4 times (x 94B)
Class kotlin.collections.ArraysKt___ArraysKt$asSequence$$inlined$Sequence$1           : loaded 4 times (x 75B)
Class kotlin.coroutines.CoroutineContext$Key                                          : loaded 4 times (x 70B)
Class kotlin.LazyKt__LazyJVMKt                                                        : loaded 4 times (x 71B)
Class kotlin.coroutines.jvm.internal.RestrictedContinuationImpl                       : loaded 4 times (x 87B)
Class kotlin.text.MatchNamedGroupCollection                                           : loaded 4 times (x 70B)
Class jdk.internal.jimage.decompressor.Decompressor                                   : loaded 4 times (x 72B)
Class jdk.internal.jimage.ImageReader$Resource                                        : loaded 3 times (x 84B)
Class kotlinx.coroutines.ChildJob                                                     : loaded 3 times (x 70B)
Class kotlinx.coroutines.internal.SystemPropsKt__SystemPropsKt                        : loaded 3 times (x 71B)
Class [Lorg.jetbrains.kotlin.cli.common.ExitCode;                                     : loaded 3 times (x 69B)
Class com.google.common.collect.ImmutableAsList                                       : loaded 3 times (x 209B)
Class jdk.internal.jrtfs.JrtFileAttributes                                            : loaded 3 times (x 83B)
Class kotlinx.coroutines.ChildHandleNode                                              : loaded 3 times (x 94B)
Class kotlinx.coroutines.scheduling.SchedulerCoroutineDispatcher                      : loaded 3 times (x 108B)
Class org.jetbrains.kotlin.com.intellij.openapi.diagnostic.Logger$DefaultFactory      : loaded 3 times (x 74B)
Class kotlin.properties.NotNullVar                                                    : loaded 3 times (x 79B)
Class kotlinx.coroutines.ChildHandle                                                  : loaded 3 times (x 70B)
Class jdk.internal.jimage.BasicImageReader$2                                          : loaded 3 times (x 77B)
Class org.jetbrains.kotlin.com.intellij.openapi.diagnostic.LogLevel                   : loaded 3 times (x 79B)
Class com.google.common.collect.ImmutableSet$CachingAsList                            : loaded 3 times (x 148B)
Class com.google.common.collect.Lists$ReverseList                                     : loaded 3 times (x 200B)
Class kotlinx.coroutines.CoroutineScope                                               : loaded 3 times (x 70B)
Class kotlinx.coroutines.CompletionHandlerBase                                        : loaded 3 times (x 80B)
Class kotlin.reflect.jvm.internal.impl.builtins.PrimitiveType                         : loaded 3 times (x 79B)
Class kotlin.reflect.jvm.internal.impl.name.SpecialNames                              : loaded 3 times (x 71B)
Class org.jetbrains.kotlin.cli.common.arguments.ArgumentParseErrors                   : loaded 3 times (x 72B)
Class com.google.common.base.CharMatcher$IsNot                                        : loaded 3 times (x 112B)
Class kotlin.collections.AbstractSet                                                  : loaded 3 times (x 135B)
Class kotlinx.coroutines.EventLoop                                                    : loaded 3 times (x 105B)
Class kotlin.collections.AbstractMap                                                  : loaded 3 times (x 122B)
Class kotlin.jvm.internal.Intrinsics$Kotlin                                           : loaded 3 times (x 71B)
Class com.google.common.base.CharMatcher$AnyOf                                        : loaded 3 times (x 113B)
Class kotlinx.coroutines.BlockingEventLoop                                            : loaded 3 times (x 117B)
Class kotlin.coroutines.AbstractCoroutineContextElement                               : loaded 3 times (x 89B)
Class kotlinx.coroutines.ThreadLocalEventLoop                                         : loaded 3 times (x 71B)
Class kotlin.reflect.jvm.internal.impl.descriptors.runtime.structure.ReflectClassUtilKt: loaded 3 times (x 71B)
Class kotlinx.coroutines.CompletionStateKt                                            : loaded 3 times (x 71B)
Class com.google.common.base.CharMatcher$ForPredicate                                 : loaded 3 times (x 113B)
Class kotlin.reflect.jvm.internal.KDeclarationContainerImpl                           : loaded 3 times (x 84B)
Class kotlinx.coroutines.DefaultExecutor                                              : loaded 3 times (x 120B)
Class kotlinx.coroutines.Job$Key                                                      : loaded 3 times (x 71B)
Class com.google.common.base.Function                                                 : loaded 3 times (x 70B)
Class kotlinx.coroutines.CoroutineDispatcher$Key$1                                    : loaded 3 times (x 78B)
Class kotlinx.coroutines.CoroutineDispatcher                                          : loaded 3 times (x 99B)
Class [Lorg.jetbrains.kotlin.cli.common.CompilerSystemProperties;                     : loaded 3 times (x 69B)
Class kotlin.jvm.internal.DoubleCompanionObject                                       : loaded 3 times (x 71B)
Class com.google.common.collect.RegularImmutableList                                  : loaded 3 times (x 213B)
Class kotlin.text.StringsKt__StringsKt$lineSequence$$inlined$Sequence$1               : loaded 3 times (x 75B)
Class kotlin.reflect.jvm.internal.ReflectProperties                                   : loaded 3 times (x 71B)
Class org.jetbrains.kotlin.com.intellij.openapi.diagnostic.Logger$Factory             : loaded 3 times (x 70B)
Class org.jetbrains.kotlin.cli.jvm.compiler.KotlinCoreEnvironment                     : loaded 3 times (x 72B)
Class org.jetbrains.kotlin.cli.common.arguments.ArgumentField                         : loaded 3 times (x 72B)
Class kotlin.collections.builders.SetBuilder                                          : loaded 3 times (x 143B)
Class [Lorg.jetbrains.kotlin.cli.common.messages.CompilerMessageSeverity;             : loaded 3 times (x 69B)
Class kotlin.jvm.internal.MutablePropertyReference2                                   : loaded 3 times (x 137B)
Class kotlin.reflect.jvm.internal.ReflectProperties$Val                               : loaded 3 times (x 74B)
Class com.google.common.collect.SingletonImmutableSet                                 : loaded 3 times (x 146B)
Class kotlinx.coroutines.NonDisposableHandle                                          : loaded 3 times (x 78B)
Class kotlin.jvm.internal.PropertyReference0                                          : loaded 3 times (x 127B)
Class org.jetbrains.kotlin.cli.common.arguments.ParseCommandLineArgumentsKt           : loaded 3 times (x 71B)
Class kotlinx.coroutines.ExecutorCoroutineDispatcher$Key$1                            : loaded 3 times (x 78B)
Class kotlin.sequences.EmptySequence                                                  : loaded 3 times (x 78B)
Class kotlin.reflect.full.IllegalCallableAccessException                              : loaded 3 times (x 82B)
Class jdk.internal.jimage.ImageReader$SharedImageReader$LocationVisitor               : loaded 3 times (x 70B)
Class kotlin.jvm.internal.PropertyReference2                                          : loaded 3 times (x 127B)
Class org.jetbrains.kotlin.cli.common.arguments.Freezable                             : loaded 3 times (x 72B)
Class kotlinx.coroutines.CoroutineContextKt                                           : loaded 3 times (x 71B)
Class [Lkotlin.reflect.jvm.internal.impl.builtins.jvm.JavaToKotlinClassMap$PlatformMutabilityMapping;: loaded 3 times (x 69B)
Class kotlin.reflect.full.IllegalPropertyDelegateAccessException                      : loaded 3 times (x 82B)
Class org.jetbrains.kotlin.com.intellij.openapi.diagnostic.Logger                     : loaded 3 times (x 99B)
Class kotlinx.coroutines.CoroutineDispatcher$Key                                      : loaded 3 times (x 72B)
Class [Lkotlinx.coroutines.CoroutineStart;                                            : loaded 3 times (x 69B)
Class kotlinx.coroutines.internal.DispatchedContinuation                              : loaded 3 times (x 90B)
Class com.google.common.collect.ImmutableList$ReverseImmutableList                    : loaded 3 times (x 209B)
Class kotlinx.coroutines.internal.Symbol                                              : loaded 3 times (x 72B)
Class [Lkotlin.reflect.jvm.internal.impl.name.FqName;                                 : loaded 3 times (x 69B)
Class kotlin.reflect.jvm.internal.KPackageImpl                                        : loaded 3 times (x 85B)
Class org.jetbrains.kotlin.codegen.CompilationException                               : loaded 3 times (x 95B)
Class com.google.common.collect.SingletonImmutableList                                : loaded 3 times (x 207B)
Class kotlin.collections.MutableMapWithDefaultImpl                                    : loaded 3 times (x 144B)
Class kotlinx.coroutines.EventLoopKt                                                  : loaded 3 times (x 71B)
Class org.jetbrains.kotlin.cli.common.arguments.K2JVMCompilerArgumentsConfigurator    : loaded 3 times (x 74B)
Class com.google.common.collect.Lists$ReverseList$1                                   : loaded 3 times (x 99B)
Class kotlinx.coroutines.Job$DefaultImpls                                             : loaded 3 times (x 71B)
Class com.google.common.collect.NullnessCasts                                         : loaded 3 times (x 71B)
Class kotlinx.coroutines.scheduling.CoroutineScheduler                                : loaded 3 times (x 81B)
Class kotlinx.coroutines.scheduling.SchedulerTimeSource                               : loaded 3 times (x 72B)
Class kotlinx.coroutines.EventLoopImplPlatform                                        : loaded 3 times (x 107B)
Class com.google.common.base.ExtraObjectsMethodsForWeb                                : loaded 3 times (x 71B)
Class kotlin.coroutines.CoroutineContext$Element$DefaultImpls                         : loaded 3 times (x 71B)
Class kotlin.reflect.jvm.internal.impl.resolve.jvm.JvmPrimitiveType                   : loaded 3 times (x 79B)
Class kotlinx.coroutines.ThreadContextElement                                         : loaded 3 times (x 70B)
Class kotlinx.coroutines.internal.SystemPropsKt__SystemProps_commonKt                 : loaded 3 times (x 71B)
Class kotlinx.coroutines.DispatchedTaskKt                                             : loaded 3 times (x 71B)
Class [Lkotlin.reflect.jvm.internal.impl.resolve.jvm.JvmPrimitiveType;                : loaded 3 times (x 69B)
Class kotlin.io.LinesSequence                                                         : loaded 3 times (x 75B)
Class kotlin.UInt$Companion                                                           : loaded 3 times (x 71B)
Class kotlin.UInt                                                                     : loaded 3 times (x 74B)
Class com.google.common.collect.Multimap                                              : loaded 3 times (x 70B)
Class kotlin.reflect.jvm.internal.impl.name.FqName                                    : loaded 3 times (x 72B)
Class org.jetbrains.kotlin.cli.common.messages.MessageCollector                       : loaded 3 times (x 70B)
Class com.google.common.base.CharMatcher$BitSetMatcher                                : loaded 3 times (x 113B)
Class com.google.common.collect.ImmutableSet                                          : loaded 3 times (x 145B)
Class kotlin.jvm.internal.LongCompanionObject                                         : loaded 3 times (x 71B)
Class kotlin.reflect.jvm.internal.ReflectProperties$Val$1                             : loaded 3 times (x 71B)
Class com.google.common.collect.ImmutableList$1                                       : loaded 3 times (x 97B)
Class kotlinx.coroutines.CoroutineStart$WhenMappings                                  : loaded 3 times (x 71B)
Class com.google.common.base.CharMatcher$Or                                           : loaded 3 times (x 113B)
Class kotlin.reflect.jvm.internal.ReflectProperties$LazySoftVal                       : loaded 3 times (x 78B)
Class kotlin.reflect.jvm.internal.impl.builtins.StandardNames                         : loaded 3 times (x 71B)
Class [Lkotlin.reflect.jvm.internal.impl.builtins.PrimitiveType;                      : loaded 3 times (x 69B)
Class kotlin.coroutines.CombinedContext                                               : loaded 3 times (x 78B)
Class kotlin.collections.AbstractSet$Companion                                        : loaded 3 times (x 71B)
Class org.jetbrains.kotlin.config.Services$Companion                                  : loaded 3 times (x 71B)
Class org.jetbrains.kotlin.config.Services$Builder                                    : loaded 3 times (x 72B)
Class kotlin.jvm.internal.FloatCompanionObject                                        : loaded 3 times (x 71B)
Class kotlinx.coroutines.internal.LockFreeTaskQueueCore                               : loaded 3 times (x 72B)
Class kotlinx.coroutines.JobCancellingNode                                            : loaded 3 times (x 90B)
Class kotlin.reflect.jvm.internal.KClassImpl                                          : loaded 3 times (x 115B)
Class org.gradle.internal.Cast                                                        : loaded 3 times (x 71B)
Class org.gradle.api.Action                                                           : loaded 3 times (x 70B)
Class kotlinx.coroutines.CompletedExceptionally                                       : loaded 3 times (x 72B)
Class kotlin.coroutines.AbstractCoroutineContextKey                                   : loaded 3 times (x 72B)
Class kotlinx.coroutines.internal.DispatchedContinuationKt                            : loaded 3 times (x 71B)
Class org.jetbrains.kotlin.cli.common.messages.GradleStyleMessageRenderer             : loaded 3 times (x 78B)
Class kotlin.reflect.jvm.internal.KotlinReflectionInternalError                       : loaded 3 times (x 82B)
Class com.google.common.base.CharMatcher$FastMatcher                                  : loaded 3 times (x 112B)
Class kotlin.reflect.jvm.internal.impl.builtins.jvm.JavaToKotlinClassMap              : loaded 3 times (x 71B)
Class kotlinx.coroutines.Job                                                          : loaded 3 times (x 70B)
Class com.google.common.base.Predicate                                                : loaded 3 times (x 70B)
Class kotlinx.coroutines.CoroutineStart                                               : loaded 3 times (x 79B)
Class kotlinx.coroutines.scheduling.UnlimitedIoScheduler                              : loaded 3 times (x 99B)
Class kotlin.reflect.jvm.internal.KDeclarationContainerImpl$Data                      : loaded 3 times (x 72B)
Class org.jetbrains.kotlin.utils.exceptions.KotlinExceptionWithAttachments            : loaded 3 times (x 70B)
Class kotlinx.coroutines.ExecutorCoroutineDispatcher                                  : loaded 3 times (x 107B)
Class com.google.common.base.CharMatcher$NegatedFastMatcher                           : loaded 3 times (x 114B)
Class kotlinx.coroutines.CoroutineId                                                  : loaded 3 times (x 93B)
Class kotlinx.coroutines.EventLoopImplBase                                            : loaded 3 times (x 117B)
Class com.google.common.base.Objects                                                  : loaded 3 times (x 71B)
Class kotlin.reflect.jvm.internal.impl.builtins.PrimitiveType$Companion               : loaded 3 times (x 71B)
Class kotlin.reflect.jvm.internal.impl.builtins.StandardNames$FqNames                 : loaded 3 times (x 71B)
Class kotlinx.coroutines.JobSupport                                                   : loaded 3 times (x 132B)
Class kotlin.text.LinesIterator$State                                                 : loaded 3 times (x 71B)
Class kotlin.reflect.jvm.internal.KClassImpl$Data                                     : loaded 3 times (x 72B)
Class com.google.common.base.CharMatcher$And                                          : loaded 3 times (x 113B)
Class org.jetbrains.kotlin.cli.common.arguments.K2JVMCompilerArguments                : loaded 3 times (x 76B)
Class org.gradle.api.GradleException                                                  : loaded 3 times (x 82B)
Class kotlin.reflect.jvm.internal.ReflectionFactoryImpl                               : loaded 3 times (x 91B)
Class kotlinx.coroutines.internal.ThreadLocalKt                                       : loaded 3 times (x 71B)
Class kotlin.collections.AbstractMap$Companion                                        : loaded 3 times (x 71B)
Class kotlinx.coroutines.DefaultExecutorKt                                            : loaded 3 times (x 71B)
Class kotlin.jvm.JvmStatic                                                            : loaded 3 times (x 70B)
Class kotlin.collections.builders.SetBuilder$Companion                                : loaded 3 times (x 71B)
Class kotlinx.coroutines.Unconfined                                                   : loaded 3 times (x 99B)
Class kotlinx.coroutines.GlobalScope                                                  : loaded 3 times (x 74B)
Class kotlin.reflect.jvm.internal.KTypeParameterOwnerImpl                             : loaded 3 times (x 70B)
Class kotlin.collections.builders.MapBuilder$KeysItr                                  : loaded 3 times (x 81B)
Class org.jetbrains.kotlin.config.Services                                            : loaded 3 times (x 72B)
Class kotlinx.coroutines.AbstractCoroutine                                            : loaded 3 times (x 143B)
Class com.google.common.base.CharMatcher$IsEither                                     : loaded 3 times (x 112B)
Class kotlin.collections.MutableMapWithDefault                                        : loaded 3 times (x 70B)
Class kotlin.jvm.internal.IntCompanionObject                                          : loaded 3 times (x 71B)
Class jdk.internal.jrtfs.JrtDirectoryStream$1                                         : loaded 3 times (x 83B)
Class kotlin.reflect.jvm.internal.impl.name.Name                                      : loaded 3 times (x 75B)
Class org.jetbrains.kotlin.cli.common.arguments.CommonCompilerArguments               : loaded 3 times (x 75B)
Class kotlin.io.LinesSequence$iterator$1                                              : loaded 3 times (x 79B)
Class kotlinx.coroutines.CopyableThreadContextElement                                 : loaded 3 times (x 70B)
Class kotlin.jvm.internal.MutablePropertyReference0                                   : loaded 3 times (x 137B)
Class kotlin.reflect.jvm.internal.impl.builtins.CompanionObjectMapping                : loaded 3 times (x 71B)
Class com.google.common.collect.RegularImmutableAsList                                : loaded 3 times (x 217B)
Class kotlin.reflect.jvm.internal.impl.name.FqNameUnsafe                              : loaded 3 times (x 72B)
Class kotlin.reflect.jvm.internal.impl.utils.CollectionsKt                            : loaded 3 times (x 71B)
Class org.jetbrains.kotlin.cli.common.arguments.CommonCompilerArgumentsConfigurator   : loaded 3 times (x 74B)
Class org.gradle.internal.IoActions                                                   : loaded 3 times (x 71B)
Class kotlinx.coroutines.BuildersKt                                                   : loaded 3 times (x 71B)
Class kotlinx.coroutines.internal.LimitedDispatcherKt                                 : loaded 3 times (x 71B)
Class org.jetbrains.kotlin.cli.jvm.compiler.KotlinCoreEnvironment$Companion           : loaded 3 times (x 71B)
Class com.google.common.collect.ImmutableList$Builder                                 : loaded 3 times (x 77B)
Class kotlinx.coroutines.CoroutineContextKt$hasCopyableElements$1                     : loaded 3 times (x 78B)
Class kotlinx.coroutines.internal.ThreadContextKt                                     : loaded 3 times (x 71B)
Class kotlinx.coroutines.scheduling.TaskContext                                       : loaded 3 times (x 70B)
Class kotlin.reflect.jvm.internal.EmptyContainerForLocal                              : loaded 3 times (x 84B)
Class org.jetbrains.kotlin.utils.KotlinExceptionWithAttachments                       : loaded 3 times (x 94B)
Class kotlinx.coroutines.scheduling.GlobalQueue                                       : loaded 3 times (x 72B)
Class com.google.common.collect.ImmutableSet$RegularSetBuilderImpl                    : loaded 3 times (x 77B)
Class kotlinx.coroutines.internal.LockFreeLinkedListNode                              : loaded 3 times (x 75B)
Class kotlin.coroutines.CoroutineContext$DefaultImpls                                 : loaded 3 times (x 71B)
Class kotlin.jvm.internal.PropertyReference0Impl                                      : loaded 3 times (x 127B)
Class org.jetbrains.kotlin.cli.common.ExitCode                                        : loaded 3 times (x 79B)
Class kotlinx.coroutines.internal.LockFreeTaskQueueCore$Companion                     : loaded 3 times (x 71B)
Class [Lkotlin.Function;                                                              : loaded 3 times (x 69B)
Class kotlin.text.LinesIterator                                                       : loaded 3 times (x 79B)
Class org.jetbrains.kotlin.cli.common.CompilerSystemProperties$Companion              : loaded 3 times (x 71B)
Class jdk.internal.jrtfs.ExplodedImage                                                : loaded 3 times (x 77B)
Class jdk.internal.jrtfs.JrtFileSystem$1                                              : loaded 3 times (x 107B)
Class com.google.common.base.CharMatcher$Negated                                      : loaded 3 times (x 114B)
Class org.jetbrains.kotlin.cli.common.arguments.PreprocessCommandLineArgumentsKt      : loaded 3 times (x 71B)
Class com.google.common.base.CharMatcher$Is                                           : loaded 3 times (x 112B)
Class org.jetbrains.kotlin.com.intellij.openapi.diagnostic.Attachment                 : loaded 3 times (x 72B)
Class [Lorg.jetbrains.kotlin.com.intellij.openapi.diagnostic.LogLevel;                : loaded 3 times (x 69B)
Class kotlinx.coroutines.BuildersKt__BuildersKt                                       : loaded 3 times (x 71B)
Class kotlinx.coroutines.scheduling.NanoTimeSource                                    : loaded 3 times (x 72B)
Class kotlin.jvm.internal.BooleanCompanionObject                                      : loaded 3 times (x 71B)
Class com.google.common.base.Joiner                                                   : loaded 3 times (x 80B)
Class org.jetbrains.kotlin.cli.common.arguments.CommonToolArguments                   : loaded 3 times (x 73B)
Class kotlin.coroutines.jvm.internal.Boxing                                           : loaded 3 times (x 71B)
Class com.google.common.base.CharMatcher                                              : loaded 3 times (x 112B)
Class kotlin.reflect.jvm.internal.impl.name.FqNamesUtilKt                             : loaded 3 times (x 71B)
Class com.google.common.base.Joiner$1                                                 : loaded 3 times (x 81B)
Class com.google.common.base.CharMatcher$NamedFastMatcher                             : loaded 3 times (x 113B)
Class kotlinx.coroutines.scheduling.CoroutineScheduler$Companion                      : loaded 3 times (x 71B)
Class jdk.internal.jrtfs.SystemImage$2                                                : loaded 3 times (x 76B)
Class com.google.common.collect.ImmutableCollection$Builder                           : loaded 3 times (x 76B)
Class com.google.common.base.CharMatcher$1                                            : loaded 3 times (x 114B)
Class com.google.common.base.Joiner$2                                                 : loaded 3 times (x 80B)
Class kotlinx.coroutines.scheduling.TaskContextImpl                                   : loaded 3 times (x 75B)
Class kotlin.sequences.DropTakeSequence                                               : loaded 3 times (x 70B)
Class kotlinx.coroutines.DisposableHandle                                             : loaded 3 times (x 70B)
Class kotlinx.coroutines.Incomplete                                                   : loaded 3 times (x 70B)
Class [Lkotlin.jvm.functions.Function1;                                               : loaded 3 times (x 69B)
Class jdk.internal.jrtfs.SystemImage$1                                                : loaded 3 times (x 78B)
Class org.jetbrains.kotlin.cli.common.messages.MessageRenderer                        : loaded 3 times (x 70B)
Class com.google.common.base.CharMatcher$InRange                                      : loaded 3 times (x 112B)
Class jdk.internal.jimage.ImageReader$LinkNode                                        : loaded 3 times (x 84B)
Class kotlin.concurrent.LocksKt                                                       : loaded 3 times (x 71B)
Class kotlinx.coroutines.AbstractTimeSourceKt                                         : loaded 3 times (x 71B)
Class kotlinx.coroutines.internal.ResizableAtomicArray                                : loaded 3 times (x 72B)
Class Build_gradle                                                                    : loaded 3 times (x 126B)
Class kotlinx.coroutines.scheduling.DefaultIoScheduler                                : loaded 3 times (x 110B)
Class kotlinx.coroutines.DispatchedTask                                               : loaded 3 times (x 81B)
Class jdk.internal.jrtfs.JrtFileStore                                                 : loaded 3 times (x 83B)
Class org.jetbrains.kotlin.cli.common.messages.CompilerMessageSeverity                : loaded 3 times (x 79B)
Class kotlinx.coroutines.internal.OpDescriptor                                        : loaded 3 times (x 73B)
Class kotlinx.coroutines.Empty                                                        : loaded 3 times (x 75B)
Class org.jetbrains.kotlin.cli.common.messages.CompilerMessageSeverity$Companion      : loaded 3 times (x 71B)
Class jdk.internal.jrtfs.JrtDirectoryStream                                           : loaded 3 times (x 89B)
Class kotlinx.coroutines.internal.SystemPropsKt                                       : loaded 3 times (x 71B)
Class org.jetbrains.kotlin.util.capitalizeDecapitalize.CapitalizeDecapitalizeKt       : loaded 3 times (x 71B)
Class com.google.common.collect.ImmutableSet$SetBuilderImpl                           : loaded 3 times (x 76B)
Class kotlin.reflect.jvm.internal.impl.name.ClassId                                   : loaded 3 times (x 72B)
Class kotlinx.coroutines.scheduling.Task                                              : loaded 3 times (x 76B)
Class kotlinx.coroutines.BlockingCoroutine                                            : loaded 3 times (x 143B)
Class kotlinx.coroutines.IncompleteStateBox                                           : loaded 3 times (x 72B)
Class com.google.common.collect.ForwardingObject                                      : loaded 3 times (x 72B)
Class org.jetbrains.kotlin.cli.common.CompilerSystemProperties                        : loaded 3 times (x 80B)
Class org.jetbrains.kotlin.cli.common.arguments.Argument                              : loaded 3 times (x 70B)
Class com.google.common.collect.ImmutableList$SubList                                 : loaded 3 times (x 209B)
Class kotlinx.coroutines.Delay                                                        : loaded 3 times (x 70B)
Class kotlinx.coroutines.ParentJob                                                    : loaded 3 times (x 70B)
Class kotlinx.coroutines.JobNode                                                      : loaded 3 times (x 90B)
Class kotlinx.coroutines.internal.LockFreeTaskQueue                                   : loaded 3 times (x 72B)
Class jdk.internal.jrtfs.SystemImage                                                  : loaded 3 times (x 74B)
Class kotlinx.coroutines.scheduling.DefaultScheduler                                  : loaded 3 times (x 108B)
Class kotlinx.coroutines.Dispatchers                                                  : loaded 3 times (x 71B)
Class kotlinx.coroutines.intrinsics.CancellableKt                                     : loaded 3 times (x 71B)
Class kotlin.reflect.jvm.internal.impl.builtins.jvm.JavaToKotlinClassMap$PlatformMutabilityMapping: loaded 3 times (x 72B)
Class kotlin.reflect.jvm.internal.RuntimeTypeMapper                                   : loaded 3 times (x 71B)
Class kotlin.coroutines.ContinuationInterceptor$DefaultImpls                          : loaded 3 times (x 71B)
Class org.jetbrains.kotlin.com.intellij.openapi.diagnostic.ExceptionWithAttachments   : loaded 3 times (x 70B)
Class com.google.common.collect.RegularImmutableSet                                   : loaded 3 times (x 149B)
Class kotlinx.coroutines.JobSupportKt                                                 : loaded 3 times (x 71B)
Class kotlinx.coroutines.ExecutorCoroutineDispatcher$Key                              : loaded 3 times (x 72B)
Class org.jetbrains.kotlin.com.intellij.openapi.diagnostic.DefaultLogger              : loaded 3 times (x 100B)
Class kotlinx.coroutines.EventLoop_commonKt                                           : loaded 3 times (x 71B)
Class kotlin.reflect.jvm.internal.KDeclarationContainerImpl$Companion                 : loaded 3 times (x 71B)
Class kotlinx.coroutines.scheduling.TasksKt                                           : loaded 3 times (x 71B)
Class kotlinx.coroutines.DebugKt                                                      : loaded 3 times (x 71B)
Class com.google.common.collect.Lists$RandomAccessReverseList                         : loaded 3 times (x 200B)
Class com.google.common.collect.Ordering                                              : loaded 2 times (x 114B)
Class [Lcom.android.ide.common.repository.AgpVersion$PreviewKind;                     : loaded 2 times (x 69B)
Class [Lcom.google.common.collect.ImmutableMapEntry;                                  : loaded 2 times (x 69B)
Class org.jetbrains.kotlin.com.intellij.psi.impl.compiled.ClsJavaCodeReferenceElementImpl: loaded 2 times (x 638B)
Class org.jetbrains.kotlin.com.intellij.psi.stubs.StrippedIntOpenHashMap              : loaded 2 times (x 72B)
Class org.jetbrains.kotlin.com.intellij.psi.impl.java.stubs.PsiFieldStub              : loaded 2 times (x 70B)
Class org.jetbrains.kotlin.fir.expressions.FirEnumEntryDeserializedAccessExpression   : loaded 2 times (x 118B)
Class org.jetbrains.kotlin.fir.expressions.impl.FirAnnotationArgumentMappingImpl      : loaded 2 times (x 89B)
Class org.jetbrains.kotlin.fir.resolve.DeclarationUtilsKt                             : loaded 2 times (x 71B)
Class org.jetbrains.kotlin.fir.scopes.DefaultSimpleImportKey                          : loaded 2 times (x 72B)
Class org.jetbrains.kotlin.fir.declarations.DelegateFieldsMapKt                       : loaded 2 times (x 71B)
Class org.jetbrains.kotlin.com.google.common.collect.SingletonImmutableBiMap          : loaded 2 times (x 143B)
Class [Lorg.jetbrains.kotlin.fir.declarations.FirValueParameterKind;                  : loaded 2 times (x 69B)
Class org.jetbrains.kotlin.fir.analysis.jvm.checkers.declaration.FirJvmRedundantRepeatableChecker: loaded 2 times (x 77B)
Class org.jetbrains.kotlin.fir.analysis.checkers.declaration.FirTypeParameterBoundsChecker$Regular: loaded 2 times (x 77B)
Class org.jetbrains.kotlin.fir.declarations.FirAnonymousObject                        : loaded 2 times (x 168B)
Class org.jetbrains.kotlin.fir.analysis.checkers.syntax.FirDeclarationSyntaxChecker   : loaded 2 times (x 89B)
Class org.jetbrains.kotlin.fir.FirExpectActualMatchingContextFactory                  : loaded 2 times (x 70B)
Class org.jetbrains.kotlin.fir.FirModuleDataKt                                        : loaded 2 times (x 71B)
Class org.jetbrains.kotlin.fir.analysis.checkers.type.TypeCheckers$Companion          : loaded 2 times (x 71B)
Class org.jetbrains.kotlin.fir.java.deserialization.JvmClassFileBasedSymbolProvider   : loaded 2 times (x 92B)
Class org.jetbrains.kotlin.resolve.calls.checkers.FunInterfaceConstructorReferenceChecker: loaded 2 times (x 74B)
Class [Lorg.jetbrains.kotlin.psi.KtValueArgument;                                     : loaded 2 times (x 69B)
Class [Lorg.jetbrains.kotlin.psi.KtTypeElement;                                       : loaded 2 times (x 69B)
Class [Lorg.jetbrains.kotlin.psi.KtImportDirective;                                   : loaded 2 times (x 69B)
Class org.jetbrains.kotlin.BlockExpressionElementType                                 : loaded 2 times (x 98B)
Class org.jetbrains.kotlin.resolve.calls.checkers.CapturingInClosureChecker           : loaded 2 times (x 74B)
Class org.jetbrains.kotlin.fir.scopes.FirPlatformClassMapper                          : loaded 2 times (x 75B)
Class org.jetbrains.kotlin.resolve.calls.inference.components.ConstraintSystemUtilContext: loaded 2 times (x 70B)
Class org.jetbrains.kotlin.types.AbstractTypeApproximator$Companion                   : loaded 2 times (x 71B)
Class org.jetbrains.kotlin.fir.types.ConeInferenceContext                             : loaded 2 times (x 70B)
Class org.jetbrains.kotlin.metadata.ProtoBuf$EnumEntry                                : loaded 2 times (x 121B)
Class org.jetbrains.kotlin.psi.KtPureElement                                          : loaded 2 times (x 70B)
Class [Lorg.jetbrains.kotlin.it.unimi.dsi.fastutil.Hash;                              : loaded 2 times (x 69B)
Class org.jetbrains.kotlin.fir.FirSessionComponent                                    : loaded 2 times (x 70B)
Class org.jetbrains.kotlin.backend.jvm.extensions.ClassGeneratorExtension             : loaded 2 times (x 70B)
Class org.jetbrains.kotlin.com.intellij.psi.impl.file.PsiDirectoryFactoryImpl         : loaded 2 times (x 77B)
Class org.jetbrains.kotlin.com.intellij.psi.impl.source.resolve.ResolveCache$AbstractResolver: loaded 2 times (x 70B)
Class org.jetbrains.kotlin.com.fasterxml.aalto.in.StreamScanner                       : loaded 2 times (x 134B)
Class org.jetbrains.kotlin.com.fasterxml.aalto.impl.CommonConfig                      : loaded 2 times (x 73B)
Class kotlinx.coroutines.internal.LimitedDispatcher                                   : loaded 2 times (x 105B)
Class com.google.gson.internal.bind.ObjectTypeAdapter                                 : loaded 2 times (x 74B)
Class org.jetbrains.kotlin.idea.projectModel.KotlinTaskProperties                     : loaded 2 times (x 70B)
Class org.jetbrains.kotlin.com.intellij.openapi.extensions.LoadingOrder$1             : loaded 2 times (x 78B)
Class org.jetbrains.kotlin.com.intellij.psi.stubs.PsiFileStub                         : loaded 2 times (x 70B)
Class org.jetbrains.kotlin.com.intellij.lang.ASTFactory$DefaultFactoryHolder          : loaded 2 times (x 71B)
Class org.jetbrains.kotlin.com.intellij.psi.impl.source.DummyHolderElement            : loaded 2 times (x 264B)
Class org.jetbrains.kotlin.com.intellij.openapi.vfs.impl.BulkVirtualFileListenerAdapter: loaded 2 times (x 78B)
Class org.jetbrains.kotlin.cli.jvm.config.JvmContentRoot                              : loaded 2 times (x 70B)
Class org.jetbrains.kotlin.cli.jvm.config.JvmContentRootsKt                           : loaded 2 times (x 71B)
Class org.jetbrains.kotlin.backend.jvm.lower.ReplaceKFunctionInvokeWithFunctionInvoke : loaded 2 times (x 343B)
Class org.jetbrains.kotlin.backend.jvm.lower.JvmDefaultConstructorLowering            : loaded 2 times (x 85B)
Class org.jetbrains.kotlin.load.java.JavaTypeEnhancementState$Companion               : loaded 2 times (x 71B)
Class org.jetbrains.kotlin.utils.WrappedValues$1                                      : loaded 2 times (x 71B)
Class org.jetbrains.kotlin.config.AnalysisFlag$Delegates$ListOfStrings                : loaded 2 times (x 71B)
Class org.jetbrains.kotlin.com.intellij.util.containers.ConcurrentList                : loaded 2 times (x 70B)
Class org.jetbrains.kotlin.cli.pipeline.jvm.JvmConfigurationUpdater                   : loaded 2 times (x 72B)
Class org.jetbrains.kotlin.com.google.common.collect.LinkedHashMultimap               : loaded 2 times (x 175B)
Class kotlin.reflect.jvm.internal.impl.name.FqNameUnsafe$1                            : loaded 2 times (x 74B)
Class [Lorg.jetbrains.kotlin.config.LanguageOrApiVersion;                             : loaded 2 times (x 69B)
Class kotlin.reflect.jvm.internal.KProperty1Impl                                      : loaded 2 times (x 128B)
Class com.amazon.ion.impl.lite.IonSystemLite                                          : loaded 2 times (x 275B)
Class com.amazon.ion.util.InputStreamInterceptor                                      : loaded 2 times (x 70B)
Class com.amazon.ion.impl.bin.IonRawBinaryWriter$PreallocationMode                    : loaded 2 times (x 82B)
Class com.amazon.ion.impl.bin._Private_IonRawWriter                                   : loaded 2 times (x 70B)
Class com.amazon.ion.IonWriter                                                        : loaded 2 times (x 70B)
Class com.google.common.collect.ImmutableRangeSet                                     : loaded 2 times (x 115B)
Class com.android.builder.model.v2.models.AndroidDsl                                  : loaded 2 times (x 70B)
Class org.gradle.tooling.internal.gradle.DefaultProjectIdentifier                     : loaded 2 times (x 86B)
Class com.google.common.collect.CollectSpliterators$1WithCharacteristics              : loaded 2 times (x 90B)
Class com.google.common.collect.ImmutableEnumMap                                      : loaded 2 times (x 126B)
Class com.google.common.collect.ListMultimap                                          : loaded 2 times (x 70B)
Class org.jetbrains.kotlin.fir.scopes.FirKotlinScopeProviderKt$special$$inlined$scopeSessionKey$1: loaded 2 times (x 71B)
Class org.jetbrains.kotlin.fir.types.CompilerConeAttributes$NoInfer                   : loaded 2 times (x 79B)
Class org.jetbrains.kotlin.com.intellij.lang.jvm.types.JvmArrayType                   : loaded 2 times (x 70B)
Class org.jetbrains.kotlin.one.util.streamex.StreamContext                            : loaded 2 times (x 79B)
Class org.jetbrains.kotlin.com.intellij.psi.impl.java.stubs.LambdaExpressionElementType: loaded 2 times (x 116B)
Class org.jetbrains.kotlin.com.intellij.psi.impl.java.stubs.JavaModifierListElementType: loaded 2 times (x 115B)
Class org.jetbrains.kotlin.load.java.typeEnhancement.TypeEnhancementInfo              : loaded 2 times (x 72B)
Class org.jetbrains.kotlin.fir.symbols.ConeTypeParameterLookupTag                     : loaded 2 times (x 76B)
Class org.jetbrains.kotlin.fir.resolve.FirDoubleColonExpressionResolver               : loaded 2 times (x 72B)
Class org.jetbrains.kotlin.fir.expressions.FirContinueExpression                      : loaded 2 times (x 119B)
Class org.jetbrains.kotlin.fir.expressions.builder.FirContinueExpressionBuilder       : loaded 2 times (x 94B)
Class org.jetbrains.kotlin.fir.builder.AbstractRawFirBuilder$DataClassMembersGenerator: loaded 2 times (x 72B)
Class org.jetbrains.kotlin.fir.declarations.utils.OriginalReplSnippet                 : loaded 2 times (x 71B)
Class org.jetbrains.kotlin.types.ConstantValueKind$Float                              : loaded 2 times (x 72B)
Class org.jetbrains.kotlin.fir.lightTree.fir.WhenEntry                                : loaded 2 times (x 72B)
Class org.jetbrains.kotlin.com.google.common.collect.ImmutableBiMap                   : loaded 2 times (x 143B)
Class org.jetbrains.kotlin.fir.analysis.checkers.type.FirSuspendModifierChecker       : loaded 2 times (x 77B)
Class org.jetbrains.kotlin.fir.analysis.checkers.expression.FirAbstractClassInstantiationChecker: loaded 2 times (x 77B)
Class org.jetbrains.kotlin.fir.analysis.checkers.declaration.FirValueClassDeclarationChecker$Companion: loaded 2 times (x 71B)
Class org.jetbrains.kotlin.fir.resolve.providers.impl.FirFallbackBuiltinSymbolProvider$Companion: loaded 2 times (x 71B)
Class org.jetbrains.kotlin.fir.extensions.BunchOfRegisteredExtensions$Companion       : loaded 2 times (x 71B)
Class org.jetbrains.kotlin.fir.resolve.scopes.JvmMappedScopesKt                       : loaded 2 times (x 71B)
Class org.jetbrains.kotlin.config.JvmDefaultModeKt                                    : loaded 2 times (x 71B)
Class org.jetbrains.kotlin.psi.KtUserType                                             : loaded 2 times (x 512B)
Class org.jetbrains.kotlin.psi.stubs.elements.KtEnumEntrySuperClassReferenceExpressionElementType: loaded 2 times (x 100B)
Class org.jetbrains.kotlin.mpp.ClassLikeSymbolMarker                                  : loaded 2 times (x 70B)
Class org.jetbrains.kotlin.name.StandardClassIds$Annotations                          : loaded 2 times (x 71B)
Class org.jetbrains.kotlin.fir.FirAnnotationContainer                                 : loaded 2 times (x 70B)
Class org.jetbrains.kotlin.protobuf.CodedOutputStream$ByteBufferOutputStream          : loaded 2 times (x 86B)
Class org.jetbrains.kotlin.cli.jvm.compiler.jarfs.ZipImplementationKt                 : loaded 2 times (x 71B)
Class org.jetbrains.kotlin.com.intellij.openapi.ui.Queryable                          : loaded 2 times (x 70B)
Class [Lorg.jetbrains.kotlin.com.intellij.lang.jvm.types.JvmPrimitiveTypeKind;        : loaded 2 times (x 69B)
Class org.jetbrains.kotlin.com.intellij.psi.impl.source.resolve.ResolveCache$1        : loaded 2 times (x 78B)
Class org.jetbrains.kotlin.com.intellij.core.CoreProjectEnvironment                   : loaded 2 times (x 82B)
Class org.jetbrains.kotlin.com.fasterxml.aalto.util.TextBuilder                       : loaded 2 times (x 72B)
Class org.jetbrains.kotlin.com.intellij.ide.plugins.ImmutableZipFileDataLoader        : loaded 2 times (x 77B)
Class kotlin.reflect.jvm.internal.KClassImpl$Data$objectInstance$2                    : loaded 2 times (x 79B)
Class org.jetbrains.kotlin.com.intellij.psi.FileViewProvider                          : loaded 2 times (x 70B)
Class org.jetbrains.kotlin.com.intellij.psi.search.searches.SmartExtensionPoint       : loaded 2 times (x 72B)
Class org.jetbrains.kotlin.com.intellij.openapi.extensions.LoadingOrder$2             : loaded 2 times (x 78B)
Class org.jetbrains.kotlin.com.intellij.psi.FileViewProviderFactory                   : loaded 2 times (x 70B)
Class org.jetbrains.kotlin.com.intellij.psi.tree.IElementType$Predicate               : loaded 2 times (x 70B)
Class org.jetbrains.kotlin.com.intellij.psi.NavigatablePsiElement                     : loaded 2 times (x 70B)
Class org.jetbrains.kotlin.com.intellij.psi.impl.source.resolve.reference.ReferenceProvidersRegistryImpl: loaded 2 times (x 75B)
Class [Lorg.jetbrains.kotlin.com.intellij.openapi.extensions.PluginId;                : loaded 2 times (x 69B)
Class org.jetbrains.kotlin.com.intellij.openapi.application.Application               : loaded 2 times (x 70B)
Class org.jetbrains.kotlin.it.unimi.dsi.fastutil.objects.AbstractObjectSet            : loaded 2 times (x 179B)
Class [Lorg.jetbrains.kotlin.config.AnnotationDefaultTargetMode;                      : loaded 2 times (x 69B)
Class org.jetbrains.kotlin.backend.jvm.JvmLoweringPhasesKt$jvmFilePhases$50           : loaded 2 times (x 125B)
Class org.jetbrains.kotlin.backend.common.lower.ArrayConstructorLowering              : loaded 2 times (x 85B)
Class org.jetbrains.kotlin.backend.jvm.lower.SuspendLambdaLowering                    : loaded 2 times (x 80B)
Class org.jetbrains.kotlin.backend.jvm.lower.TypeAliasAnnotationMethodsLowering       : loaded 2 times (x 85B)
Class org.jetbrains.kotlin.storage.CacheWithNullableValues                            : loaded 2 times (x 70B)
Class org.jetbrains.kotlin.cli.pipeline.CheckCompilationErrors                        : loaded 2 times (x 75B)
Class org.jetbrains.kotlin.config.phaser.NamedCompilerPhase                           : loaded 2 times (x 80B)
Class org.jetbrains.kotlin.com.google.common.base.Converter                           : loaded 2 times (x 90B)
Class org.jetbrains.kotlin.com.google.common.collect.Multimap                         : loaded 2 times (x 70B)
Class org.jetbrains.kotlin.it.unimi.dsi.fastutil.objects.ObjectCollection             : loaded 2 times (x 70B)
Class kotlin.reflect.jvm.internal.KCallableImpl                                       : loaded 2 times (x 105B)
Class org.jetbrains.kotlin.utils.PathUtil                                             : loaded 2 times (x 71B)
Class org.jetbrains.kotlin.backend.common.lower.SingleAbstractMethodLowering          : loaded 2 times (x 363B)
Class [Lorg.jetbrains.kotlin.config.JvmAbiStability;                                  : loaded 2 times (x 69B)
Class com.google.gson.internal.bind.TypeAdapters                                      : loaded 2 times (x 71B)
Class com.google.gson.FormattingStyle                                                 : loaded 2 times (x 78B)
Class com.google.gson.FieldNamingPolicy                                               : loaded 2 times (x 85B)
Class com.amazon.ion.impl._Private_RecyclingQueue$ElementFactory                      : loaded 2 times (x 70B)
Class com.amazon.ion.impl._Private_IonContainer                                       : loaded 2 times (x 70B)
Class com.intellij.gradle.toolingExtension.impl.model.buildScriptClasspathModel.GradleBuildScriptClasspathSerializationService$ReadContext: loaded 2 times (x 72B)
Class com.android.ide.common.gradle.Numeric                                           : loaded 2 times (x 77B)
Class com.google.common.collect.ComparatorOrdering                                    : loaded 2 times (x 115B)
Class com.google.common.collect.Sets$1                                                : loaded 2 times (x 139B)
Class org.objectweb.asm.AnnotationVisitor                                             : loaded 2 times (x 78B)
Class com.google.common.collect.ImmutableSet$SerializedForm                           : loaded 2 times (x 73B)
Class org.gradle.api.internal.DefaultClassPathProvider                                : loaded 2 times (x 76B)
Class org.jetbrains.kotlin.fir.types.CompilerConeAttributes$RawType                   : loaded 2 times (x 79B)
Class org.jetbrains.kotlin.com.intellij.psi.impl.source.resolve.ResolveCache$2        : loaded 2 times (x 149B)
Class org.jetbrains.kotlin.com.intellij.psi.PsiFunctionalExpression                   : loaded 2 times (x 70B)
Class org.jetbrains.kotlin.fir.resolve.transformers.PublishedApiEffectiveVisibilityKey: loaded 2 times (x 71B)
Class org.jetbrains.kotlin.metadata.jvm.JvmProtoBuf$JvmFieldSignature                 : loaded 2 times (x 108B)
Class org.jetbrains.kotlin.com.intellij.psi.impl.source.BasicJavaDocElementType       : loaded 2 times (x 70B)
Class org.jetbrains.kotlin.KtFakeSourceElementKind$CheckedSafeCallSubject             : loaded 2 times (x 72B)
Class org.jetbrains.kotlin.fir.expressions.FirTypeOperatorCall                        : loaded 2 times (x 140B)
Class org.jetbrains.kotlin.cli.pipeline.ConfigurationPipelineArtifact                 : loaded 2 times (x 72B)
Class org.jetbrains.kotlin.KtFakeSourceElementKind$WrappedDelegate                    : loaded 2 times (x 72B)
Class org.jetbrains.kotlin.fir.expressions.impl.FirGetClassCallImpl                   : loaded 2 times (x 135B)
Class org.jetbrains.kotlin.fir.expressions.builder.FirRegularWhenBranchBuilder        : loaded 2 times (x 81B)
Class org.jetbrains.kotlin.fir.builder.Context$StatusFirTypeParameterSymbolList       : loaded 2 times (x 72B)
Class org.jetbrains.kotlin.parsing.KotlinWhitespaceAndCommentsBindersKt               : loaded 2 times (x 71B)
Class org.jetbrains.kotlin.parsing.AbstractKotlinParsing$OptionalMarker               : loaded 2 times (x 75B)
Class org.jetbrains.kotlin.parsing.KotlinParsing$NameParsingMode                      : loaded 2 times (x 79B)
Class org.jetbrains.kotlin.com.intellij.openapi.vfs.VirtualFileSetEx                  : loaded 2 times (x 70B)
Class org.jetbrains.kotlin.fir.analysis.jvm.checkers.expression.FirJvmSerializableLambdaChecker: loaded 2 times (x 77B)
Class org.jetbrains.kotlin.fir.analysis.jvm.checkers.expression.FirJvmIdentitySensitiveCallWithValueTypeObjectChecker: loaded 2 times (x 77B)
Class org.jetbrains.kotlin.fir.analysis.jvm.checkers.declaration.FirInlineBodyRegularClassChecker: loaded 2 times (x 77B)
Class [Lorg.jetbrains.kotlin.load.java.SpecialGenericSignatures$TypeSafeBarrierDescription;: loaded 2 times (x 69B)
Class org.jetbrains.kotlin.fir.analysis.checkers.expression.FirMultiDollarInterpolationCheckerLiteral: loaded 2 times (x 79B)
Class org.jetbrains.kotlin.fir.analysis.checkers.declaration.FirDynamicReceiverChecker: loaded 2 times (x 77B)
Class org.jetbrains.kotlin.fir.symbols.impl.FirRegularClassSymbol                     : loaded 2 times (x 84B)
Class org.jetbrains.kotlin.fir.resolve.providers.FirSymbolNamesProvider               : loaded 2 times (x 82B)
Class org.jetbrains.kotlin.resolve.calls.results.TypeSpecificityComparator$NONE       : loaded 2 times (x 74B)
Class org.jetbrains.kotlin.diagnostics.DiagnosticMarker                               : loaded 2 times (x 70B)
Class org.jetbrains.kotlin.psi.KtDoWhileExpression                                    : loaded 2 times (x 442B)
Class [Lorg.jetbrains.kotlin.psi.KtValueArgumentList;                                 : loaded 2 times (x 69B)
Class org.jetbrains.kotlin.psi.KtImportInfo$ImportContent$ExpressionBased             : loaded 2 times (x 72B)
Class org.jetbrains.kotlin.resolve.DefaultImportProvider                              : loaded 2 times (x 75B)
Class org.jetbrains.kotlin.fir.extensions.FirPredicateBasedProviderImpl$Matcher       : loaded 2 times (x 81B)
Class org.jetbrains.kotlin.util.OneElementArrayMap                                    : loaded 2 times (x 84B)
Class org.jetbrains.kotlin.load.kotlin.JvmPackagePartProviderBase$ModuleMappingInfo   : loaded 2 times (x 72B)
Class org.jetbrains.kotlin.protobuf.ExtensionRegistryLite                             : loaded 2 times (x 74B)
Class org.jetbrains.kotlin.cli.jvm.compiler.jarfs.LargeDynamicMappedBuffer            : loaded 2 times (x 73B)
Class org.jetbrains.kotlin.metadata.ProtoBuf$Modality                                 : loaded 2 times (x 82B)
Class org.jetbrains.kotlin.com.intellij.AbstractBundle$MyResourceControl              : loaded 2 times (x 78B)
Class org.jetbrains.kotlin.com.intellij.psi.PsiJavaReference                          : loaded 2 times (x 70B)
Class org.jetbrains.kotlin.com.intellij.core.CoreInjectedLanguageManager              : loaded 2 times (x 80B)
Class org.jetbrains.kotlin.com.intellij.openapi.util.LowMemoryWatcher                 : loaded 2 times (x 72B)
Class org.jetbrains.kotlin.com.intellij.pom.java.InternalPersistentJavaLanguageLevelReaderService$DefaultImpl: loaded 2 times (x 74B)
Class org.jetbrains.kotlin.com.intellij.openapi.application.TransactionGuardImpl      : loaded 2 times (x 74B)
Class org.jetbrains.kotlin.com.intellij.util.keyFMap.OneElementFMap                   : loaded 2 times (x 80B)
Class org.jetbrains.kotlin.com.fasterxml.aalto.in.PNameC                              : loaded 2 times (x 75B)
Class org.jetbrains.kotlin.com.fasterxml.aalto.stax.StreamReaderImpl                  : loaded 2 times (x 142B)
Class org.jetbrains.kotlin.com.google.common.collect.AbstractMultimap$Entries         : loaded 2 times (x 120B)
Class org.jetbrains.kotlin.com.intellij.platform.diagnostic.telemetry.NoopTelemetryManager: loaded 2 times (x 74B)
Class org.jetbrains.kotlin.com.intellij.util.containers.UtilKt                        : loaded 2 times (x 71B)
Class org.jetbrains.kotlin.com.intellij.core.CoreJobLauncher                          : loaded 2 times (x 71B)
Class org.jetbrains.kotlin.com.intellij.openapi.vfs.impl.CoreVirtualFilePointerManager: loaded 2 times (x 80B)
Class org.jetbrains.kotlin.it.unimi.dsi.fastutil.objects.ObjectOpenCustomHashSet      : loaded 2 times (x 183B)
Class org.jetbrains.kotlin.utils.JavaSdkUtil                                          : loaded 2 times (x 71B)
Class org.jetbrains.kotlin.backend.jvm.lower.EnumExternalEntriesLowering              : loaded 2 times (x 353B)
Class org.jetbrains.kotlin.backend.jvm.JvmLoweringPhasesKt$jvmFilePhases$51           : loaded 2 times (x 125B)
Class org.jetbrains.kotlin.com.intellij.openapi.vfs.VirtualFileListener               : loaded 2 times (x 70B)
Class org.jetbrains.kotlin.config.LanguageVersionSettingsImpl$Companion               : loaded 2 times (x 71B)
Class kotlin.reflect.jvm.internal.impl.builtins.PrimitiveType$arrayTypeFqName$2       : loaded 2 times (x 79B)
Class org.jetbrains.kotlin.com.intellij.openapi.progress.impl.ProgressManagerScopeKt  : loaded 2 times (x 71B)
Class [Lorg.jetbrains.kotlin.cli.common.arguments.Enables;                            : loaded 2 times (x 69B)
Class org.jetbrains.kotlin.com.intellij.openapi.fileTypes.PlainTextFileType           : loaded 2 times (x 90B)
Class org.jetbrains.kotlin.kotlinx.collections.immutable.implementations.immutableMap.PersistentHashMap: loaded 2 times (x 157B)
Class org.jetbrains.kotlin.cli.jvm.compiler.KotlinCoreProjectEnvironment              : loaded 2 times (x 89B)
Class com.google.gson.JsonArray                                                       : loaded 2 times (x 100B)
Class com.google.gson.FieldNamingStrategy                                             : loaded 2 times (x 70B)
Class com.amazon.ion.impl._Private_RecyclingStack$$Iterator                           : loaded 2 times (x 99B)
Class com.amazon.ion.impl.SharedSymbolTable                                           : loaded 2 times (x 93B)
Class com.amazon.ion.impl.bin.IonRawBinaryWriter                                      : loaded 2 times (x 169B)
Class com.amazon.ion.SymbolToken                                                      : loaded 2 times (x 70B)
Class com.google.common.collect.NaturalOrdering                                       : loaded 2 times (x 115B)
Class com.android.builder.model.v2.models.BasicAndroidProject                         : loaded 2 times (x 70B)
Class org.gradle.tooling.ToolingModelContract                                         : loaded 2 times (x 70B)
Class [Lcom.google.common.base.Function;                                              : loaded 2 times (x 69B)
Class com.google.common.collect.Maps$ViewCachingAbstractMap                           : loaded 2 times (x 125B)
Class com.google.common.collect.Sets$2                                                : loaded 2 times (x 139B)
Class [Lorg.gradle.api.internal.ClassPathProvider;                                    : loaded 2 times (x 69B)
Class org.gradle.api.internal.ClassPathProvider                                       : loaded 2 times (x 70B)
Class org.jetbrains.kotlin.com.intellij.psi.PsiInvalidElementAccessException          : loaded 2 times (x 85B)
Class org.jetbrains.kotlin.fir.declarations.SealedClassInheritorsKt                   : loaded 2 times (x 71B)
Class org.jetbrains.kotlin.fir.scopes.FirScopeKt$processClassifiersByName$1           : loaded 2 times (x 75B)
Class org.jetbrains.kotlin.com.intellij.psi.stubs.MaterialStubList                    : loaded 2 times (x 211B)
Class [Lorg.jetbrains.kotlin.com.intellij.psi.PsiMember;                              : loaded 2 times (x 69B)
Class org.jetbrains.kotlin.fir.java.AnnotationData                                    : loaded 2 times (x 72B)
Class org.jetbrains.kotlin.load.java.structure.JavaArrayType                          : loaded 2 times (x 70B)
Class org.jetbrains.kotlin.load.java.JavaTypeQualifiersByElementType                  : loaded 2 times (x 72B)
Class org.jetbrains.kotlin.metadata.jvm.deserialization.ClassMapperLite               : loaded 2 times (x 71B)
Class org.jetbrains.kotlin.metadata.jvm.deserialization.JvmNameResolverBase$Companion : loaded 2 times (x 71B)
Class org.jetbrains.kotlin.load.java.JvmAnnotationNames                               : loaded 2 times (x 71B)
Class [Lorg.jetbrains.kotlin.fir.expressions.FirStatement;                            : loaded 2 times (x 69B)
Class org.jetbrains.kotlin.fir.expressions.impl.FirComparisonExpressionImpl           : loaded 2 times (x 119B)
Class org.jetbrains.kotlin.mpp.EnumEntrySymbolMarker                                  : loaded 2 times (x 70B)
Class org.jetbrains.kotlin.fir.expressions.builder.FirTryExpressionBuilder            : loaded 2 times (x 84B)
Class org.jetbrains.kotlin.fir.ContainingClassKey                                     : loaded 2 times (x 71B)
Class org.jetbrains.kotlin.fir.references.FirSuperReference                           : loaded 2 times (x 90B)
Class org.jetbrains.kotlin.fir.references.builder.FirSimpleNamedReferenceBuilder      : loaded 2 times (x 72B)
Class org.jetbrains.kotlin.fir.analysis.checkers.config.FirSuppressedDiagnosticsCheckers: loaded 2 times (x 72B)
Class org.jetbrains.kotlin.fir.analysis.jvm.checkers.expression.FirSyntheticPropertyWithoutJavaOriginChecker: loaded 2 times (x 77B)
Class org.jetbrains.kotlin.fir.analysis.jvm.checkers.declaration.FirStrictfpApplicabilityChecker: loaded 2 times (x 77B)
Class org.jetbrains.kotlin.fir.declarations.FirBackingField                           : loaded 2 times (x 201B)
Class org.jetbrains.kotlin.fir.analysis.checkers.expression.FirReassignmentAndInvisibleSetterChecker: loaded 2 times (x 77B)
Class org.jetbrains.kotlin.fir.analysis.checkers.expression.FirCallableReferenceChecker: loaded 2 times (x 77B)
Class org.jetbrains.kotlin.fir.analysis.checkers.declaration.FirAmbiguousAnonymousTypeChecker: loaded 2 times (x 77B)
Class org.jetbrains.kotlin.fir.resolve.providers.impl.FirCachingCompositeSymbolProvider$special$$inlined$createCache$1: loaded 2 times (x 75B)
Class org.jetbrains.kotlin.name.SpecialNames                                          : loaded 2 times (x 71B)
Class org.jetbrains.kotlin.fir.declarations.impl.FirDeclarationStatusImpl$Modifier    : loaded 2 times (x 79B)
Class org.jetbrains.kotlin.resolve.calls.checkers.ApiVersionCallChecker               : loaded 2 times (x 74B)
Class org.jetbrains.kotlin.psi.KtContinueExpression                                   : loaded 2 times (x 437B)
Class org.jetbrains.kotlin.psi.KtStringTemplateEntry                                  : loaded 2 times (x 444B)
Class org.jetbrains.kotlin.psi.KtIntersectionType                                     : loaded 2 times (x 505B)
Class [Lorg.jetbrains.kotlin.psi.KtDeclarationModifierList;                           : loaded 2 times (x 69B)
Class org.jetbrains.kotlin.psi.stubs.elements.KtTypeParameterElementType              : loaded 2 times (x 103B)
Class org.jetbrains.kotlin.resolve.checkers.AnnotationClassTargetAndRetentionChecker  : loaded 2 times (x 74B)
Class org.jetbrains.kotlin.fir.declarations.FirClassLikeDeclaration                   : loaded 2 times (x 141B)
Class org.jetbrains.kotlin.fir.declarations.SealedClassInheritorsProviderImpl         : loaded 2 times (x 72B)
Class org.jetbrains.kotlin.protobuf.LazyStringList                                    : loaded 2 times (x 70B)
Class org.jetbrains.kotlin.com.intellij.psi.codeStyle.SuggestedNameInfo               : loaded 2 times (x 73B)
Class org.jetbrains.kotlin.metadata.ProtoBuf$MemberKind                               : loaded 2 times (x 82B)
Class org.jetbrains.kotlin.load.java.structure.impl.classFiles.BinaryClassSignatureParser: loaded 2 times (x 72B)
Class org.jetbrains.kotlin.com.intellij.openapi.util.RecursionManager$1               : loaded 2 times (x 76B)
Class org.jetbrains.kotlin.com.intellij.psi.util.ParameterizedCachedValue             : loaded 2 times (x 70B)
Class org.jetbrains.kotlin.load.java.structure.impl.classFiles.BinaryClassSignatureParser$ClsFormatException: loaded 2 times (x 82B)
Class org.jetbrains.kotlin.asJava.finder.JavaElementFinder                            : loaded 2 times (x 88B)
Class org.jetbrains.kotlin.cli.common.extensions.ShellExtension                       : loaded 2 times (x 70B)
Class org.jetbrains.kotlin.com.intellij.psi.PsiDirectoryContainer                     : loaded 2 times (x 70B)
Class org.jetbrains.kotlin.com.intellij.openapi.extensions.LoadingOrder$Companion     : loaded 2 times (x 71B)
Class org.jetbrains.kotlin.com.intellij.lexer.Lexer                                   : loaded 2 times (x 83B)
Class org.jetbrains.kotlin.com.intellij.openapi.application.ApplicationInfo           : loaded 2 times (x 72B)
Class org.jetbrains.kotlin.com.intellij.openapi.application.impl.AnyModalityState     : loaded 2 times (x 72B)
Class org.jetbrains.kotlin.com.intellij.lang.folding.LanguageFolding                  : loaded 2 times (x 96B)
Class org.jetbrains.kotlin.modules.JavaRootPath                                       : loaded 2 times (x 72B)
Class org.jetbrains.kotlin.backend.jvm.lower.JvmIrValidationBeforeLoweringPhase       : loaded 2 times (x 77B)
Class org.jetbrains.kotlin.backend.jvm.lower.StaticInitializersLowering               : loaded 2 times (x 86B)
Class org.jetbrains.kotlin.backend.jvm.JvmLoweringPhasesKt$jvmFilePhases$52           : loaded 2 times (x 125B)
Class org.jetbrains.kotlin.backend.jvm.JvmLoweringPhasesKt$jvmFilePhases$1            : loaded 2 times (x 125B)
Class org.jetbrains.kotlin.compiler.plugin.ComponentRegistrar$Companion               : loaded 2 times (x 71B)
Class org.jetbrains.kotlin.com.intellij.util.ObjectUtils$Sentinel                     : loaded 2 times (x 72B)
Class org.jetbrains.kotlin.utils.WrappedValues                                        : loaded 2 times (x 71B)
Class org.jetbrains.kotlin.config.phaser.CompilerPhaseKt                              : loaded 2 times (x 71B)
Class org.jetbrains.kotlin.metadata.deserialization.Flags$EnumLiteFlagField           : loaded 2 times (x 76B)
Class org.jetbrains.kotlin.config.LanguageVersion$Companion                           : loaded 2 times (x 71B)
Class org.jetbrains.org.objectweb.asm.ClassReader                                     : loaded 2 times (x 92B)
Class org.jetbrains.kotlin.resolve.jvm.modules.JavaModule                             : loaded 2 times (x 70B)
Class org.jetbrains.kotlin.cli.jvm.K2JVMCompiler$Companion                            : loaded 2 times (x 71B)
Class com.amazon.ion.impl.lite.IonBoolLite                                            : loaded 2 times (x 178B)
Class [Lorg.objectweb.asm.AnnotationVisitor;                                          : loaded 2 times (x 69B)
Class com.google.common.collect.Sets$3                                                : loaded 2 times (x 139B)
Class com.google.common.reflect.Types$ClassOwnership$1                                : loaded 2 times (x 80B)
Class com.google.common.cache.LocalCache$LocalLoadingCache                            : loaded 2 times (x 134B)
Class org.gradle.internal.service.UnknownServiceException                             : loaded 2 times (x 83B)
Class org.jetbrains.kotlin.com.intellij.psi.PsiLiteral                                : loaded 2 times (x 70B)
Class org.jetbrains.kotlin.com.intellij.psi.impl.compiled.ClsFileImpl                 : loaded 2 times (x 1229B)
Class [Lorg.jetbrains.kotlin.com.intellij.pom.PomTarget;                              : loaded 2 times (x 69B)
Class org.jetbrains.kotlin.load.kotlin.KotlinJvmBinarySourceElement                   : loaded 2 times (x 81B)
Class org.jetbrains.kotlin.fir.deserialization.FirTypeDeserializer$WhenMappings       : loaded 2 times (x 71B)
Class org.jetbrains.kotlin.load.kotlin.VirtualFileKotlinClass                         : loaded 2 times (x 88B)
Class org.jetbrains.kotlin.fir.resolve.FirTypeResolverKt                              : loaded 2 times (x 71B)
Class org.jetbrains.kotlin.fir.FirLookupTrackerComponent                              : loaded 2 times (x 73B)
Class org.jetbrains.kotlin.fir.expressions.builder.FirTypeOperatorCallBuilder         : loaded 2 times (x 92B)
Class org.jetbrains.kotlin.fir.expressions.impl.FirWrappedDelegateExpressionImpl      : loaded 2 times (x 120B)
Class org.jetbrains.kotlin.fir.declarations.FirFile                                   : loaded 2 times (x 127B)
Class org.jetbrains.kotlin.fir.expressions.builder.FirGetClassCallBuilder             : loaded 2 times (x 92B)
Class org.jetbrains.kotlin.fir.expressions.FirAnnotationArgumentMapping               : loaded 2 times (x 88B)
Class org.jetbrains.kotlin.fir.lightTree.LightTreeParsingErrorListener                : loaded 2 times (x 70B)
Class org.jetbrains.kotlin.fir.analysis.jvm.checkers.declaration.FirOverloadsChecker  : loaded 2 times (x 77B)
Class org.jetbrains.kotlin.fir.analysis.checkers.expression.FirCustomEnumEntriesMigrationAccessChecker: loaded 2 times (x 77B)
Class org.jetbrains.kotlin.fir.analysis.checkers.expression.FirSealedClassConstructorCallChecker: loaded 2 times (x 77B)
Class org.jetbrains.kotlin.fir.analysis.checkers.syntax.FirAnnotatedBinaryExpressionChecker: loaded 2 times (x 89B)
Class org.jetbrains.kotlin.fir.symbols.impl.FirSyntheticPropertySymbol                : loaded 2 times (x 83B)
Class org.jetbrains.kotlin.fir.analysis.checkers.declaration.FirActualTypeAliasChecker: loaded 2 times (x 77B)
Class org.jetbrains.kotlin.fir.analysis.checkers.declaration.FirDataObjectContentChecker: loaded 2 times (x 77B)
Class [Lorg.jetbrains.kotlin.fir.analysis.checkers.declaration.FirDeclarationChecker; : loaded 2 times (x 69B)
Class org.jetbrains.kotlin.fir.resolve.providers.impl.FirCachingCompositeSymbolProvider$special$$inlined$createCache$2: loaded 2 times (x 75B)
Class org.jetbrains.kotlin.fir.declarations.FirRegularClass                           : loaded 2 times (x 174B)
Class org.jetbrains.kotlin.fir.declarations.builder.FirSimpleFunctionBuilder          : loaded 2 times (x 163B)
Class org.jetbrains.kotlin.serialization.SerializerExtensionProtocol                  : loaded 2 times (x 72B)
Class org.jetbrains.kotlin.config.JvmDefaultMode                                      : loaded 2 times (x 79B)
Class org.jetbrains.kotlin.resolve.calls.checkers.AbstractClassInstantiationChecker   : loaded 2 times (x 74B)
Class org.jetbrains.kotlin.descriptors.FunctionDescriptor                             : loaded 2 times (x 70B)
Class org.jetbrains.kotlin.psi.KtBinaryExpressionWithTypeRHS                          : loaded 2 times (x 502B)
Class org.jetbrains.kotlin.psi.KtInitializerList                                      : loaded 2 times (x 444B)
Class [Lorg.jetbrains.kotlin.psi.KtVariableDeclaration;                               : loaded 2 times (x 69B)
Class [Lorg.jetbrains.kotlin.psi.KtCallableDeclaration;                               : loaded 2 times (x 69B)
Class org.jetbrains.kotlin.resolve.checkers.TailrecFunctionChecker                    : loaded 2 times (x 74B)
Class org.jetbrains.kotlin.fir.resolve.inference.InferenceComponents$ConstraintSystemFactory: loaded 2 times (x 72B)
Class org.jetbrains.kotlin.fir.types.ConeTypeApproximator                             : loaded 2 times (x 740B)
Class org.jetbrains.kotlin.fir.extensions.FirRegisteredPluginAnnotationsImpl          : loaded 2 times (x 79B)
Class [Lorg.jetbrains.kotlin.protobuf.WireFormat$JavaType;                            : loaded 2 times (x 69B)
Class org.jetbrains.kotlin.metadata.ProtoBuf$StringTableOrBuilder                     : loaded 2 times (x 70B)
Class [Lorg.jetbrains.kotlin.it.unimi.dsi.fastutil.objects.n;                         : loaded 2 times (x 69B)
Class [Lorg.jetbrains.org.objectweb.asm.Attribute;                                    : loaded 2 times (x 69B)
Class org.jetbrains.kotlin.load.java.structure.JavaElement                            : loaded 2 times (x 70B)
Class org.jetbrains.kotlin.com.intellij.openapi.util.RecursionManager$2               : loaded 2 times (x 75B)
Class org.jetbrains.kotlin.com.intellij.psi.search.LocalSearchScope                   : loaded 2 times (x 85B)
Class org.jetbrains.kotlin.cli.jvm.modules.CliJavaModuleResolver                      : loaded 2 times (x 78B)
Class org.jetbrains.kotlin.com.intellij.psi.impl.search.MethodSuperSearcher           : loaded 2 times (x 75B)
Class org.jetbrains.kotlin.com.intellij.util.diff.FlyweightCapableTreeStructure       : loaded 2 times (x 70B)
Class org.jetbrains.kotlin.com.intellij.lexer.LexerBase                               : loaded 2 times (x 83B)
Class org.jetbrains.kotlin.kotlinx.collections.immutable.implementations.immutableList.AbstractListIterator: loaded 2 times (x 98B)
Class org.jetbrains.kotlin.com.intellij.psi.PsiLanguageInjectionHost                  : loaded 2 times (x 70B)
Class org.jetbrains.kotlin.backend.jvm.lower.ExternalPackageParentPatcherLowering     : loaded 2 times (x 80B)
Class org.jetbrains.kotlin.backend.common.CommonBackendContext                        : loaded 2 times (x 70B)
Class org.jetbrains.kotlin.backend.jvm.lower.FakeLocalVariablesForBytecodeInlinerLowering: loaded 2 times (x 179B)
Class org.jetbrains.kotlin.backend.jvm.JvmLoweringPhasesKt$jvmFilePhases$53           : loaded 2 times (x 125B)
Class org.jetbrains.kotlin.backend.jvm.lower.PropertyReferenceDelegationLowering      : loaded 2 times (x 80B)
Class org.jetbrains.kotlin.backend.jvm.JvmLoweringPhasesKt$jvmFilePhases$2            : loaded 2 times (x 125B)
Class org.jetbrains.kotlin.load.java.JavaTypeEnhancementState                         : loaded 2 times (x 72B)
Class org.jetbrains.kotlin.cli.common.UtilsKt                                         : loaded 2 times (x 71B)
Class org.jetbrains.kotlin.fir.deserialization.LibraryPathFilter                      : loaded 2 times (x 72B)
Class org.jetbrains.kotlin.resolve.JvmCompilerDeserializationConfiguration$1          : loaded 2 times (x 125B)
Class org.jetbrains.kotlin.idea.gradleTooling.model.kapt.KaptGradleModel              : loaded 2 times (x 70B)
Class org.jetbrains.kotlin.idea.gradleTooling.KotlinDslScriptAdditionalTask           : loaded 2 times (x 70B)
Class org.jetbrains.plugins.gradle.model.ClasspathEntryModel                          : loaded 2 times (x 70B)
Class com.google.common.collect.Sets$4                                                : loaded 2 times (x 139B)
Class org.objectweb.asm.ModuleVisitor                                                 : loaded 2 times (x 81B)
Class com.google.common.reflect.Types$ClassOwnership$2                                : loaded 2 times (x 80B)
Class com.google.common.reflect.TypeResolver                                          : loaded 2 times (x 72B)
Class com.google.common.cache.LocalCache$Strength$1                                   : loaded 2 times (x 81B)
Class org.jetbrains.kotlin.com.intellij.psi.util.CachedValuesManager$1                : loaded 2 times (x 76B)
Class org.jetbrains.kotlin.com.intellij.psi.PsiCall                                   : loaded 2 times (x 70B)
Class org.jetbrains.kotlin.com.intellij.psi.PsiClassInitializer                       : loaded 2 times (x 70B)
Class org.jetbrains.kotlin.com.intellij.psi.impl.java.stubs.PsiTypeParameterStub      : loaded 2 times (x 70B)
Class org.jetbrains.kotlin.com.intellij.util.CollectionQuery                          : loaded 2 times (x 93B)
Class org.jetbrains.kotlin.load.java.structure.impl.classFiles.ClassifierResolutionContext$InnerClassInfo: loaded 2 times (x 72B)
Class org.jetbrains.kotlin.descriptors.annotations.KotlinTarget                       : loaded 2 times (x 80B)
Class org.jetbrains.kotlin.resolve.calls.inference.components.PostponedArgumentInputTypesResolver: loaded 2 times (x 72B)
Class org.jetbrains.kotlin.fir.java.FirLazyJavaDeclarationList                        : loaded 2 times (x 75B)
Class org.jetbrains.kotlin.fir.java.JavaTypeParameterStack                            : loaded 2 times (x 80B)
Class org.jetbrains.kotlin.fir.types.ConeTypeUtilsKt$WhenMappings                     : loaded 2 times (x 71B)
Class org.jetbrains.kotlin.fir.scopes.impl.FirGeneratedClassNestedClassifierScope$Companion: loaded 2 times (x 71B)
Class org.jetbrains.kotlin.metadata.jvm.JvmProtoBuf$JvmPropertySignatureOrBuilder     : loaded 2 times (x 70B)
Class org.jetbrains.kotlin.fir.symbols.impl.FirTypeParameterSymbol                    : loaded 2 times (x 81B)
Class org.jetbrains.kotlin.fir.scopes.impl.FirPackageMemberScopeKt$special$$inlined$scopeSessionKey$1: loaded 2 times (x 71B)
Class org.jetbrains.kotlin.fir.resolve.transformers.plugin.AbstractFirSpecificAnnotationResolveTransformer$FirEnumAnnotationArgumentsTransformerDispatcher: loaded 2 times (x 475B)
Class org.jetbrains.kotlin.com.intellij.psi.impl.source.BasicJavaDocElementType$DocReferenceHolderElementType: loaded 2 times (x 88B)
Class org.jetbrains.kotlin.fir.resolve.transformers.ImportUtilsKt                     : loaded 2 times (x 71B)
Class org.jetbrains.kotlin.fir.resolve.calls.overloads.FirOverloadByLambdaReturnTypeResolver: loaded 2 times (x 72B)
Class org.jetbrains.kotlin.fir.expressions.FirCatch                                   : loaded 2 times (x 92B)
Class org.jetbrains.kotlin.KtFakeSourceElementKind$DesugaredForLoop                   : loaded 2 times (x 72B)
Class org.jetbrains.kotlin.com.google.common.collect.RegularImmutableBiMap            : loaded 2 times (x 149B)
Class [Lorg.jetbrains.kotlin.descriptors.annotations.AnnotationUseSiteTarget;         : loaded 2 times (x 69B)
Class org.jetbrains.kotlin.fir.declarations.impl.FirAnonymousFunctionImpl             : loaded 2 times (x 228B)
Class org.jetbrains.kotlin.com.intellij.lang.impl.PsiBuilderAdapter                   : loaded 2 times (x 132B)
Class org.jetbrains.kotlin.fir.analysis.checkers.type.FirFunctionalTypeParameterSyntaxChecker: loaded 2 times (x 90B)
Class org.jetbrains.kotlin.fir.analysis.checkers.expression.FirOptInUsageQualifierChecker: loaded 2 times (x 77B)
Class org.jetbrains.kotlin.fir.analysis.cfa.FirCallsEffectAnalyzer                    : loaded 2 times (x 76B)
Class org.jetbrains.kotlin.fir.analysis.checkers.declaration.FirExtensionShadowedByMemberChecker$Regular: loaded 2 times (x 78B)
Class org.jetbrains.kotlin.fir.session.FirJvmIncrementalCompilationSymbolProviders    : loaded 2 times (x 72B)
Class org.jetbrains.kotlin.fir.java.FirJavaFacade$Companion                           : loaded 2 times (x 71B)
Class org.jetbrains.kotlin.fir.resolve.providers.impl.FirCachingCompositeSymbolProvider$special$$inlined$createCache$3: loaded 2 times (x 75B)
Class org.jetbrains.kotlin.fir.resolve.providers.impl.FirFallbackBuiltinSymbolProvider: loaded 2 times (x 84B)
Class org.jetbrains.kotlin.fir.resolve.transformers.plugin.CompilerRequiredAnnotationEnhancementProvider: loaded 2 times (x 72B)
Class org.jetbrains.kotlin.resolve.calls.checkers.OperatorCallChecker$Companion       : loaded 2 times (x 71B)
Class org.jetbrains.kotlin.resolve.calls.checkers.OperatorCallChecker                 : loaded 2 times (x 74B)
Class org.jetbrains.kotlin.psi.KtWhileExpression                                      : loaded 2 times (x 441B)
Class org.jetbrains.kotlin.psi.KtCollectionLiteralExpression                          : loaded 2 times (x 569B)
Class [Lorg.jetbrains.kotlin.psi.KtSuperTypeListEntry;                                : loaded 2 times (x 69B)
Class org.jetbrains.kotlin.psi.stubs.elements.KtStringInterpolationPrefixElementType  : loaded 2 times (x 100B)
Class org.jetbrains.kotlin.psi.KtTypeParameterList                                    : loaded 2 times (x 446B)
Class org.jetbrains.kotlin.fir.scopes.impl.FirGeneratedMemberDeclarationsStorage$StorageContext: loaded 2 times (x 72B)
Class org.jetbrains.kotlin.metadata.ProtoBuf$QualifiedNameTable$QualifiedNameOrBuilder: loaded 2 times (x 70B)
Class org.jetbrains.kotlin.metadata.jvm.JvmModuleProtoBuf$Module                      : loaded 2 times (x 124B)
Class org.jetbrains.kotlin.protobuf.GeneratedMessageLite$ExtendableMessage            : loaded 2 times (x 113B)
Class org.jetbrains.kotlin.fir.analysis.checkers.FirPrimaryConstructorSuperTypeCheckerPlatformComponent: loaded 2 times (x 72B)
Class org.jetbrains.kotlin.fir.FirBinaryDependenciesModuleData                        : loaded 2 times (x 82B)
Class org.jetbrains.kotlin.resolve.jvm.extensions.AnalysisHandlerExtension            : loaded 2 times (x 70B)
Class org.jetbrains.kotlin.cli.jvm.compiler.KotlinCliJavaFileManagerImpl              : loaded 2 times (x 91B)
Class [Lorg.jetbrains.kotlin.com.intellij.psi.search.SearchScope;                     : loaded 2 times (x 69B)
Class [Lorg.jetbrains.kotlin.com.intellij.openapi.vfs.VirtualFile;                    : loaded 2 times (x 69B)
Class org.jetbrains.kotlin.com.intellij.psi.impl.PsiTreeChangeEventImpl               : loaded 2 times (x 86B)
Class org.jetbrains.kotlin.types.KotlinType                                           : loaded 2 times (x 83B)
Class org.jetbrains.kotlin.resolve.checkers.SealedInheritorInSameModuleChecker        : loaded 2 times (x 74B)
Class org.jetbrains.kotlin.com.intellij.psi.impl.source.SubstrateRef$StubRef          : loaded 2 times (x 77B)
Class org.jetbrains.kotlin.com.intellij.util.graph.GraphAlgorithms                    : loaded 2 times (x 71B)
Class org.jetbrains.kotlin.com.intellij.psi.PsiFileSystemItem                         : loaded 2 times (x 70B)
Class org.jetbrains.kotlin.com.intellij.openapi.util.Condition$1                      : loaded 2 times (x 86B)
Class org.jetbrains.kotlin.backend.jvm.JvmLoweringPhasesKt$jvmFilePhases$54           : loaded 2 times (x 125B)
Class org.jetbrains.kotlin.backend.jvm.JvmLoweringPhasesKt$jvmFilePhases$3            : loaded 2 times (x 125B)
Class org.jetbrains.kotlin.load.java.NullabilityAnnotationStates$Companion            : loaded 2 times (x 71B)
Class [Lorg.jetbrains.kotlin.psi.KtAnonymousInitializer;                              : loaded 2 times (x 69B)
Class [Lorg.jetbrains.kotlin.psi.KtUserType;                                          : loaded 2 times (x 69B)
Class [Lorg.jetbrains.kotlin.psi.ValueArgument;                                       : loaded 2 times (x 69B)
Class com.amazon.ion.IonTimestamp                                                     : loaded 2 times (x 70B)
Class com.amazon.ion.impl.bin.PooledBlockAllocatorProvider$PooledBlockAllocator       : loaded 2 times (x 81B)
Class org.jetbrains.plugins.gradle.tooling.serialization.GradleExtensionsSerializationService: loaded 2 times (x 77B)
Class org.gradle.api.JavaVersion                                                      : loaded 2 times (x 79B)
Class org.gradle.tooling.model.Dependency                                             : loaded 2 times (x 70B)
Class com.google.common.collect.Collections2$FilteredCollection                       : loaded 2 times (x 119B)
Class com.google.common.reflect.Types$ClassOwnership$3                                : loaded 2 times (x 71B)
Class com.google.common.util.concurrent.SettableFuture                                : loaded 2 times (x 114B)
Class com.google.common.cache.LocalCache$Strength$2                                   : loaded 2 times (x 81B)
Class org.jetbrains.kotlin.psi.KtScriptInitializer                                    : loaded 2 times (x 716B)
Class [Lorg.jetbrains.kotlin.com.intellij.psi.PsiTypeParameter;                       : loaded 2 times (x 69B)
Class org.jetbrains.kotlin.com.intellij.util.containers.ConcurrentIntObjectHashMap    : loaded 2 times (x 86B)
Class org.jetbrains.kotlin.com.intellij.psi.impl.java.stubs.ClsStubPsiFactory         : loaded 2 times (x 93B)
Class org.jetbrains.kotlin.com.intellij.psi.impl.java.stubs.impl.PsiJavaFileStubImpl  : loaded 2 times (x 212B)
Class org.jetbrains.kotlin.com.intellij.util.containers.ConcurrentSoftValueHashMap$MySoftReference: loaded 2 times (x 84B)
Class org.jetbrains.kotlin.load.java.structure.impl.classFiles.PlainJavaArrayType     : loaded 2 times (x 97B)
Class org.jetbrains.kotlin.fir.java.declarations.FirJavaClass                         : loaded 2 times (x 174B)
Class org.jetbrains.kotlin.fir.java.enhancement.FirJavaAnnotationList                 : loaded 2 times (x 70B)
Class org.jetbrains.kotlin.load.java.structure.impl.classFiles.BinaryJavaClass        : loaded 2 times (x 198B)
Class org.jetbrains.kotlin.fir.deserialization.FirDeserializationContext$Companion    : loaded 2 times (x 71B)
Class org.jetbrains.kotlin.fir.resolve.LookupTagUtilsKt                               : loaded 2 times (x 71B)
Class org.jetbrains.kotlin.fir.declarations.EmptyDeprecationsProvider                 : loaded 2 times (x 72B)
Class org.jetbrains.kotlin.fir.resolve.transformers.body.resolve.ReturnTypeCalculatorWithJump: loaded 2 times (x 75B)
Class org.jetbrains.kotlin.fir.resolve.calls.FirCallResolver                          : loaded 2 times (x 72B)
Class org.jetbrains.kotlin.kotlinx.collections.immutable.implementations.persistentOrderedMap.PersistentOrderedMap$Companion: loaded 2 times (x 71B)
Class org.jetbrains.kotlin.fir.resolve.dfa.StackKt                                    : loaded 2 times (x 71B)
Class org.jetbrains.kotlin.fir.expressions.builder.FirCheckedSafeCallSubjectBuilder   : loaded 2 times (x 84B)
Class org.jetbrains.kotlin.fir.declarations.utils.ComponentFunctionSymbolKey          : loaded 2 times (x 71B)
Class org.jetbrains.kotlin.fir.declarations.impl.FirDefaultPropertyAccessorKt         : loaded 2 times (x 71B)
Class org.jetbrains.kotlin.fir.declarations.impl.FirReceiverParameterImpl             : loaded 2 times (x 112B)
Class org.jetbrains.kotlin.fir.declarations.InlineStatus                              : loaded 2 times (x 79B)
Class org.jetbrains.kotlin.fir.CorrespondingProperty                                  : loaded 2 times (x 71B)
Class org.jetbrains.kotlin.fir.SubstitutedOverrideOriginalKey                         : loaded 2 times (x 71B)
Class org.jetbrains.kotlin.fir.declarations.FirConstructor                            : loaded 2 times (x 211B)
Class org.jetbrains.kotlin.fir.lightTree.converter.LightTreeRawFirDeclarationBuilder  : loaded 2 times (x 103B)
Class org.jetbrains.kotlin.fir.analysis.checkers.CommonLanguageVersionSettingsCheckers: loaded 2 times (x 73B)
Class org.jetbrains.kotlin.fir.analysis.checkers.expression.FirLateinitIntrinsicApplicabilityChecker: loaded 2 times (x 77B)
Class org.jetbrains.kotlin.fir.analysis.checkers.expression.FirUninitializedEnumChecker: loaded 2 times (x 77B)
Class org.jetbrains.kotlin.KtFakeSourceElementKind$PropertyFromParameter              : loaded 2 times (x 72B)
Class org.jetbrains.kotlin.fir.analysis.checkers.syntax.FirDelegationInInterfaceSyntaxChecker: loaded 2 times (x 89B)
Class org.jetbrains.kotlin.fir.resolve.providers.impl.FirCachingCompositeSymbolProvider$special$$inlined$createCache$4: loaded 2 times (x 75B)
Class org.jetbrains.kotlin.fir.extensions.FirExtensionServiceKt                       : loaded 2 times (x 71B)
Class org.jetbrains.kotlin.load.java.AbstractAnnotationTypeQualifierResolver$Companion: loaded 2 times (x 71B)
Class [Lorg.jetbrains.kotlin.psi.KtConstructorCalleeExpression;                       : loaded 2 times (x 69B)
Class [Lorg.jetbrains.kotlin.psi.KtDeclarationWithInitializer;                        : loaded 2 times (x 69B)
Class org.jetbrains.kotlin.psi.stubs.elements.KtValueArgumentListElementType          : loaded 2 times (x 103B)
Class org.jetbrains.kotlin.resolve.checkers.ExplicitApiDeclarationChecker             : loaded 2 times (x 74B)
Class org.jetbrains.kotlin.fir.FirVisibilityChecker                                   : loaded 2 times (x 73B)
Class org.jetbrains.kotlin.fir.extensions.predicate.PredicateVisitor                  : loaded 2 times (x 80B)
Class [Lorg.jetbrains.kotlin.types.model.TypeArgumentMarker;                          : loaded 2 times (x 69B)
Class org.jetbrains.kotlin.protobuf.CodedOutputStream$OutOfSpaceException             : loaded 2 times (x 82B)
Class org.jetbrains.kotlin.metadata.ProtoBuf$Annotation$Argument$Value                : loaded 2 times (x 127B)
Class org.jetbrains.kotlin.KtVirtualFileSourceFile                                    : loaded 2 times (x 77B)
Class org.jetbrains.kotlin.cli.pipeline.jvm.JvmFrontendPipelinePhase$EnvironmentAndSources: loaded 2 times (x 72B)
Class org.jetbrains.kotlin.cli.jvm.compiler.CliMetadataFinderFactory                  : loaded 2 times (x 76B)
Class org.jetbrains.kotlin.fir.extensions.FirExtensionRegistrarAdapter$Companion      : loaded 2 times (x 72B)
Class org.jetbrains.kotlin.com.intellij.openapi.roots.PackageIndex                    : loaded 2 times (x 73B)
Class kotlinx.coroutines.internal.ThreadContextKt$countAll$1                          : loaded 2 times (x 78B)
Class org.jetbrains.kotlin.descriptors.DeclarationDescriptorNonRoot                   : loaded 2 times (x 70B)
Class org.jetbrains.kotlin.resolve.checkers.DeprecatedClassifierUsageChecker          : loaded 2 times (x 74B)
Class org.jetbrains.kotlin.com.intellij.navigation.NavigationItem                     : loaded 2 times (x 70B)
Class org.jetbrains.kotlin.com.intellij.util.text.StringKt                            : loaded 2 times (x 71B)
Class org.jetbrains.kotlin.com.intellij.ide.plugins.DisabledPluginsState$Companion    : loaded 2 times (x 71B)
Class org.jetbrains.kotlin.cli.pipeline.jvm.JvmFrontendPipelinePhase$checkNotSupportedPlugins$notSupportedPlugins$1$1: loaded 2 times (x 127B)
Class org.jetbrains.kotlin.com.intellij.openapi.util.Condition$2                      : loaded 2 times (x 86B)
Class org.jetbrains.kotlin.cli.common.modules.ModuleBuilder                           : loaded 2 times (x 83B)
Class org.jetbrains.kotlin.backend.jvm.lower.JvmIrInliner                             : loaded 2 times (x 80B)
Class org.jetbrains.kotlin.backend.jvm.lower.FakeInliningLocalVariables               : loaded 2 times (x 70B)
Class org.jetbrains.kotlin.backend.jvm.lower.TypeOperatorLowering                     : loaded 2 times (x 344B)
Class org.jetbrains.kotlin.backend.jvm.lower.AdditionalClassAnnotationLowering        : loaded 2 times (x 85B)
Class org.jetbrains.kotlin.backend.jvm.JvmLoweringPhasesKt$jvmFilePhases$55           : loaded 2 times (x 125B)
Class org.jetbrains.kotlin.backend.jvm.lower.JvmReturnableBlockLowering               : loaded 2 times (x 85B)
Class org.jetbrains.kotlin.backend.jvm.lower.MappedEnumWhenLowering                   : loaded 2 times (x 357B)
Class org.jetbrains.kotlin.backend.jvm.JvmLoweringPhasesKt$jvmFilePhases$4            : loaded 2 times (x 125B)
Class org.jetbrains.kotlin.cli.common.arguments.JavaTypeEnhancementStateParser$Companion: loaded 2 times (x 71B)
Class org.jetbrains.kotlin.com.google.common.collect.AbstractMapBasedMultimap$RandomAccessWrappedList: loaded 2 times (x 205B)
Class org.jetbrains.kotlin.com.intellij.util.containers.RefHashMap$MyMap              : loaded 2 times (x 180B)
Class org.jetbrains.kotlin.it.unimi.dsi.fastutil.objects.Object2ObjectOpenHashMap     : loaded 2 times (x 180B)
Class kotlin.reflect.jvm.internal.KClassImpl$Data$descriptor$2                        : loaded 2 times (x 79B)
Class org.jetbrains.kotlin.fir.scopes.impl.FirJvmEnumEntriesSupport                   : loaded 2 times (x 73B)
Class org.jetbrains.kotlin.metadata.ProtoBuf$Type$Argument$1                          : loaded 2 times (x 144B)
Class org.jetbrains.kotlin.fir.declarations.DeprecationsProvider                      : loaded 2 times (x 72B)
Class org.jetbrains.kotlin.resolve.checkers.OptInNames                                : loaded 2 times (x 71B)
Class com.amazon.ion.IonDatagram                                                      : loaded 2 times (x 70B)
Class com.amazon.ion.impl._Private_RecyclingStack$ElementFactory                      : loaded 2 times (x 70B)
Class com.amazon.ion.impl.bin.IonManagedBinaryWriter$ImportedSymbolResolverMode$1$1   : loaded 2 times (x 78B)
Class com.amazon.ion.impl._Private_ByteTransferSink                                   : loaded 2 times (x 70B)
Class com.intellij.openapi.externalSystem.model.project.dependencies.ResolutionState  : loaded 2 times (x 79B)
Class com.android.builder.model.v2.ide.AbstractArtifact                               : loaded 2 times (x 70B)
Class com.google.common.collect.ComparisonChain$1                                     : loaded 2 times (x 81B)
Class com.google.common.collect.AllEqualOrdering                                      : loaded 2 times (x 114B)
Class [Lcom.google.common.collect.Maps$EntryFunction;                                 : loaded 2 times (x 69B)
Class com.google.common.collect.TransformedIterator                                   : loaded 2 times (x 80B)
Class com.google.common.cache.LocalCache$Strength$3                                   : loaded 2 times (x 81B)
Class com.google.common.collect.MapDifference                                         : loaded 2 times (x 70B)
Class org.jetbrains.kotlin.fir.analysis.checkers.declaration.ContractSyntaxV2PropertyChecker: loaded 2 times (x 77B)
Class org.jetbrains.kotlin.com.intellij.util.Consumer                                 : loaded 2 times (x 70B)
Class org.jetbrains.kotlin.com.intellij.psi.PsiWildcardType                           : loaded 2 times (x 103B)
Class org.jetbrains.kotlin.com.intellij.psi.impl.java.stubs.PsiTypeParameterListStub  : loaded 2 times (x 70B)
Class org.jetbrains.kotlin.com.intellij.psi.impl.java.stubs.JavaPackageAccessibilityStatementElementType: loaded 2 times (x 115B)
Class org.jetbrains.kotlin.io.vavr.Value                                              : loaded 2 times (x 70B)
Class org.jetbrains.kotlin.fir.declarations.impl.FirTypeParameterImpl                 : loaded 2 times (x 123B)
Class [Lorg.jetbrains.kotlin.serialization.deserialization.descriptors.DeserializedContainerAbiStability;: loaded 2 times (x 69B)
Class org.jetbrains.kotlin.fir.resolve.CallableIdUtilsKt                              : loaded 2 times (x 71B)
Class org.jetbrains.kotlin.com.google.common.collect.AbstractMapBasedMultimap$WrappedSet: loaded 2 times (x 142B)
Class org.jetbrains.kotlin.fir.declarations.ImplicitReceiverUtilsKt                   : loaded 2 times (x 71B)
Class org.jetbrains.kotlin.fir.resolve.transformers.plugin.FirCompilerRequiredAnnotationsResolveTransformer: loaded 2 times (x 393B)
Class org.jetbrains.kotlin.fir.resolve.transformers.FirConstantEvaluationProcessor    : loaded 2 times (x 76B)
Class org.jetbrains.kotlin.fir.resolve.calls.tower.TowerGroupKind$QualifierValue      : loaded 2 times (x 76B)
Class org.jetbrains.kotlin.fir.resolve.transformers.body.resolve.FirPartialBodyResolveTransformer: loaded 2 times (x 396B)
Class org.jetbrains.kotlin.fir.resolve.transformers.FirSyntheticCallGenerator         : loaded 2 times (x 72B)
Class org.jetbrains.kotlin.fir.resolve.inference.FirInferenceSession                  : loaded 2 times (x 79B)
Class org.jetbrains.kotlin.fir.resolve.transformers.FirTotalResolveProcessor          : loaded 2 times (x 72B)
Class org.jetbrains.kotlin.fir.lightTree.fir.DestructuringDeclarationKt               : loaded 2 times (x 71B)
Class org.jetbrains.kotlin.KtFakeSourceElementKind$ImplicitReturn$FromExpressionBody  : loaded 2 times (x 72B)
Class org.jetbrains.kotlin.fir.builder.ConversionUtilsKt$generateAccessorsByDelegate$1: loaded 2 times (x 125B)
Class org.jetbrains.kotlin.fir.symbols.impl.FirAnonymousFunctionSymbol                : loaded 2 times (x 78B)
Class org.jetbrains.kotlin.fir.expressions.FirAbstractArgumentList                    : loaded 2 times (x 89B)
Class org.jetbrains.kotlin.com.intellij.lang.TokenWrapper                             : loaded 2 times (x 77B)
Class org.jetbrains.kotlin.com.intellij.lang.impl.MarkerPool                          : loaded 2 times (x 72B)
Class org.jetbrains.kotlin.fir.analysis.checkers.expression.FirLoopConditionChecker   : loaded 2 times (x 77B)
Class org.jetbrains.kotlin.fir.analysis.checkers.expression.FirProtectedConstructorNotInSuperCallChecker: loaded 2 times (x 77B)
Class org.jetbrains.kotlin.fir.analysis.checkers.declaration.FirNotImplementedOverrideChecker: loaded 2 times (x 77B)
Class org.jetbrains.kotlin.fir.resolve.providers.impl.FirCachingCompositeSymbolProvider$special$$inlined$createCache$5: loaded 2 times (x 75B)
Class org.jetbrains.kotlin.fir.java.JvmSupertypeUpdater                               : loaded 2 times (x 73B)
Class org.jetbrains.kotlin.psi.KtScript                                               : loaded 2 times (x 917B)
Class org.jetbrains.kotlin.psi.stubs.KotlinValueArgumentStub                          : loaded 2 times (x 70B)
Class [Lorg.jetbrains.kotlin.psi.KtModifierList;                                      : loaded 2 times (x 69B)
Class org.jetbrains.kotlin.psi.KtDeclarationModifierList                              : loaded 2 times (x 512B)
Class org.jetbrains.kotlin.psi.KtTypeParameter                                        : loaded 2 times (x 915B)
Class org.jetbrains.kotlin.com.intellij.psi.stubs.NamedStub                           : loaded 2 times (x 70B)
Class org.jetbrains.kotlin.fir.analysis.FirOverridesBackwardCompatibilityHelper       : loaded 2 times (x 74B)
Class org.jetbrains.kotlin.fir.declarations.FirAnnotationsPlatformSpecificSupportComponent: loaded 2 times (x 78B)
Class org.jetbrains.kotlin.types.TypeSystemCommonBackendContext                       : loaded 2 times (x 70B)
Class org.jetbrains.kotlin.fir.types.impl.FirImplicitNumberTypeRef                    : loaded 2 times (x 107B)
Class org.jetbrains.kotlin.fir.types.ConeTypeProjection$Companion                     : loaded 2 times (x 71B)
Class org.jetbrains.kotlin.fir.types.ConeLookupTagBasedType                           : loaded 2 times (x 81B)
Class org.jetbrains.kotlin.resolve.jvm.modules.JavaModule$Root                        : loaded 2 times (x 72B)
Class [Lorg.jetbrains.kotlin.extensions.CompilerConfigurationExtension;               : loaded 2 times (x 69B)
Class org.jetbrains.kotlin.com.intellij.psi.JavaPsiFacade                             : loaded 2 times (x 86B)
Class org.jetbrains.kotlin.com.intellij.lang.jvm.types.JvmPrimitiveType               : loaded 2 times (x 70B)
Class org.jetbrains.kotlin.com.intellij.psi.impl.PsiFileFactoryImpl                   : loaded 2 times (x 86B)
Class org.jetbrains.kotlin.com.intellij.util.messages.impl.ToParentMessagePublisher   : loaded 2 times (x 76B)
Class org.jetbrains.kotlin.kotlinx.collections.immutable.implementations.immutableSet.TrieNodeKt: loaded 2 times (x 71B)
Class org.jetbrains.kotlin.com.intellij.ide.plugins.DescriptorListLoadingContext$disabledPlugins$2: loaded 2 times (x 79B)
Class org.jetbrains.kotlin.com.intellij.util.containers.ConcurrentRefHashMap$KeyReference: loaded 2 times (x 70B)
Class org.jetbrains.kotlin.com.intellij.psi.PsiParameterListOwner                     : loaded 2 times (x 70B)
Class org.jetbrains.kotlin.com.intellij.psi.PsiModifierListOwner                      : loaded 2 times (x 70B)
Class org.jetbrains.kotlin.com.intellij.psi.impl.source.tree.java.PsiKeywordImpl      : loaded 2 times (x 434B)
Class org.jetbrains.kotlin.com.intellij.openapi.command.CommandEvent                  : loaded 2 times (x 76B)
Class org.jetbrains.kotlin.com.intellij.openapi.vfs.VirtualFileEvent                  : loaded 2 times (x 77B)
Class org.jetbrains.kotlin.com.intellij.openapi.editor.Document                       : loaded 2 times (x 70B)
Class org.jetbrains.kotlin.com.intellij.util.messages.impl.MessageQueue               : loaded 2 times (x 72B)
Class org.jetbrains.kotlin.com.intellij.util.concurrency.SynchronizedClearableLazy    : loaded 2 times (x 75B)
Class org.jetbrains.kotlin.com.intellij.openapi.util.UserDataHolderEx                 : loaded 2 times (x 70B)
Class org.jetbrains.kotlin.cli.pipeline.jvm.JvmFrontendPipelinePhase$checkNotSupportedPlugins$notSupportedPlugins$1$2: loaded 2 times (x 127B)
Class org.jetbrains.kotlin.com.intellij.openapi.util.Condition$3                      : loaded 2 times (x 86B)
Class org.jetbrains.kotlin.backend.jvm.lower.ResolveInlineCalls                       : loaded 2 times (x 344B)
Class org.jetbrains.kotlin.backend.common.ErrorReportingContext                       : loaded 2 times (x 70B)
Class org.jetbrains.kotlin.backend.jvm.JvmLoweringPhasesKt$jvmFilePhases$56           : loaded 2 times (x 125B)
Class org.jetbrains.kotlin.backend.jvm.lower.JvmTailrecLowering                       : loaded 2 times (x 89B)
Class org.jetbrains.kotlin.backend.jvm.JvmLoweringPhasesKt$jvmFilePhases$5            : loaded 2 times (x 125B)
Class org.jetbrains.kotlin.cli.pipeline.ArgumentsPipelineArtifact                     : loaded 2 times (x 72B)
Class org.jetbrains.kotlin.fir.declarations.FirDeclarationOrigin$Source               : loaded 2 times (x 72B)
Class org.jetbrains.kotlin.config.LanguageFeatureBehaviorAfterSinceVersion            : loaded 2 times (x 71B)
Class [Lorg.jetbrains.kotlin.config.LanguageFeature;                                  : loaded 2 times (x 69B)
Class org.jetbrains.kotlin.fir.analysis.checkers.expression.FirAbstractSuperCallChecker: loaded 2 times (x 77B)
Class org.jetbrains.plugins.gradle.model.ExternalLibraryDependency                    : loaded 2 times (x 70B)
Class com.google.gson.LongSerializationPolicy                                         : loaded 2 times (x 80B)
Class sync_studio_tooling3_2qb199vgvylsu26o1hmxmrwq8                                  : loaded 2 times (x 171B)
Class org.objectweb.asm.FieldWriter                                                   : loaded 2 times (x 78B)
Class com.google.common.reflect.Invokable                                             : loaded 2 times (x 103B)
Class com.google.common.cache.CacheBuilder$NullListener                               : loaded 2 times (x 82B)
Class org.gradle.internal.classpath.TransformedClassPath                              : loaded 2 times (x 96B)
Class org.gradle.internal.classloader.InstrumentingClassLoader                        : loaded 2 times (x 70B)
Class [Lorg.jetbrains.kotlin.name.CallableId;                                         : loaded 2 times (x 69B)
Class org.jetbrains.kotlin.fir.resolve.transformers.FirSealedClassInheritorsProcessor$InheritorsTransformer: loaded 2 times (x 386B)
Class org.jetbrains.kotlin.com.intellij.psi.impl.source.ClassInnerStuffCache          : loaded 2 times (x 72B)
Class [Lorg.jetbrains.kotlin.com.intellij.util.containers.ConcurrentIntObjectHashMap$Node;: loaded 2 times (x 69B)
Class org.jetbrains.kotlin.com.intellij.psi.impl.compiled.ClsElementImpl              : loaded 2 times (x 353B)
Class org.jetbrains.kotlin.com.intellij.psi.PsiUsesStatement                          : loaded 2 times (x 70B)
Class org.jetbrains.kotlin.load.java.structure.impl.classFiles.BinaryJavaField        : loaded 2 times (x 123B)
Class org.jetbrains.kotlin.fir.analysis.jvm.checkers.expression.FirJavaUnnecessaryNotNullChecker: loaded 2 times (x 77B)
Class org.jetbrains.kotlin.metadata.jvm.JvmProtoBuf$StringTableTypes$RecordOrBuilder  : loaded 2 times (x 70B)
Class org.jetbrains.kotlin.resolve.jvm.JvmClassName                                   : loaded 2 times (x 76B)
Class org.jetbrains.kotlin.fir.declarations.FirDeclarationOrigin$Enhancement          : loaded 2 times (x 72B)
Class org.jetbrains.kotlin.fir.resolve.transformers.IntegerLiteralAndOperatorApproximationTransformer: loaded 2 times (x 386B)
Class org.jetbrains.kotlin.fir.resolve.transformers.FirSpecificTypeResolverTransformer: loaded 2 times (x 389B)
Class org.jetbrains.kotlin.fir.resolve.transformers.SupertypeComputationSession       : loaded 2 times (x 75B)
Class org.jetbrains.kotlin.fir.declarations.utils.IsFromVarargKey                     : loaded 2 times (x 71B)
Class org.jetbrains.kotlin.fir.declarations.impl.FirPropertyAccessorImpl              : loaded 2 times (x 240B)
Class org.jetbrains.kotlin.KtFakeSourceElementKind$ImplicitTypeRef                    : loaded 2 times (x 72B)
Class org.jetbrains.kotlin.fir.analysis.checkers.type.FirDynamicUnsupportedChecker    : loaded 2 times (x 77B)
Class org.jetbrains.kotlin.fir.analysis.jvm.checkers.declaration.FirJvmSyntheticApplicabilityChecker: loaded 2 times (x 77B)
Class org.jetbrains.kotlin.fir.analysis.checkers.declaration.FirTypeParameterBoundsChecker: loaded 2 times (x 77B)
Class org.jetbrains.kotlin.fir.analysis.checkers.declaration.FirScriptPropertiesChecker: loaded 2 times (x 77B)
Class org.jetbrains.kotlin.fir.analysis.checkers.declaration.FirFunInterfaceDeclarationChecker$Regular: loaded 2 times (x 78B)
Class org.jetbrains.kotlin.fir.analysis.checkers.type.FirTypeChecker                  : loaded 2 times (x 77B)
Class org.jetbrains.kotlin.fir.analysis.checkers.expression.ExpressionCheckers        : loaded 2 times (x 107B)
Class org.jetbrains.kotlin.fir.java.deserialization.OptionalAnnotationClassesProvider$annotationDeserializer$1: loaded 2 times (x 87B)
Class org.jetbrains.kotlin.fir.resolve.providers.impl.BinaryVersionAndPackageFragment$Companion: loaded 2 times (x 71B)
Class org.jetbrains.kotlin.builtins.StandardNames                                     : loaded 2 times (x 71B)
Class org.jetbrains.kotlin.fir.java.FirSyntheticPropertiesStorage                     : loaded 2 times (x 72B)
Class org.jetbrains.kotlin.container.ComponentDescriptor                              : loaded 2 times (x 70B)
Class org.jetbrains.kotlin.psi.KtFunctionNotStubbed                                   : loaded 2 times (x 1195B)
Class [Lorg.jetbrains.kotlin.psi.KtTypeParameterListOwnerStub;                        : loaded 2 times (x 69B)
Class org.jetbrains.kotlin.com.intellij.psi.StubBasedPsiElement                       : loaded 2 times (x 70B)
Class org.jetbrains.kotlin.fir.resolve.transformers.FirDummyCompilerLazyDeclarationResolver: loaded 2 times (x 77B)
Class org.jetbrains.kotlin.com.intellij.util.io.UnsyncByteArrayInputStream            : loaded 2 times (x 92B)
Class org.jetbrains.kotlin.fir.backend.Fir2IrReplSnippetConfiguratorExtension         : loaded 2 times (x 76B)
Class org.jetbrains.kotlin.metadata.ProtoBuf$MemberKind$1                             : loaded 2 times (x 74B)
Class org.jetbrains.kotlin.backend.jvm.extensions.ClassGeneratorExtension$Companion   : loaded 2 times (x 72B)
Class org.jetbrains.kotlin.com.intellij.psi.JvmPsiConversionHelper                    : loaded 2 times (x 70B)
Class [Lorg.jetbrains.kotlin.com.fasterxml.aalto.in.ByteBasedPNameTable$Bucket;       : loaded 2 times (x 69B)
Class org.jetbrains.kotlin.parsing.SemanticWhitespaceAwarePsiBuilder                  : loaded 2 times (x 70B)
Class org.jetbrains.kotlin.parsing.TrailingCommentsBinder                             : loaded 2 times (x 74B)
Class org.jetbrains.kotlin.com.intellij.openapi.projectRoots.JavaVersionService       : loaded 2 times (x 72B)
Class org.jetbrains.kotlin.com.intellij.psi.impl.java.stubs.PsiJavaFileStub           : loaded 2 times (x 70B)
Class org.jetbrains.kotlin.com.intellij.psi.PsiJavaToken                              : loaded 2 times (x 70B)
Class org.jetbrains.kotlin.com.intellij.util.messages.MessageBusConnection            : loaded 2 times (x 70B)
Class org.jetbrains.kotlin.com.intellij.util.containers.FastUtilHashingStrategies$SerializableHashStrategy: loaded 2 times (x 70B)
Class org.jetbrains.kotlin.cli.common.config.KotlinSourceRoot                         : loaded 2 times (x 72B)
Class org.jetbrains.kotlin.backend.jvm.JvmLoweringPhasesKt$jvmFilePhases$57           : loaded 2 times (x 125B)
Class org.jetbrains.kotlin.backend.jvm.lower.InheritedDefaultMethodsOnClassesLowering : loaded 2 times (x 85B)
Class org.jetbrains.kotlin.backend.jvm.lower.JvmDefaultParameterCleaner               : loaded 2 times (x 88B)
Class org.jetbrains.kotlin.backend.jvm.lower.JvmValueClassAbstractLowering            : loaded 2 times (x 367B)
Class org.jetbrains.kotlin.backend.jvm.JvmLoweringPhasesKt$jvmFilePhases$20           : loaded 2 times (x 125B)
Class org.jetbrains.kotlin.backend.jvm.JvmLoweringPhasesKt$jvmFilePhases$6            : loaded 2 times (x 125B)
Class org.jetbrains.kotlin.com.intellij.openapi.util.CheckedDisposable                : loaded 2 times (x 70B)
Class org.jetbrains.kotlin.storage.StorageManager                                     : loaded 2 times (x 70B)
Class org.jetbrains.kotlin.diagnostics.impl.BaseDiagnosticsCollector$RawReporter$Companion: loaded 2 times (x 71B)
Class org.jetbrains.kotlin.com.google.common.base.Preconditions                       : loaded 2 times (x 71B)
Class org.jetbrains.kotlin.cli.common.environment.UtilKt                              : loaded 2 times (x 71B)
Class kotlin.reflect.jvm.internal.KPropertyImpl$_javaField$1                          : loaded 2 times (x 79B)
Class kotlin.reflect.jvm.internal.KClassImpl$data$1                                   : loaded 2 times (x 79B)
Class org.jetbrains.kotlin.fir.types.impl.FirImplicitTypeRefImplWithoutSource         : loaded 2 times (x 103B)
Class org.jetbrains.kotlin.fir.expressions.builder.FirPropertyAccessExpressionBuilder : loaded 2 times (x 101B)
Class org.jetbrains.kotlin.com.google.common.collect.ImmutableSet$RegularSetBuilderImpl: loaded 2 times (x 77B)
Class com.amazon.ion.IonValue                                                         : loaded 2 times (x 70B)
Class org.jetbrains.kotlin.fir.expressions.impl.FirWhileLoopImpl                      : loaded 2 times (x 131B)
Class org.jetbrains.kotlin.fir.expressions.builder.FirBreakExpressionBuilder          : loaded 2 times (x 94B)
Class com.google.common.collect.ImmutableRangeSet$AsSet                               : loaded 2 times (x 300B)
Class com.google.common.collect.Maps$IteratorBasedAbstractMap$1                       : loaded 2 times (x 138B)
Class com.google.common.collect.ImmutableListMultimap                                 : loaded 2 times (x 176B)
Class com.google.common.reflect.Types$ParameterizedTypeImpl                           : loaded 2 times (x 81B)
Class com.google.common.cache.CacheLoader$FunctionToCacheLoader                       : loaded 2 times (x 75B)
Class org.jetbrains.kotlin.fir.resolve.transformers.FirTotalResolveProcessorKt$WhenMappings: loaded 2 times (x 71B)
Class org.jetbrains.kotlin.protobuf.GeneratedMessageLite$ExtendableBuilder            : loaded 2 times (x 138B)
Class org.jetbrains.kotlin.fir.declarations.SinceKotlinProvider                       : loaded 2 times (x 73B)
Class org.jetbrains.kotlin.load.java.structure.impl.JavaAnnotationImpl                : loaded 2 times (x 99B)
Class org.jetbrains.kotlin.com.intellij.util.containers.ConcurrentIntObjectHashMap$ValuesView: loaded 2 times (x 111B)
Class org.jetbrains.kotlin.com.intellij.psi.impl.java.stubs.JavaParameterElementType  : loaded 2 times (x 115B)
Class org.jetbrains.kotlin.fir.resolve.SupertypeUtilsKt                               : loaded 2 times (x 71B)
Class org.jetbrains.kotlin.metadata.jvm.JvmProtoBuf$StringTableTypes                  : loaded 2 times (x 110B)
Class [Lorg.jetbrains.kotlin.util.PhaseSideType;                                      : loaded 2 times (x 69B)
Class org.jetbrains.kotlin.fir.resolve.providers.impl.FirBuiltinSymbolProvidersKt     : loaded 2 times (x 71B)
Class org.jetbrains.kotlin.fir.scopes.impl.DefaultImportPriority                      : loaded 2 times (x 80B)
Class org.jetbrains.kotlin.fir.resolve.dfa.StackImpl                                  : loaded 2 times (x 78B)
Class org.jetbrains.kotlin.fir.resolve.transformers.plugin.FirCompanionGenerationTransformer: loaded 2 times (x 386B)
Class org.jetbrains.kotlin.fir.expressions.builder.FirElvisExpressionBuilder          : loaded 2 times (x 84B)
Class org.jetbrains.kotlin.fir.declarations.utils.CompilerPluginMetadata              : loaded 2 times (x 71B)
Class org.jetbrains.kotlin.fir.types.FirStarProjection                                : loaded 2 times (x 87B)
Class org.jetbrains.kotlin.com.google.common.collect.ImmutableSet$Builder             : loaded 2 times (x 85B)
Class org.jetbrains.kotlin.descriptors.annotations.AnnotationUseSiteTarget            : loaded 2 times (x 79B)
Class org.jetbrains.kotlin.fir.declarations.impl.FirDefaultPropertyAccessor$Companion : loaded 2 times (x 71B)
Class org.jetbrains.kotlin.com.intellij.lang.impl.PsiBuilderImpl$RelativeTokenTextView: loaded 2 times (x 75B)
Class org.jetbrains.kotlin.it.unimi.dsi.fastutil.ints.AbstractIntList$b               : loaded 2 times (x 346B)
Class org.jetbrains.kotlin.it.unimi.dsi.fastutil.ints.IntStack                        : loaded 2 times (x 70B)
Class org.jetbrains.kotlin.fir.analysis.checkers.expression.FirSpreadOfNullableChecker: loaded 2 times (x 77B)
Class org.jetbrains.kotlin.fir.declarations.FirDeclarationOrigin$Synthetic$DataClassMember: loaded 2 times (x 72B)
Class org.jetbrains.kotlin.fir.resolve.providers.impl.FirTypeResolverImpl             : loaded 2 times (x 73B)
Class org.jetbrains.kotlin.descriptors.EffectiveVisibility$Public                     : loaded 2 times (x 75B)
Class org.jetbrains.kotlin.container.DynamicComponentDescriptor                       : loaded 2 times (x 74B)
Class org.jetbrains.kotlin.com.intellij.lexer.FlexAdapter                             : loaded 2 times (x 86B)
Class [Lorg.jetbrains.kotlin.psi.KtClassLiteralExpression;                            : loaded 2 times (x 69B)
Class org.jetbrains.kotlin.psi.KtSuperTypeEntry                                       : loaded 2 times (x 445B)
Class org.jetbrains.kotlin.psi.KtSimpleNameExpression                                 : loaded 2 times (x 70B)
Class [Lorg.jetbrains.kotlin.psi.KtImportList;                                        : loaded 2 times (x 69B)
Class org.jetbrains.kotlin.psi.stubs.KotlinClassStub                                  : loaded 2 times (x 70B)
Class org.jetbrains.kotlin.psi.stubs.elements.KtTypeProjectionElementType             : loaded 2 times (x 103B)
Class org.jetbrains.kotlin.psi.stubs.elements.KtPlaceHolderStubElementType            : loaded 2 times (x 103B)
Class org.jetbrains.kotlin.psi.KtTypeReference                                        : loaded 2 times (x 642B)
Class org.jetbrains.kotlin.fir.FirLanguageSettingsComponent                           : loaded 2 times (x 72B)
Class org.jetbrains.kotlin.resolve.TargetPlatform                                     : loaded 2 times (x 70B)
Class org.jetbrains.kotlin.com.intellij.psi.impl.light.LightElement                   : loaded 2 times (x 292B)
Class org.jetbrains.kotlin.com.intellij.util.containers.LinkedCustomHashMap           : loaded 2 times (x 72B)
Class org.jetbrains.kotlin.com.intellij.psi.impl.source.PsiFileWithStubSupport        : loaded 2 times (x 70B)
Class org.jetbrains.kotlin.com.intellij.psi.search.GlobalSearchScope$EmptyScope       : loaded 2 times (x 96B)
Class org.jetbrains.kotlin.kotlinx.collections.immutable.internal.EndOfChain          : loaded 2 times (x 71B)
Class org.jetbrains.kotlin.fir.util.SetMultimap                                       : loaded 2 times (x 110B)
Class org.jetbrains.kotlin.com.intellij.codeInsight.runner.JavaMainMethodProvider     : loaded 2 times (x 70B)
Class org.jetbrains.kotlin.com.intellij.navigation.ItemPresentationProvider           : loaded 2 times (x 70B)
Class [Lorg.jetbrains.kotlin.com.intellij.util.ConcurrentLongObjectHashMap$CounterCell;: loaded 2 times (x 69B)
Class org.jetbrains.kotlin.com.intellij.lang.SyntaxTreeBuilder                        : loaded 2 times (x 70B)
Class org.jetbrains.kotlin.com.intellij.openapi.util.text.StringUtil                  : loaded 2 times (x 71B)
Class org.jetbrains.kotlin.cli.jvm.config.JavaSourceRoot                              : loaded 2 times (x 77B)
Class org.jetbrains.kotlin.ir.inline.CommonInlineCallableReferenceToLambdaPhase       : loaded 2 times (x 261B)
Class org.jetbrains.kotlin.backend.jvm.JvmLoweringPhasesKt$jvmFilePhases$58           : loaded 2 times (x 125B)
Class org.jetbrains.kotlin.backend.jvm.lower.SingletonReferencesLowering              : loaded 2 times (x 353B)
Class org.jetbrains.kotlin.backend.jvm.JvmLoweringPhasesKt$jvmFilePhases$21           : loaded 2 times (x 125B)
Class org.jetbrains.kotlin.backend.jvm.JvmLoweringPhasesKt$jvmFilePhases$7            : loaded 2 times (x 125B)
Class org.jetbrains.kotlin.fir.resolve.FirTowerDataMode                               : loaded 2 times (x 79B)
Class [Lorg.jetbrains.kotlin.resolve.calls.tower.CandidateApplicability;              : loaded 2 times (x 69B)
Class org.jetbrains.kotlin.config.AnnotationDefaultTargetMode                         : loaded 2 times (x 79B)
Class org.jetbrains.kotlin.it.unimi.dsi.fastutil.ints.IntIterable                     : loaded 2 times (x 70B)
Class org.jetbrains.kotlin.it.unimi.dsi.fastutil.objects.ObjectIterable               : loaded 2 times (x 70B)
Class org.jetbrains.kotlin.fir.resolve.calls.overloads.ConeCallConflictResolver       : loaded 2 times (x 72B)
Class org.jetbrains.kotlin.config.LanguageFeature                                     : loaded 2 times (x 80B)
Class org.jetbrains.kotlin.fir.resolve.transformers.body.resolve.ReturnTypeCalculatorWithJump$CallableCopyTypeCalculatorWithJump: loaded 2 times (x 75B)
Class org.jetbrains.kotlin.fir.resolve.ToSymbolUtilsKt                                : loaded 2 times (x 71B)
Class org.jetbrains.kotlin.metadata.jvm.JvmProtoBuf$StringTableTypesOrBuilder         : loaded 2 times (x 70B)
Class com.google.gson.internal.bind.DefaultDateTypeAdapter                            : loaded 2 times (x 74B)
Class com.google.gson.GsonBuilder                                                     : loaded 2 times (x 72B)
Class com.amazon.ion.impl.bin.IonRawBinaryWriter$ContainerType                        : loaded 2 times (x 79B)
Class com.amazon.ion.impl._Private_IonTextWriterBuilder$Mutable                       : loaded 2 times (x 102B)
Class org.jetbrains.kotlin.descriptors.EffectiveVisibility$WhenMappings               : loaded 2 times (x 71B)
Class com.google.common.collect.EmptyImmutableListMultimap                            : loaded 2 times (x 176B)
Class com.google.common.collect.BaseImmutableMultimap                                 : loaded 2 times (x 123B)
Class com.google.common.reflect.TypeResolver$TypeVariableKey                          : loaded 2 times (x 72B)
Class com.google.common.base.MoreObjects                                              : loaded 2 times (x 71B)
Class org.jetbrains.kotlin.load.java.structure.ListBasedJavaAnnotationOwner           : loaded 2 times (x 70B)
Class org.jetbrains.kotlin.com.intellij.psi.PsiRequiresStatement                      : loaded 2 times (x 70B)
Class org.jetbrains.kotlin.load.java.structure.impl.classFiles.PlainJavaLiteralAnnotationArgument: loaded 2 times (x 79B)
Class org.jetbrains.kotlin.cli.jvm.compiler.KotlinCliJavaFileManagerImpl$WhenMappings : loaded 2 times (x 71B)
Class org.jetbrains.kotlin.descriptors.EffectiveVisibility$Permissiveness             : loaded 2 times (x 79B)
Class org.jetbrains.kotlin.metadata.jvm.JvmProtoBuf$StringTableTypes$1                : loaded 2 times (x 144B)
Class org.jetbrains.kotlin.fir.resolve.providers.impl.FirTypeCandidateCollector$TypeResolutionResult: loaded 2 times (x 71B)
Class org.jetbrains.kotlin.serialization.deserialization.ClassData                    : loaded 2 times (x 72B)
Class org.jetbrains.kotlin.load.java.structure.impl.source.JavaElementPsiSource       : loaded 2 times (x 73B)
Class org.jetbrains.kotlin.load.java.structure.impl.JavaElementImpl                   : loaded 2 times (x 85B)
Class org.jetbrains.kotlin.cli.jvm.index.SingleJavaFileRootsIndex$JavaSourceClassIdReader$Companion: loaded 2 times (x 71B)
Class org.jetbrains.kotlin.fir.resolve.calls.candidate.CandidateCollector             : loaded 2 times (x 74B)
Class org.jetbrains.kotlin.fir.resolve.transformers.FirStatusResolveTransformer       : loaded 2 times (x 415B)
Class org.jetbrains.kotlin.fir.expressions.FirWhenBranch                              : loaded 2 times (x 93B)
Class org.jetbrains.kotlin.com.google.common.collect.ImmutableSet$JdkBackedSetBuilderImpl: loaded 2 times (x 76B)
Class [Lorg.jetbrains.kotlin.fir.builder.AbstractRawFirBuilder$ForbiddenLabelKind;    : loaded 2 times (x 69B)
Class org.jetbrains.kotlin.fir.declarations.impl.FirDefaultPropertyBackingFieldKt     : loaded 2 times (x 71B)
Class org.jetbrains.kotlin.com.google.common.collect.ImmutableList                    : loaded 2 times (x 206B)
Class org.jetbrains.kotlin.it.unimi.dsi.fastutil.ints.AbstractIntList$c               : loaded 2 times (x 346B)
Class org.jetbrains.kotlin.fir.analysis.jvm.checkers.declaration.FirJvmStaticChecker  : loaded 2 times (x 77B)
Class org.jetbrains.kotlin.fir.analysis.checkers.expression.FirContractNotFirstStatementChecker: loaded 2 times (x 77B)
Class org.jetbrains.kotlin.fir.analysis.checkers.syntax.FirExpressionSyntaxChecker    : loaded 2 times (x 89B)
Class org.jetbrains.kotlin.fir.symbols.impl.FirPropertyAccessorSymbol                 : loaded 2 times (x 79B)
Class org.jetbrains.kotlin.fir.analysis.checkers.expression.FirUnderscoreChecker      : loaded 2 times (x 77B)
Class org.jetbrains.kotlin.fir.analysis.checkers.declaration.FirDataClassPrimaryConstructorChecker: loaded 2 times (x 77B)
Class org.jetbrains.kotlin.fir.analysis.checkers.declaration.FirOpenMemberChecker     : loaded 2 times (x 77B)
Class org.jetbrains.kotlin.fir.resolve.providers.impl.FirSyntheticFunctionInterfaceProviderBase$cache$1: loaded 2 times (x 125B)
Class org.jetbrains.kotlin.resolve.calls.checkers.CallableReferenceCompatibilityChecker: loaded 2 times (x 74B)
Class [Lorg.jetbrains.kotlin.lexer.KtKeywordToken;                                    : loaded 2 times (x 69B)
Class org.jetbrains.kotlin.fir.types.FirMissingDependencyStorage                      : loaded 2 times (x 72B)
Class org.jetbrains.kotlin.metadata.ProtoBuf$PropertyOrBuilder                        : loaded 2 times (x 70B)
Class org.jetbrains.kotlin.metadata.ProtoBuf$Constructor$1                            : loaded 2 times (x 144B)
Class org.jetbrains.kotlin.resolve.CommonCompilerDeserializationConfiguration         : loaded 2 times (x 85B)
Class org.jetbrains.kotlin.serialization.deserialization.KotlinMetadataFinder         : loaded 2 times (x 70B)
Class org.jetbrains.kotlin.cli.jvm.index.JvmDependenciesIndex                         : loaded 2 times (x 70B)
Class org.jetbrains.kotlin.utils.CollectionsKt                                        : loaded 2 times (x 71B)
Class org.jetbrains.kotlin.com.intellij.util.containers.ConcurrentRefValueHashMap     : loaded 2 times (x 149B)
Class org.jetbrains.kotlin.com.intellij.psi.impl.PsiJavaParserFacadeImpl              : loaded 2 times (x 127B)
Class org.jetbrains.kotlin.com.intellij.psi.PsiRecursiveElementWalkingVisitor         : loaded 2 times (x 84B)
Class org.jetbrains.kotlin.com.intellij.psi.impl.file.impl.FileManager                : loaded 2 times (x 70B)
Class org.jetbrains.kotlin.kotlinx.collections.immutable.implementations.persistentOrderedSet.PersistentOrderedSet$Companion: loaded 2 times (x 71B)
Class org.jetbrains.kotlin.fir.types.jvm.FirJavaTypeRefBuilder                        : loaded 2 times (x 72B)
Class org.jetbrains.kotlin.fir.java.enhancement.FirSignatureEnhancement               : loaded 2 times (x 72B)
Class org.jetbrains.kotlin.com.intellij.util.containers.CanonicalHashingStrategy      : loaded 2 times (x 75B)
Class org.jetbrains.kotlin.com.intellij.util.containers.ConcurrentRefHashMap$1        : loaded 2 times (x 77B)
Class org.jetbrains.kotlin.com.intellij.psi.search.searches.SmartExtensionPoint$1     : loaded 2 times (x 82B)
Class org.jetbrains.kotlin.com.intellij.psi.search.searches.ExtensibleQueryFactory    : loaded 2 times (x 77B)
Class org.jetbrains.kotlin.com.intellij.openapi.progress.ProgressIndicator            : loaded 2 times (x 70B)
Class org.jetbrains.kotlin.com.intellij.core.CoreEncodingProjectManager               : loaded 2 times (x 74B)
Class org.jetbrains.kotlin.com.intellij.openapi.vfs.local.CoreLocalVirtualFile        : loaded 2 times (x 156B)
Class org.jetbrains.kotlin.com.intellij.util.CachedValueBase$Data                     : loaded 2 times (x 77B)
Class org.jetbrains.kotlin.com.intellij.util.containers.FastUtilCaseInsensitiveStringHashingStrategy: loaded 2 times (x 75B)
Class org.jetbrains.kotlin.com.intellij.psi.util.CachedValueProfiler                  : loaded 2 times (x 71B)
Class org.jetbrains.kotlin.backend.jvm.lower.JvmArgumentNullabilityAssertionsLowering : loaded 2 times (x 256B)
Class org.jetbrains.kotlin.backend.jvm.JvmLoweringPhasesKt$jvmFilePhases$59           : loaded 2 times (x 125B)
Class org.jetbrains.kotlin.backend.jvm.lower.JvmSingleAbstractMethodLowering          : loaded 2 times (x 363B)
Class org.jetbrains.kotlin.backend.common.lower.RangeContainsLowering                 : loaded 2 times (x 85B)
Class org.jetbrains.kotlin.backend.jvm.JvmLoweringPhasesKt$jvmFilePhases$22           : loaded 2 times (x 125B)
Class org.jetbrains.kotlin.backend.jvm.JvmLoweringPhasesKt$jvmFilePhases$8            : loaded 2 times (x 125B)
Class org.jetbrains.kotlin.backend.jvm.lower.MainMethodGenerationLowering             : loaded 2 times (x 85B)
Class org.jetbrains.kotlin.storage.CacheWithNotNullValues                             : loaded 2 times (x 70B)
Class [Lorg.jetbrains.kotlin.config.phaser.BeforeOrAfter;                             : loaded 2 times (x 69B)
Class org.jetbrains.kotlin.it.unimi.dsi.fastutil.objects.Reference2ObjectOpenHashMap  : loaded 2 times (x 179B)
Class org.jetbrains.kotlin.com.intellij.psi.impl.java.stubs.JavaLiteralExpressionElementType: loaded 2 times (x 115B)
Class org.jetbrains.kotlin.config.LanguageOrApiVersion                                : loaded 2 times (x 70B)
Class org.jetbrains.kotlin.com.intellij.psi.impl.compiled.ClsAnonymousClass           : loaded 2 times (x 1453B)
Class com.google.gson.internal.Primitives                                             : loaded 2 times (x 71B)
Class com.google.gson.stream.JsonWriter                                               : loaded 2 times (x 98B)
Class org.jetbrains.kotlin.idea.gradleTooling.KotlinSourceSetContainer                : loaded 2 times (x 70B)
Class org.jetbrains.plugins.gradle.model.IntelliJSettings                             : loaded 2 times (x 70B)
Class org.jetbrains.kotlin.com.intellij.psi.impl.compiled.FirstPassData$1FirstPassVisitor: loaded 2 times (x 89B)
Class com.android.builder.model.v2.ide.TestInfo$Execution                             : loaded 2 times (x 79B)
Class [Lorg.objectweb.asm.Type;                                                       : loaded 2 times (x 69B)
Class com.google.common.collect.Platform                                              : loaded 2 times (x 71B)
Class org.gradle.internal.service.ServiceLocator                                      : loaded 2 times (x 70B)
Class org.jetbrains.kotlin.com.intellij.util.containers.IntObjectMap$Entry            : loaded 2 times (x 70B)
Class [Lcom.google.common.collect.AbstractIterator$State;                             : loaded 2 times (x 69B)
Class org.jetbrains.kotlin.com.intellij.psi.PsiArrayInitializerMemberValue            : loaded 2 times (x 70B)
Class org.jetbrains.kotlin.com.intellij.psi.stubs.StubTreeBuilder                     : loaded 2 times (x 71B)
Class org.jetbrains.kotlin.com.intellij.util.indexing.PsiDependentFileContent         : loaded 2 times (x 70B)
Class org.jetbrains.kotlin.com.intellij.psi.impl.java.stubs.PsiModifierListStub       : loaded 2 times (x 70B)
Class org.jetbrains.kotlin.com.intellij.psi.impl.source.BasicJavaElementType$ReferenceThinCodeFragmentElementType: loaded 2 times (x 88B)
Class org.jetbrains.kotlin.io.vavr.collection.Traversable                             : loaded 2 times (x 70B)
Class org.jetbrains.kotlin.load.kotlin.header.ReadKotlinClassHeaderAnnotationVisitor$CollectStringArrayAnnotationVisitor: loaded 2 times (x 85B)
Class org.jetbrains.kotlin.com.intellij.psi.tree.java.IKeywordElementType             : loaded 2 times (x 75B)
Class org.jetbrains.kotlin.fir.resolve.dfa.cfg.ExitNodeMarker                         : loaded 2 times (x 70B)
Class org.jetbrains.kotlin.fir.resolve.dfa.cfg.ControlFlowGraphBuilder                : loaded 2 times (x 72B)
Class org.jetbrains.kotlin.fir.expressions.FirAugmentedAssignment                     : loaded 2 times (x 118B)
Class org.jetbrains.kotlin.fir.references.impl.FirImplicitThisReference               : loaded 2 times (x 94B)
Class org.jetbrains.kotlin.fir.references.builder.FirExplicitSuperReferenceBuilder    : loaded 2 times (x 72B)
Class org.jetbrains.kotlin.fir.java.FirJavaElementFinder                              : loaded 2 times (x 88B)
Class org.jetbrains.kotlin.fir.analysis.checkers.expression.FirCustomEnumEntriesMigrationReferenceChecker: loaded 2 times (x 77B)
Class org.jetbrains.kotlin.fir.analysis.checkers.expression.FirDeprecatedQualifierChecker: loaded 2 times (x 77B)
Class org.jetbrains.kotlin.fir.session.StructuredProviders                            : loaded 2 times (x 72B)
Class org.jetbrains.kotlin.fir.EffectiveVisibilityUtilsKt                             : loaded 2 times (x 71B)
Class org.jetbrains.kotlin.fir.declarations.FirResolvePhase$Companion                 : loaded 2 times (x 71B)
Class org.jetbrains.kotlin.psi.KtSuperTypeListEntry                                   : loaded 2 times (x 445B)
Class [Lorg.jetbrains.kotlin.psi.KtContractEffectList;                                : loaded 2 times (x 69B)
Class [Lorg.jetbrains.kotlin.psi.KtReferenceExpression;                               : loaded 2 times (x 69B)
Class [Lorg.jetbrains.kotlin.com.intellij.psi.NavigatablePsiElement;                  : loaded 2 times (x 69B)
Class org.jetbrains.kotlin.psi.stubs.elements.KtClassLiteralExpressionElementType     : loaded 2 times (x 100B)
Class org.jetbrains.kotlin.resolve.checkers.VolatileAnnotationChecker                 : loaded 2 times (x 74B)
Class org.jetbrains.kotlin.psi.KtParameterList                                        : loaded 2 times (x 454B)
Class org.jetbrains.kotlin.fir.FirVisibilityChecker$Default                           : loaded 2 times (x 73B)
Class org.jetbrains.kotlin.types.model.TypeSystemInferenceExtensionContext            : loaded 2 times (x 70B)
Class org.jetbrains.kotlin.fir.types.ConeClassLikeLookupTag                           : loaded 2 times (x 75B)
Class org.jetbrains.kotlin.fir.session.FirAbstractSessionFactory                      : loaded 2 times (x 77B)
Class org.jetbrains.kotlin.psi.KtCommonFile                                           : loaded 2 times (x 869B)
Class org.jetbrains.kotlin.com.intellij.mock.MockDumbUtil                             : loaded 2 times (x 71B)
Class org.jetbrains.kotlin.com.intellij.testFramework.LightVirtualFileBase            : loaded 2 times (x 164B)
Class org.jetbrains.kotlin.com.intellij.openapi.vfs.VirtualFileSet                    : loaded 2 times (x 70B)
Class org.jetbrains.kotlin.com.intellij.util.Query                                    : loaded 2 times (x 70B)
Class org.jetbrains.kotlin.com.intellij.util.QueryFactory                             : loaded 2 times (x 76B)
Class com.google.common.collect.ReverseNaturalOrdering                                : loaded 2 times (x 114B)
Class org.jetbrains.kotlin.com.intellij.util.ConcurrentLongObjectHashMap              : loaded 2 times (x 79B)
Class org.jetbrains.kotlin.com.intellij.psi.impl.source.resolve.reference.PsiReferenceRegistrarImpl: loaded 2 times (x 87B)
Class org.jetbrains.kotlin.kotlinx.collections.immutable.implementations.immutableList.SmallPersistentVector: loaded 2 times (x 299B)
Class org.jetbrains.kotlin.com.intellij.openapi.components.ComponentManager           : loaded 2 times (x 70B)
Class org.jetbrains.kotlin.backend.jvm.JvmLoweringPhasesKt$jvmFilePhases$23           : loaded 2 times (x 125B)
Class org.jetbrains.kotlin.backend.jvm.JvmLoweringPhasesKt$jvmFilePhases$9            : loaded 2 times (x 125B)
Class com.amazon.ion.impl.bin.IonManagedBinaryWriter$ImportedSymbolResolverMode$2     : loaded 2 times (x 80B)
Class com.google.gson.internal.bind.TypeAdapters$32                                   : loaded 2 times (x 76B)
Class kotlin.reflect.jvm.internal.pcollections.IntTreePMap                            : loaded 2 times (x 72B)
Class org.jetbrains.kotlin.util.PerformanceManagerImpl$Companion                      : loaded 2 times (x 71B)
Class org.jetbrains.kotlin.com.intellij.openapi.progress.ProcessCanceledException     : loaded 2 times (x 82B)
Class com.google.gson.internal.bind.TypeAdapterRuntimeTypeWrapper                     : loaded 2 times (x 74B)
Class com.amazon.ion.impl.IonWriterSystem                                             : loaded 2 times (x 171B)
Class com.amazon.ion.impl.bin.Symbols$2                                               : loaded 2 times (x 107B)
Class com.amazon.ion.impl.bin._Private_IonManagedWriter                               : loaded 2 times (x 70B)
Class com.intellij.gradle.toolingExtension.util.GradleVersionUtil                     : loaded 2 times (x 71B)
Class kotlin.reflect.jvm.internal.KDeclarationContainerImpl$Data$moduleData$2         : loaded 2 times (x 79B)
Class com.android.ide.gradle.model.GradlePropertiesModel                              : loaded 2 times (x 70B)
Class org.gradle.tooling.internal.adapter.ProtocolToModelAdapter$SupportedPropertyInvoker: loaded 2 times (x 76B)
Class org.gradle.tooling.model.UnsupportedMethodException                             : loaded 2 times (x 82B)
Class com.google.common.collect.HashBiMap$BiEntry                                     : loaded 2 times (x 83B)
Class com.google.common.base.Ascii                                                    : loaded 2 times (x 71B)
Class com.google.common.collect.SingletonImmutableBiMap                               : loaded 2 times (x 143B)
Class com.google.common.cache.LocalCache$1                                            : loaded 2 times (x 89B)
Class com.google.common.collect.AbstractMapEntry                                      : loaded 2 times (x 81B)
Class org.jetbrains.kotlin.com.intellij.psi.PsiNameHelper                             : loaded 2 times (x 75B)
Class org.jetbrains.kotlin.it.unimi.dsi.fastutil.objects.Object2IntFunction           : loaded 2 times (x 70B)
Class org.jetbrains.kotlin.com.intellij.psi.impl.compiled.StubBuildingVisitor$MethodAnnotationCollectingVisitor: loaded 2 times (x 106B)
Class [Lorg.jetbrains.kotlin.com.intellij.psi.PsiDirectory;                           : loaded 2 times (x 69B)
Class org.jetbrains.kotlin.fir.declarations.EnumValueArgumentInfo                     : loaded 2 times (x 72B)
Class org.jetbrains.kotlin.io.vavr.control.Option$Some                                : loaded 2 times (x 140B)
Class org.jetbrains.kotlin.types.model.DefinitelyNotNullTypeMarker                    : loaded 2 times (x 70B)
Class org.jetbrains.kotlin.fir.types.ArrayUtilsKt                                     : loaded 2 times (x 71B)
Class [Lorg.jetbrains.kotlin.com.intellij.lang.java.lexer.BasicJavaLexer$LiteralType; : loaded 2 times (x 69B)
Class org.jetbrains.kotlin.KtFakeSourceElementKind$GeneratedComparisonExpression      : loaded 2 times (x 72B)
Class org.jetbrains.kotlin.com.google.common.collect.RegularImmutableAsList           : loaded 2 times (x 217B)
Class org.jetbrains.kotlin.fir.UtilsKt                                                : loaded 2 times (x 71B)
Class org.jetbrains.kotlin.fir.expressions.builder.FirAbstractFunctionCallBuilder     : loaded 2 times (x 70B)
Class org.jetbrains.kotlin.com.intellij.lang.WhitespacesAndCommentsBinder$RecursiveBinder: loaded 2 times (x 70B)
Class org.jetbrains.kotlin.fir.analysis.jvm.checkers.expression.FirJavaSamInterfaceConstructorReferenceChecker: loaded 2 times (x 77B)
Class org.jetbrains.kotlin.fir.analysis.jvm.checkers.JvmExpressionCheckers            : loaded 2 times (x 107B)
Class org.jetbrains.kotlin.fir.analysis.checkers.expression.FirQualifierWithTypeArgumentsChecker: loaded 2 times (x 77B)
Class org.jetbrains.kotlin.fir.analysis.checkers.expression.FirFunctionReturnTypeMismatchChecker: loaded 2 times (x 77B)
Class org.jetbrains.kotlin.fir.analysis.checkers.expression.FirSuspendCallChecker     : loaded 2 times (x 77B)
Class org.jetbrains.kotlin.fir.analysis.checkers.declaration.FirMultipleDefaultsInheritedFromSupertypesChecker$Regular: loaded 2 times (x 78B)
Class org.jetbrains.kotlin.fir.analysis.checkers.declaration.FirExpectActualClassifiersAreInBetaChecker: loaded 2 times (x 77B)
Class org.jetbrains.kotlin.descriptors.EffectiveVisibility                            : loaded 2 times (x 75B)
Class org.jetbrains.kotlin.fir.declarations.impl.FirDeclarationStatusImpl             : loaded 2 times (x 165B)
Class org.jetbrains.kotlin.fir.declarations.FirDeclarationStatus                      : loaded 2 times (x 70B)
Class org.jetbrains.kotlin.name.JvmStandardClassIds$Annotations$Java                  : loaded 2 times (x 71B)
Class org.jetbrains.kotlin.cli.pipeline.PipelinePhase                                 : loaded 2 times (x 82B)
Class org.jetbrains.kotlin.resolve.checkers.ReturnValueAnnotationChecker              : loaded 2 times (x 74B)
Class org.jetbrains.kotlin.psi.KtReturnExpression                                     : loaded 2 times (x 440B)
Class org.jetbrains.kotlin.psi.KtConstructorCalleeExpression                          : loaded 2 times (x 507B)
Class org.jetbrains.kotlin.resolve.checkers.UnderscoreChecker                         : loaded 2 times (x 74B)
Class org.jetbrains.kotlin.fir.analysis.checkers.FirPrimaryConstructorSuperTypeCheckerPlatformComponent$Default: loaded 2 times (x 72B)
Class org.jetbrains.kotlin.types.model.TypeCheckerProviderContext                     : loaded 2 times (x 70B)
Class org.jetbrains.kotlin.metadata.deserialization.NameResolverImpl                  : loaded 2 times (x 77B)
Class [Lorg.jetbrains.kotlin.com.intellij.lang.jvm.JvmNamedElement;                   : loaded 2 times (x 69B)
Class org.jetbrains.kotlin.com.intellij.psi.impl.ElementBase$ElementIconRequest       : loaded 2 times (x 72B)
Class org.jetbrains.kotlin.com.intellij.psi.codeStyle.JavaCodeStyleManager            : loaded 2 times (x 97B)
Class org.jetbrains.kotlin.com.intellij.openapi.roots.LanguageLevelProjectExtension$LanguageLevelChangeListener: loaded 2 times (x 70B)
Class org.jetbrains.kotlin.com.intellij.psi.search.GlobalSearchScope$FileTypeRestrictionScope: loaded 2 times (x 101B)
Class org.jetbrains.kotlin.com.intellij.ide.plugins.PluginContentDescriptor$Companion : loaded 2 times (x 71B)
Class org.jetbrains.kotlin.com.fasterxml.aalto.in.ByteBasedPNameTable                 : loaded 2 times (x 72B)
Class org.jetbrains.kotlin.config.LanguageVersionSettings                             : loaded 2 times (x 70B)
Class org.jetbrains.kotlin.com.intellij.ide.plugins.DescriptorListLoadingContext$brokenPluginVersions$2: loaded 2 times (x 79B)
Class org.jetbrains.kotlin.com.intellij.psi.impl.smartPointers.SmartPointerAnchorProvider: loaded 2 times (x 73B)
Class org.jetbrains.kotlin.com.intellij.psi.search.searches.SuperMethodsSearch        : loaded 2 times (x 77B)
Class org.jetbrains.kotlin.com.intellij.psi.stubs.PsiClassHolderFileStub              : loaded 2 times (x 70B)
Class org.jetbrains.kotlin.com.intellij.util.messages.impl.MessageBusFactoryImpl      : loaded 2 times (x 71B)
Class org.jetbrains.kotlin.cli.jvm.config.JvmClasspathRoot                            : loaded 2 times (x 80B)
Class org.jetbrains.kotlin.com.intellij.util.containers.ConcurrentFactoryMap          : loaded 2 times (x 148B)
Class org.jetbrains.kotlin.backend.jvm.JvmLoweringPhasesKt$jvmFilePhases$24           : loaded 2 times (x 125B)
Class org.jetbrains.kotlin.config.JVMConfigurationKeys                                : loaded 2 times (x 71B)
Class org.jetbrains.kotlin.cli.jvm.plugins.PluginCliParser$UrlClassLoaderDisposable   : loaded 2 times (x 75B)
Class [Lorg.jetbrains.kotlin.name.FqName;                                             : loaded 2 times (x 69B)
Class org.jetbrains.kotlin.storage.EmptySimpleLock                                    : loaded 2 times (x 75B)
Class org.jetbrains.kotlin.config.IrVerificationMode                                  : loaded 2 times (x 79B)
Class kotlin.reflect.jvm.internal.KClassImpl$Data$qualifiedName$2                     : loaded 2 times (x 79B)
Class org.jetbrains.kotlin.ir.visitors.IrVisitorVoid                                  : loaded 2 times (x 335B)
Class org.jetbrains.kotlin.backend.common.lower.InitializersLoweringBase              : loaded 2 times (x 73B)
Class com.amazon.ion.impl.lite.IonContainerLite                                       : loaded 2 times (x 248B)
Class com.amazon.ion.IonBufferConfiguration$OversizedSymbolTableHandler               : loaded 2 times (x 70B)
Class com.amazon.ion.system.IonWriterBuilder                                          : loaded 2 times (x 74B)
Class org.jetbrains.plugins.gradle.tooling.serialization.ToolingStreamApiUtils        : loaded 2 times (x 71B)
Class com.amazon.ion.facet.Faceted                                                    : loaded 2 times (x 70B)
Class com.android.builder.model.v2.ide.BytecodeTransformation                         : loaded 2 times (x 79B)
Class org.jetbrains.kotlin.backend.jvm.JvmLoweringPhasesKt$jvmFilePhases$84           : loaded 2 times (x 125B)
Class com.google.common.collect.Sets$ImprovedAbstractSet                              : loaded 2 times (x 135B)
Class com.google.common.reflect.TypeToken$SimpleTypeToken                             : loaded 2 times (x 73B)
Class com.google.common.cache.LocalCache$2                                            : loaded 2 times (x 142B)
Class com.google.common.collect.AbstractMultimap                                      : loaded 2 times (x 123B)
Class org.jetbrains.kotlin.fir.scopes.PlatformSpecificOverridabilityRulesKt           : loaded 2 times (x 71B)
Class org.jetbrains.kotlin.com.intellij.psi.impl.PsiImplUtil                          : loaded 2 times (x 71B)
Class [Lorg.jetbrains.kotlin.com.intellij.psi.PsiJavaCodeReferenceElement;            : loaded 2 times (x 69B)
Class org.jetbrains.kotlin.com.intellij.psi.impl.java.stubs.impl.PsiTypeParameterListStubImpl: loaded 2 times (x 149B)
Class org.jetbrains.kotlin.com.intellij.psi.impl.java.stubs.JavaMethodElementType     : loaded 2 times (x 115B)
Class org.jetbrains.kotlin.com.intellij.psi.PsiClassOwnerEx                           : loaded 2 times (x 70B)
Class org.jetbrains.kotlin.load.java.JavaDefaultQualifiers                            : loaded 2 times (x 72B)
Class org.jetbrains.kotlin.metadata.deserialization.ProtoBufUtilKt                    : loaded 2 times (x 71B)
Class org.jetbrains.kotlin.fir.resolve.providers.FirCachedSymbolNamesProvider$topLevelClassifierNamesByPackage_delegate$lambda$3$$inlined$createCache$1: loaded 2 times (x 75B)
Class [Lorg.jetbrains.kotlin.com.google.common.collect.LinkedHashMultimap$ValueEntry; : loaded 2 times (x 69B)
Class org.jetbrains.kotlin.fir.scopes.impl.FirAbstractStarImportingScope              : loaded 2 times (x 84B)
Class org.jetbrains.kotlin.fir.resolve.transformers.body.resolve.FirBodyResolveProcessor: loaded 2 times (x 76B)
Class org.jetbrains.kotlin.fir.resolve.dfa.cfg.ElvisRhsEnterNode                      : loaded 2 times (x 81B)
Class [Lorg.jetbrains.kotlin.contracts.description.LogicOperationKind;                : loaded 2 times (x 69B)
Class [Lorg.jetbrains.kotlin.fir.types.impl.ConeClassLikeTypeImpl;                    : loaded 2 times (x 69B)
Class org.jetbrains.kotlin.fir.expressions.impl.FirTryExpressionImpl                  : loaded 2 times (x 138B)
Class org.jetbrains.kotlin.KtFakeSourceElementKind$DesugaredIncrementOrDecrement      : loaded 2 times (x 72B)
Class org.jetbrains.kotlin.fir.types.builder.FirStarProjectionBuilder                 : loaded 2 times (x 72B)
Class [Lorg.jetbrains.kotlin.fir.diagnostics.DiagnosticKind;                          : loaded 2 times (x 69B)
Class org.jetbrains.kotlin.fir.IsForLoopParameterProperty                             : loaded 2 times (x 71B)
Class org.jetbrains.kotlin.fir.lightTree.fir.DelegatedConstructorWrapper              : loaded 2 times (x 72B)
Class org.jetbrains.kotlin.psi.KtPsiUtil$1                                            : loaded 2 times (x 305B)
Class org.jetbrains.kotlin.it.unimi.dsi.fastutil.ints.IntIterator                     : loaded 2 times (x 70B)
Class org.jetbrains.kotlin.fir.lightTree.LightTreeParsingErrorListenerKt              : loaded 2 times (x 71B)
Class org.jetbrains.kotlin.fir.analysis.jvm.checkers.declaration.FirRepeatableAnnotationChecker: loaded 2 times (x 77B)
Class org.jetbrains.kotlin.fir.analysis.jvm.checkers.FirJavaNullabilityWarningUpperBoundsProvider: loaded 2 times (x 77B)
Class org.jetbrains.kotlin.psi.KtTypeArgumentList                                     : loaded 2 times (x 446B)
Class org.jetbrains.kotlin.psi.KtEnumEntrySuperclassReferenceExpression               : loaded 2 times (x 632B)
Class [Lorg.jetbrains.kotlin.psi.KtTypeConstraint;                                    : loaded 2 times (x 69B)
Class org.jetbrains.kotlin.fir.scopes.impl.FirTypealiasConstructorStorage             : loaded 2 times (x 72B)
Class [Lorg.jetbrains.kotlin.fir.types.ConeTypeProjection;                            : loaded 2 times (x 69B)
Class org.jetbrains.kotlin.fir.FirSession$Companion                                   : loaded 2 times (x 73B)
Class [Lorg.jetbrains.kotlin.com.intellij.psi.PsiDirectoryContainer;                  : loaded 2 times (x 69B)
Class org.jetbrains.kotlin.cli.common.CliModuleVisibilityManagerImpl                  : loaded 2 times (x 82B)
Class org.jetbrains.kotlin.serialization.DescriptorSerializerPlugin$Companion         : loaded 2 times (x 72B)
Class org.jetbrains.kotlin.com.intellij.psi.util.PsiModificationTracker$Listener      : loaded 2 times (x 70B)
Class org.jetbrains.kotlin.com.fasterxml.aalto.in.PNameN                              : loaded 2 times (x 80B)
Class org.jetbrains.kotlin.com.fasterxml.aalto.impl.StreamExceptionBase               : loaded 2 times (x 85B)
Class org.jetbrains.kotlin.com.intellij.ide.plugins.PluginEnabler$Headless            : loaded 2 times (x 70B)
Class org.jetbrains.kotlin.com.intellij.util.containers.DisposableWrapperList         : loaded 2 times (x 199B)
Class org.jetbrains.kotlin.com.intellij.psi.stubs.IndexSink                           : loaded 2 times (x 70B)
Class org.jetbrains.kotlin.com.intellij.psi.impl.source.tree.PsiCommentImpl           : loaded 2 times (x 549B)
Class org.jetbrains.kotlin.com.intellij.psi.PsiElement                                : loaded 2 times (x 70B)
Class org.jetbrains.kotlin.com.intellij.psi.tree.ILazyParseableElementType            : loaded 2 times (x 84B)
Class org.jetbrains.kotlin.com.intellij.openapi.editor.impl.DocumentImpl              : loaded 2 times (x 134B)
Class org.jetbrains.kotlin.com.intellij.util.text.CharSequenceBackedByArray           : loaded 2 times (x 70B)
Class org.jetbrains.kotlin.it.unimi.dsi.fastutil.objects.ObjectIterator               : loaded 2 times (x 70B)
Class org.jetbrains.kotlin.cli.jvm.config.JvmContentRootBase                          : loaded 2 times (x 70B)
Class org.jetbrains.kotlin.com.intellij.openapi.extensions.ExtensionPointName$Companion: loaded 2 times (x 71B)
Class org.jetbrains.kotlin.backend.jvm.JvmLoweringPhasesKt$jvmFilePhases$25           : loaded 2 times (x 125B)
Class org.jetbrains.kotlin.backend.jvm.lower.JvmInlineCallableReferenceToLambdaPhase  : loaded 2 times (x 259B)
Class [Lorg.jetbrains.kotlin.com.intellij.util.messages.Topic$BroadcastDirection;     : loaded 2 times (x 69B)
Class org.jetbrains.kotlin.com.intellij.openapi.vfs.VirtualFileCopyEvent              : loaded 2 times (x 78B)
Class org.jetbrains.kotlin.util.ServiceLoaderLite$ServiceLoadingException             : loaded 2 times (x 82B)
Class org.jetbrains.kotlin.load.java.Jsr305Settings                                   : loaded 2 times (x 72B)
Class org.jetbrains.kotlin.com.google.common.collect.AbstractSetMultimap              : loaded 2 times (x 174B)
Class org.jetbrains.kotlin.com.intellij.openapi.progress.Task$Modal                   : loaded 2 times (x 84B)
Class org.jetbrains.kotlin.config.MavenComparableVersion$IntegerItem                  : loaded 2 times (x 80B)
Class [Lorg.jetbrains.kotlin.com.intellij.openapi.progress.impl.CoreProgressManager$CheckCanceledBehavior;: loaded 2 times (x 69B)
Class org.jetbrains.kotlin.utils.KotlinPaths                                          : loaded 2 times (x 70B)
Class com.google.gson.internal.bind.MapTypeAdapterFactory$Adapter                     : loaded 2 times (x 74B)
Class com.google.gson.internal.sql.SqlTimeTypeAdapter$1                               : loaded 2 times (x 75B)
Class com.amazon.ion.impl.bin.utf8.Poolable                                           : loaded 2 times (x 79B)
Class com.amazon.ion.IonSymbol                                                        : loaded 2 times (x 70B)
Class org.jetbrains.plugins.gradle.tooling.serialization.AnnotationProcessingModelSerializationService$WriteContext: loaded 2 times (x 72B)
Class com.android.builder.model.v2.ide.CodeShrinker                                   : loaded 2 times (x 79B)
Class [Lorg.jetbrains.kotlin.com.intellij.psi.tree.IElementType;                      : loaded 2 times (x 69B)
Class com.google.common.collect.ImmutableRangeSet$1                                   : loaded 2 times (x 210B)
Class org.jetbrains.kotlin.com.intellij.psi.impl.compiled.ClsTypeParametersListImpl   : loaded 2 times (x 471B)
Class org.jetbrains.kotlin.com.intellij.psi.stubs.Hash                                : loaded 2 times (x 71B)
Class org.jetbrains.kotlin.com.intellij.psi.PsiReferenceList                          : loaded 2 times (x 70B)
Class org.jetbrains.kotlin.com.intellij.psi.impl.java.stubs.JavaRecordComponentElementType: loaded 2 times (x 115B)
Class org.jetbrains.kotlin.com.intellij.psi.impl.file.PsiPackageImpl$PackageAnnotationValueProvider: loaded 2 times (x 76B)
Class [Lorg.jetbrains.kotlin.io.vavr.collection.HashArrayMappedTrieModule$Action;     : loaded 2 times (x 69B)
Class org.jetbrains.kotlin.fir.types.ParameterNameTypeAttributeKt                     : loaded 2 times (x 71B)
Class org.jetbrains.kotlin.fir.declarations.builder.FirConstructorBuilder             : loaded 2 times (x 197B)
Class org.jetbrains.kotlin.fir.resolve.transformers.FirSupertypesResolutionKt         : loaded 2 times (x 71B)
Class org.jetbrains.kotlin.com.intellij.psi.tree.java.IJavaElementType                : loaded 2 times (x 75B)
Class org.jetbrains.kotlin.fir.resolve.dfa.cfg.CFGNodeWithSubgraphs                   : loaded 2 times (x 82B)
Class org.jetbrains.kotlin.fir.scopes.CallableCopyTypeCalculator$CalculateDeferredWhenPossible: loaded 2 times (x 74B)
Class org.jetbrains.kotlin.fir.expressions.builder.FirErrorExpressionBuilder          : loaded 2 times (x 84B)
Class org.jetbrains.kotlin.psi.KtPsiUtil$2                                            : loaded 2 times (x 305B)
Class org.jetbrains.kotlin.parsing.KotlinExpressionParsing                            : loaded 2 times (x 112B)
Class org.jetbrains.kotlin.fir.analysis.jvm.checkers.JvmTypeCheckers                  : loaded 2 times (x 76B)
Class org.jetbrains.kotlin.fir.analysis.jvm.checkers.expression.FirReturnJavaNullabilityWarningChecker: loaded 2 times (x 77B)
Class org.jetbrains.kotlin.fir.analysis.checkers.syntax.FirConfusingWhenBranchSyntaxChecker: loaded 2 times (x 89B)
Class org.jetbrains.kotlin.fir.analysis.checkers.declaration.FirImportsChecker        : loaded 2 times (x 77B)
Class org.jetbrains.kotlin.fir.expressions.FirAnonymousObjectExpression               : loaded 2 times (x 118B)
Class org.jetbrains.kotlin.fir.analysis.checkers.declaration.FirExposedVisibilityDeclarationChecker: loaded 2 times (x 77B)
Class org.jetbrains.kotlin.fir.FirModuleVisibilityChecker                             : loaded 2 times (x 72B)
Class org.jetbrains.kotlin.fir.analysis.checkers.declaration.ComposedDeclarationCheckers: loaded 2 times (x 96B)
Class org.jetbrains.kotlin.fir.declarations.impl.FirSimpleFunctionImpl                : loaded 2 times (x 219B)
Class org.jetbrains.kotlin.protobuf.AbstractMessageLite$Builder                       : loaded 2 times (x 122B)
Class org.jetbrains.kotlin.load.kotlin.VirtualFileFinder$SERVICE                      : loaded 2 times (x 71B)
Class org.jetbrains.kotlin.fir.session.FirSessionConfigurator                         : loaded 2 times (x 72B)
Class org.jetbrains.kotlin.psi.KtFunctionType                                         : loaded 2 times (x 513B)
Class org.jetbrains.kotlin.psi.KtConstructor                                          : loaded 2 times (x 1274B)
Class org.jetbrains.kotlin.fir.FirSessionProvider                                     : loaded 2 times (x 72B)
Class org.jetbrains.kotlin.protobuf.GeneratedMessageLite                              : loaded 2 times (x 101B)
Class org.jetbrains.kotlin.metadata.deserialization.MetadataVersion                   : loaded 2 times (x 74B)
Class org.jetbrains.kotlin.com.intellij.psi.StubBuilder                               : loaded 2 times (x 70B)
Class org.jetbrains.kotlin.fir.builder.FirReplSnippetConfiguratorExtension            : loaded 2 times (x 78B)
Class org.jetbrains.kotlin.protobuf.Internal$EnumLiteMap                              : loaded 2 times (x 70B)
Class org.jetbrains.kotlin.backend.common.extensions.IrGenerationExtension            : loaded 2 times (x 70B)
Class org.jetbrains.kotlin.resolve.CodeAnalyzerInitializer                            : loaded 2 times (x 70B)
Class org.jetbrains.kotlin.com.intellij.psi.impl.source.JavaDummyElement              : loaded 2 times (x 268B)
Class org.jetbrains.kotlin.com.intellij.psi.PsiJavaParserFacade                       : loaded 2 times (x 70B)
Class org.jetbrains.kotlin.com.intellij.psi.search.ProjectScopeImpl                   : loaded 2 times (x 96B)
Class org.jetbrains.kotlin.com.intellij.core.MockDocumentCommitProcessor              : loaded 2 times (x 77B)
Class org.jetbrains.kotlin.com.intellij.psi.SmartPointerManager                       : loaded 2 times (x 77B)
Class org.jetbrains.kotlin.com.intellij.util.containers.ConcurrentWeakKeySoftValueHashMap$ValueReference: loaded 2 times (x 70B)
Class org.jetbrains.kotlin.kotlinx.collections.immutable.internal.DeltaCounter        : loaded 2 times (x 71B)
Class org.jetbrains.kotlin.com.intellij.openapi.util.registry.RegistryValue           : loaded 2 times (x 83B)
Class org.jetbrains.kotlin.kotlinx.collections.immutable.internal.ListImplementation  : loaded 2 times (x 71B)
Class org.jetbrains.kotlin.io.opentelemetry.api.trace.DefaultTracerProvider           : loaded 2 times (x 79B)
Class org.jetbrains.kotlin.backend.jvm.JvmLoweringPhasesKt$jvmFilePhases$26           : loaded 2 times (x 125B)
Class org.jetbrains.kotlin.backend.common.lower.LateinitLowering                      : loaded 2 times (x 346B)
Class org.jetbrains.kotlin.compiler.plugin.CommandLineProcessor                       : loaded 2 times (x 70B)
Class org.jetbrains.kotlin.com.intellij.psi.meta.MetaDataContributor                  : loaded 2 times (x 70B)
Class org.jetbrains.kotlin.com.fasterxml.aalto.WFCException                           : loaded 2 times (x 85B)
Class org.jetbrains.kotlin.cli.common.messages.MessageCollector$Companion             : loaded 2 times (x 71B)
Class org.jetbrains.kotlin.config.CompilerConfiguration                               : loaded 2 times (x 88B)
Class com.intellij.gradle.toolingExtension.impl.util.collectionUtil.GradleCollections : loaded 2 times (x 71B)
Class org.jetbrains.kotlin.idea.gradleTooling.KotlinGradlePluginVersion               : loaded 2 times (x 70B)
Class com.intellij.compose.ide.plugin.gradleTooling.rt.ComposeResourcesModel          : loaded 2 times (x 70B)
Class com.amazon.ion.impl.lite.IonStructLite                                          : loaded 2 times (x 298B)
Class com.amazon.ion.impl._Private_ReaderWriter                                       : loaded 2 times (x 70B)
Class com.amazon.ion.impl.bin.AbstractSymbolTable                                     : loaded 2 times (x 107B)
Class com.amazon.ion.Decimal                                                          : loaded 2 times (x 133B)
Class com.amazon.ion.impl.bin._Private_IonManagedBinaryWriterBuilder$AllocatorMode$1  : loaded 2 times (x 80B)
Class org.jetbrains.plugins.gradle.tooling.serialization.ProjectDependenciesSerializationService$WriteContext: loaded 2 times (x 72B)
Class org.jetbrains.plugins.gradle.tooling.serialization.ProjectDependenciesSerializationService: loaded 2 times (x 77B)
Class org.jetbrains.kotlin.com.fasterxml.aalto.in.ElementScope                        : loaded 2 times (x 72B)
Class com.google.common.collect.Range                                                 : loaded 2 times (x 86B)
Class org.gradle.tooling.model.kotlin.dsl.KotlinDslScriptModel                        : loaded 2 times (x 70B)
Class org.gradle.tooling.internal.adapter.CollectionMapper                            : loaded 2 times (x 73B)
Class com.google.common.base.Optional                                                 : loaded 2 times (x 80B)
Class com.google.common.util.concurrent.AbstractFuture$Trusted                        : loaded 2 times (x 70B)
Class org.jetbrains.kotlin.com.fasterxml.aalto.in.ByteBasedPNameTable$Bucket          : loaded 2 times (x 72B)
Class org.jetbrains.kotlin.com.intellij.psi.PsiTypes                                  : loaded 2 times (x 71B)
Class org.jetbrains.kotlin.resolve.jvm.KotlinCliJavaFileManager                       : loaded 2 times (x 70B)
Class org.jetbrains.kotlin.one.util.streamex.AbstractStreamEx                         : loaded 2 times (x 210B)
Class org.jetbrains.kotlin.load.kotlin.KotlinJvmBinaryClass                           : loaded 2 times (x 70B)
Class org.jetbrains.kotlin.fir.deserialization.FirMemberDeserializer                  : loaded 2 times (x 72B)
Class org.jetbrains.kotlin.fir.resolve.transformers.PackageAndClass                   : loaded 2 times (x 72B)
Class org.jetbrains.kotlin.com.intellij.psi.util.PsiUtilCore$NullPsiElement           : loaded 2 times (x 194B)
Class org.jetbrains.kotlin.fir.extensions.FirAssignExpressionAltererExtensionKt       : loaded 2 times (x 71B)
Class [Lorg.jetbrains.kotlin.com.intellij.psi.PsiQualifiedNamedElement;               : loaded 2 times (x 69B)
Class org.jetbrains.kotlin.fir.resolve.transformers.FirAbstractPhaseTransformer       : loaded 2 times (x 388B)
Class org.jetbrains.kotlin.fir.resolve.transformers.FirTransformerBasedResolveProcessor: loaded 2 times (x 76B)
Class org.jetbrains.kotlin.fir.references.builder.FirPropertyFromParameterResolvedNamedReferenceBuilder: loaded 2 times (x 72B)
Class org.jetbrains.kotlin.fir.declarations.impl.FirBackingFieldImpl                  : loaded 2 times (x 221B)
Class org.jetbrains.kotlin.descriptors.Visibilities$Unknown                           : loaded 2 times (x 79B)
Class kotlin.reflect.jvm.internal.KMutableProperty1Impl                               : loaded 2 times (x 135B)
Class org.jetbrains.kotlin.fir.session.SourcesToPathsMapperKt                         : loaded 2 times (x 71B)
Class org.jetbrains.kotlin.fir.analysis.checkers.declaration.FirDelegationSuperCallInEnumConstructorChecker: loaded 2 times (x 77B)
Class org.jetbrains.kotlin.fir.analysis.checkers.declaration.FirReturnValueAnnotationsChecker: loaded 2 times (x 77B)
Class org.jetbrains.kotlin.fir.analysis.checkers.FirInlineCheckerPlatformSpecificComponent: loaded 2 times (x 74B)
Class org.jetbrains.kotlin.fir.resolve.transformers.PlatformSupertypeUpdater          : loaded 2 times (x 72B)
Class org.jetbrains.kotlin.load.java.AnnotationQualifierApplicabilityType             : loaded 2 times (x 79B)
Class org.jetbrains.kotlin.resolve.checkers.ClassifierUsageCheckerContext             : loaded 2 times (x 78B)
Class org.jetbrains.kotlin.psi.KtWhenConditionInRange                                 : loaded 2 times (x 379B)
Class org.jetbrains.kotlin.psi.KtContainerNode                                        : loaded 2 times (x 376B)
Class org.jetbrains.kotlin.psi.stubs.KotlinImportDirectiveStub                        : loaded 2 times (x 70B)
Class org.jetbrains.kotlin.psi.KtBackingField                                         : loaded 2 times (x 790B)
Class org.jetbrains.kotlin.psi.KtExpressionCodeFragmentType                           : loaded 2 times (x 84B)
Class org.jetbrains.kotlin.psi.stubs.elements.KtObjectElementType                     : loaded 2 times (x 104B)
Class org.jetbrains.kotlin.resolve.checkers.ReservedMembersAndConstructsForValueClass$Companion: loaded 2 times (x 71B)
Class org.jetbrains.kotlin.resolve.PlatformDependentAnalyzerServices                  : loaded 2 times (x 77B)
Class org.jetbrains.kotlin.metadata.jvm.JvmModuleProtoBuf$ModuleOrBuilder             : loaded 2 times (x 70B)
Class org.jetbrains.kotlin.protobuf.Parser                                            : loaded 2 times (x 70B)
Class org.jetbrains.kotlin.config.KotlinCompilerVersion                               : loaded 2 times (x 71B)
Class org.jetbrains.kotlin.cli.jvm.compiler.MockInferredAnnotationsManager            : loaded 2 times (x 74B)
Class org.jetbrains.kotlin.asJava.KotlinAsJavaSupport                                 : loaded 2 times (x 89B)
Class [Lorg.jetbrains.kotlin.com.intellij.pom.java.LanguageLevel;                     : loaded 2 times (x 69B)
Class org.jetbrains.kotlin.com.intellij.openapi.util.NotNullFactory                   : loaded 2 times (x 70B)
Class org.jetbrains.org.objectweb.asm.ClassVisitor                                    : loaded 2 times (x 88B)
Class org.jetbrains.kotlin.com.intellij.psi.PsiSubstitutor                            : loaded 2 times (x 70B)
Class [Lorg.jetbrains.kotlin.it.unimi.dsi.fastutil.objects.Object2ObjectMap;          : loaded 2 times (x 69B)
Class org.jetbrains.kotlin.com.intellij.psi.stubs.StubOutputStream                    : loaded 2 times (x 108B)
Class org.jetbrains.kotlin.com.intellij.openapi.progress.TaskInfo                     : loaded 2 times (x 70B)
Class org.jetbrains.kotlin.com.intellij.openapi.vfs.impl.ZipHandler                   : loaded 2 times (x 83B)
Class [Lorg.jetbrains.kotlin.com.intellij.diagnostic.LoadingState;                    : loaded 2 times (x 69B)
Class org.jetbrains.kotlin.config.JVMConfigurationKeysKt                              : loaded 2 times (x 71B)
Class org.jetbrains.kotlin.backend.jvm.JvmLoweringPhasesKt$jvmFilePhases$27           : loaded 2 times (x 125B)
Class org.jetbrains.kotlin.backend.jvm.lower.SuspendLoweringUtils                     : loaded 2 times (x 72B)
Class org.jetbrains.kotlin.com.google.common.collect.LinkedHashMultimap$ValueSetLink  : loaded 2 times (x 70B)
Class org.jetbrains.kotlin.it.unimi.dsi.fastutil.HashCommon                           : loaded 2 times (x 71B)
Class [Lorg.jetbrains.kotlin.config.LanguageFeature$Kind;                             : loaded 2 times (x 69B)
Class org.jetbrains.kotlin.config.LanguageFeature$Kind                                : loaded 2 times (x 79B)
Class org.jetbrains.kotlin.cli.common.messages.XmlMessageRenderer                     : loaded 2 times (x 83B)
Class org.jetbrains.kotlin.util.MetadataHelpersKt                                     : loaded 2 times (x 71B)
Class org.gradle.kotlin.dsl.VersionCatalogAccessorsKt                                 : loaded 2 times (x 71B)
Class org.jetbrains.kotlin.tooling.core.KotlinToolingVersion                          : loaded 2 times (x 75B)
Class com.google.gson.internal.bind.DefaultDateTypeAdapter$DateType                   : loaded 2 times (x 73B)
Class com.amazon.ion.impl.lite.IonFloatLite                                           : loaded 2 times (x 186B)
Class com.amazon.ion.impl._Private_IonTextWriterBuilder                               : loaded 2 times (x 102B)
Class com.amazon.ion.impl.bin._Private_IonManagedBinaryWriterBuilder$AllocatorMode$2  : loaded 2 times (x 80B)
Class org.jetbrains.kotlin.protobuf.LazyStringArrayList                               : loaded 2 times (x 280B)
Class [Lcom.android.builder.model.v2.ide.LibraryType;                                 : loaded 2 times (x 69B)
Class com.android.builder.model.v2.ide.LibraryType                                    : loaded 2 times (x 79B)
Class com.google.common.collect.ExplicitOrdering                                      : loaded 2 times (x 115B)
Class com.google.common.util.concurrent.UncheckedExecutionException                   : loaded 2 times (x 82B)
Class org.jetbrains.kotlin.fir.types.AbbreviatedTypeAttribute                         : loaded 2 times (x 82B)
Class org.jetbrains.kotlin.com.intellij.psi.impl.source.resolve.ResolveCache$PolyVariantContextResolver: loaded 2 times (x 70B)
Class org.jetbrains.kotlin.com.intellij.util.containers.ConcurrentIntObjectHashMap$Node: loaded 2 times (x 77B)
Class org.jetbrains.kotlin.com.intellij.psi.impl.compiled.SignatureParsing$TypeParametersDeclaration: loaded 2 times (x 75B)
Class org.jetbrains.kotlin.com.intellij.psi.PsiEnumConstant                           : loaded 2 times (x 70B)
Class org.jetbrains.kotlin.com.intellij.util.indexing.IndexedFileImpl                 : loaded 2 times (x 106B)
Class org.jetbrains.kotlin.load.kotlin.AbstractBinaryClassAnnotationLoaderKt          : loaded 2 times (x 71B)
Class org.jetbrains.kotlin.metadata.jvm.deserialization.JvmMemberSignature$Method     : loaded 2 times (x 75B)
Class org.jetbrains.kotlin.load.java.JavaClassFinder$Request                          : loaded 2 times (x 72B)
Class org.jetbrains.kotlin.fir.declarations.FirTypeParameterRef                       : loaded 2 times (x 70B)
Class org.jetbrains.kotlin.serialization.deserialization.descriptors.PreReleaseInfo$Companion: loaded 2 times (x 71B)
Class [Lorg.jetbrains.kotlin.metadata.ProtoBuf$VersionRequirement$Level;              : loaded 2 times (x 69B)
Class org.jetbrains.kotlin.load.kotlin.KotlinClassFinder$Result                       : loaded 2 times (x 71B)
Class org.jetbrains.kotlin.fir.declarations.utils.ModuleNameKey                       : loaded 2 times (x 71B)
Class org.jetbrains.kotlin.fir.expressions.builder.FirReturnExpressionBuilder         : loaded 2 times (x 84B)
Class org.jetbrains.kotlin.com.google.common.collect.ImmutableList$SubList            : loaded 2 times (x 209B)
Class org.jetbrains.kotlin.com.google.common.collect.ImmutableBiMap$Builder           : loaded 2 times (x 82B)
Class org.jetbrains.kotlin.fir.types.FirImplicitTypeRef                               : loaded 2 times (x 103B)
Class org.jetbrains.kotlin.com.intellij.lang.WhitespacesBinders                       : loaded 2 times (x 71B)
Class org.jetbrains.kotlin.fir.analysis.jvm.checkers.type.FirJvmModuleAccessibilityTypeChecker: loaded 2 times (x 77B)
Class org.jetbrains.kotlin.fir.analysis.checkers.expression.FirTypeParameterInQualifiedAccessChecker: loaded 2 times (x 77B)
Class org.jetbrains.kotlin.fir.analysis.checkers.syntax.FirPrefixAndSuffixSyntaxChecker: loaded 2 times (x 89B)
Class org.jetbrains.kotlin.fir.analysis.CheckersComponentKt                           : loaded 2 times (x 71B)
Class org.jetbrains.kotlin.fir.analysis.checkers.declaration.FirSupertypesChecker     : loaded 2 times (x 77B)
Class [Lorg.jetbrains.kotlin.com.intellij.psi.StubBasedPsiElement;                    : loaded 2 times (x 69B)
Class org.jetbrains.kotlin.psi.stubs.KotlinClassifierStub                             : loaded 2 times (x 70B)
Class org.jetbrains.kotlin.psi.stubs.elements.KtStubElementType                       : loaded 2 times (x 100B)
Class org.jetbrains.kotlin.resolve.checkers.SubtypingBetweenContextReceiversChecker   : loaded 2 times (x 74B)
Class org.jetbrains.kotlin.resolve.checkers.MissingDependencySupertypeChecker$ForDeclarations: loaded 2 times (x 74B)
Class org.jetbrains.kotlin.fir.declarations.FirAnnotationsPlatformSpecificSupportComponent$Default: loaded 2 times (x 78B)
Class org.jetbrains.kotlin.fir.scopes.impl.FirDeclaredMemberScopeProvider$DeclaredMemberScopeContext: loaded 2 times (x 72B)
Class org.jetbrains.kotlin.fir.extensions.FirRegisteredPluginAnnotations              : loaded 2 times (x 77B)
Class org.jetbrains.kotlin.fir.BuiltinTypes                                           : loaded 2 times (x 72B)
Class org.jetbrains.kotlin.protobuf.WireFormat$JavaType                               : loaded 2 times (x 79B)
Class kotlin.jvm.internal.Ref$IntRef                                                  : loaded 2 times (x 71B)
Class org.jetbrains.kotlin.load.java.structure.JavaClass                              : loaded 2 times (x 70B)
Class org.jetbrains.kotlin.types.TypeAttributeTranslator                              : loaded 2 times (x 70B)
Class org.jetbrains.kotlin.com.intellij.psi.codeStyle.CodeStyleSettingsFacade         : loaded 2 times (x 70B)
Class org.jetbrains.kotlin.com.intellij.lang.jvm.types.JvmType                        : loaded 2 times (x 70B)
Class org.jetbrains.kotlin.parsing.KotlinParserDefinition$Companion                   : loaded 2 times (x 71B)
Class org.jetbrains.kotlin.com.intellij.lang.folding.FoldingBuilder                   : loaded 2 times (x 70B)
Class org.jetbrains.kotlin.com.intellij.codeInsight.ContainerProvider                 : loaded 2 times (x 70B)
Class org.jetbrains.kotlin.com.intellij.psi.stubs.StubSerializer                      : loaded 2 times (x 70B)
Class org.jetbrains.kotlin.com.intellij.platform.diagnostic.telemetry.IJNoopTracer    : loaded 2 times (x 77B)
Class org.jetbrains.kotlin.com.intellij.openapi.util.Condition                        : loaded 2 times (x 70B)
Class org.jetbrains.kotlin.backend.jvm.lower.JvmStaticInCompanionLowering             : loaded 2 times (x 80B)
Class org.jetbrains.kotlin.backend.jvm.JvmLoweringPhasesKt$jvmFilePhases$28           : loaded 2 times (x 125B)
Class org.jetbrains.kotlin.load.java.JavaNullabilityAnnotationsStatus                 : loaded 2 times (x 72B)
Class org.jetbrains.kotlin.config.phaser.PhaserState                                  : loaded 2 times (x 72B)
Class [Lorg.jetbrains.kotlin.config.phaser.CompilerPhase;                             : loaded 2 times (x 69B)
Class org.jetbrains.kotlin.com.intellij.util.containers.HashingStrategy               : loaded 2 times (x 70B)
Class kotlin.reflect.jvm.internal.KClassImpl$Data$declaredMembers$2                   : loaded 2 times (x 79B)
Class org.jetbrains.kotlin.platform.jvm.JvmPlatforms                                  : loaded 2 times (x 71B)
Class kotlin.reflect.jvm.internal.pcollections.ConsPStack                             : loaded 2 times (x 79B)
Class org.jetbrains.kotlin.config.MavenComparableVersion                              : loaded 2 times (x 78B)
Class org.jetbrains.kotlin.fir.types.impl.FirImplicitThrowableTypeRef                 : loaded 2 times (x 107B)
Class org.jetbrains.plugins.gradle.ExternalDependencyId                               : loaded 2 times (x 70B)
Class com.google.gson.internal.bind.ReflectiveTypeAdapterFactory$1                    : loaded 2 times (x 74B)
Class com.amazon.ion.impl._Private_RecyclingStack                                     : loaded 2 times (x 79B)
Class com.amazon.ion.impl._Private_IonReaderBuilder                                   : loaded 2 times (x 97B)
Class com.amazon.ion.IonMutableCatalog                                                : loaded 2 times (x 70B)
Class gnu.trove.THash                                                                 : loaded 2 times (x 81B)
Class com.intellij.gradle.toolingExtension.impl.model.buildScriptClasspathModel.GradleBuildScriptClasspathSerializationService$WriteContext: loaded 2 times (x 72B)
Class org.gradle.tooling.internal.adapter.ProtocolToModelAdapter                      : loaded 2 times (x 80B)
Class kotlin.io.FileTreeWalk$FileTreeWalkIterator$WhenMappings                        : loaded 2 times (x 71B)
Class [Lorg.jetbrains.kotlin.fir.caches.FirCachesFactory$ValueReferenceStrength;      : loaded 2 times (x 69B)
Class org.jetbrains.kotlin.fir.scopes.impl.FirTypeIntersectionScopeContextKt          : loaded 2 times (x 71B)
Class org.jetbrains.kotlin.metadata.ProtoBuf$Property$Builder                         : loaded 2 times (x 197B)
Class org.jetbrains.kotlin.com.intellij.psi.impl.cache.ModifierFlags                  : loaded 2 times (x 71B)
Class org.jetbrains.kotlin.one.util.streamex.Internals$CancelException                : loaded 2 times (x 82B)
Class org.jetbrains.kotlin.com.intellij.psi.impl.source.BasicJavaElementType$FrontBackICodeBlockElementType: loaded 2 times (x 107B)
Class org.jetbrains.kotlin.com.intellij.openapi.util.ThrowableComputable              : loaded 2 times (x 70B)
Class org.jetbrains.kotlin.mpp.CallableSymbolMarker                                   : loaded 2 times (x 70B)
Class org.jetbrains.kotlin.load.java.structure.JavaAnnotationAsAnnotationArgument     : loaded 2 times (x 70B)
Class org.jetbrains.kotlin.load.java.structure.impl.classFiles.BinaryJavaAnnotation$Companion: loaded 2 times (x 71B)
Class org.jetbrains.kotlin.load.java.structure.impl.classFiles.BinaryJavaAnnotation   : loaded 2 times (x 82B)
Class org.jetbrains.kotlin.descriptors.annotations.KotlinTarget$Companion             : loaded 2 times (x 71B)
Class org.jetbrains.kotlin.fir.java.declarations.FirJavaClassBuilder                  : loaded 2 times (x 155B)
Class org.jetbrains.kotlin.io.vavr.collection.HashArrayMappedTrieModule$EmptyNode     : loaded 2 times (x 106B)
Class org.jetbrains.kotlin.container.ComponentStorage                                 : loaded 2 times (x 75B)
Class org.jetbrains.kotlin.fir.java.deserialization.JvmClassFileBasedSymbolProvider$JavaAwareFlexibleTypeFactory: loaded 2 times (x 75B)
Class org.jetbrains.kotlin.fir.scopes.impl.FirAbstractSimpleImportingScope            : loaded 2 times (x 84B)
Class org.jetbrains.kotlin.com.intellij.psi.impl.source.tree.JavaDocElementType$JavaDocParentProviderElementType: loaded 2 times (x 78B)
Class org.jetbrains.kotlin.resolve.jvm.KotlinJavaPsiFacade$CliFinder                  : loaded 2 times (x 84B)
Class org.jetbrains.kotlin.fir.resolve.transformers.contracts.FirContractResolveTransformer: loaded 2 times (x 476B)
Class org.jetbrains.kotlin.fir.resolve.transformers.FirResolveProcessor               : loaded 2 times (x 74B)
Class org.jetbrains.kotlin.fir.builder.CharacterWithDiagnostic                        : loaded 2 times (x 72B)
Class org.jetbrains.kotlin.fir.diagnostics.ConeSyntaxDiagnostic                       : loaded 2 times (x 75B)
Class org.jetbrains.kotlin.fir.types.FirFunctionTypeRef                               : loaded 2 times (x 110B)
Class org.jetbrains.kotlin.fir.expressions.impl.FirArgumentListImpl                   : loaded 2 times (x 90B)
Class org.jetbrains.kotlin.fir.declarations.impl.FirImportImpl                        : loaded 2 times (x 92B)
Class org.jetbrains.kotlin.cli.pipeline.jvm.JvmFrontendPipelinePhase$executePhase$countFilesAndLines$1: loaded 2 times (x 125B)
Class org.jetbrains.kotlin.load.java.SpecialGenericSignatures$TypeSafeBarrierDescription$MAP_GET_OR_DEFAULT: loaded 2 times (x 80B)
Class org.jetbrains.kotlin.fir.analysis.checkers.expression.FirConflictsExpressionChecker: loaded 2 times (x 77B)
Class org.jetbrains.kotlin.fir.analysis.checkers.expression.FirSuperclassNotAccessibleFromInterfaceChecker: loaded 2 times (x 77B)
Class org.jetbrains.kotlin.fir.declarations.FirResolvedToPhaseState                   : loaded 2 times (x 73B)
Class org.jetbrains.kotlin.descriptors.Visibilities$PrivateToThis                     : loaded 2 times (x 79B)
Class org.jetbrains.kotlin.fir.declarations.UnresolvedDeprecationProvider             : loaded 2 times (x 72B)
Class org.jetbrains.kotlin.serialization.deserialization.ProtoBasedClassDataFinder    : loaded 2 times (x 75B)
Class org.jetbrains.kotlin.metadata.ProtoBuf$Annotation$Argument$Value$Builder        : loaded 2 times (x 154B)
Class org.jetbrains.kotlin.util.OperatorNameConventions                               : loaded 2 times (x 71B)
Class org.jetbrains.kotlin.types.DynamicTypesSettings                                 : loaded 2 times (x 72B)
Class org.jetbrains.kotlin.resolve.calls.checkers.CompanionIncorrectlyUnboundedWhenUsedAsLHSCallChecker: loaded 2 times (x 74B)
Class org.jetbrains.kotlin.resolve.checkers.PrimitiveNumericComparisonCallChecker     : loaded 2 times (x 74B)
Class org.jetbrains.kotlin.com.intellij.psi.TokenType$1                               : loaded 2 times (x 75B)
Class org.jetbrains.kotlin.resolve.calls.checkers.UnsupportedUntilRangeDeclarationChecker: loaded 2 times (x 74B)
Class org.jetbrains.kotlin.types.UnwrappedType                                        : loaded 2 times (x 86B)
Class org.jetbrains.kotlin.fir.types.ConeAttributes                                   : loaded 2 times (x 82B)
Class org.jetbrains.kotlin.protobuf.SmallSortedMap$1                                  : loaded 2 times (x 130B)
Class org.jetbrains.kotlin.fir.deserialization.LibraryPathFilter$TakeAll              : loaded 2 times (x 72B)
Class org.jetbrains.kotlin.load.kotlin.KotlinClassFinder                              : loaded 2 times (x 70B)
Class org.jetbrains.kotlin.resolve.checkers.MissingDependencySupertypeChecker$ForCalls: loaded 2 times (x 74B)
Class org.jetbrains.kotlin.fir.builder.FirScriptConfiguratorExtension                 : loaded 2 times (x 78B)
Class org.jetbrains.kotlin.com.intellij.util.containers.hash.EqualityPolicy           : loaded 2 times (x 70B)
Class org.jetbrains.kotlin.com.intellij.lang.jvm.facade.JvmFacadeImpl                 : loaded 2 times (x 72B)
Class org.jetbrains.kotlin.com.intellij.psi.impl.source.tree.RecursiveTreeElementWalkingVisitor: loaded 2 times (x 77B)
Class org.jetbrains.kotlin.com.intellij.psi.PsiTreeChangeEvent                        : loaded 2 times (x 85B)
Class org.jetbrains.kotlin.resolve.jvm.modules.JavaModuleResolver$SERVICE             : loaded 2 times (x 71B)
Class org.jetbrains.kotlin.com.intellij.ide.plugins.MyXmlInterner                     : loaded 2 times (x 76B)
Class org.jetbrains.kotlin.com.intellij.util.containers.ConcurrentRefHashMap$HardKey  : loaded 2 times (x 78B)
Class org.jetbrains.kotlin.com.intellij.openapi.application.ex.ApplicationInfoEx      : loaded 2 times (x 73B)
Class org.jetbrains.kotlin.com.intellij.util.ConcurrentLongObjectHashMap$ReservationNode: loaded 2 times (x 77B)
Class [Lorg.jetbrains.kotlin.com.intellij.util.ConcurrentLongObjectHashMap$Node;      : loaded 2 times (x 69B)
Class org.jetbrains.kotlin.com.intellij.openapi.diagnostic.RuntimeExceptionWithAttachments: loaded 2 times (x 87B)
Class org.jetbrains.kotlin.backend.common.phaser.IrValidationAfterLoweringPhase       : loaded 2 times (x 77B)
Class org.jetbrains.kotlin.backend.common.ir.ExpectSymbolTransformer                  : loaded 2 times (x 340B)
Class org.jetbrains.kotlin.backend.jvm.JvmLoweringPhasesKt$jvmFilePhases$29           : loaded 2 times (x 125B)
Class org.jetbrains.kotlin.backend.common.lower.InventNamesForLocalClasses            : loaded 2 times (x 84B)
Class org.jetbrains.kotlin.com.intellij.util.containers.MultiMap$EmptyMap             : loaded 2 times (x 75B)
Class org.jetbrains.kotlin.com.intellij.util.ObjectUtils                              : loaded 2 times (x 71B)
Class org.jetbrains.kotlin.load.java.NullabilityAnnotationStatesImpl                  : loaded 2 times (x 75B)
Class org.jetbrains.kotlin.com.intellij.util.containers.IntObjectMap                  : loaded 2 times (x 70B)
Class org.jetbrains.kotlin.com.google.common.collect.Maps$8                           : loaded 2 times (x 82B)
Class org.jetbrains.kotlin.fir.deserialization.FirDeserializationExtension            : loaded 2 times (x 75B)
Class org.jetbrains.kotlin.cli.common.arguments.Disables                              : loaded 2 times (x 70B)
Class org.jetbrains.kotlin.descriptors.EffectiveVisibility$Protected                  : loaded 2 times (x 75B)
Class org.jetbrains.kotlin.fir.deserialization.FirDeserializationContext              : loaded 2 times (x 72B)
Class org.jetbrains.kotlin.cli.common.CLICompiler                                     : loaded 2 times (x 83B)
Class com.google.gson.internal.bind.ReflectiveTypeAdapterFactory$2                    : loaded 2 times (x 79B)
Class org.jetbrains.kotlin.fir.analysis.checkers.syntax.FirSyntaxChecker              : loaded 2 times (x 70B)
Class com.android.ide.common.gradle.Separator                                         : loaded 2 times (x 79B)
Class com.android.builder.model.v2.ide.AndroidGradlePluginProjectFlags$BooleanFlag    : loaded 2 times (x 79B)
Class org.gradle.internal.time.DefaultTimer                                           : loaded 2 times (x 80B)
Class com.google.common.collect.AbstractMapBasedMultimap$KeySet$1                     : loaded 2 times (x 82B)
Class org.objectweb.asm.ClassWriter                                                   : loaded 2 times (x 106B)
Class com.google.common.cache.CacheLoader$UnsupportedLoadingOperationException        : loaded 2 times (x 82B)
Class org.jetbrains.kotlin.fir.analysis.checkers.expression.FirOptionalExpectationExpressionChecker: loaded 2 times (x 77B)
Class org.jetbrains.kotlin.fir.scopes.impl.FirClassDeclaredMemberScopeImpl            : loaded 2 times (x 83B)
Class [Lorg.jetbrains.kotlin.com.intellij.psi.PsiQualifiedReference;                  : loaded 2 times (x 69B)
Class [Lorg.jetbrains.kotlin.com.intellij.util.containers.ConcurrentIntObjectHashMap$CounterCell;: loaded 2 times (x 69B)
Class org.jetbrains.kotlin.com.intellij.util.containers.ContainerUtilRt               : loaded 2 times (x 71B)
Class org.jetbrains.kotlin.com.intellij.psi.PsiAnonymousClass                         : loaded 2 times (x 70B)
Class org.jetbrains.kotlin.com.intellij.util.Processors                               : loaded 2 times (x 71B)
Class org.jetbrains.kotlin.load.java.structure.JavaField                              : loaded 2 times (x 70B)
Class org.jetbrains.kotlin.io.vavr.collection.HashArrayMappedTrieModule$LeafList      : loaded 2 times (x 110B)
Class org.jetbrains.kotlin.fir.java.deserialization.JvmBinaryAnnotationDeserializer$loadClassAnnotations$3: loaded 2 times (x 76B)
Class org.jetbrains.kotlin.fir.deserialization.RegisteredInSerializationPluginMetadataExtensionKey: loaded 2 times (x 71B)
Class org.jetbrains.kotlin.metadata.ProtoBuf$Effect$EffectType$1                      : loaded 2 times (x 74B)
Class org.jetbrains.kotlin.metadata.ProtoBuf$EffectOrBuilder                          : loaded 2 times (x 70B)
Class org.jetbrains.kotlin.fir.scopes.FirDefaultImportProviderHolderKt                : loaded 2 times (x 71B)
Class org.jetbrains.kotlin.com.intellij.psi.impl.source.BasicJavaDocElementType$JavaDocLazyElementType: loaded 2 times (x 88B)
Class org.jetbrains.kotlin.com.intellij.psi.util.PsiUtilCore                          : loaded 2 times (x 71B)
Class org.jetbrains.kotlin.fir.resolve.transformers.plugin.FirAnnotationArgumentsTransformer: loaded 2 times (x 475B)
Class org.jetbrains.kotlin.fir.resolve.dfa.cfg.TryExpressionExitNode                  : loaded 2 times (x 81B)
Class org.jetbrains.kotlin.fir.declarations.FirDeclarationOrigin$Synthetic$ImplicitWhenSubject: loaded 2 times (x 72B)
Class org.jetbrains.kotlin.fir.expressions.impl.FirRegularWhenBranch                  : loaded 2 times (x 94B)
Class org.jetbrains.kotlin.fir.expressions.FirArgumentUtilKt                          : loaded 2 times (x 71B)
Class org.jetbrains.kotlin.ElementTypeUtils                                           : loaded 2 times (x 71B)
Class org.jetbrains.kotlin.fir.types.impl.FirUserTypeRefImpl                          : loaded 2 times (x 107B)
Class org.jetbrains.kotlin.com.intellij.lexer.TokenList                               : loaded 2 times (x 70B)
Class org.jetbrains.kotlin.com.intellij.lang.impl.PsiBuilderImpl$StartMarker          : loaded 2 times (x 125B)
Class org.jetbrains.kotlin.fir.analysis.jvm.checkers.declaration.FirJvmInvalidAndDangerousCharactersChecker: loaded 2 times (x 77B)
Class org.jetbrains.kotlin.fir.analysis.checkers.type.FirKotlinActualAnnotationHasNoEffectInKotlinTypeChecker: loaded 2 times (x 77B)
Class org.jetbrains.kotlin.fir.analysis.checkers.declaration.FirValueParameterDefaultValueTypeMismatchChecker: loaded 2 times (x 77B)
Class org.jetbrains.kotlin.fir.analysis.cfa.FirPropertyInitializationAnalyzer         : loaded 2 times (x 76B)
Class org.jetbrains.kotlin.fir.analysis.checkers.declaration.FirExplicitBackingFieldForbiddenChecker: loaded 2 times (x 77B)
Class org.jetbrains.kotlin.fir.analysis.checkers.declaration.FirPropertyFromParameterChecker: loaded 2 times (x 77B)
Class org.jetbrains.kotlin.fir.expressions.FirExpression                              : loaded 2 times (x 115B)
Class org.jetbrains.kotlin.fir.analysis.checkers.expression.ComposedExpressionCheckers: loaded 2 times (x 107B)
Class org.jetbrains.kotlin.fir.FirSourceModuleData                                    : loaded 2 times (x 83B)
Class org.jetbrains.kotlin.resolve.jvm.TopPackageNamesProvider                        : loaded 2 times (x 70B)
Class org.jetbrains.kotlin.descriptors.Modality                                       : loaded 2 times (x 79B)
Class org.jetbrains.kotlin.fir.analysis.checkers.expression.FirGenericArrayClassLiteralSupport$Enabled: loaded 2 times (x 74B)
Class org.jetbrains.kotlin.resolve.calls.results.TypeSpecificityComparator            : loaded 2 times (x 70B)
Class org.jetbrains.kotlin.psi.KtPrefixExpression                                     : loaded 2 times (x 502B)
Class [Lorg.jetbrains.kotlin.psi.KtBlockStringTemplateEntry;                          : loaded 2 times (x 69B)
Class org.jetbrains.kotlin.psi.KtDeclarationWithInitializer                           : loaded 2 times (x 70B)
Class org.jetbrains.kotlin.psi.KtElementImplStub                                      : loaded 2 times (x 443B)
Class org.jetbrains.kotlin.fir.declarations.FirReceiverParameter                      : loaded 2 times (x 112B)
Class org.jetbrains.kotlin.fir.FirCliExceptionHandler                                 : loaded 2 times (x 73B)
Class org.jetbrains.kotlin.types.model.KotlinTypeMarker                               : loaded 2 times (x 70B)
Class org.jetbrains.kotlin.metadata.jvm.deserialization.PackageParts                  : loaded 2 times (x 72B)
Class org.jetbrains.kotlin.protobuf.BoundedByteString                                 : loaded 2 times (x 112B)
Class org.jetbrains.kotlin.load.kotlin.JvmPackagePartProviderBase$Companion           : loaded 2 times (x 71B)
Class org.jetbrains.kotlin.fir.session.environment.AbstractProjectFileSearchScope$ANY : loaded 2 times (x 77B)
Class [Lorg.jetbrains.kotlin.extensions.PreprocessedVirtualFileFactoryExtension;      : loaded 2 times (x 69B)
Class org.jetbrains.kotlin.cli.jvm.index.JavaRoot$RootType                            : loaded 2 times (x 79B)
Class [Lorg.jetbrains.kotlin.cli.jvm.compiler.jarfs.ZipEntryDescription$CompressionKind;: loaded 2 times (x 69B)
Class org.jetbrains.kotlin.com.intellij.psi.impl.source.PsiFileImpl                   : loaded 2 times (x 724B)
Class org.jetbrains.kotlin.com.intellij.psi.impl.source.HolderFactory                 : loaded 2 times (x 70B)
Class org.jetbrains.kotlin.kotlinx.collections.immutable.implementations.persistentOrderedSet.PersistentOrderedSet: loaded 2 times (x 204B)
Class org.jetbrains.kotlin.com.intellij.util.xml.dom.StaxFactory                      : loaded 2 times (x 71B)
Class [Lorg.jetbrains.kotlin.resolve.jvm.JvmPrimitiveType;                            : loaded 2 times (x 69B)
Class org.jetbrains.kotlin.com.intellij.ide.plugins.PluginXmlPathResolver             : loaded 2 times (x 79B)
Class org.jetbrains.kotlin.com.intellij.psi.presentation.java.FieldPresentationProvider: loaded 2 times (x 74B)
Class org.jetbrains.kotlin.com.intellij.psi.PsiCheckedRenameElement                   : loaded 2 times (x 70B)
Class org.jetbrains.kotlin.com.intellij.psi.PsiNamedElement                           : loaded 2 times (x 70B)
Class org.jetbrains.kotlin.com.intellij.util.KeyedLazyInstance                        : loaded 2 times (x 70B)
Class org.jetbrains.kotlin.com.intellij.openapi.extensions.impl.ExtensionPointImpl$Companion: loaded 2 times (x 71B)
Class org.jetbrains.kotlin.com.intellij.util.ArrayFactory                             : loaded 2 times (x 70B)
Class org.jetbrains.kotlin.com.intellij.openapi.util.ClassExtension                   : loaded 2 times (x 86B)
Class org.jetbrains.kotlin.com.intellij.openapi.vfs.VirtualFileSystem                 : loaded 2 times (x 88B)
Class org.jetbrains.kotlin.backend.jvm.lower.JvmInitializersCleanupLowering           : loaded 2 times (x 88B)
Class org.jetbrains.kotlin.backend.jvm.lower.JvmPropertiesLowering                    : loaded 2 times (x 353B)
Class org.jetbrains.kotlin.backend.common.lower.ProvisionalFunctionExpressionLowering : loaded 2 times (x 260B)
Class [Lorg.jetbrains.kotlin.compiler.plugin.AbstractCliOption;                       : loaded 2 times (x 69B)
Class org.jetbrains.kotlin.com.intellij.util.SmartList                                : loaded 2 times (x 199B)
Class org.jetbrains.kotlin.storage.NullableLazyValue                                  : loaded 2 times (x 70B)
Class org.jetbrains.kotlin.config.AnalysisFlags                                       : loaded 2 times (x 71B)
Class org.jetbrains.kotlin.config.IncrementalCompilation                              : loaded 2 times (x 71B)
Class org.jetbrains.kotlin.it.unimi.dsi.fastutil.ints.Int2ObjectFunction              : loaded 2 times (x 70B)
Class org.jetbrains.kotlin.com.google.common.collect.AbstractMapBasedMultimap         : loaded 2 times (x 139B)
Class org.jetbrains.kotlin.fir.analysis.jvm.checkers.expression.FirQualifiedAccessJavaNullabilityWarningChecker: loaded 2 times (x 77B)
Class org.jetbrains.kotlin.fir.extensions.FirExtensionDeclarationsSymbolProvider$Companion: loaded 2 times (x 71B)
Class org.jetbrains.kotlin.fir.java.FirJavaElementFinder$fileCache$1                  : loaded 2 times (x 75B)
Class com.google.gson.ToNumberStrategy                                                : loaded 2 times (x 70B)
Class com.google.gson.TypeAdapter                                                     : loaded 2 times (x 73B)
Class com.amazon.ion.impl.bin.PooledBlockAllocatorProvider$PooledBlockAllocator$1     : loaded 2 times (x 79B)
Class com.amazon.ion.impl.lite.IonStringLite                                          : loaded 2 times (x 212B)
Class org.gradle.tooling.internal.adapter.ProtocolToModelAdapter$ViewKey              : loaded 2 times (x 72B)
Class kotlin.coroutines.ContinuationKt                                                : loaded 2 times (x 71B)
Class com.google.common.collect.FluentIterable$1                                      : loaded 2 times (x 81B)
Class org.objectweb.asm.FieldVisitor                                                  : loaded 2 times (x 77B)
Class com.google.common.collect.IndexedImmutableSet                                   : loaded 2 times (x 152B)
Class com.google.common.collect.ImmutableMap$1                                        : loaded 2 times (x 81B)
Class com.google.common.collect.BiMap                                                 : loaded 2 times (x 70B)
Class org.gradle.api.internal.classpath.DefaultModuleRegistry$DefaultModule           : loaded 2 times (x 82B)
Class org.jetbrains.kotlin.fir.declarations.AnnotationTargetUtilsKt                   : loaded 2 times (x 71B)
Class org.jetbrains.kotlin.com.intellij.psi.impl.java.stubs.PsiRequiresStatementStub  : loaded 2 times (x 70B)
Class org.jetbrains.kotlin.com.intellij.psi.impl.source.BasicJavaElementType$StatementThinCodeFragmentElementType: loaded 2 times (x 88B)
Class org.jetbrains.kotlin.com.intellij.psi.impl.java.stubs.JavaImportListElementType : loaded 2 times (x 120B)
Class org.jetbrains.kotlin.com.intellij.openapi.application.ReadActionProcessor       : loaded 2 times (x 76B)
Class org.jetbrains.kotlin.load.java.structure.impl.classFiles.ClassifierResolutionContext: loaded 2 times (x 72B)
Class org.jetbrains.kotlin.metadata.jvm.deserialization.JvmNameResolverKt             : loaded 2 times (x 71B)
Class org.jetbrains.kotlin.fir.declarations.FirAnnotationUtilsKt                      : loaded 2 times (x 71B)
Class org.jetbrains.kotlin.fir.scopes.impl.ImportedFromObjectOrStaticClassIdKey       : loaded 2 times (x 71B)
Class org.jetbrains.kotlin.fir.declarations.synthetic.FirSyntheticProperty            : loaded 2 times (x 216B)
Class org.jetbrains.kotlin.fir.resolve.dfa.cfg.WhenExitNode                           : loaded 2 times (x 81B)
Class org.jetbrains.kotlin.fir.resolve.dfa.cfg.EnterNodeMarker                        : loaded 2 times (x 70B)
Class org.jetbrains.kotlin.KtFakeSourceElementKind$ImplicitUnit$Return                : loaded 2 times (x 72B)
Class org.jetbrains.kotlin.fir.expressions.FirElvisExpression                         : loaded 2 times (x 134B)
Class org.jetbrains.kotlin.fir.expressions.FirComparisonExpression                    : loaded 2 times (x 118B)
Class org.jetbrains.kotlin.fir.lightTree.fir.modifier.ModifierFlag$Companion          : loaded 2 times (x 71B)
Class org.jetbrains.kotlin.parsing.KotlinParsing$DeclarationParsingMode               : loaded 2 times (x 79B)
Class org.jetbrains.kotlin.com.google.common.collect.IndexedImmutableSet              : loaded 2 times (x 152B)
Class org.jetbrains.kotlin.fir.analysis.checkers.declaration.FirNestedClassChecker    : loaded 2 times (x 77B)
Class org.jetbrains.kotlin.fir.checkers.CheckersContainersKt                          : loaded 2 times (x 71B)
Class org.jetbrains.kotlin.fir.analysis.CheckersComponent                             : loaded 2 times (x 72B)
Class org.jetbrains.kotlin.fir.caches.FirThreadUnsafeCacheWithPostCompute             : loaded 2 times (x 74B)
Class org.jetbrains.kotlin.descriptors.Visibilities$InvisibleFake                     : loaded 2 times (x 79B)
Class org.jetbrains.kotlin.metadata.deserialization.NameResolverImpl$WhenMappings     : loaded 2 times (x 71B)
Class org.jetbrains.kotlin.protobuf.UninitializedMessageException                     : loaded 2 times (x 84B)
Class org.jetbrains.kotlin.fir.resolve.providers.impl.FirExtensionSyntheticFunctionInterfaceProvider$Companion: loaded 2 times (x 71B)
Class org.jetbrains.kotlin.psi.KtOperationExpression                                  : loaded 2 times (x 70B)
Class org.jetbrains.kotlin.psi.KtDestructuringDeclarationEntry                        : loaded 2 times (x 1237B)
Class [Lorg.jetbrains.kotlin.psi.KtSuperTypeEntry;                                    : loaded 2 times (x 69B)
Class [Lorg.jetbrains.kotlin.psi.KtSimpleNameExpression;                              : loaded 2 times (x 69B)
Class org.jetbrains.kotlin.psi.KtTypeConstraint                                       : loaded 2 times (x 571B)
Class org.jetbrains.kotlin.psi.stubs.elements.KtScriptElementType                     : loaded 2 times (x 100B)
Class org.jetbrains.kotlin.fir.scopes.FirOverrideService                              : loaded 2 times (x 72B)
Class org.jetbrains.kotlin.fir.extensions.AbstractFirRegisteredPluginAnnotations$special$$inlined$createCache$1: loaded 2 times (x 75B)
Class org.jetbrains.kotlin.metadata.ProtoBuf$TypeParameter$Variance                   : loaded 2 times (x 82B)
Class org.jetbrains.kotlin.metadata.ProtoBuf$Annotation$Argument$Value$1              : loaded 2 times (x 144B)
Class org.jetbrains.kotlin.load.kotlin.ModuleVisibilityManager                        : loaded 2 times (x 70B)
Class org.jetbrains.kotlin.resolve.extensions.ExtraImportsProviderExtension$Companion : loaded 2 times (x 72B)
Class org.jetbrains.kotlin.asJava.classes.ImplUtilsKt                                 : loaded 2 times (x 71B)
Class org.jetbrains.kotlin.com.intellij.psi.codeStyle.JavaFileCodeStyleFacade         : loaded 2 times (x 70B)
Class org.jetbrains.kotlin.com.intellij.lang.jvm.types.JvmPrimitiveTypeKind           : loaded 2 times (x 72B)
Class org.jetbrains.kotlin.com.intellij.psi.search.GlobalSearchScope$NotScope         : loaded 2 times (x 98B)
Class org.jetbrains.kotlin.com.intellij.psi.PsiRecursiveVisitor                       : loaded 2 times (x 70B)
Class org.jetbrains.kotlin.com.intellij.psi.util.PsiModificationTracker               : loaded 2 times (x 70B)
Class org.jetbrains.kotlin.com.fasterxml.aalto.in.Utf8Scanner                         : loaded 2 times (x 134B)
Class org.jetbrains.kotlin.com.intellij.util.messages.impl.CompositeMessageBus        : loaded 2 times (x 101B)
Class org.jetbrains.kotlin.com.intellij.openapi.fileTypes.FileTypeExtension           : loaded 2 times (x 90B)
Class org.jetbrains.kotlin.cli.common.SessionWithSources                              : loaded 2 times (x 72B)
Class org.jetbrains.kotlin.backend.jvm.JvmLoweringPhasesKt$jvmLoweringPhases$20       : loaded 2 times (x 125B)
Class org.jetbrains.kotlin.backend.jvm.lower.CreateSeparateCallForInlinedLambdasLowering: loaded 2 times (x 344B)
Class org.jetbrains.kotlin.backend.common.phaser.PhaseFactoriesKt                     : loaded 2 times (x 71B)
Class org.jetbrains.kotlin.storage.SimpleLock                                         : loaded 2 times (x 70B)
Class org.jetbrains.kotlin.diagnostics.impl.BaseDiagnosticsCollector                  : loaded 2 times (x 77B)
Class org.jetbrains.kotlin.com.google.common.collect.ImmutableMap$IteratorBasedImmutableMap: loaded 2 times (x 126B)
Class org.jetbrains.kotlin.platform.jvm.JvmPlatform                                   : loaded 2 times (x 75B)
Class org.jetbrains.kotlin.name.ClassId                                               : loaded 2 times (x 72B)
Class com.amazon.ion.impl.bin.Block                                                   : loaded 2 times (x 79B)
Class org.jetbrains.kotlin.it.unimi.dsi.fastutil.objects.ObjectBidirectionalIterator  : loaded 2 times (x 70B)
Class com.android.builder.model.v2.CustomSourceDirectory                              : loaded 2 times (x 70B)
Class com.google.common.collect.NullsFirstOrdering                                    : loaded 2 times (x 115B)
Class com.android.ide.common.repository.AgpVersion                                    : loaded 2 times (x 75B)
Class org.gradle.tooling.internal.adapter.ProtocolToModelAdapter$PropertyCachingMethodInvoker: loaded 2 times (x 76B)
Class com.google.common.collect.FluentIterable$2                                      : loaded 2 times (x 81B)
Class com.google.common.base.Absent                                                   : loaded 2 times (x 80B)
Class com.google.common.primitives.Ints                                               : loaded 2 times (x 71B)
Class com.google.common.reflect.Reflection                                            : loaded 2 times (x 71B)
Class org.jetbrains.kotlin.com.intellij.psi.PsiDeclarationStatement                   : loaded 2 times (x 70B)
Class org.jetbrains.kotlin.com.intellij.psi.impl.compiled.ClsClassImpl                : loaded 2 times (x 1344B)
Class org.jetbrains.kotlin.com.intellij.psi.util.CachedValueProfiler$ThreadContext    : loaded 2 times (x 72B)
Class org.jetbrains.kotlin.load.java.structure.JavaValueParameter                     : loaded 2 times (x 70B)
Class org.jetbrains.kotlin.load.java.structure.impl.classFiles.BinaryJavaMethodBase$Companion: loaded 2 times (x 71B)
Class org.jetbrains.org.objectweb.asm.FieldVisitor                                    : loaded 2 times (x 77B)
Class org.jetbrains.kotlin.metadata.ProtoBuf$VersionRequirement$VersionKind           : loaded 2 times (x 82B)
Class [Lorg.jetbrains.kotlin.metadata.ProtoBuf$Effect$InvocationKind;                 : loaded 2 times (x 69B)
Class org.jetbrains.kotlin.metadata.jvm.JvmProtoBuf$StringTableTypes$Record$Operation$1: loaded 2 times (x 74B)
Class org.jetbrains.kotlin.it.unimi.dsi.fastutil.ints.IntBidirectionalIterator        : loaded 2 times (x 70B)
Class org.jetbrains.kotlin.fir.resolve.TypeResolutionConfiguration$Companion          : loaded 2 times (x 71B)
Class org.jetbrains.kotlin.fir.declarations.DeprecationAnnotationInfoPerUseSiteStorage: loaded 2 times (x 72B)
Class org.jetbrains.kotlin.fir.resolve.transformers.body.resolve.FirImplicitTypeBodyResolveTransformerAdapter: loaded 2 times (x 386B)
Class [Lorg.jetbrains.kotlin.fir.resolve.calls.tower.InvokeResolvePriority;           : loaded 2 times (x 69B)
Class org.jetbrains.kotlin.fir.scopes.CallableCopyTypeCalculator$CalculateDeferredForceLazyResolution: loaded 2 times (x 74B)
Class org.jetbrains.kotlin.resolve.calls.mpp.ExpectActualMatchingContext$Companion    : loaded 2 times (x 71B)
Class org.jetbrains.kotlin.fir.extensions.FirStatusTransformerExtensionKt             : loaded 2 times (x 71B)
Class org.jetbrains.kotlin.fir.types.ConeErrorType                                    : loaded 2 times (x 83B)
Class org.jetbrains.kotlin.com.google.common.math.IntMath$1                           : loaded 2 times (x 71B)
Class org.jetbrains.kotlin.fir.references.impl.FirStubReference                       : loaded 2 times (x 87B)
Class org.jetbrains.kotlin.fir.expressions.builder.FirNamedArgumentExpressionBuilder  : loaded 2 times (x 84B)
Class org.jetbrains.kotlin.fir.expressions.impl.FirArrayLiteralImpl                   : loaded 2 times (x 134B)
Class org.jetbrains.kotlin.com.intellij.lang.impl.PsiBuilderImpl$TokenRangeNode       : loaded 2 times (x 101B)
Class [Lorg.jetbrains.kotlin.parsing.KotlinParsing$NameParsingMode;                   : loaded 2 times (x 69B)
Class org.jetbrains.kotlin.com.intellij.psi.search.impl.VirtualFileEnumeration$1      : loaded 2 times (x 79B)
Class org.jetbrains.kotlin.fir.extensions.FirSwitchableExtensionDeclarationsSymbolProvider$Companion: loaded 2 times (x 71B)
Class org.jetbrains.kotlin.fir.analysis.checkers.expression.FirKotlinActualAnnotationHasNoEffectInKotlinExpressionChecker$FunctionCall: loaded 2 times (x 77B)
Class org.jetbrains.kotlin.fir.analysis.checkers.declaration.FirAnyTypeAliasChecker   : loaded 2 times (x 77B)
Class org.jetbrains.kotlin.fir.analysis.checkers.syntax.FirDelegationInExpectClassSyntaxChecker: loaded 2 times (x 89B)
Class org.jetbrains.kotlin.fir.analysis.checkers.declaration.FirMissingDependencySupertypeInDeclarationsChecker: loaded 2 times (x 77B)
Class org.jetbrains.kotlin.serialization.deserialization.ClassDataFinder              : loaded 2 times (x 70B)
Class org.jetbrains.kotlin.builtins.functions.FunctionTypeKind$SuspendFunction        : loaded 2 times (x 77B)
Class org.jetbrains.kotlin.builtins.functions.FunctionTypeKind                        : loaded 2 times (x 77B)
Class org.jetbrains.kotlin.fir.extensions.FirExtensionSessionComponentKt              : loaded 2 times (x 71B)
Class org.jetbrains.kotlin.descriptors.Named                                          : loaded 2 times (x 70B)
Class org.jetbrains.kotlin.psi.KtContextReceiverList                                  : loaded 2 times (x 443B)
Class [Lorg.jetbrains.kotlin.psi.KtPureClassOrObject;                                 : loaded 2 times (x 69B)
Class [Lorg.jetbrains.kotlin.psi.KtDeclaration;                                       : loaded 2 times (x 69B)
Class org.jetbrains.kotlin.com.intellij.psi.tree.IErrorCounterReparseableElementType  : loaded 2 times (x 95B)
Class org.jetbrains.kotlin.psi.stubs.elements.KtContextReceiverElementType            : loaded 2 times (x 100B)
Class org.jetbrains.kotlin.resolve.DefaultImportProvider$DefaultImportsKey            : loaded 2 times (x 71B)
Class org.jetbrains.kotlin.fir.symbols.impl.FirConstructorSymbol                      : loaded 2 times (x 80B)
Class org.jetbrains.kotlin.fir.types.impl.FirImplicitCharIteratorTypeRef              : loaded 2 times (x 107B)
Class org.jetbrains.kotlin.protobuf.GeneratedMessageLite$ExtensionDescriptor          : loaded 2 times (x 84B)
Class org.jetbrains.kotlin.protobuf.InvalidProtocolBufferException                    : loaded 2 times (x 84B)
Class org.jetbrains.kotlin.metadata.deserialization.NameResolver                      : loaded 2 times (x 70B)
Class org.jetbrains.kotlin.cli.jvm.compiler.jarfs.LargeDynamicMappedBuffer$Mapping    : loaded 2 times (x 72B)
Class org.jetbrains.kotlin.load.java.structure.impl.source.JavaElementSourceFactory   : loaded 2 times (x 79B)
Class org.jetbrains.kotlin.metadata.ProtoBuf$Visibility$1                             : loaded 2 times (x 74B)
Class org.jetbrains.kotlin.extensions.internal.CandidateInterceptor$Companion         : loaded 2 times (x 72B)
Class org.jetbrains.kotlin.resolve.jvm.extensions.PackageFragmentProviderExtension$Companion: loaded 2 times (x 72B)
Class org.jetbrains.kotlin.resolve.jvm.extensions.PackageFragmentProviderExtension    : loaded 2 times (x 70B)
Class org.jetbrains.kotlin.com.intellij.core.CoreJavaCodeStyleSettingsFacade          : loaded 2 times (x 73B)
Class [Lorg.jetbrains.kotlin.com.intellij.psi.search.ProjectAwareFileFilter;          : loaded 2 times (x 69B)
Class org.jetbrains.kotlin.com.intellij.psi.search.DelegatingGlobalSearchScope        : loaded 2 times (x 98B)
Class org.jetbrains.kotlin.com.intellij.openapi.util.BuildNumber                      : loaded 2 times (x 75B)
Class [Lorg.jetbrains.kotlin.com.fasterxml.aalto.in.ByteBasedPName;                   : loaded 2 times (x 69B)
Class org.jetbrains.kotlin.com.intellij.lang.WhitespacesBinders$2                     : loaded 2 times (x 75B)
Class org.jetbrains.kotlin.com.intellij.ide.highlighter.JavaFileType                  : loaded 2 times (x 90B)
Class org.jetbrains.kotlin.cli.jvm.compiler.CompatKt                                  : loaded 2 times (x 71B)
Class org.jetbrains.kotlin.psi.KtVisitorVoid                                          : loaded 2 times (x 304B)
Class org.jetbrains.kotlin.backend.jvm.JvmLoweringPhasesKt$jvmLoweringPhases$21       : loaded 2 times (x 125B)
Class org.jetbrains.kotlin.ir.declarations.IrMutableAnnotationContainer               : loaded 2 times (x 70B)
Class org.jetbrains.kotlin.backend.common.lower.InnerClassesMemberBodyLowering        : loaded 2 times (x 86B)
Class org.jetbrains.kotlin.config.ReturnValueCheckerMode$Companion                    : loaded 2 times (x 71B)
Class kotlin.reflect.jvm.internal.KClassImpl$Data$inheritedStaticMembers$2            : loaded 2 times (x 79B)
Class org.jetbrains.kotlin.fir.expressions.FirBooleanOperatorExpression               : loaded 2 times (x 122B)
Class org.jetbrains.kotlin.platform.TargetPlatform                                    : loaded 2 times (x 119B)
Class com.intellij.openapi.externalSystem.model.ExternalSystemException               : loaded 2 times (x 86B)
Class org.jetbrains.plugins.gradle.model.ExternalTask                                 : loaded 2 times (x 70B)
Class com.amazon.ion.impl.bin.utf8.Utf8StringEncoderPool$1                            : loaded 2 times (x 76B)
Class com.amazon.ion.impl.lite.IonLoaderLite                                          : loaded 2 times (x 82B)
Class com.amazon.ion.impl.lite.IonContext                                             : loaded 2 times (x 70B)
Class com.amazon.ion.impl.IonWriterSystemText                                         : loaded 2 times (x 190B)
Class [Lcom.amazon.ion.impl.bin.IonManagedBinaryWriter$ImportedSymbolResolverMode;    : loaded 2 times (x 69B)
Class com.amazon.ion.ValueFactory                                                     : loaded 2 times (x 70B)
Class [Lorg.jetbrains.kotlin.fir.declarations.FirMemberDeclaration;                   : loaded 2 times (x 69B)
Class ijInit1_euhkwxofpde901wxcxx9zq2tr$_run_closure1                                 : loaded 2 times (x 140B)
Class com.android.builder.model.v2.models.ProjectSyncIssues                           : loaded 2 times (x 70B)
Class org.gradle.internal.time.DefaultCountdownTimer                                  : loaded 2 times (x 88B)
Class com.google.common.collect.FluentIterable$3                                      : loaded 2 times (x 81B)
Class com.google.common.collect.ObjectArrays                                          : loaded 2 times (x 71B)
Class com.google.common.math.MathPreconditions                                        : loaded 2 times (x 71B)
Class com.google.common.collect.ArrayListMultimapGwtSerializationDependencies         : loaded 2 times (x 172B)
Class com.google.common.collect.Multiset                                              : loaded 2 times (x 70B)
Class org.jetbrains.kotlin.fir.expressions.impl.FirClassReferenceExpressionImpl       : loaded 2 times (x 118B)
Class org.jetbrains.kotlin.fir.expressions.FirClassReferenceExpression                : loaded 2 times (x 117B)
Class org.jetbrains.kotlin.com.intellij.psi.impl.java.stubs.JavaRequiresStatementElementType: loaded 2 times (x 115B)
Class org.jetbrains.kotlin.com.intellij.injected.editor.VirtualFileWindow             : loaded 2 times (x 70B)
Class org.jetbrains.kotlin.serialization.deserialization.descriptors.DeserializedContainerSource: loaded 2 times (x 70B)
Class org.jetbrains.kotlin.fir.FirLookupTrackerComponentKt                            : loaded 2 times (x 71B)
Class org.jetbrains.kotlin.fir.resolve.transformers.body.resolve.FirAbstractBodyResolveTransformerDispatcher: loaded 2 times (x 475B)
Class org.jetbrains.kotlin.fir.expressions.impl.FirBreakExpressionImpl                : loaded 2 times (x 120B)
Class org.jetbrains.kotlin.fir.references.FirDelegateFieldReference                   : loaded 2 times (x 90B)
Class org.jetbrains.kotlin.fir.EnumClassUtilsKt                                       : loaded 2 times (x 71B)
Class org.jetbrains.kotlin.fir.expressions.builder.FirWhileLoopBuilder                : loaded 2 times (x 88B)
Class org.jetbrains.kotlin.fir.types.impl.FirStarProjectionImpl                       : loaded 2 times (x 88B)
Class org.jetbrains.kotlin.fir.declarations.impl.FirDefaultPropertyBackingField       : loaded 2 times (x 221B)
Class org.jetbrains.kotlin.types.Variance                                             : loaded 2 times (x 80B)
Class org.jetbrains.kotlin.fir.lightTree.fir.modifier.ModifierList                    : loaded 2 times (x 73B)
Class org.jetbrains.kotlin.utils.exceptions.KotlinIllegalStateExceptionWithAttachments: loaded 2 times (x 92B)
Class org.jetbrains.kotlin.com.google.common.collect.ImmutableSet$CachingAsList       : loaded 2 times (x 148B)
Class org.jetbrains.kotlin.fir.analysis.checkers.syntax.FirMissingConstructorKeywordSyntaxChecker: loaded 2 times (x 89B)
Class org.jetbrains.kotlin.fir.analysis.checkers.syntax.FirExplicitApiDeclarationChecker: loaded 2 times (x 89B)
Class org.jetbrains.kotlin.fir.caches.FirThreadUnsafeValue                            : loaded 2 times (x 73B)
Class org.jetbrains.kotlin.descriptors.EffectiveVisibilityKt                          : loaded 2 times (x 71B)
Class [Lorg.jetbrains.kotlin.fir.declarations.FirResolvePhase;                        : loaded 2 times (x 69B)
Class org.jetbrains.kotlin.fir.resolve.providers.impl.FirSyntheticFunctionInterfaceProviderBase$symbolNamesProvider$1: loaded 2 times (x 83B)
Class org.jetbrains.kotlin.resolve.calls.checkers.IncorrectCapturedApproximationCallChecker: loaded 2 times (x 74B)
Class org.jetbrains.kotlin.resolve.calls.checkers.ProtectedConstructorCallChecker     : loaded 2 times (x 74B)
Class [Lorg.jetbrains.kotlin.psi.KtAnnotation;                                        : loaded 2 times (x 69B)
Class org.jetbrains.kotlin.resolve.checkers.SealedInheritorInSamePackageChecker       : loaded 2 times (x 74B)
Class org.jetbrains.kotlin.fir.scopes.impl.FirAbstractOverrideChecker                 : loaded 2 times (x 80B)
Class org.jetbrains.kotlin.fir.types.TypeUtilsKt                                      : loaded 2 times (x 71B)
Class org.jetbrains.kotlin.fir.resolve.FirSamConstructorStorage                       : loaded 2 times (x 72B)
Class org.jetbrains.kotlin.fir.types.TypeComponents$typeContext$1                     : loaded 2 times (x 1082B)
Class [Lorg.jetbrains.kotlin.name.ClassId;                                            : loaded 2 times (x 69B)
Class org.jetbrains.kotlin.protobuf.ByteString$ByteIterator                           : loaded 2 times (x 70B)
Class org.jetbrains.kotlin.com.intellij.extapi.psi.PsiFileBase                        : loaded 2 times (x 725B)
Class [Lorg.jetbrains.kotlin.com.intellij.psi.PsiJvmModifiersOwner;                   : loaded 2 times (x 69B)
Class org.jetbrains.kotlin.fir.extensions.FirExtensionRegistrar$Companion             : loaded 2 times (x 71B)
Class org.jetbrains.kotlin.com.intellij.util.io.FileAccessorCache$1                   : loaded 2 times (x 81B)
Class org.jetbrains.kotlin.com.intellij.openapi.util.RecursionManager$CachingPreventedException: loaded 2 times (x 82B)
Class org.jetbrains.kotlin.com.intellij.psi.controlFlow.ControlFlowFactory            : loaded 2 times (x 75B)
Class org.jetbrains.kotlin.com.fasterxml.aalto.util.XmlCharTypes                      : loaded 2 times (x 72B)
Class org.jetbrains.kotlin.fir.resolve.FirRegularTowerDataContexts$Companion          : loaded 2 times (x 71B)
Class org.jetbrains.kotlin.com.intellij.psi.compiled.ClassFileDecompilers             : loaded 2 times (x 72B)
Class org.jetbrains.kotlin.com.intellij.psi.PsiJavaDocumentedElement                  : loaded 2 times (x 70B)
Class org.jetbrains.kotlin.com.intellij.util.containers.ConcurrentLongObjectMap$LongEntry: loaded 2 times (x 70B)
Class org.jetbrains.kotlin.com.intellij.util.messages.impl.MessageBusImpl$MessageHandlerHolder: loaded 2 times (x 70B)
Class org.jetbrains.kotlin.com.intellij.util.containers.DisposableWrapperList$DisposableWrapper: loaded 2 times (x 77B)
Class org.jetbrains.kotlin.kotlinx.collections.immutable.ImmutableList                : loaded 2 times (x 70B)
Class org.jetbrains.kotlin.com.intellij.openapi.editor.ReadOnlyFragmentModificationException: loaded 2 times (x 82B)
Class org.jetbrains.kotlin.com.intellij.openapi.editor.ex.DocumentEx                  : loaded 2 times (x 70B)
Class org.jetbrains.kotlin.com.intellij.openapi.extensions.Extensions                 : loaded 2 times (x 71B)
Class org.jetbrains.kotlin.com.google.common.collect.LinkedHashMultimap$1             : loaded 2 times (x 83B)
Class org.jetbrains.kotlin.backend.common.phaser.DumperVerifierKt                     : loaded 2 times (x 71B)
Class org.jetbrains.kotlin.fir.resolve.providers.impl.FirTypeCandidateCollector$TypeResolutionResult$Resolved: loaded 2 times (x 72B)
Class org.jetbrains.kotlin.metadata.jvm.deserialization.JvmNameResolver               : loaded 2 times (x 80B)
Class org.jetbrains.kotlin.builtins.CompanionObjectMapping                            : loaded 2 times (x 71B)
Class org.jetbrains.kotlin.config.LanguageFeatureBehaviorAfterSinceVersion$CanStillBeDisabledForNow: loaded 2 times (x 72B)
Class org.jetbrains.kotlin.load.kotlin.FileBasedKotlinClass$4$2                       : loaded 2 times (x 106B)
Class org.jetbrains.kotlin.com.intellij.openapi.Disposable                            : loaded 2 times (x 70B)
Class com.google.gson.internal.ObjectConstructor                                      : loaded 2 times (x 70B)
Class com.amazon.ion.impl.bin.IonManagedBinaryWriter$SymbolResolver                   : loaded 2 times (x 70B)
Class com.amazon.ion.impl._Private_SymbolToken                                        : loaded 2 times (x 70B)
Class com.amazon.ion.impl.bin._Private_IonManagedBinaryWriterBuilder$AllocatorMode    : loaded 2 times (x 80B)
Class org.jetbrains.plugins.gradle.model.GradleTaskModel                              : loaded 2 times (x 70B)
Class org.jetbrains.plugins.gradle.tooling.util.ObjectCollector                       : loaded 2 times (x 72B)
Class org.gradle.tooling.internal.adapter.ProtocolToModelAdapter$AdaptingMethodInvoker: loaded 2 times (x 76B)
Class org.gradle.tooling.internal.gradle.DefaultBuildIdentifier                       : loaded 2 times (x 79B)
Class com.google.common.collect.ImmutableMapEntrySet                                  : loaded 2 times (x 152B)
Class org.gradle.api.internal.classpath.Module                                        : loaded 2 times (x 70B)
Class org.jetbrains.kotlin.com.intellij.util.BitUtil                                  : loaded 2 times (x 71B)
Class org.jetbrains.kotlin.com.intellij.psi.stubs.ObjectStubBase                      : loaded 2 times (x 107B)
Class org.jetbrains.kotlin.load.kotlin.MemberSignature                                : loaded 2 times (x 72B)
Class org.jetbrains.kotlin.fir.extensions.DeclarationGenerationContext$Nested         : loaded 2 times (x 73B)
Class org.jetbrains.kotlin.metadata.deserialization.VersionRequirement$Companion      : loaded 2 times (x 71B)
Class org.jetbrains.kotlin.fir.java.FirJavaFacadeKt                                   : loaded 2 times (x 71B)
Class org.jetbrains.kotlin.fir.resolve.FirTypeResolutionResult                        : loaded 2 times (x 72B)
Class org.jetbrains.kotlin.fir.resolve.transformers.body.resolve.ImplicitBodyResolveComputationSession: loaded 2 times (x 73B)
Class org.jetbrains.kotlin.fir.FirGenerationKt                                        : loaded 2 times (x 71B)
Class org.jetbrains.kotlin.fir.expressions.impl.FirEqualityOperatorCallImpl           : loaded 2 times (x 135B)
Class org.jetbrains.kotlin.fir.expressions.builder.FirAnonymousObjectExpressionBuilder: loaded 2 times (x 84B)
Class [Lorg.jetbrains.kotlin.fir.expressions.FirAnnotationResolvePhase;               : loaded 2 times (x 69B)
Class org.jetbrains.kotlin.fir.types.builder.FirUserTypeRefBuilder                    : loaded 2 times (x 81B)
Class org.jetbrains.kotlin.fir.java.JavaSymbolProvider$ClassCacheContext              : loaded 2 times (x 72B)
Class org.jetbrains.kotlin.fir.analysis.jvm.checkers.JvmDeclarationCheckers           : loaded 2 times (x 96B)
Class org.jetbrains.kotlin.resolve.calls.context.ResolutionContext                    : loaded 2 times (x 85B)
Class org.jetbrains.kotlin.psi.KtPropertyDelegate                                     : loaded 2 times (x 378B)
Class org.jetbrains.kotlin.psi.stubs.KotlinStringInterpolationPrefixStub              : loaded 2 times (x 70B)
Class org.jetbrains.kotlin.resolve.RequireKotlinConstants                             : loaded 2 times (x 71B)
Class org.jetbrains.kotlin.psi.KtTypeParameterListOwner                               : loaded 2 times (x 70B)
Class org.jetbrains.kotlin.storage.LockBasedStorageManager$MapBasedMemoizedFunctionToNotNull: loaded 2 times (x 85B)
Class org.jetbrains.kotlin.resolve.calls.inference.components.ConstraintInjector      : loaded 2 times (x 72B)
Class org.jetbrains.kotlin.metadata.deserialization.VersionSpecificBehaviorKt         : loaded 2 times (x 71B)
Class org.jetbrains.kotlin.metadata.deserialization.Flags$FlagField                   : loaded 2 times (x 73B)
Class [Lorg.jetbrains.kotlin.com.intellij.openapi.util.Iconable;                      : loaded 2 times (x 69B)
Class org.jetbrains.kotlin.com.intellij.psi.PsiQualifiedReferenceElement              : loaded 2 times (x 70B)
Class org.jetbrains.kotlin.io.vavr.collection.HashArrayMappedTrieModule$AbstractNode  : loaded 2 times (x 106B)
Class org.jetbrains.kotlin.load.java.structure.MutableJavaAnnotationOwner             : loaded 2 times (x 70B)
Class org.jetbrains.kotlin.io.opentelemetry.api.trace.Tracer                          : loaded 2 times (x 70B)
Class org.jetbrains.kotlin.com.intellij.psi.impl.ElementBase                          : loaded 2 times (x 104B)
Class org.jetbrains.kotlin.com.intellij.openapi.vfs.VirtualFileMoveEvent              : loaded 2 times (x 79B)
Class org.jetbrains.kotlin.com.intellij.util.ReflectionUtil                           : loaded 2 times (x 71B)
Class org.jetbrains.kotlin.com.intellij.util.messages.impl.MessageBusImpl$Companion   : loaded 2 times (x 71B)
Class org.jetbrains.kotlin.com.intellij.ide.plugins.DisabledPluginsState              : loaded 2 times (x 75B)
Class org.jetbrains.kotlin.com.intellij.navigation.ItemPresentationProviders          : loaded 2 times (x 86B)
Class org.jetbrains.kotlin.backend.common.lower.TailrecLowering                       : loaded 2 times (x 89B)
Class org.jetbrains.kotlin.fir.java.enhancement.FirLazyJavaAnnotationList             : loaded 2 times (x 198B)
Class org.jetbrains.kotlin.fir.java.enhancement.FirEnhancedSymbolsStorage$FunctionEnhancementContext: loaded 2 times (x 72B)
Class org.jetbrains.kotlin.cli.pipeline.PerformanceNotifications$AbstractNotification : loaded 2 times (x 77B)
Class org.jetbrains.kotlin.com.intellij.util.containers.IdentityHashingStrategy       : loaded 2 times (x 75B)
Class org.jetbrains.kotlin.com.intellij.openapi.util.Disposer                         : loaded 2 times (x 71B)
Class kotlin.reflect.jvm.internal.KClassifierImpl                                     : loaded 2 times (x 70B)
Class kotlin.reflect.jvm.internal.pcollections.IntTree                                : loaded 2 times (x 72B)
Class org.jetbrains.kotlin.metadata.deserialization.VersionRequirement$Version$Companion: loaded 2 times (x 71B)
Class [Lcom.amazon.ion.util.GzipStreamInterceptor;                                    : loaded 2 times (x 69B)
Class com.amazon.ion.impl._Private_IonReaderBuilder$Mutable                           : loaded 2 times (x 97B)
Class com.intellij.openapi.externalSystem.model.project.IExternalSystemSourceType     : loaded 2 times (x 70B)
Class com.google.common.cache.Weigher                                                 : loaded 2 times (x 70B)
Class org.gradle.api.internal.classpath.UnknownModuleException                        : loaded 2 times (x 82B)
Class org.jetbrains.kotlin.com.intellij.psi.PsiLock                                   : loaded 2 times (x 71B)
Class org.jetbrains.kotlin.com.intellij.psi.PsiDocCommentBase                         : loaded 2 times (x 70B)
Class org.jetbrains.kotlin.com.intellij.util.indexing.SubstitutedFileType             : loaded 2 times (x 90B)
Class org.jetbrains.kotlin.fir.java.declarations.UtilsKt                              : loaded 2 times (x 71B)
Class org.jetbrains.kotlin.fir.deserialization.AbstractAnnotationDeserializer$CallableKind: loaded 2 times (x 79B)
Class org.jetbrains.kotlin.metadata.ProtoBuf$TypeAliasOrBuilder                       : loaded 2 times (x 70B)
Class org.jetbrains.kotlin.com.google.common.collect.ImmutableList$1                  : loaded 2 times (x 97B)
Class org.jetbrains.kotlin.com.intellij.lang.impl.PsiBuilderImpl$MyTreeStructure      : loaded 2 times (x 95B)
Class org.jetbrains.kotlin.diagnostics.DiagnosticContext                              : loaded 2 times (x 70B)
Class org.jetbrains.kotlin.fir.analysis.checkers.expression.AbstractFirReflectionApiCallChecker: loaded 2 times (x 81B)
Class org.jetbrains.kotlin.fir.analysis.checkers.declaration.FirSealedInterfaceAllowedChecker: loaded 2 times (x 77B)
Class org.jetbrains.kotlin.fir.analysis.checkers.LanguageVersionSettingsCheckers$Companion$EMPTY$1: loaded 2 times (x 73B)
Class org.jetbrains.kotlin.load.java.AbstractJavaClassFinder                          : loaded 2 times (x 90B)
Class org.jetbrains.kotlin.container.InstanceComponentDescriptor                      : loaded 2 times (x 85B)
Class org.jetbrains.kotlin.resolve.checkers.MissingDependencyClassChecker             : loaded 2 times (x 74B)
Class org.jetbrains.kotlin.psi.KtClassLiteralExpression                               : loaded 2 times (x 579B)
Class org.jetbrains.kotlin.psi.KtSuperTypeCallEntry                                   : loaded 2 times (x 519B)
Class org.jetbrains.kotlin.psi.LambdaArgument                                         : loaded 2 times (x 70B)
Class [Lorg.jetbrains.kotlin.psi.KtTypeConstraintList;                                : loaded 2 times (x 69B)
Class org.jetbrains.kotlin.lexer.KtToken                                              : loaded 2 times (x 75B)
Class org.jetbrains.kotlin.psi.KtSuperTypeList                                        : loaded 2 times (x 447B)
Class org.jetbrains.kotlin.fir.types.ConeDynamicType                                  : loaded 2 times (x 80B)
Class org.jetbrains.kotlin.fir.types.ConeTypeContext                                  : loaded 2 times (x 70B)
Class org.jetbrains.kotlin.fir.types.impl.FirImplicitIntTypeRef                       : loaded 2 times (x 107B)
Class org.jetbrains.kotlin.resolve.jvm.platform.JvmPlatform                           : loaded 2 times (x 70B)
Class org.jetbrains.kotlin.metadata.ProtoBuf$QualifiedNameTable$QualifiedName         : loaded 2 times (x 110B)
Class org.jetbrains.kotlin.metadata.jvm.deserialization.BinaryModuleData              : loaded 2 times (x 72B)
Class org.jetbrains.kotlin.cli.jvm.compiler.TopDownAnalyzerFacadeForJVM$AllJavaSourcesInProjectScope: loaded 2 times (x 98B)
Class org.jetbrains.kotlin.com.intellij.util.text.ImmutableText                       : loaded 2 times (x 102B)
Class [Lorg.jetbrains.kotlin.metadata.ProtoBuf$Class$Kind;                            : loaded 2 times (x 69B)
Class org.jetbrains.kotlin.resolve.jvm.KotlinFinderMarker                             : loaded 2 times (x 70B)
Class org.jetbrains.kotlin.com.intellij.lang.java.parser.JavaParserUtil$ParserWrapper : loaded 2 times (x 70B)
Class org.jetbrains.kotlin.com.intellij.psi.impl.file.impl.FileManagerImpl$1          : loaded 2 times (x 74B)
Class org.jetbrains.kotlin.com.intellij.core.CorePackageIndex                         : loaded 2 times (x 75B)
Class org.jetbrains.kotlin.com.intellij.openapi.vfs.VirtualFileSetFactory             : loaded 2 times (x 70B)
Class org.jetbrains.kotlin.one.util.streamex.Internals$CloneableSpliterator           : loaded 2 times (x 90B)
Class org.jetbrains.kotlin.com.fasterxml.aalto.in.ReaderConfig                        : loaded 2 times (x 74B)
Class org.jetbrains.kotlin.fir.declarations.DeprecatedSinceKotlinProvider             : loaded 2 times (x 73B)
Class org.jetbrains.kotlin.com.intellij.psi.impl.compiled.ClsDecompilerImpl$MyClsStubBuilder: loaded 2 times (x 73B)
Class org.jetbrains.kotlin.com.intellij.codeInsight.folding.impl.JavaCodeFoldingSettingsBase: loaded 2 times (x 71B)
Class org.jetbrains.kotlin.com.intellij.lexer.MergingLexerAdapter                     : loaded 2 times (x 87B)
Class org.jetbrains.kotlin.com.intellij.lang.ASTNode                                  : loaded 2 times (x 70B)
Class org.jetbrains.kotlin.com.intellij.openapi.vfs.encoding.EncodingManager          : loaded 2 times (x 74B)
Class org.jetbrains.kotlin.kotlinx.collections.immutable.internal.CommonFunctionsKt   : loaded 2 times (x 71B)
Class org.jetbrains.kotlin.com.intellij.openapi.vfs.pointers.VirtualFilePointerManager: loaded 2 times (x 76B)
Class [Lorg.jetbrains.kotlin.cli.jvm.compiler.EnvironmentConfigFiles;                 : loaded 2 times (x 69B)
Class org.jetbrains.kotlin.com.intellij.util.containers.FastUtilCharSequenceHashingStrategy: loaded 2 times (x 75B)
Class org.jetbrains.kotlin.backend.jvm.lower.RestoreInlineLambda                      : loaded 2 times (x 344B)
Class org.jetbrains.kotlin.backend.jvm.lower.AnnotationLowering                       : loaded 2 times (x 84B)
Class org.jetbrains.kotlin.utils.KotlinPathsFromHomeDir                               : loaded 2 times (x 118B)
Class org.jetbrains.kotlin.platform.TargetPlatformVersion$NoVersion                   : loaded 2 times (x 74B)
Class org.gradle.internal.classloader.DefaultClassLoaderFactory                       : loaded 2 times (x 82B)
Class org.jetbrains.kotlin.config.ApiVersion                                          : loaded 2 times (x 86B)
Class org.jetbrains.kotlin.cli.common.messages.PlainTextMessageRenderer               : loaded 2 times (x 86B)
Class com.google.common.base.Suppliers                                                : loaded 2 times (x 71B)
Class com.intellij.openapi.externalSystem.model.project.dependencies.ProjectDependencies: loaded 2 times (x 70B)
Class org.jetbrains.plugins.gradle.tooling.serialization.ProjectDependenciesSerializationService$ReadContext: loaded 2 times (x 72B)
Class com.google.common.base.Stopwatch                                                : loaded 2 times (x 72B)
Class com.google.common.cache.LocalCache$Strength                                     : loaded 2 times (x 81B)
Class com.google.common.cache.Cache                                                   : loaded 2 times (x 70B)
Class org.jetbrains.kotlin.it.unimi.dsi.fastutil.objects.Object2IntMap$FastEntrySet   : loaded 2 times (x 70B)
Class org.jetbrains.kotlin.load.java.structure.impl.classFiles.AnnotationsCollectorFieldVisitor: loaded 2 times (x 77B)
Class org.jetbrains.kotlin.load.java.structure.impl.classFiles.PlainJavaClassifierType: loaded 2 times (x 101B)
Class org.jetbrains.kotlin.fir.java.deserialization.JvmBinaryAnnotationDeserializer$WhenMappings: loaded 2 times (x 71B)
Class org.jetbrains.kotlin.fir.expressions.impl.FirExpressionStub                     : loaded 2 times (x 116B)
Class [Lcom.google.common.cache.CacheBuilder$OneWeigher;                              : loaded 2 times (x 69B)
Class org.jetbrains.kotlin.fir.resolve.transformers.PlatformSupertypeUpdaterKt        : loaded 2 times (x 71B)
Class org.jetbrains.kotlin.fir.resolve.transformers.FirTotalResolveProcessorKt        : loaded 2 times (x 71B)
Class [Lorg.jetbrains.kotlin.fir.declarations.FirTypeParameterRefsOwner;              : loaded 2 times (x 69B)
Class org.jetbrains.kotlin.fir.declarations.impl.FirAnonymousObjectImpl               : loaded 2 times (x 168B)
Class org.jetbrains.kotlin.fir.types.impl.FirTypeProjectionWithVarianceImpl           : loaded 2 times (x 90B)
Class [Lorg.jetbrains.kotlin.parsing.KotlinExpressionParsing$Precedence;              : loaded 2 times (x 69B)
Class org.jetbrains.kotlin.fir.analysis.checkers.expression.FirEqualityCompatibilityChecker: loaded 2 times (x 77B)
Class org.jetbrains.kotlin.fir.analysis.checkers.declaration.FirMixedFunctionalTypesInSupertypesChecker$Regular: loaded 2 times (x 78B)
Class org.jetbrains.kotlin.fir.analysis.checkers.declaration.FirInlinePropertyChecker : loaded 2 times (x 77B)
Class org.jetbrains.kotlin.name.StandardClassIds$Callables                            : loaded 2 times (x 71B)
Class org.jetbrains.kotlin.fir.declarations.FirDeclarationOrigin                      : loaded 2 times (x 72B)
Class org.jetbrains.kotlin.serialization.deserialization.NameResolverUtilKt           : loaded 2 times (x 71B)
Class org.jetbrains.kotlin.fir.serialization.FirProvidedDeclarationsForMetadataService$Companion: loaded 2 times (x 71B)
Class [Lorg.jetbrains.kotlin.psi.KtLambdaArgument;                                    : loaded 2 times (x 69B)
Class org.jetbrains.kotlin.psi.stubs.KotlinUserTypeStub                               : loaded 2 times (x 70B)
Class [Lorg.jetbrains.kotlin.psi.KtTypeAlias;                                         : loaded 2 times (x 69B)
Class org.jetbrains.kotlin.psi.stubs.elements.KtSecondaryConstructorElementType       : loaded 2 times (x 107B)
Class org.jetbrains.kotlin.fir.types.impl.FirImplicitUnitTypeRef                      : loaded 2 times (x 107B)
Class org.jetbrains.kotlin.cli.common.SessionConstructionUtils                        : loaded 2 times (x 71B)
Class org.jetbrains.kotlin.protobuf.LazyFieldLite                                     : loaded 2 times (x 82B)
Class org.jetbrains.kotlin.com.intellij.util.io.FileAccessorCache$Handle              : loaded 2 times (x 80B)
Class org.jetbrains.kotlin.protobuf.LiteralByteString                                 : loaded 2 times (x 112B)
Class org.jetbrains.kotlin.cli.common.FirSessionConstructionUtilsKt                   : loaded 2 times (x 71B)
Class org.jetbrains.kotlin.fir.deserialization.ModuleDataProvider                     : loaded 2 times (x 73B)
Class org.jetbrains.kotlin.fir.deserialization.LibraryPathFilter$LibraryList          : loaded 2 times (x 73B)
Class org.jetbrains.kotlin.fir.resolve.FirSamConversionTransformerExtension           : loaded 2 times (x 76B)
Class org.jetbrains.kotlin.com.intellij.psi.PsiInferenceHelper                        : loaded 2 times (x 70B)
Class org.jetbrains.kotlin.kotlinx.collections.immutable.implementations.immutableMap.TrieNode$Companion: loaded 2 times (x 71B)
Class com.google.common.base.Platform$JdkPatternCompiler                              : loaded 2 times (x 75B)
Class [Lorg.jetbrains.kotlin.com.intellij.openapi.extensions.impl.ObjectComponentAdapter;: loaded 2 times (x 69B)
Class org.jetbrains.kotlin.com.intellij.psi.impl.PsiExpressionEvaluator               : loaded 2 times (x 75B)
Class org.jetbrains.kotlin.com.intellij.psi.impl.source.javadoc.PsiSnippetAttributeValueImpl: loaded 2 times (x 379B)
Class org.jetbrains.kotlin.com.intellij.psi.stubs.StubTree                            : loaded 2 times (x 81B)
Class org.jetbrains.kotlin.com.intellij.psi.impl.source.tree.FileElement              : loaded 2 times (x 264B)
Class org.jetbrains.kotlin.cli.common.CLIConfigurationKeys                            : loaded 2 times (x 71B)
Class org.jetbrains.kotlin.com.intellij.util.containers.ConcurrentIntObjectMap        : loaded 2 times (x 70B)
Class kotlin.reflect.jvm.internal.KClassImpl$Data$nestedClasses$2                     : loaded 2 times (x 79B)
Class [Lorg.jetbrains.kotlin.util.CompilerType;                                       : loaded 2 times (x 69B)
Class com.google.common.base.NullnessCasts                                            : loaded 2 times (x 71B)
Class com.google.common.collect.ImmutableMap$Builder                                  : loaded 2 times (x 82B)
Class com.google.common.util.concurrent.AbstractFuture$Cancellation                   : loaded 2 times (x 72B)
Class org.jetbrains.kotlin.fir.types.ConeAttributeWithConeType                        : loaded 2 times (x 81B)
Class org.jetbrains.kotlin.com.intellij.psi.infos.CandidateInfo                       : loaded 2 times (x 90B)
Class org.jetbrains.kotlin.com.intellij.psi.impl.compiled.ClsModifierListImpl         : loaded 2 times (x 491B)
Class [Lorg.jetbrains.kotlin.com.intellij.psi.impl.cache.TypeInfo;                    : loaded 2 times (x 69B)
Class org.jetbrains.kotlin.com.intellij.psi.PsiNameValuePair                          : loaded 2 times (x 70B)
Class org.jetbrains.kotlin.com.intellij.psi.impl.source.tree.JavaElementType$1        : loaded 2 times (x 107B)
Class org.jetbrains.kotlin.com.intellij.util.concurrency.ThreadingAssertions          : loaded 2 times (x 71B)
Class [Lorg.jetbrains.kotlin.load.java.typeEnhancement.MutabilityQualifier;           : loaded 2 times (x 69B)
Class org.jetbrains.org.objectweb.asm.MethodVisitor                                   : loaded 2 times (x 105B)
Class org.jetbrains.kotlin.utils.SmartSet                                             : loaded 2 times (x 143B)
Class org.jetbrains.kotlin.fir.resolve.providers.impl.FirTypeCandidateCollector       : loaded 2 times (x 72B)
Class org.jetbrains.kotlin.fir.scopes.impl.DefaultImportPriority$HIGH                 : loaded 2 times (x 80B)
Class org.jetbrains.kotlin.cli.jvm.compiler.KotlinCliJavaFileManagerImpl$findPackage$3: loaded 2 times (x 773B)
Class org.jetbrains.kotlin.fir.resolve.calls.overloads.ConeEquivalentCallConflictResolver$Companion: loaded 2 times (x 71B)
Class org.jetbrains.kotlin.fir.types.ConeClassLikeErrorLookupTag                      : loaded 2 times (x 76B)
Class org.jetbrains.kotlin.fir.types.builder.FirErrorTypeRefBuilder                   : loaded 2 times (x 76B)
Class org.jetbrains.kotlin.KtFakeSourceElementKind$WhenCondition                      : loaded 2 times (x 72B)
Class org.jetbrains.kotlin.com.google.common.collect.RegularImmutableBiMap$Inverse$InverseEntrySet: loaded 2 times (x 152B)
Class org.jetbrains.kotlin.KtFakeSourceElementKind$ReferenceInAtomicQualifiedAccess   : loaded 2 times (x 72B)
Class org.jetbrains.kotlin.fir.builder.FirLabelBuilder                                : loaded 2 times (x 72B)
Class org.jetbrains.kotlin.fir.InitialSignatureKey                                    : loaded 2 times (x 71B)
Class org.jetbrains.kotlin.com.intellij.lang.impl.TokenSequence                       : loaded 2 times (x 87B)
Class org.jetbrains.kotlin.fir.lightTree.LightTree2Fir$Companion                      : loaded 2 times (x 71B)
Class org.jetbrains.kotlin.fir.resolve.providers.FirProviderKt                        : loaded 2 times (x 71B)
Class org.jetbrains.kotlin.it.unimi.dsi.fastutil.ints.IntList                         : loaded 2 times (x 70B)
Class org.jetbrains.kotlin.fir.analysis.jvm.checkers.type.FirArrayOfNullableNothingTypeChecker: loaded 2 times (x 77B)
Class org.jetbrains.kotlin.name.JvmStandardClassIds$Callables                         : loaded 2 times (x 71B)
Class org.jetbrains.kotlin.fir.types.FirTypeProjection                                : loaded 2 times (x 87B)
Class org.jetbrains.kotlin.fir.analysis.checkers.expression.FirTypeArgumentsOfQualifierOfCallableReferenceChecker: loaded 2 times (x 77B)
Class org.jetbrains.kotlin.fir.analysis.checkers.expression.FirClassLiteralChecker    : loaded 2 times (x 77B)
Class org.jetbrains.kotlin.fir.analysis.checkers.expression.FirArrayOfNothingQualifierChecker: loaded 2 times (x 77B)
Class org.jetbrains.kotlin.fir.analysis.checkers.expression.FirMissingDependencyClassChecker: loaded 2 times (x 85B)
Class org.jetbrains.kotlin.fir.declarations.FirProperty                               : loaded 2 times (x 215B)
Class org.jetbrains.kotlin.load.java.JavaClassFinderImpl                              : loaded 2 times (x 90B)
Class org.jetbrains.kotlin.fir.resolve.providers.impl.AbstractFirBuiltinSymbolProvider: loaded 2 times (x 84B)
Class org.jetbrains.kotlin.resolve.calls.checkers.ReferencingToUnderscoreNamedParameterOfCatchBlockChecker: loaded 2 times (x 74B)
Class org.jetbrains.kotlin.resolve.calls.checkers.CallReturnsArrayOfNothingChecker    : loaded 2 times (x 74B)
Class org.jetbrains.kotlin.psi.KtBinaryExpression                                     : loaded 2 times (x 504B)
Class [Lorg.jetbrains.kotlin.psi.LambdaArgument;                                      : loaded 2 times (x 69B)
Class [Lorg.jetbrains.kotlin.psi.KtTypeParameterList;                                 : loaded 2 times (x 69B)
Class [Lorg.jetbrains.kotlin.psi.KtNamedFunction;                                     : loaded 2 times (x 69B)
Class [Lorg.jetbrains.kotlin.psi.KtNamedDeclarationStub;                              : loaded 2 times (x 69B)
Class org.jetbrains.kotlin.lexer.KtModifierKeywordToken                               : loaded 2 times (x 78B)
Class org.jetbrains.kotlin.fir.resolve.calls.overloads.FirDeclarationOverloadabilityHelperImpl: loaded 2 times (x 78B)
Class org.jetbrains.kotlin.types.model.TypeSystemBuiltInsContext                      : loaded 2 times (x 70B)
Class org.jetbrains.kotlin.fir.FirSession                                             : loaded 2 times (x 83B)
Class org.jetbrains.kotlin.cli.jvm.index.SingleJavaFileRootsIndex                     : loaded 2 times (x 72B)
Class org.jetbrains.kotlin.resolve.jvm.modules.JavaModuleFinder                       : loaded 2 times (x 70B)
Class org.jetbrains.kotlin.resolve.jvm.NotFoundPackagesCachingStrategy$Default        : loaded 2 times (x 74B)
Class org.jetbrains.kotlin.extensions.DeclarationAttributeAltererExtension$Companion  : loaded 2 times (x 72B)
Class [Lorg.jetbrains.kotlin.com.intellij.util.containers.LinkedCustomHashMap$Entry;  : loaded 2 times (x 69B)
Class [Lorg.jetbrains.kotlin.com.intellij.psi.PsiElement;                             : loaded 2 times (x 69B)
Class org.jetbrains.kotlin.com.intellij.psi.search.GlobalSearchScope$IntersectionScope: loaded 2 times (x 99B)
Class org.jetbrains.kotlin.com.intellij.psi.impl.source.resolve.ResolveCache$StrongValueReference: loaded 2 times (x 81B)
Class org.jetbrains.kotlin.com.intellij.lang.java.lexer.JavaLexer                     : loaded 2 times (x 84B)
Class org.jetbrains.kotlin.com.intellij.util.graph.impl.GraphAlgorithmsImpl           : loaded 2 times (x 71B)
Class org.jetbrains.kotlin.com.intellij.util.KeyedLazyInstanceEP                      : loaded 2 times (x 83B)
Class org.jetbrains.kotlin.com.intellij.openapi.vfs.newvfs.BulkFileListener           : loaded 2 times (x 70B)
Class org.jetbrains.kotlin.com.intellij.openapi.editor.ReadOnlyModificationException  : loaded 2 times (x 82B)
Class org.jetbrains.kotlin.com.intellij.openapi.util.KeyedExtensionCollector          : loaded 2 times (x 86B)
Class org.jetbrains.kotlin.backend.jvm.lower.MarkNecessaryInlinedClassesAsRegeneratedLowering: loaded 2 times (x 344B)
Class org.jetbrains.kotlin.backend.common.lower.loops.ForLoopsLowering                : loaded 2 times (x 87B)
Class org.jetbrains.kotlin.backend.jvm.lower.FunctionReferenceLowering                : loaded 2 times (x 354B)
Class org.jetbrains.kotlin.ir.visitors.IrElementTransformerVoid                       : loaded 2 times (x 335B)
Class org.jetbrains.kotlin.ir.visitors.IrElementTransformer                           : loaded 2 times (x 70B)
Class org.jetbrains.kotlin.utils.KotlinPathsFromBaseDirectory                         : loaded 2 times (x 118B)
Class org.jetbrains.kotlin.config.AnnotationDefaultTargetMode$Companion               : loaded 2 times (x 71B)
Class org.jetbrains.kotlin.it.unimi.dsi.fastutil.objects.A                            : loaded 2 times (x 174B)
Class org.objectweb.asm.MethodTooLargeException                                       : loaded 2 times (x 83B)
Class com.intellij.util.containers.IntObjectHashMap$ArrayProducer                     : loaded 2 times (x 70B)
Class kotlin.reflect.jvm.internal.KClassImpl$Data$annotations$2                       : loaded 2 times (x 79B)
Class com.amazon.ion.impl.bin.IonManagedBinaryWriter$ImportedSymbolResolverMode$1     : loaded 2 times (x 80B)
Class kotlin.reflect.jvm.internal.pcollections.HashPMap                               : loaded 2 times (x 72B)
Class com.amazon.ion.impl.lite.IonSymbolLite                                          : loaded 2 times (x 246B)
Class [Lcom.google.gson.ToNumberPolicy;                                               : loaded 2 times (x 69B)
Class com.google.gson.ToNumberPolicy                                                  : loaded 2 times (x 83B)
Class com.amazon.ion.IonBufferConfiguration                                           : loaded 2 times (x 73B)
Class com.amazon.ion.impl.bin.Symbols                                                 : loaded 2 times (x 71B)
Class org.jetbrains.plugins.gradle.tooling.serialization.RepositoriesModelSerializationService: loaded 2 times (x 82B)
Class com.android.ide.gradle.model.artifacts.AdditionalClassifierArtifactsModel       : loaded 2 times (x 70B)
Class org.gradle.tooling.internal.gradle.GradleProjectIdentity                        : loaded 2 times (x 70B)
Class com.google.common.collect.Maps$EntryFunction$1                                  : loaded 2 times (x 91B)
Class com.google.common.base.Present                                                  : loaded 2 times (x 81B)
Class com.google.common.cache.RemovalListener                                         : loaded 2 times (x 70B)
Class org.gradle.api.internal.DefaultClassPathRegistry                                : loaded 2 times (x 76B)
Class org.jetbrains.kotlin.fir.references.FirReferenceUtilsKt                         : loaded 2 times (x 71B)
Class org.jetbrains.kotlin.com.intellij.psi.javadoc.PsiDocComment                     : loaded 2 times (x 70B)
Class org.jetbrains.kotlin.com.intellij.openapi.util.Getter                           : loaded 2 times (x 70B)
Class [Lcom.amazon.ion.impl.bin.IonRawBinaryWriter$StreamCloseMode;                   : loaded 2 times (x 69B)
Class org.jetbrains.kotlin.fir.deserialization.AbstractFirDeserializedSymbolProvider$findAndDeserializeClass$1: loaded 2 times (x 125B)
Class org.jetbrains.kotlin.fir.declarations.FirConstructedClassTypeParameterRef       : loaded 2 times (x 96B)
Class org.jetbrains.kotlin.com.intellij.psi.impl.source.AbstractBasicJavaDocElementTypeFactory: loaded 2 times (x 72B)
Class org.jetbrains.kotlin.fir.extensions.OriginalCallDataKey                         : loaded 2 times (x 71B)
Class [Lorg.jetbrains.kotlin.fir.resolve.transformers.WhenExhaustivenessChecker;      : loaded 2 times (x 69B)
Class org.jetbrains.kotlin.fir.resolve.transformers.FirTypeResolveTransformer         : loaded 2 times (x 396B)
Class org.jetbrains.kotlin.fir.expressions.impl.FirCheckNotNullCallImpl               : loaded 2 times (x 148B)
Class org.jetbrains.kotlin.com.google.common.collect.RegularImmutableBiMap$Inverse$InverseEntrySet$1: loaded 2 times (x 213B)
Class org.jetbrains.kotlin.fir.declarations.builder.FirReceiverParameterBuilder       : loaded 2 times (x 76B)
Class org.jetbrains.kotlin.com.intellij.lang.LighterASTNode                           : loaded 2 times (x 70B)
Class org.jetbrains.kotlin.com.intellij.lang.impl.PsiBuilderImpl                      : loaded 2 times (x 143B)
Class org.jetbrains.kotlin.fir.analysis.jvm.checkers.declaration.FirJvmInlineApplicabilityChecker: loaded 2 times (x 77B)
Class org.jetbrains.kotlin.builtins.PrimitiveType                                     : loaded 2 times (x 79B)
Class org.jetbrains.kotlin.fir.analysis.checkers.syntax.FirUnresolvedInMiddleOfImportChecker: loaded 2 times (x 89B)
Class org.jetbrains.kotlin.fir.analysis.checkers.declaration.FirPublishedApiChecker   : loaded 2 times (x 77B)
Class org.jetbrains.kotlin.metadata.ProtoBuf$Type$Argument$Projection$1               : loaded 2 times (x 74B)
Class org.jetbrains.kotlin.fir.resolve.substitution.ConeSubstitutor                   : loaded 2 times (x 74B)
Class [Lorg.jetbrains.kotlin.config.JvmDefaultMode;                                   : loaded 2 times (x 69B)
Class org.jetbrains.kotlin.fir.scopes.jvm.JvmMappedScope                              : loaded 2 times (x 85B)
Class org.jetbrains.kotlin.resolve.calls.checkers.UnsupportedUntilOperatorChecker     : loaded 2 times (x 74B)
Class org.jetbrains.kotlin.descriptors.MemberDescriptor                               : loaded 2 times (x 70B)
Class org.jetbrains.kotlin.psi.KtSimpleNameStringTemplateEntry                        : loaded 2 times (x 445B)
Class org.jetbrains.kotlin.psi.stubs.KotlinCollectionLiteralExpressionStub            : loaded 2 times (x 70B)
Class org.jetbrains.kotlin.psi.stubs.elements.KtConstantExpressionElementType$Companion: loaded 2 times (x 71B)
Class [Lorg.jetbrains.kotlin.psi.KtInitializerList;                                   : loaded 2 times (x 69B)
Class org.jetbrains.kotlin.psi.KtExpressionImplStub                                   : loaded 2 times (x 505B)
Class [Lorg.jetbrains.kotlin.psi.KtClassInitializer;                                  : loaded 2 times (x 69B)
Class org.jetbrains.kotlin.psi.KtVariableDeclaration                                  : loaded 2 times (x 70B)
Class [Lorg.jetbrains.kotlin.com.intellij.psi.tree.TokenSet;                          : loaded 2 times (x 69B)
Class org.jetbrains.kotlin.resolve.checkers.ValueParameterUsageInDefaultArgumentChecker: loaded 2 times (x 74B)
Class org.jetbrains.kotlin.psi.KtClassOrObject                                        : loaded 2 times (x 1101B)
Class org.jetbrains.kotlin.fir.scopes.impl.FirEnumEntriesSupport                      : loaded 2 times (x 73B)
Class org.jetbrains.kotlin.fir.scopes.impl.FirGeneratedMemberDeclarationsStorage$CallableStorage: loaded 2 times (x 72B)
Class org.jetbrains.kotlin.fir.types.impl.FirImplicitShortTypeRef                     : loaded 2 times (x 107B)
Class org.jetbrains.kotlin.types.model.RigidTypeMarker                                : loaded 2 times (x 70B)
Class org.jetbrains.kotlin.protobuf.SmallSortedMap$EmptySet$1                         : loaded 2 times (x 78B)
Class org.jetbrains.kotlin.protobuf.AbstractMessageLite$Builder$LimitedInputStream    : loaded 2 times (x 92B)
Class org.jetbrains.kotlin.resolve.jvm.modules.JavaModuleInfo$Companion$read$1        : loaded 2 times (x 88B)
Class org.jetbrains.kotlin.com.intellij.psi.impl.PsiFileEx                            : loaded 2 times (x 70B)
Class org.jetbrains.kotlin.com.intellij.psi.search.GlobalSearchScope$FileScope        : loaded 2 times (x 101B)
Class org.jetbrains.kotlin.com.fasterxml.aalto.in.NsBinding                           : loaded 2 times (x 72B)
Class org.jetbrains.kotlin.idea.gradleTooling.AndroidAwareGradleModelProvider$Companion: loaded 2 times (x 71B)
Class org.jetbrains.kotlin.com.intellij.psi.tree.ILightStubFileElementType            : loaded 2 times (x 110B)
Class org.jetbrains.kotlin.com.intellij.util.pico.CachingConstructorInjectionComponentAdapter: loaded 2 times (x 77B)
Class org.jetbrains.kotlin.com.intellij.psi.impl.source.CharTableImpl$StringHashToCharSequencesMap: loaded 2 times (x 205B)
Class org.jetbrains.kotlin.com.intellij.openapi.application.CachedSingletonsRegistry  : loaded 2 times (x 71B)
Class org.jetbrains.kotlin.com.intellij.util.pico.PicoException                       : loaded 2 times (x 82B)
Class org.jetbrains.kotlin.it.unimi.dsi.fastutil.ints.Int2ObjectOpenHashMap           : loaded 2 times (x 205B)
Class org.jetbrains.kotlin.config.phaser.CompilerPhase                                : loaded 2 times (x 70B)
Class kotlin.reflect.jvm.internal.KPropertyImpl                                       : loaded 2 times (x 115B)
Class com.google.gson.JsonSyntaxException                                             : loaded 2 times (x 82B)
Class com.google.gson.internal.bind.TypeAdapters$31                                   : loaded 2 times (x 76B)
Class com.google.gson.internal.bind.JsonAdapterAnnotationTypeAdapterFactory$DummyTypeAdapterFactory: loaded 2 times (x 75B)
Class org.jetbrains.kotlin.load.java.JvmAbi                                           : loaded 2 times (x 71B)
Class org.jetbrains.kotlin.config.JvmTarget$Companion                                 : loaded 2 times (x 71B)
Class kotlin.jvm.internal.ShortCompanionObject                                        : loaded 2 times (x 71B)
Class org.jetbrains.kotlin.it.unimi.dsi.fastutil.objects.ReferenceCollection          : loaded 2 times (x 70B)
Class [Lcom.amazon.ion.impl.bin.AbstractIonWriter$WriteValueOptimization;             : loaded 2 times (x 69B)
Class org.jetbrains.plugins.gradle.tooling.serialization.RepositoriesModelSerializationService$ReadContext: loaded 2 times (x 72B)
Class com.android.builder.model.v2.ide.JavaArtifact                                   : loaded 2 times (x 70B)
Class com.google.common.collect.Maps$EntryFunction$2                                  : loaded 2 times (x 91B)
Class com.google.common.collect.ImmutableMultimap$Keys                                : loaded 2 times (x 166B)
Class com.google.common.primitives.IntsMethodsForWeb                                  : loaded 2 times (x 71B)
Class com.google.common.reflect.Invokable$ConstructorInvokable                        : loaded 2 times (x 107B)
Class org.gradle.internal.classpath.DefaultClassPath$ImmutableUniqueList              : loaded 2 times (x 199B)
Class org.gradle.api.internal.ClassPathRegistry                                       : loaded 2 times (x 70B)
Class org.jetbrains.kotlin.com.google.common.collect.LinkedHashMultimapGwtSerializationDependencies: loaded 2 times (x 174B)
Class org.jetbrains.kotlin.com.intellij.psi.impl.cache.TypeInfo$TypeKind              : loaded 2 times (x 79B)
Class org.jetbrains.kotlin.com.intellij.psi.AbstractBasicJavaFile                     : loaded 2 times (x 70B)
Class org.jetbrains.kotlin.com.intellij.openapi.extensions.impl.ExtensionProcessingHelper: loaded 2 times (x 71B)
Class org.jetbrains.kotlin.load.java.structure.impl.classFiles.BinaryJavaMethod       : loaded 2 times (x 144B)
Class org.jetbrains.kotlin.fir.java.enhancement.FirJavaDeclarationList                : loaded 2 times (x 70B)
Class org.jetbrains.kotlin.fir.declarations.DeprecationsProviderImpl                  : loaded 2 times (x 73B)
Class org.jetbrains.kotlin.fir.declarations.FirTypeParameter                          : loaded 2 times (x 122B)
Class org.jetbrains.kotlin.metadata.jvm.JvmProtoBuf$JvmPropertySignature              : loaded 2 times (x 114B)
Class org.jetbrains.kotlin.com.intellij.openapi.util.Computable                       : loaded 2 times (x 70B)
Class org.jetbrains.kotlin.load.kotlin.KotlinBinaryClassCache$RequestCache            : loaded 2 times (x 73B)
Class org.jetbrains.kotlin.fir.declarations.DeclarationUtilsKt                        : loaded 2 times (x 71B)
Class org.jetbrains.kotlin.fir.scopes.impl.FirPackageMemberScopeKt                    : loaded 2 times (x 71B)
Class org.jetbrains.kotlin.fir.resolve.transformers.FirStatusResolveProcessor         : loaded 2 times (x 76B)
Class org.jetbrains.kotlin.fir.symbols.impl.FirAnonymousInitializerSymbol             : loaded 2 times (x 72B)
Class org.jetbrains.kotlin.fir.lightTree.converter.LightTreeRawFirExpressionBuilder$IfNodeComponents: loaded 2 times (x 72B)
Class org.jetbrains.kotlin.com.google.common.collect.SingletonImmutableList           : loaded 2 times (x 207B)
Class org.jetbrains.kotlin.com.google.common.math.IntMath                             : loaded 2 times (x 71B)
Class org.jetbrains.kotlin.fir.expressions.FirAnonymousFunctionExpression             : loaded 2 times (x 121B)
Class org.jetbrains.kotlin.fir.lightTree.converter.LightTreeRawFirDeclarationBuilder$DelegationSpecifiers: loaded 2 times (x 72B)
Class org.jetbrains.kotlin.fir.expressions.impl.FirEmptyAnnotationArgumentMapping     : loaded 2 times (x 88B)
Class org.jetbrains.kotlin.AbstractKtSourceElement                                    : loaded 2 times (x 73B)
Class org.jetbrains.kotlin.com.intellij.psi.tree.ILightLazyParseableElementType       : loaded 2 times (x 70B)
Class org.jetbrains.kotlin.it.unimi.dsi.fastutil.ints.IntListIterator                 : loaded 2 times (x 70B)
Class org.jetbrains.kotlin.kotlinx.collections.immutable.PersistentList$Builder       : loaded 2 times (x 70B)
Class org.jetbrains.kotlin.fir.analysis.checkers.type.FirIncompatibleClassTypeChecker : loaded 2 times (x 77B)
Class org.jetbrains.kotlin.fir.analysis.checkers.expression.AbstractAtomicReferenceToPrimitiveCallChecker: loaded 2 times (x 78B)
Class org.jetbrains.kotlin.fir.analysis.checkers.declaration.FirEnumEntryInitializationChecker: loaded 2 times (x 77B)
Class org.jetbrains.kotlin.fir.analysis.checkers.declaration.FirCommonConstructorDelegationIssuesChecker: loaded 2 times (x 77B)
Class org.jetbrains.kotlin.fir.analysis.checkers.declaration.FirPrimaryConstructorSuperTypeChecker: loaded 2 times (x 77B)
Class org.jetbrains.kotlin.fir.analysis.checkers.declaration.FirFunctionNameChecker   : loaded 2 times (x 77B)
Class org.jetbrains.kotlin.fir.declarations.FirTypeParametersOwner                    : loaded 2 times (x 70B)
Class org.jetbrains.kotlin.descriptors.Visibilities$Protected                         : loaded 2 times (x 79B)
Class org.jetbrains.kotlin.descriptors.ClassKind                                      : loaded 2 times (x 79B)
Class org.jetbrains.kotlin.cli.common.CLIConfigurationKeysKt                          : loaded 2 times (x 71B)
Class org.jetbrains.kotlin.resolve.ImportPath$Companion                               : loaded 2 times (x 71B)
Class org.jetbrains.kotlin.container.PlatformExtensionsClashResolver$FirstWins        : loaded 2 times (x 73B)
Class org.jetbrains.kotlin.resolve.calls.checkers.VarargWrongExecutionOrderChecker    : loaded 2 times (x 74B)
Class org.jetbrains.kotlin.psi.KtStringTemplateExpression                             : loaded 2 times (x 678B)
Class org.jetbrains.kotlin.psi.KtImportInfo$ImportContent                             : loaded 2 times (x 71B)
Class org.jetbrains.kotlin.KtNodeTypes                                                : loaded 2 times (x 70B)
Class org.jetbrains.kotlin.resolve.checkers.SuspendFunctionAsSupertypeChecker         : loaded 2 times (x 74B)
Class org.jetbrains.kotlin.resolve.checkers.ActualClassifierMustHasTheSameMembersAsNonFinalExpectClassifierChecker: loaded 2 times (x 74B)
Class org.jetbrains.kotlin.fir.resolve.calls.overloads.ConeCallConflictResolverFactory: loaded 2 times (x 72B)
Class org.jetbrains.kotlin.fir.analysis.checkers.expression.FirGenericArrayClassLiteralSupport$Disabled: loaded 2 times (x 74B)
Class org.jetbrains.kotlin.backend.jvm.JvmLoweringPhasesKt$jvmFilePhases$83           : loaded 2 times (x 125B)
Class org.jetbrains.kotlin.fir.scopes.impl.FirGeneratedMemberDeclarationsStorage      : loaded 2 times (x 72B)
Class org.jetbrains.kotlin.fir.types.impl.FirImplicitStringTypeRef                    : loaded 2 times (x 107B)
Class org.jetbrains.kotlin.fir.FirElement                                             : loaded 2 times (x 70B)
Class org.jetbrains.kotlin.mpp.TypeRefMarker                                          : loaded 2 times (x 70B)
Class org.jetbrains.kotlin.metadata.ProtoBuf$ValueParameterOrBuilder                  : loaded 2 times (x 70B)
Class org.jetbrains.kotlin.protobuf.SmallSortedMap$EmptySet$2                         : loaded 2 times (x 78B)
Class org.jetbrains.kotlin.metadata.ProtoBuf$PackageOrBuilder                         : loaded 2 times (x 70B)
Class [Lorg.jetbrains.kotlin.com.intellij.psi.PsiPackage;                             : loaded 2 times (x 69B)
Class org.jetbrains.kotlin.extensions.StorageComponentContainerContributor            : loaded 2 times (x 70B)
Class org.jetbrains.kotlin.com.intellij.psi.scope.NameHint                            : loaded 2 times (x 70B)
Class org.jetbrains.kotlin.com.intellij.core.JavaCoreProjectEnvironment               : loaded 2 times (x 88B)
Class org.jetbrains.kotlin.backend.jvm.JvmLoweringPhasesKt$jvmLoweringPhases$19       : loaded 2 times (x 125B)
Class org.jetbrains.kotlin.com.intellij.diagnostic.LoadingState                       : loaded 2 times (x 79B)
Class org.jetbrains.kotlin.com.intellij.openapi.fileTypes.FileTypeRegistry            : loaded 2 times (x 80B)
Class org.jetbrains.kotlin.com.intellij.DynamicBundle$LanguageBundleEP                : loaded 2 times (x 75B)
Class org.jetbrains.kotlin.kotlinx.collections.immutable.implementations.immutableList.SmallPersistentVector$Companion: loaded 2 times (x 71B)
Class org.jetbrains.kotlin.com.intellij.openapi.util.SimpleModificationTracker        : loaded 2 times (x 76B)
Class org.jetbrains.kotlin.config.phaser.PhaseConfig                                  : loaded 2 times (x 72B)
Class org.jetbrains.kotlin.com.google.common.collect.BiMap                            : loaded 2 times (x 70B)
Class org.jetbrains.kotlin.com.intellij.psi.impl.source.tree.CompositeElement         : loaded 2 times (x 223B)
Class kotlin.reflect.jvm.internal.KClassImpl$Data$declaredNonStaticMembers$2          : loaded 2 times (x 79B)
Class org.jetbrains.kotlin.com.intellij.psi.PsiDocCommentOwner                        : loaded 2 times (x 70B)
Class org.jetbrains.kotlin.com.intellij.util.containers.WeakList                      : loaded 2 times (x 122B)
Class com.amazon.ion.impl.bin.IonManagedBinaryWriter$UserState                        : loaded 2 times (x 85B)
Class com.amazon.ion.impl._Private_IonWriter                                          : loaded 2 times (x 70B)
Class com.amazon.ion.impl.bin._Private_IonManagedBinaryWriterBuilder                  : loaded 2 times (x 72B)
Class com.intellij.gradle.toolingExtension.impl.model.projectModel.GradleExternalProjectSerializationService$WriteContext: loaded 2 times (x 73B)
Class org.jetbrains.kotlin.com.intellij.mock.MockFileIndexFacade                      : loaded 2 times (x 85B)
Class com.google.common.reflect.TypeToken                                             : loaded 2 times (x 73B)
Class org.jetbrains.kotlin.com.intellij.psi.impl.java.stubs.PsiRecordHeaderStub       : loaded 2 times (x 70B)
Class org.jetbrains.kotlin.com.intellij.psi.PsiTypeParameter                          : loaded 2 times (x 70B)
Class org.jetbrains.kotlin.com.intellij.psi.PsiPackageStatement                       : loaded 2 times (x 70B)
Class org.jetbrains.kotlin.load.java.JvmAnnotationNamesKt                             : loaded 2 times (x 71B)
Class org.jetbrains.kotlin.fir.expressions.builder.FirEnumEntryDeserializedAccessExpressionBuilder: loaded 2 times (x 84B)
Class org.jetbrains.kotlin.metadata.deserialization.VersionRequirementTable           : loaded 2 times (x 72B)
Class org.jetbrains.kotlin.fir.deserialization.FirTypeDeserializer$FlexibleTypeFactory: loaded 2 times (x 70B)
Class org.jetbrains.kotlin.load.kotlin.KotlinJvmBinaryClass$AnnotationArrayArgumentVisitor: loaded 2 times (x 70B)
Class org.jetbrains.kotlin.fir.resolve.transformers.SupertypeComputationSession$expandTypealiasInPlace$expanded$1: loaded 2 times (x 125B)
Class org.jetbrains.kotlin.com.google.common.collect.AbstractMapBasedMultimap$WrappedCollection$WrappedIterator: loaded 2 times (x 84B)
Class org.jetbrains.kotlin.fir.scopes.impl.FirSingleLevelDefaultStarImportingScope    : loaded 2 times (x 84B)
Class org.jetbrains.kotlin.fir.resolve.transformers.body.resolve.FirBodyResolveTransformer: loaded 2 times (x 475B)
Class org.jetbrains.kotlin.fir.declarations.builder.FirDefaultSetterValueParameterBuilder: loaded 2 times (x 76B)
Class org.jetbrains.kotlin.KtFakeSourceElementKind$DesugaredInvertedContains          : loaded 2 times (x 72B)
Class org.jetbrains.kotlin.fir.expressions.builder.FirLoopBuilder                     : loaded 2 times (x 70B)
Class org.jetbrains.kotlin.fir.declarations.FirValueParameter                         : loaded 2 times (x 207B)
Class org.jetbrains.kotlin.fir.ClassMembersKt                                         : loaded 2 times (x 71B)
Class org.jetbrains.kotlin.fir.expressions.impl.FirNamedArgumentExpressionImpl        : loaded 2 times (x 122B)
Class org.jetbrains.kotlin.fir.analysis.jvm.checkers.expression.FirJvmModuleAccessibilityResolvedQualifierChecker: loaded 2 times (x 77B)
Class org.jetbrains.kotlin.fir.analysis.checkers.declaration.FirMissingDependencyClassForLambdaReceiverChecker: loaded 2 times (x 85B)
Class org.jetbrains.kotlin.fir.analysis.checkers.declaration.FirOptInImportsChecker   : loaded 2 times (x 77B)
Class org.jetbrains.kotlin.fir.analysis.checkers.declaration.FirThrowableSubclassChecker: loaded 2 times (x 77B)
Class org.jetbrains.kotlin.fir.extensions.FirSwitchableExtensionDeclarationsSymbolProvider: loaded 2 times (x 84B)
Class org.jetbrains.kotlin.config.JvmDefaultMode$Companion                            : loaded 2 times (x 71B)
Class org.jetbrains.kotlin.container.ValueDescriptor                                  : loaded 2 times (x 70B)
Class org.jetbrains.kotlin.resolve.calls.checkers.ResolutionToPrivateConstructorOfSealedClassChecker: loaded 2 times (x 74B)
Class org.jetbrains.kotlin.descriptors.DeclarationDescriptor                          : loaded 2 times (x 70B)
Class org.jetbrains.kotlin.psi.KtObjectLiteralExpression                              : loaded 2 times (x 438B)
Class org.jetbrains.kotlin.psi.KtLoopExpression                                       : loaded 2 times (x 440B)
Class org.jetbrains.kotlin.psi.KtConstructorDelegationCall                            : loaded 2 times (x 452B)
Class org.jetbrains.kotlin.psi.KtExpressionImpl                                       : loaded 2 times (x 437B)
Class [Lorg.jetbrains.kotlin.psi.KtContextReceiver;                                   : loaded 2 times (x 69B)
Class org.jetbrains.kotlin.fir.caches.FirCachesFactory$KeyReferenceStrength           : loaded 2 times (x 79B)
Class org.jetbrains.kotlin.fir.declarations.FirMemberDeclaration                      : loaded 2 times (x 122B)
Class org.jetbrains.kotlin.fir.declarations.FirControlFlowGraphOwner                  : loaded 2 times (x 70B)
Class org.jetbrains.kotlin.com.intellij.openapi.wm.ex.ProgressIndicatorEx             : loaded 2 times (x 70B)
Class org.jetbrains.kotlin.fir.caches.NullableMap                                     : loaded 2 times (x 72B)
Class org.jetbrains.kotlin.fir.session.IncrementalCompilationContext                  : loaded 2 times (x 72B)
Class org.jetbrains.kotlin.com.intellij.psi.impl.light.LightModifierList              : loaded 2 times (x 375B)
Class org.jetbrains.kotlin.compiler.plugin.CompilerPluginRegistrar$ExtensionStorage   : loaded 2 times (x 72B)
Class org.jetbrains.kotlin.com.intellij.util.containers.LinkedCustomHashMap$RemoveCallback: loaded 2 times (x 70B)
Class org.jetbrains.kotlin.com.intellij.psi.impl.JvmPsiConversionHelperImpl           : loaded 2 times (x 78B)
Class org.jetbrains.kotlin.com.intellij.openapi.extensions.ExtensionPointUtil         : loaded 2 times (x 71B)
Class org.jetbrains.kotlin.com.intellij.openapi.extensions.ProjectExtensionPointName  : loaded 2 times (x 72B)
Class org.jetbrains.kotlin.com.fasterxml.aalto.util.BufferRecycler                    : loaded 2 times (x 72B)
Class org.jetbrains.kotlin.com.intellij.ide.plugins.DescriptorListLoadingContext$expiredPlugins$2: loaded 2 times (x 79B)
Class org.jetbrains.kotlin.com.intellij.psi.impl.compiled.ClsDecompilerImpl           : loaded 2 times (x 78B)
Class org.jetbrains.kotlin.com.intellij.psi.PsiLocalVariable                          : loaded 2 times (x 70B)
Class org.jetbrains.kotlin.com.intellij.psi.presentation.java.ClassPresentationProvider: loaded 2 times (x 74B)
Class org.jetbrains.kotlin.com.intellij.psi.tree.IStubFileElementType                 : loaded 2 times (x 108B)
Class org.jetbrains.kotlin.com.intellij.psi.javadoc.PsiDocToken                       : loaded 2 times (x 70B)
Class org.jetbrains.kotlin.backend.common.phaser.IrValidationPhase                    : loaded 2 times (x 77B)
Class org.jetbrains.kotlin.compiler.plugin.CompilerPluginRegistrar$Companion          : loaded 2 times (x 71B)
Class org.jetbrains.kotlin.com.intellij.util.containers.ConcurrentSoftValueHashMap    : loaded 2 times (x 149B)
Class org.jetbrains.kotlin.name.FqNameUnsafe$Companion                                : loaded 2 times (x 71B)
Class org.jetbrains.kotlin.fir.extensions.FirSupertypeGenerationExtension             : loaded 2 times (x 78B)
Class [Lorg.jetbrains.kotlin.com.intellij.pom.Navigatable;                            : loaded 2 times (x 69B)
Class org.jetbrains.kotlin.cli.common.messages.CompilerMessageSourceLocation          : loaded 2 times (x 70B)
Class org.jetbrains.kotlin.load.kotlin.VirtualFileFinderFactory                       : loaded 2 times (x 70B)
Class Settings_gradle$1                                                               : loaded 2 times (x 74B)
Class com.google.gson.internal.bind.ArrayTypeAdapter$1                                : loaded 2 times (x 75B)
Class com.google.gson.internal.bind.JsonTreeWriter                                    : loaded 2 times (x 98B)
Class [Lcom.amazon.ion.SymbolToken;                                                   : loaded 2 times (x 69B)
Class com.android.builder.model.v2.dsl.SigningConfig                                  : loaded 2 times (x 70B)
Class org.jetbrains.kotlin.fir.DependencyListForCliModule$Builder$build$$inlined$sortedBy$1: loaded 2 times (x 90B)
Class com.android.builder.model.v2.models.AndroidProject                              : loaded 2 times (x 70B)
Class com.android.builder.model.v2.AndroidModel                                       : loaded 2 times (x 70B)
Class com.google.common.cache.CacheBuilder                                            : loaded 2 times (x 72B)
Class org.gradle.internal.classpath.ClassPath                                         : loaded 2 times (x 70B)
Class org.jetbrains.kotlin.descriptors.EffectiveVisibility$Internal                   : loaded 2 times (x 75B)
Class org.jetbrains.kotlin.fir.types.ParameterNameTypeAttribute$Companion             : loaded 2 times (x 71B)
Class org.jetbrains.kotlin.com.intellij.psi.impl.PsiCachedValueImpl$Direct            : loaded 2 times (x 91B)
Class org.jetbrains.kotlin.com.intellij.psi.impl.compiled.FirstPassData$ClassEntry    : loaded 2 times (x 71B)
Class org.jetbrains.kotlin.com.intellij.psi.impl.source.tree.JavaElementType$JavaCompositeElementType: loaded 2 times (x 83B)
Class org.jetbrains.kotlin.load.java.typeEnhancement.MutabilityQualifier              : loaded 2 times (x 79B)
Class org.jetbrains.kotlin.fir.java.JavaScopeProvider                                 : loaded 2 times (x 76B)
Class org.jetbrains.kotlin.metadata.deserialization.TypeTable                         : loaded 2 times (x 72B)
Class org.jetbrains.kotlin.load.kotlin.FileBasedKotlinClass$1                         : loaded 2 times (x 88B)
Class [Lorg.jetbrains.kotlin.fir.scopes.impl.DefaultImportPriority;                   : loaded 2 times (x 69B)
Class org.jetbrains.kotlin.fir.resolve.calls.overloads.ConeOverloadConflictResolver$SpecificityComparisonWithNumerics$1: loaded 2 times (x 74B)
Class [Lorg.jetbrains.kotlin.fir.resolve.dfa.cfg.ControlFlowGraphBuilder$PostponedLambdas;: loaded 2 times (x 69B)
Class org.jetbrains.kotlin.fir.resolve.transformers.mpp.FirExpectActualMatcherProcessor: loaded 2 times (x 77B)
Class org.jetbrains.kotlin.types.model.TypeConstructorMarker                          : loaded 2 times (x 70B)
Class org.jetbrains.kotlin.fir.resolve.transformers.FirSupertypeResolverTransformer   : loaded 2 times (x 388B)
Class org.jetbrains.kotlin.fir.expressions.builder.FirSafeCallExpressionBuilder       : loaded 2 times (x 84B)
Class org.jetbrains.kotlin.parsing.KotlinParsing$ParseEnumEntryResult                 : loaded 2 times (x 79B)
Class org.jetbrains.kotlin.fir.IsJavaRecordComponentKey                               : loaded 2 times (x 71B)
Class org.jetbrains.kotlin.fir.references.impl.FirSimpleNamedReference                : loaded 2 times (x 89B)
Class org.jetbrains.kotlin.fir.types.impl.FirTypeArgumentListImpl                     : loaded 2 times (x 76B)
Class org.jetbrains.kotlin.fir.declarations.builder.FirImportBuilder                  : loaded 2 times (x 72B)
Class [Lorg.jetbrains.kotlin.parsing.KotlinParsing$DeclarationParsingMode;            : loaded 2 times (x 69B)
Class org.jetbrains.kotlin.fir.extensions.FirDeclarationGenerationExtensionKt         : loaded 2 times (x 71B)
Class org.jetbrains.kotlin.fir.analysis.jvm.checkers.expression.FirJvmPackageNameAnnotationsChecker: loaded 2 times (x 77B)
Class org.jetbrains.kotlin.fir.analysis.jvm.checkers.declaration.FirJvmFieldApplicabilityChecker: loaded 2 times (x 77B)
Class org.jetbrains.kotlin.fir.analysis.checkers.expression.FirForLoopChecker         : loaded 2 times (x 77B)
Class org.jetbrains.kotlin.fir.declarations.FirDeclarationOrigin$Synthetic            : loaded 2 times (x 72B)
Class org.jetbrains.kotlin.fir.analysis.checkers.FirCheckerWithMppKind                : loaded 2 times (x 70B)
Class org.jetbrains.kotlin.descriptors.annotations.AnnotationDescriptor               : loaded 2 times (x 70B)
Class org.jetbrains.kotlin.resolve.checkers.NullableExtensionOperatorWithSafeCallChecker: loaded 2 times (x 74B)
Class org.jetbrains.kotlin.resolve.calls.checkers.BuilderFunctionsCallChecker         : loaded 2 times (x 74B)
Class org.jetbrains.kotlin.psi.KtSimpleNameExpressionImpl                             : loaded 2 times (x 569B)
Class [Lorg.jetbrains.kotlin.psi.KtDynamicType;                                       : loaded 2 times (x 69B)
Class org.jetbrains.kotlin.resolve.checkers.TrailingCommaCallChecker                  : loaded 2 times (x 74B)
Class org.jetbrains.kotlin.resolve.PlatformConfigurator                               : loaded 2 times (x 70B)
Class org.jetbrains.kotlin.fir.expressions.FirStatement                               : loaded 2 times (x 70B)
Class org.jetbrains.kotlin.fir.analysis.extensions.FirAdditionalCheckersExtension     : loaded 2 times (x 79B)
Class org.jetbrains.kotlin.extensions.internal.TypeResolutionInterceptor              : loaded 2 times (x 72B)
Class org.jetbrains.kotlin.com.intellij.psi.scope.MethodProcessorSetupFailedException : loaded 2 times (x 82B)
Class org.jetbrains.kotlin.com.intellij.psi.PsiType$Stub                              : loaded 2 times (x 100B)
Class org.jetbrains.kotlin.idea.KotlinLanguage                                        : loaded 2 times (x 107B)
Class org.jetbrains.kotlin.com.fasterxml.aalto.util.DataUtil                          : loaded 2 times (x 71B)
Class org.jetbrains.kotlin.com.intellij.ide.plugins.ActionDescriptorName              : loaded 2 times (x 79B)
Class org.jetbrains.kotlin.com.intellij.ide.plugins.NonShareableJavaZipFilePool$load$1: loaded 2 times (x 81B)
Class org.jetbrains.kotlin.com.intellij.lang.java.lexer.BasicJavaLexer                : loaded 2 times (x 84B)
Class org.jetbrains.kotlin.kotlinx.collections.immutable.implementations.immutableSet.PersistentHashSetIterator: loaded 2 times (x 82B)
Class org.jetbrains.kotlin.com.intellij.psi.PsiReferenceProvider                      : loaded 2 times (x 74B)
Class org.jetbrains.kotlin.ir.IrElement                                               : loaded 2 times (x 70B)
Class org.jetbrains.kotlin.util.ServiceLoaderLite                                     : loaded 2 times (x 71B)
Class org.jetbrains.kotlin.load.java.JavaNullabilityAnnotationSettingsKt              : loaded 2 times (x 71B)
Class org.jetbrains.kotlin.com.google.common.collect.AbstractMapBasedMultimap$WrappedList: loaded 2 times (x 205B)
Class org.jetbrains.kotlin.com.intellij.util.containers.CollectionFactory             : loaded 2 times (x 71B)
Class org.jetbrains.kotlin.fir.symbols.FirBasedSymbol                                 : loaded 2 times (x 72B)
Class org.jetbrains.kotlin.fir.scopes.FirPlatformClassMapper$Default                  : loaded 2 times (x 75B)
Class kotlin.sequences.TakeWhileSequence$iterator$1                                   : loaded 2 times (x 79B)
Class org.jetbrains.plugins.gradle.model.ExternalProjectDependency                    : loaded 2 times (x 70B)
Class org.jetbrains.plugins.gradle.tooling.serialization.KotlinDslScriptsModelSerializationService: loaded 2 times (x 81B)
Class org.jetbrains.kotlin.resolve.checkers.InfixModifierChecker                      : loaded 2 times (x 74B)
Class [Lcom.google.common.reflect.Types$JavaVersion;                                  : loaded 2 times (x 69B)
Class com.google.common.base.JdkPattern                                               : loaded 2 times (x 75B)
Class org.jetbrains.kotlin.com.intellij.psi.PsiLambdaExpression                       : loaded 2 times (x 70B)
Class org.jetbrains.kotlin.com.intellij.psi.impl.java.stubs.PsiAnnotationParameterListStub: loaded 2 times (x 70B)
Class org.jetbrains.kotlin.load.java.structure.JavaType                               : loaded 2 times (x 70B)
Class org.jetbrains.kotlin.fir.java.deserialization.JvmBinaryAnnotationDeserializerKt$loadMemberAnnotations$1$AnnotationVisitorForMethod: loaded 2 times (x 82B)
Class org.jetbrains.kotlin.utils.SmartList$EmptyIterator                              : loaded 2 times (x 81B)
Class org.jetbrains.kotlin.metadata.deserialization.VersionRequirement                : loaded 2 times (x 72B)
Class [Lorg.jetbrains.kotlin.descriptors.EffectiveVisibility$Permissiveness;          : loaded 2 times (x 69B)
Class org.jetbrains.kotlin.load.kotlin.FileBasedKotlinClass$2                         : loaded 2 times (x 88B)
Class org.jetbrains.kotlin.cli.jvm.index.SingleJavaFileRootsIndex$JavaSourceClassIdReader: loaded 2 times (x 72B)
Class org.jetbrains.kotlin.fir.resolve.calls.tower.FirTowerResolver                   : loaded 2 times (x 72B)
Class org.jetbrains.kotlin.fir.resolve.calls.stages.ResolutionStageRunner             : loaded 2 times (x 71B)
Class org.jetbrains.kotlin.fir.resolve.SessionHolder                                  : loaded 2 times (x 70B)
Class org.jetbrains.kotlin.fir.resolve.transformers.ReturnTypeCalculatorForFullBodyResolve: loaded 2 times (x 74B)
Class org.jetbrains.kotlin.fir.FirExpressionRef                                       : loaded 2 times (x 72B)
Class org.jetbrains.kotlin.fir.FirLoopTarget                                          : loaded 2 times (x 81B)
Class org.jetbrains.kotlin.fir.references.FirThisReference                            : loaded 2 times (x 93B)
Class org.jetbrains.kotlin.KtFakeSourceElementKind$DelegatingConstructorCall          : loaded 2 times (x 72B)
Class [Lorg.jetbrains.kotlin.com.google.common.collect.ImmutableEntry;                : loaded 2 times (x 69B)
Class org.jetbrains.kotlin.fir.analysis.checkers.expression.FirCastOperatorsChecker   : loaded 2 times (x 77B)
Class org.jetbrains.kotlin.fir.analysis.checkers.expression.FirConstructorCallChecker : loaded 2 times (x 77B)
Class org.jetbrains.kotlin.fir.analysis.checkers.declaration.FirEnumEntriesRedeclarationChecker: loaded 2 times (x 77B)
Class org.jetbrains.kotlin.fir.analysis.checkers.declaration.FirTypeParametersInObjectChecker: loaded 2 times (x 77B)
Class org.jetbrains.kotlin.fir.analysis.checkers.declaration.FirInitializerTypeMismatchChecker: loaded 2 times (x 77B)
Class org.jetbrains.kotlin.fir.analysis.checkers.declaration.FirExpectRefinementChecker: loaded 2 times (x 77B)
Class org.jetbrains.kotlin.fir.java.FirJvmTargetProvider                              : loaded 2 times (x 72B)
Class org.jetbrains.kotlin.descriptors.Modality$Companion                             : loaded 2 times (x 71B)
Class org.jetbrains.kotlin.metadata.ProtoBuf$Type$ArgumentOrBuilder                   : loaded 2 times (x 70B)
Class org.jetbrains.kotlin.fir.analysis.jvm.checkers.FirJvmAnnotationsPlatformSpecificSupportComponent: loaded 2 times (x 78B)
Class org.jetbrains.kotlin.fir.java.scopes.JavaOverrideChecker                        : loaded 2 times (x 81B)
Class org.jetbrains.kotlin.resolve.calls.checkers.CallCheckerContext                  : loaded 2 times (x 78B)
Class [Lorg.jetbrains.kotlin.container.PlatformExtensionsClashResolver;               : loaded 2 times (x 69B)
Class org.jetbrains.kotlin.resolve.calls.checkers.ContractNotAllowedCallChecker       : loaded 2 times (x 74B)
Class org.jetbrains.kotlin.psi.KtWhenExpression                                       : loaded 2 times (x 446B)
Class [Lorg.jetbrains.kotlin.psi.KtContextReceiverList;                               : loaded 2 times (x 69B)
Class org.jetbrains.kotlin.psi.KtValueArgument                                        : loaded 2 times (x 462B)
Class [Lorg.jetbrains.kotlin.psi.KtSecondaryConstructor;                              : loaded 2 times (x 69B)
Class [Lorg.jetbrains.kotlin.psi.KtAnnotated;                                         : loaded 2 times (x 69B)
Class org.jetbrains.kotlin.psi.stubs.elements.KtPrimaryConstructorElementType         : loaded 2 times (x 107B)
Class org.jetbrains.kotlin.resolve.checkers.DataClassDeclarationChecker               : loaded 2 times (x 74B)
Class org.jetbrains.kotlin.psi.stubs.elements.KtPropertyElementType                   : loaded 2 times (x 104B)
Class org.jetbrains.kotlin.fir.extensions.FirPredicateBasedProviderImpl$Cache         : loaded 2 times (x 72B)
Class org.jetbrains.kotlin.util.ComponentArrayOwner                                   : loaded 2 times (x 82B)
Class org.jetbrains.kotlin.protobuf.GeneratedMessageLite$GeneratedExtension           : loaded 2 times (x 79B)
Class org.jetbrains.kotlin.load.kotlin.JvmPackagePartProviderBase                     : loaded 2 times (x 93B)
Class org.jetbrains.kotlin.fir.session.environment.AbstractProjectFileSearchScope     : loaded 2 times (x 70B)
Class org.jetbrains.kotlin.cli.jvm.compiler.jarfs.ZipImplementationKt$WhenMappings    : loaded 2 times (x 71B)
Class org.jetbrains.kotlin.cli.jvm.compiler.jarfs.ZipEntryDescription$CompressionKind : loaded 2 times (x 79B)
Class org.jetbrains.kotlin.resolve.jvm.modules.JavaModuleInfo$FileReadingException    : loaded 2 times (x 82B)
Class org.jetbrains.kotlin.com.intellij.codeInsight.ExternalAnnotationsManager        : loaded 2 times (x 87B)
Class org.jetbrains.kotlin.com.intellij.psi.impl.PsiModificationTrackerImpl$1         : loaded 2 times (x 74B)
Class org.jetbrains.kotlin.com.intellij.mock.MockProject                              : loaded 2 times (x 206B)
Class org.jetbrains.kotlin.com.intellij.psi.impl.ResolveScopeManager                  : loaded 2 times (x 74B)
Class [Lorg.jetbrains.kotlin.psi.KtBackingField;                                      : loaded 2 times (x 69B)
Class [Lorg.jetbrains.kotlin.psi.KtScript;                                            : loaded 2 times (x 69B)
Class org.jetbrains.kotlin.com.intellij.codeInsight.folding.JavaCodeFoldingSettings   : loaded 2 times (x 71B)
Class org.jetbrains.kotlin.com.intellij.openapi.extensions.impl.ObjectComponentAdapter: loaded 2 times (x 80B)
Class org.jetbrains.kotlin.com.intellij.psi.stubs.Stub                                : loaded 2 times (x 70B)
Class org.jetbrains.kotlin.com.intellij.openapi.util.KeyWithDefaultValue              : loaded 2 times (x 78B)
Class org.jetbrains.kotlin.kotlinx.collections.immutable.implementations.immutableSet.TrieNode$Companion: loaded 2 times (x 71B)
Class org.jetbrains.kotlin.com.intellij.util.pico.PicoInitializationException         : loaded 2 times (x 82B)
Class org.jetbrains.kotlin.com.intellij.psi.impl.source.tree.LeafElement              : loaded 2 times (x 204B)
Class [Lorg.jetbrains.kotlin.com.intellij.openapi.vfs.VirtualFileSystem;              : loaded 2 times (x 69B)
Class org.jetbrains.kotlin.com.intellij.openapi.vfs.VirtualFileManagerListener        : loaded 2 times (x 70B)
Class org.jetbrains.kotlin.com.intellij.util.text.CharArrayCharSequence               : loaded 2 times (x 99B)
Class org.jetbrains.kotlin.psi.KtWhenEntryGuard                                       : loaded 2 times (x 376B)
Class org.jetbrains.kotlin.com.intellij.openapi.util.SystemInfoRt                     : loaded 2 times (x 71B)
Class org.jetbrains.kotlin.ir.visitors.IrVisitor                                      : loaded 2 times (x 159B)
Class org.jetbrains.kotlin.config.CommonConfigurationKeys                             : loaded 2 times (x 71B)
Class kotlin.reflect.jvm.internal.KClassImpl$Data$declaredStaticMembers$2             : loaded 2 times (x 79B)
Class kotlin.reflect.jvm.internal.KProperty1Impl$delegateSource$1                     : loaded 2 times (x 79B)
Class org.jetbrains.kotlin.resolve.calls.model.ResolvedCall                           : loaded 2 times (x 70B)
Class org.jetbrains.kotlin.fir.declarations.FirTypeSpecificityComparatorProvider      : loaded 2 times (x 72B)
Class org.jetbrains.kotlin.cli.common.arguments.Enables                               : loaded 2 times (x 70B)
Class org.jetbrains.kotlin.fir.extensions.BunchOfRegisteredExtensions                 : loaded 2 times (x 72B)
Class org.jetbrains.kotlin.fir.resolve.providers.FirSymbolProviderKt                  : loaded 2 times (x 71B)
Class com.amazon.ion.system.IonSystemBuilder$Mutable                                  : loaded 2 times (x 75B)
Class com.amazon.ion.impl.bin.IonManagedBinaryWriter$SymbolResolverBuilder            : loaded 2 times (x 70B)
Class org.jetbrains.kotlin.idea.gradleTooling.KotlinGradleModel                       : loaded 2 times (x 70B)
Class org.jetbrains.plugins.gradle.tooling.serialization.ExternalTestsSerializationService$WriteContext: loaded 2 times (x 72B)
Class org.objectweb.asm.SymbolTable$Entry                                             : loaded 2 times (x 74B)
Class org.gradle.api.internal.classpath.DefaultModuleRegistry$DefaultModuleAlias      : loaded 2 times (x 80B)
Class org.jetbrains.kotlin.fir.analysis.checkers.CommonDeclarationCheckers            : loaded 2 times (x 96B)
Class [Lorg.jetbrains.kotlin.com.intellij.psi.PsiPolyVariantReference;                : loaded 2 times (x 69B)
Class org.jetbrains.kotlin.com.intellij.psi.PsiReferenceParameterList                 : loaded 2 times (x 70B)
Class org.jetbrains.kotlin.com.intellij.psi.impl.java.stubs.impl.PsiAnnotationStubImpl: loaded 2 times (x 153B)
Class org.jetbrains.kotlin.com.intellij.psi.impl.java.stubs.JavaUsesStatementElementType: loaded 2 times (x 115B)
Class org.jetbrains.kotlin.com.intellij.psi.impl.java.stubs.JavaParameterListElementType: loaded 2 times (x 126B)
Class org.jetbrains.kotlin.com.intellij.psi.impl.java.stubs.JavaAnnotationElementType : loaded 2 times (x 115B)
Class org.jetbrains.kotlin.com.intellij.openapi.roots.ProjectRootModificationTracker  : loaded 2 times (x 75B)
Class org.jetbrains.kotlin.load.kotlin.JvmPackagePartSource                           : loaded 2 times (x 85B)
Class org.jetbrains.kotlin.util.SideStats                                             : loaded 2 times (x 72B)
Class org.jetbrains.kotlin.load.kotlin.FileBasedKotlinClass$3                         : loaded 2 times (x 78B)
Class [Lorg.jetbrains.kotlin.com.intellij.psi.PsiFileSystemItem;                      : loaded 2 times (x 69B)
Class org.jetbrains.kotlin.fir.util.ListMultimap                                      : loaded 2 times (x 110B)
Class org.jetbrains.kotlin.fir.resolve.dfa.cfg.GraphEnterNodeMarker                   : loaded 2 times (x 70B)
Class org.jetbrains.kotlin.fir.resolve.transformers.FirTypeResolveProcessor           : loaded 2 times (x 76B)
Class org.jetbrains.kotlin.KtFakeSourceElementKind$DesugaredMinusAssign               : loaded 2 times (x 72B)
Class org.jetbrains.kotlin.fir.declarations.utils.FirDeclarationBuildingUtilsKt       : loaded 2 times (x 71B)
Class org.jetbrains.kotlin.fir.lightTree.fir.ValueParameter                           : loaded 2 times (x 72B)
Class org.jetbrains.kotlin.fir.DelegatedWrapperDataKey                                : loaded 2 times (x 71B)
Class [Lorg.jetbrains.kotlin.fir.types.ConeTypeParameterType;                         : loaded 2 times (x 69B)
Class org.jetbrains.kotlin.fir.types.ConeTypeParameterType                            : loaded 2 times (x 82B)
Class org.jetbrains.kotlin.KtLightSourceElement                                       : loaded 2 times (x 79B)
Class org.jetbrains.kotlin.fir.analysis.jvm.checkers.expression.FirFieldAccessShadowedByInvisibleKotlinProperty: loaded 2 times (x 77B)
Class org.jetbrains.kotlin.fir.analysis.jvm.checkers.expression.FirJavaSamConstructorNullabilityChecker: loaded 2 times (x 77B)
Class org.jetbrains.kotlin.fir.analysis.checkers.CommonTypeCheckers                   : loaded 2 times (x 76B)
Class org.jetbrains.kotlin.fir.analysis.checkers.expression.FirUnsupportedArrayLiteralChecker: loaded 2 times (x 77B)
Class org.jetbrains.kotlin.fir.analysis.checkers.expression.FirInlineBodyResolvedQualifierChecker: loaded 2 times (x 77B)
Class org.jetbrains.kotlin.fir.declarations.FirDeclarationOrigin$Delegated            : loaded 2 times (x 72B)
Class org.jetbrains.kotlin.fir.analysis.checkers.declaration.FirVolatileAnnotationChecker: loaded 2 times (x 77B)
Class org.jetbrains.kotlin.fir.declarations.FirDeclarationOrigin$Library              : loaded 2 times (x 72B)
Class org.jetbrains.kotlin.cli.jvm.index.JvmDependenciesIndexImpl$ClassSearchResult   : loaded 2 times (x 71B)
Class org.jetbrains.kotlin.fir.types.FirFunctionTypeKindServiceImpl                   : loaded 2 times (x 77B)
Class org.jetbrains.kotlin.fir.analysis.jvm.FirJvmOverridesBackwardCompatibilityHelper: loaded 2 times (x 74B)
Class org.jetbrains.kotlin.resolve.checkers.MissingDependencyClassChecker$ClassifierUsage: loaded 2 times (x 74B)
Class org.jetbrains.kotlin.resolve.calls.checkers.NamedFunAsExpressionChecker         : loaded 2 times (x 74B)
Class [Lorg.jetbrains.kotlin.psi.KtSuperTypeList;                                     : loaded 2 times (x 69B)
Class [Lorg.jetbrains.kotlin.com.intellij.extapi.psi.ASTDelegatePsiElement;           : loaded 2 times (x 69B)
Class org.jetbrains.kotlin.psi.stubs.elements.KtStubElementTypes                      : loaded 2 times (x 70B)
Class [Lorg.jetbrains.kotlin.lexer.KtToken;                                           : loaded 2 times (x 69B)
Class org.jetbrains.kotlin.psi.KtNamedDeclarationStub                                 : loaded 2 times (x 912B)
Class org.jetbrains.kotlin.fir.scopes.impl.FirSynthesizedStorage                      : loaded 2 times (x 72B)
Class org.jetbrains.kotlin.metadata.ProtoBuf$Property$1                               : loaded 2 times (x 144B)
Class org.jetbrains.kotlin.metadata.ProtoBuf$Type                                     : loaded 2 times (x 145B)
Class org.jetbrains.kotlin.metadata.ProtoBuf$Class                                    : loaded 2 times (x 186B)
Class org.jetbrains.kotlin.fir.FirModuleCapabilities                                  : loaded 2 times (x 82B)
Class org.jetbrains.kotlin.fir.backend.Fir2IrScriptConfiguratorExtension              : loaded 2 times (x 76B)
Class org.jetbrains.kotlin.cli.jvm.compiler.jarfs.FastJarFileSystem$cachedOpenFileHandles$1: loaded 2 times (x 83B)
Class org.jetbrains.kotlin.cli.jvm.compiler.CliKotlinAsJavaSupport                    : loaded 2 times (x 104B)
Class org.jetbrains.kotlin.com.intellij.psi.PsiJavaCodeReferenceElement               : loaded 2 times (x 70B)
Class org.jetbrains.kotlin.com.intellij.diagnostic.ImplementationConflictException    : loaded 2 times (x 82B)
Class org.jetbrains.kotlin.com.intellij.openapi.command.CommandListener               : loaded 2 times (x 70B)
Class org.jetbrains.kotlin.com.intellij.openapi.progress.Task$Backgroundable          : loaded 2 times (x 89B)
Class org.jetbrains.kotlin.com.intellij.openapi.util.text.StringUtilRt                : loaded 2 times (x 71B)
Class org.jetbrains.kotlin.ir.declarations.IrSymbolOwner                              : loaded 2 times (x 70B)
Class org.jetbrains.kotlin.backend.jvm.lower.JvmLocalDeclarationsLowering             : loaded 2 times (x 88B)
Class org.jetbrains.kotlin.config.CommonConfigurationKeysKt                           : loaded 2 times (x 71B)
Class org.jetbrains.kotlin.com.google.common.collect.MapDifference                    : loaded 2 times (x 70B)
Class org.jetbrains.kotlin.fir.expressions.FirResolvable                              : loaded 2 times (x 70B)
Class com.google.gson.internal.bind.ReflectiveTypeAdapterFactory                      : loaded 2 times (x 75B)
Class com.google.gson.internal.sql.SqlTimestampTypeAdapter                            : loaded 2 times (x 76B)
Class com.amazon.ion.impl._Private_RecyclingStack$Recycler                            : loaded 2 times (x 70B)
Class com.amazon.ion.impl.bin.IonManagedBinaryWriter$LocalSymbolTableView             : loaded 2 times (x 107B)
Class com.amazon.ion.impl.bin.IonRawBinaryWriter$ThrowingRunnable                     : loaded 2 times (x 70B)
Class org.jetbrains.kotlin.fir.analysis.checkers.expression.FirSingleNamedFunctionChecker: loaded 2 times (x 77B)
Class com.android.builder.model.v2.ide.Variant                                        : loaded 2 times (x 70B)
Class org.gradle.tooling.model.Model                                                  : loaded 2 times (x 70B)
Class org.objectweb.asm.Edge                                                          : loaded 2 times (x 72B)
Class com.google.common.base.Suppliers$SupplierOfInstance                             : loaded 2 times (x 79B)
Class org.jetbrains.kotlin.com.intellij.util.containers.EmptyIterator                 : loaded 2 times (x 81B)
Class org.jetbrains.kotlin.one.util.streamex.OrderedCancellableSpliterator            : loaded 2 times (x 91B)
Class org.jetbrains.kotlin.com.intellij.psi.impl.compiled.FirstPassData$1FirstPassVisitor$1: loaded 2 times (x 105B)
Class org.jetbrains.kotlin.com.intellij.psi.impl.cache.TypeInfo$DerivedTypeInfo       : loaded 2 times (x 80B)
Class org.jetbrains.kotlin.com.intellij.util.indexing.FileContent                     : loaded 2 times (x 70B)
Class org.jetbrains.kotlin.com.intellij.psi.PsiParameterList                          : loaded 2 times (x 70B)
Class org.jetbrains.kotlin.com.intellij.psi.impl.java.stubs.JavaRecordHeaderElementType: loaded 2 times (x 126B)
Class org.jetbrains.kotlin.fir.deserialization.AbstractFirDeserializedSymbolProvider$ClassMetadataFindResult$Metadata: loaded 2 times (x 72B)
Class org.jetbrains.kotlin.load.kotlin.FileBasedKotlinClass$4                         : loaded 2 times (x 88B)
Class org.jetbrains.kotlin.fir.resolve.calls.AbstractCandidate                        : loaded 2 times (x 73B)
Class org.jetbrains.kotlin.fir.scopes.ImportingScopesKt                               : loaded 2 times (x 71B)
Class org.jetbrains.kotlin.com.intellij.psi.JavaDocTokenType                          : loaded 2 times (x 70B)
Class org.jetbrains.kotlin.fir.resolve.dfa.cfg.ElvisExitNode                          : loaded 2 times (x 81B)
Class [Lorg.jetbrains.kotlin.fir.declarations.FirValueParameter;                      : loaded 2 times (x 69B)
Class [Lorg.jetbrains.kotlin.fir.declarations.FirDeclaration;                         : loaded 2 times (x 69B)
Class org.jetbrains.kotlin.parsing.SemanticWhitespaceAwarePsiBuilderAdapter           : loaded 2 times (x 150B)
Class [Lorg.jetbrains.kotlin.fir.declarations.InlineStatus;                           : loaded 2 times (x 69B)
Class org.jetbrains.kotlin.fir.declarations.FirDeclarationDataRegistry$DeclarationDataAccessor: loaded 2 times (x 72B)
Class [Lorg.jetbrains.kotlin.types.model.RigidTypeMarker;                             : loaded 2 times (x 69B)
Class org.jetbrains.kotlin.fir.expressions.FirWrappedArgumentExpression               : loaded 2 times (x 119B)
Class org.jetbrains.kotlin.fir.analysis.jvm.checkers.declaration.FirJvmDefaultChecker : loaded 2 times (x 77B)
Class [Lorg.jetbrains.kotlin.com.google.common.collect.ImmutableMapEntry;             : loaded 2 times (x 69B)
Class org.jetbrains.kotlin.fir.analysis.jvm.checkers.declaration.FirInlineBodySimpleFunctionChecker: loaded 2 times (x 77B)
Class org.jetbrains.kotlin.fir.analysis.checkers.expression.FirInlineBodyVariableAssignmentChecker: loaded 2 times (x 77B)
Class org.jetbrains.kotlin.fir.analysis.checkers.declaration.FirAbstractOverrideChecker: loaded 2 times (x 77B)
Class org.jetbrains.kotlin.fir.analysis.checkers.declaration.FirConstPropertyChecker  : loaded 2 times (x 77B)
Class org.jetbrains.kotlin.fir.analysis.checkers.declaration.FirContractChecker       : loaded 2 times (x 77B)
Class org.jetbrains.kotlin.fir.analysis.checkers.expression.FirExpressionChecker      : loaded 2 times (x 77B)
Class org.jetbrains.kotlin.fir.declarations.FirFunction                               : loaded 2 times (x 182B)
Class org.jetbrains.kotlin.fir.serialization.FirProvidedDeclarationsForMetadataServiceImpl: loaded 2 times (x 76B)
Class org.jetbrains.kotlin.fir.extensions.AbstractFirRegisteredPluginAnnotations$initialize$registrar$1: loaded 2 times (x 74B)
Class org.jetbrains.kotlin.fir.analysis.checkers.FirIdentityLessPlatformDeterminer    : loaded 2 times (x 72B)
Class org.jetbrains.kotlin.psi.KtQualifiedExpression                                  : loaded 2 times (x 70B)
Class org.jetbrains.kotlin.psi.stubs.KotlinTypeProjectionStub                         : loaded 2 times (x 70B)
Class org.jetbrains.kotlin.psi.stubs.KotlinModifierListStub                           : loaded 2 times (x 70B)
Class [Lorg.jetbrains.kotlin.psi.KtClassBody;                                         : loaded 2 times (x 69B)
Class org.jetbrains.kotlin.psi.KtValVarKeywordOwner                                   : loaded 2 times (x 70B)
Class org.jetbrains.kotlin.kdoc.lexer.KDocToken                                       : loaded 2 times (x 75B)
Class org.jetbrains.kotlin.resolve.calls.checkers.SafeCallChecker                     : loaded 2 times (x 74B)
Class org.jetbrains.kotlin.psi.KtExpression                                           : loaded 2 times (x 70B)
Class org.jetbrains.kotlin.fir.scopes.impl.FirDelegatedMembersFilter                  : loaded 2 times (x 72B)
Class org.jetbrains.kotlin.types.AbstractTypeApproximator                             : loaded 2 times (x 740B)
Class org.jetbrains.kotlin.util.ArrayMap                                              : loaded 2 times (x 83B)
Class org.jetbrains.kotlin.platform.JsPlatform                                        : loaded 2 times (x 75B)
Class org.jetbrains.kotlin.com.intellij.psi.PsiImportHolder                           : loaded 2 times (x 70B)
Class org.jetbrains.kotlin.com.intellij.openapi.roots.LanguageLevelProjectExtension   : loaded 2 times (x 73B)
Class org.jetbrains.kotlin.com.intellij.openapi.fileTypes.CharsetUtil                 : loaded 2 times (x 71B)
Class org.jetbrains.kotlin.org.codehaus.stax2.typed.TypedValueDecoder                 : loaded 2 times (x 73B)
Class org.jetbrains.kotlin.fir.analysis.checkers.config.FirLanguageVersionSettingsChecker: loaded 2 times (x 72B)
Class [Lorg.jetbrains.kotlin.com.intellij.util.xml.dom.XmlInterner;                   : loaded 2 times (x 69B)
Class org.jetbrains.kotlin.com.intellij.pom.PomTarget                                 : loaded 2 times (x 70B)
Class org.jetbrains.kotlin.com.intellij.psi.javadoc.PsiDocTagValue                    : loaded 2 times (x 70B)
Class org.jetbrains.kotlin.com.intellij.psi.PsiPlainText                              : loaded 2 times (x 70B)
Class org.jetbrains.kotlin.backend.jvm.lower.GenerateMultifileFacades                 : loaded 2 times (x 75B)
Class org.jetbrains.kotlin.backend.jvm.lower.FragmentSharedVariablesLowering          : loaded 2 times (x 353B)
Class org.jetbrains.kotlin.backend.jvm.lower.JvmOptimizationLowering                  : loaded 2 times (x 80B)
Class org.jetbrains.kotlin.backend.jvm.JvmLoweringPhasesKt$jvmFilePhases$60           : loaded 2 times (x 125B)
Class org.jetbrains.kotlin.backend.common.lower.InnerClassesLowering                  : loaded 2 times (x 88B)
Class org.jetbrains.kotlin.config.IrVerificationMode$Companion                        : loaded 2 times (x 71B)
Class org.jetbrains.kotlin.com.intellij.lang.impl.PsiBuilderImpl$ErrorItem            : loaded 2 times (x 99B)
Class org.jetbrains.kotlin.it.unimi.dsi.fastutil.ints.q                               : loaded 2 times (x 170B)
Class org.jetbrains.kotlin.com.intellij.lang.WhitespacesBinders$1                     : loaded 2 times (x 75B)
Class com.google.gson.internal.sql.SqlDateTypeAdapter$1                               : loaded 2 times (x 75B)
Class com.amazon.ion.UnknownSymbolException                                           : loaded 2 times (x 86B)
Class com.android.ide.gradle.model.composites.BuildMap                                : loaded 2 times (x 70B)
Class com.android.ide.common.repository.AgpVersion$PreviewKind$WhenMappings           : loaded 2 times (x 71B)
Class org.jetbrains.kotlin.fir.expressions.builder.FirArgumentListBuilder             : loaded 2 times (x 72B)
Class kotlin.text.MatchResult$Destructured                                            : loaded 2 times (x 72B)
Class com.google.devtools.ksp.processing.KSPJvmConfig                                 : loaded 2 times (x 72B)
Class com.google.common.reflect.TypeToken$1                                           : loaded 2 times (x 110B)
Class com.google.common.cache.LocalCache$ComputingValueReference                      : loaded 2 times (x 96B)
Class com.google.common.collect.ImmutableMap$IteratorBasedImmutableMap                : loaded 2 times (x 126B)
Class org.jetbrains.kotlin.KtFakeSourceElementKind$ClassSelfTypeRef                   : loaded 2 times (x 72B)
Class org.jetbrains.kotlin.fir.scopes.impl.FirIntersectionOverrideStorage$cacheByScope$1$1: loaded 2 times (x 74B)
Class org.jetbrains.kotlin.metadata.jvm.JvmProtoBuf$JvmMethodSignatureOrBuilder       : loaded 2 times (x 70B)
Class org.jetbrains.kotlin.fir.declarations.FirTowerDataElement                       : loaded 2 times (x 72B)
Class org.jetbrains.kotlin.fir.extensions.FirPredicateBasedProviderKt                 : loaded 2 times (x 71B)
Class org.jetbrains.kotlin.fir.resolve.calls.overloads.ConeEquivalentCallConflictResolver: loaded 2 times (x 73B)
Class org.jetbrains.kotlin.fir.resolve.transformers.WhenOnSealedClassExhaustivenessChecker: loaded 2 times (x 73B)
Class org.jetbrains.kotlin.fir.resolve.FirSpecialTowerDataContexts                    : loaded 2 times (x 72B)
Class org.jetbrains.kotlin.KtFakeSourceElementKind$EnumInitializer                    : loaded 2 times (x 72B)
Class org.jetbrains.kotlin.fir.expressions.FirTryExpression                           : loaded 2 times (x 137B)
Class org.jetbrains.kotlin.types.ConstantValueKind$Boolean                            : loaded 2 times (x 72B)
Class org.jetbrains.kotlin.fir.declarations.builder.FirPropertyBuilder                : loaded 2 times (x 137B)
Class [Lorg.jetbrains.kotlin.fir.types.ConeSimpleKotlinType;                          : loaded 2 times (x 69B)
Class org.jetbrains.kotlin.KtSourceElement                                            : loaded 2 times (x 78B)
Class org.jetbrains.kotlin.parsing.KotlinExpressionParsing$Precedence$1               : loaded 2 times (x 81B)
Class org.jetbrains.kotlin.parsing.AbstractTokenStreamPredicate                       : loaded 2 times (x 77B)
Class org.jetbrains.kotlin.fir.references.FirResolvedNamedReference                   : loaded 2 times (x 89B)
Class org.jetbrains.kotlin.fir.analysis.checkers.CommonExpressionCheckers             : loaded 2 times (x 107B)
Class org.jetbrains.kotlin.fir.analysis.checkers.declaration.FirAnonymousFunctionParametersChecker: loaded 2 times (x 77B)
Class org.jetbrains.kotlin.protobuf.GeneratedMessageLite$Builder                      : loaded 2 times (x 128B)
Class org.jetbrains.kotlin.fir.extensions.FirDeclarationPredicateRegistrar            : loaded 2 times (x 73B)
Class org.jetbrains.kotlin.fir.session.FirJvmSessionFactory$createKotlinScopeProviderForLibrarySession$1: loaded 2 times (x 80B)
Class org.jetbrains.kotlin.fir.resolve.calls.jvm.JvmCallConflictResolverFactory       : loaded 2 times (x 72B)
Class org.jetbrains.kotlin.fir.analysis.jvm.checkers.FirJvmPrimaryConstructorSuperTypeCheckerPlatformComponent: loaded 2 times (x 72B)
Class org.jetbrains.kotlin.resolve.checkers.PlatformDiagnosticSuppressor              : loaded 2 times (x 70B)
Class org.jetbrains.kotlin.resolve.calls.checkers.CoroutineSuspendCallChecker         : loaded 2 times (x 74B)
Class org.jetbrains.kotlin.descriptors.DeclarationDescriptorWithSource                : loaded 2 times (x 70B)
Class org.jetbrains.kotlin.psi.KtStringInterpolationPrefix                            : loaded 2 times (x 443B)
Class [Lorg.jetbrains.kotlin.psi.KtStringTemplateEntryWithExpression;                 : loaded 2 times (x 69B)
Class org.jetbrains.kotlin.psi.KtTypeProjection                                       : loaded 2 times (x 584B)
Class org.jetbrains.kotlin.psi.stubs.KotlinFunctionTypeStub                           : loaded 2 times (x 70B)
Class org.jetbrains.kotlin.fir.analysis.checkers.expression.FirGenericArrayClassLiteralSupport: loaded 2 times (x 70B)
Class org.jetbrains.kotlin.metadata.ProtoBuf$Annotation$Argument                      : loaded 2 times (x 108B)
Class org.jetbrains.kotlin.protobuf.WireFormat$FieldType$1                            : loaded 2 times (x 83B)
Class org.jetbrains.kotlin.protobuf.ByteString                                        : loaded 2 times (x 108B)
Class org.jetbrains.kotlin.fir.DependencyListForCliModule$Builder                     : loaded 2 times (x 72B)
Class org.jetbrains.kotlin.metadata.ProtoBuf$Class$Kind                               : loaded 2 times (x 82B)
Class org.jetbrains.kotlin.com.intellij.util.containers.SLRUMap                       : loaded 2 times (x 80B)
Class org.jetbrains.kotlin.com.intellij.psi.PsiType                                   : loaded 2 times (x 100B)
Class org.jetbrains.kotlin.com.intellij.psi.search.SearchScope                        : loaded 2 times (x 77B)
Class org.jetbrains.kotlin.com.intellij.psi.impl.DocumentCommitProcessor              : loaded 2 times (x 70B)
Class org.jetbrains.kotlin.org.codehaus.stax2.ri.typed.ValueDecoderFactory            : loaded 2 times (x 72B)
Class [Lorg.jetbrains.kotlin.com.intellij.ide.plugins.ActionDescriptorName;           : loaded 2 times (x 69B)
Class org.jetbrains.kotlin.com.intellij.ide.plugins.DescriptorListLoadingContext      : loaded 2 times (x 79B)
Class org.jetbrains.kotlin.com.intellij.psi.FileContextProvider                       : loaded 2 times (x 74B)
Class org.jetbrains.kotlin.com.intellij.lang.folding.CustomFoldingBuilder             : loaded 2 times (x 77B)
Class org.jetbrains.kotlin.com.intellij.lang.jvm.JvmElement                           : loaded 2 times (x 70B)
Class org.jetbrains.kotlin.com.intellij.core.CoreJavaDirectoryService                 : loaded 2 times (x 85B)
Class org.jetbrains.kotlin.com.intellij.psi.impl.source.JavaLightStubBuilder          : loaded 2 times (x 80B)
Class org.jetbrains.kotlin.com.intellij.util.containers.ContainerUtil$9               : loaded 2 times (x 80B)
Class org.jetbrains.kotlin.backend.jvm.JvmLoweringPhasesKt$jvmFilePhases$61           : loaded 2 times (x 125B)
Class org.jetbrains.kotlin.ir.visitors.IrTransformer                                  : loaded 2 times (x 247B)
Class kotlin.reflect.jvm.internal.KClassImpl$Data$supertypes$2                        : loaded 2 times (x 79B)
Class [Lorg.jetbrains.kotlin.fir.types.ConeLookupTagBasedType;                        : loaded 2 times (x 69B)
Class org.jetbrains.kotlin.fir.resolve.providers.impl.FirProviderImpl$FirRecorderData : loaded 2 times (x 72B)
Class org.jetbrains.plugins.gradle.model.IntelliJProjectSettings                      : loaded 2 times (x 70B)
Class com.android.builder.model.v2.ide.Library                                        : loaded 2 times (x 70B)
Class com.android.builder.model.v2.ide.ArtifactDependenciesAdjacencyList              : loaded 2 times (x 70B)
Class com.android.builder.model.v2.models.Versions                                    : loaded 2 times (x 70B)
Class org.gradle.tooling.internal.adapter.ProtocolToModelAdapter$MethodInvocationCache: loaded 2 times (x 73B)
Class com.google.common.reflect.TypeToken$2                                           : loaded 2 times (x 110B)
Class com.google.common.cache.LocalCache$Segment                                      : loaded 2 times (x 154B)
Class org.jetbrains.kotlin.fir.declarations.builder.FirAnonymousInitializerBuilder    : loaded 2 times (x 90B)
Class org.jetbrains.kotlin.fir.resolve.transformers.TransformUtilsKt                  : loaded 2 times (x 71B)
Class org.jetbrains.kotlin.fir.scopes.impl.FirLazyNestedClassifierScope               : loaded 2 times (x 82B)
Class org.jetbrains.kotlin.com.intellij.psi.impl.compiled.ClsParsingUtil              : loaded 2 times (x 71B)
Class org.jetbrains.kotlin.com.intellij.psi.impl.source.BasicJavaElementType$FrontBackTypeTextElementType$1: loaded 2 times (x 76B)
Class org.jetbrains.kotlin.com.intellij.psi.impl.compiled.OutOfOrderInnerClassException: loaded 2 times (x 82B)
Class org.jetbrains.kotlin.com.intellij.psi.util.CachedValueProfiler$EventPlace       : loaded 2 times (x 70B)
Class org.jetbrains.kotlin.fir.types.ConeKotlinTypeProjectionOut                      : loaded 2 times (x 74B)
Class org.jetbrains.kotlin.fir.scopes.impl.FirNestedClassifierScopeImpl               : loaded 2 times (x 85B)
Class org.jetbrains.kotlin.fir.declarations.FirReplSnippet                            : loaded 2 times (x 128B)
Class org.jetbrains.kotlin.fir.resolve.dfa.FirDataFlowAnalyzer                        : loaded 2 times (x 76B)
Class org.jetbrains.kotlin.fir.scopes.CallableCopyTypeCalculator$DeferredCallableCopyTypeCalculator: loaded 2 times (x 74B)
Class org.jetbrains.kotlin.fir.expressions.impl.FirAnonymousObjectExpressionImpl      : loaded 2 times (x 119B)
Class org.jetbrains.kotlin.fir.references.builder.FirExplicitThisReferenceBuilder     : loaded 2 times (x 72B)
Class org.jetbrains.kotlin.fir.types.builder.FirTypeProjectionWithVarianceBuilder     : loaded 2 times (x 72B)
Class org.jetbrains.kotlin.fir.expressions.builder.FirArrayLiteralBuilder             : loaded 2 times (x 92B)
Class org.jetbrains.kotlin.parsing.KotlinExpressionParsing$Precedence$2               : loaded 2 times (x 81B)
Class org.jetbrains.kotlin.com.google.common.collect.ImmutableMapEntry                : loaded 2 times (x 85B)
Class org.jetbrains.kotlin.com.intellij.lexer.FlexLexer                               : loaded 2 times (x 70B)
Class org.jetbrains.kotlin.fir.analysis.jvm.checkers.expression.FirUnsupportedSyntheticCallableReferenceChecker: loaded 2 times (x 77B)
Class org.jetbrains.kotlin.builtins.PrimitiveType$Companion                           : loaded 2 times (x 71B)
Class org.jetbrains.kotlin.fir.analysis.checkers.expression.FirQualifiedSupertypeExtendedByOtherSupertypeChecker: loaded 2 times (x 77B)
Class org.jetbrains.kotlin.fir.analysis.checkers.declaration.FirDataClassNonPublicConstructorChecker: loaded 2 times (x 77B)
Class org.jetbrains.kotlin.fir.analysis.checkers.declaration.FirImplementationMismatchChecker: loaded 2 times (x 78B)
Class org.jetbrains.kotlin.fir.analysis.checkers.declaration.FirContextReceiversDeprecatedDeclarationChecker: loaded 2 times (x 77B)
Class org.jetbrains.kotlin.load.kotlin.VirtualFileFinderFactory$SERVICE               : loaded 2 times (x 71B)
Class org.jetbrains.kotlin.name.JvmStandardClassIds$Annotations                       : loaded 2 times (x 71B)
Class org.jetbrains.kotlin.container.ClassInfo                                        : loaded 2 times (x 72B)
Class org.jetbrains.kotlin.descriptors.CallableMemberDescriptor                       : loaded 2 times (x 70B)
Class org.jetbrains.kotlin.psi.KtCatchClause                                          : loaded 2 times (x 379B)
Class org.jetbrains.kotlin.psi.stubs.KotlinScriptStub                                 : loaded 2 times (x 70B)
Class [Lorg.jetbrains.kotlin.psi.KtDelegatedSuperTypeEntry;                           : loaded 2 times (x 69B)
Class org.jetbrains.kotlin.psi.stubs.KotlinObjectStub                                 : loaded 2 times (x 70B)
Class org.jetbrains.kotlin.psi.stubs.elements.KtAnnotationUseSiteTargetElementType    : loaded 2 times (x 100B)
Class org.jetbrains.kotlin.psi.stubs.elements.KtClassElementType                      : loaded 2 times (x 106B)
Class org.jetbrains.kotlin.fir.symbols.impl.FirClassSymbol                            : loaded 2 times (x 82B)
Class org.jetbrains.kotlin.KtFakeSourceElementKind$ImplicitUnit$IndexedAssignmentCoercion: loaded 2 times (x 72B)
Class org.jetbrains.kotlin.fir.types.impl.FirImplicitFloatTypeRef                     : loaded 2 times (x 107B)
Class org.jetbrains.kotlin.fir.types.ConeAttribute                                    : loaded 2 times (x 79B)
Class org.jetbrains.kotlin.protobuf.UnmodifiableLazyStringList$2                      : loaded 2 times (x 83B)
Class org.jetbrains.kotlin.metadata.ProtoBuf$TypeParameter                            : loaded 2 times (x 130B)
Class org.jetbrains.kotlin.metadata.ProtoBuf$ValueParameter$1                         : loaded 2 times (x 144B)
Class [Lorg.jetbrains.kotlin.protobuf.WireFormat$FieldType;                           : loaded 2 times (x 69B)
Class org.jetbrains.kotlin.protobuf.WireFormat$FieldType$2                            : loaded 2 times (x 83B)
Class org.jetbrains.kotlin.cli.jvm.compiler.legacy.pipeline.ProjectEnvironmentWithCoreEnvironmentEmulation: loaded 2 times (x 95B)
Class org.jetbrains.kotlin.cli.jvm.config.JvmModulePathRoot                           : loaded 2 times (x 77B)
Class org.jetbrains.kotlin.extensions.ProcessSourcesBeforeCompilingExtension          : loaded 2 times (x 70B)
Class org.jetbrains.kotlin.com.intellij.util.containers.ConcurrentSoftHashMap         : loaded 2 times (x 154B)
Class org.jetbrains.kotlin.com.intellij.mock.MockResolveScopeManager                  : loaded 2 times (x 75B)
Class org.jetbrains.kotlin.com.intellij.openapi.extensions.ExtensionPointAndAreaListener: loaded 2 times (x 70B)
Class org.jetbrains.kotlin.com.intellij.openapi.progress.Task$WithResult              : loaded 2 times (x 85B)
Class [Lorg.jetbrains.kotlin.com.intellij.openapi.fileTypes.FileType;                 : loaded 2 times (x 69B)
Class org.jetbrains.kotlin.com.intellij.lang.LanguageExtension                        : loaded 2 times (x 96B)
Class org.jetbrains.kotlin.com.intellij.core.CoreFileTypeRegistry                     : loaded 2 times (x 81B)
Class org.jetbrains.kotlin.KtFakeSourceElementKind$DesugaredPlusAssign                : loaded 2 times (x 72B)
Class org.jetbrains.kotlin.it.unimi.dsi.fastutil.objects.ObjectSpliterator            : loaded 2 times (x 70B)
Class [Lorg.jetbrains.kotlin.config.JvmSerializeIrMode;                               : loaded 2 times (x 69B)
Class org.jetbrains.kotlin.backend.jvm.JvmLoweringPhasesKt$jvmFilePhases$62           : loaded 2 times (x 125B)
Class [Lorg.jetbrains.kotlin.config.LanguageFeature$State;                            : loaded 2 times (x 69B)
Class [Lorg.jetbrains.kotlin.config.ReturnValueCheckerMode;                           : loaded 2 times (x 69B)
Class [Lorg.jetbrains.kotlin.config.IrVerificationMode;                               : loaded 2 times (x 69B)
Class org.jetbrains.kotlin.com.google.common.collect.ImmutableEntry                   : loaded 2 times (x 82B)
Class org.jetbrains.kotlin.it.unimi.dsi.fastutil.objects.Object2ObjectFunction        : loaded 2 times (x 70B)
Class org.jetbrains.kotlin.metadata.ProtoBuf$Effect$EffectType                        : loaded 2 times (x 82B)
Class org.jetbrains.kotlin.fir.resolve.providers.impl.AbstractFirBuiltinSymbolProvider$BuiltInsPackageFragmentWrapper$classCache$2$1: loaded 2 times (x 125B)
Class org.jetbrains.kotlin.utils.DescriptionAware                                     : loaded 2 times (x 70B)
Class org.jetbrains.kotlin.cli.common.messages.XcodeStyleMessageRenderer              : loaded 2 times (x 78B)
Class com.google.gson.internal.bind.ReflectiveTypeAdapterFactory$Adapter              : loaded 2 times (x 77B)
Class com.google.gson.internal.bind.TypeAdapters$10                                   : loaded 2 times (x 75B)
Class org.jetbrains.plugins.gradle.model.ExternalDependency                           : loaded 2 times (x 70B)
Class com.intellij.util.containers.IntObjectHashMap                                   : loaded 2 times (x 72B)
Class org.jetbrains.kotlin.load.kotlin.FileBasedKotlinClass$4$1                       : loaded 2 times (x 77B)
Class com.google.common.collect.SortedIterable                                        : loaded 2 times (x 70B)
Class com.android.builder.model.v2.models.ndk.NativeModule                            : loaded 2 times (x 70B)
Class [Lorg.objectweb.asm.SymbolTable$Entry;                                          : loaded 2 times (x 69B)
Class com.google.common.collect.ImmutableBiMap                                        : loaded 2 times (x 143B)
Class com.google.common.cache.CacheLoader                                             : loaded 2 times (x 74B)
Class com.google.common.collect.AbstractListMultimap                                  : loaded 2 times (x 172B)
Class org.gradle.api.internal.classpath.ModuleRegistry                                : loaded 2 times (x 70B)
Class org.gradle.internal.installation.GradleInstallation$1                           : loaded 2 times (x 75B)
Class org.jetbrains.kotlin.load.java.typeEnhancement.AbstractSignatureParts           : loaded 2 times (x 90B)
Class org.jetbrains.kotlin.descriptors.InlineClassRepresentation                      : loaded 2 times (x 75B)
Class org.jetbrains.kotlin.load.java.structure.JavaPrimitiveType                      : loaded 2 times (x 70B)
Class org.jetbrains.kotlin.com.intellij.util.containers.ConcurrentIntObjectHashMap$TreeBin: loaded 2 times (x 78B)
Class org.jetbrains.kotlin.com.intellij.lang.java.parser.JavaParserUtil               : loaded 2 times (x 71B)
Class org.jetbrains.kotlin.com.intellij.psi.impl.java.stubs.PsiMethodStub             : loaded 2 times (x 70B)
Class org.jetbrains.kotlin.com.intellij.psi.impl.java.stubs.PsiProvidesStatementStub  : loaded 2 times (x 70B)
Class org.jetbrains.kotlin.fir.java.MutableJavaTypeParameterStack                     : loaded 2 times (x 81B)
Class org.jetbrains.org.objectweb.asm.AnnotationVisitor                               : loaded 2 times (x 78B)
Class org.jetbrains.kotlin.fir.expressions.FirSamConversionExpression                 : loaded 2 times (x 118B)
Class org.jetbrains.kotlin.fir.builder.DestructuringKt                                : loaded 2 times (x 71B)
Class org.jetbrains.kotlin.fir.expressions.builder.FirCallableReferenceAccessBuilder  : loaded 2 times (x 101B)
Class org.jetbrains.kotlin.fir.expressions.FirPropertyAccessExpression                : loaded 2 times (x 160B)
Class org.jetbrains.kotlin.fir.builder.AbstractRawFirBuilder$ValueParameterDeclaration: loaded 2 times (x 79B)
Class org.jetbrains.kotlin.fir.IntersectionOverrideOriginalKey                        : loaded 2 times (x 71B)
Class org.jetbrains.kotlin.fir.expressions.impl.FirDelegatedConstructorCallImpl       : loaded 2 times (x 167B)
Class org.jetbrains.kotlin.com.intellij.lang.impl.PsiBuilderImpl$1                    : loaded 2 times (x 200B)
Class org.jetbrains.kotlin.parsing.BindAll                                            : loaded 2 times (x 74B)
Class org.jetbrains.kotlin.parsing.KotlinExpressionParsing$Precedence$3               : loaded 2 times (x 81B)
Class org.jetbrains.kotlin.com.google.common.collect.RegularImmutableMap$BucketOverflowException: loaded 2 times (x 82B)
Class org.jetbrains.kotlin.fir.analysis.jvm.checkers.declaration.FirJvmExternalDeclarationChecker: loaded 2 times (x 77B)
Class org.jetbrains.kotlin.fir.analysis.checkers.expression.FirIncompatibleClassExpressionChecker: loaded 2 times (x 77B)
Class org.jetbrains.kotlin.fir.deserialization.AbstractFirDeserializedSymbolProvider$special$$inlined$createCache$1: loaded 2 times (x 75B)
Class org.jetbrains.kotlin.fir.extensions.FirExtensionPointName                       : loaded 2 times (x 72B)
Class org.jetbrains.kotlin.fir.java.deserialization.FirJvmDeserializationExtension    : loaded 2 times (x 75B)
Class org.jetbrains.kotlin.psi.KtStatementExpression                                  : loaded 2 times (x 70B)
Class org.jetbrains.kotlin.resolve.calls.inference.components.PostponedArgumentInputTypesResolver$Companion: loaded 2 times (x 71B)
Class org.jetbrains.kotlin.util.ArrayMapAccessor                                      : loaded 2 times (x 75B)
Class org.jetbrains.kotlin.util.AbstractArrayMapOwner$AbstractArrayMapAccessor        : loaded 2 times (x 71B)
Class org.jetbrains.kotlin.fir.types.impl.ConeClassLikeTypeImpl                       : loaded 2 times (x 83B)
Class org.jetbrains.kotlin.protobuf.WireFormat$FieldType$3                            : loaded 2 times (x 83B)
Class org.jetbrains.kotlin.psi.KtDeclarationContainer                                 : loaded 2 times (x 70B)
Class org.jetbrains.kotlin.fir.FirModuleData                                          : loaded 2 times (x 82B)
Class org.jetbrains.kotlin.fir.session.environment.AbstractProjectFileSearchScope$EMPTY: loaded 2 times (x 77B)
Class org.jetbrains.kotlin.cli.jvm.modules.JavaModuleGraph                            : loaded 2 times (x 72B)
Class org.jetbrains.kotlin.cli.jvm.compiler.jarfs.FastJarFileSystem                   : loaded 2 times (x 101B)
Class org.jetbrains.kotlin.utils.PlatformUtilsKt                                      : loaded 2 times (x 71B)
Class org.jetbrains.kotlin.com.intellij.pom.java.LanguageLevel                        : loaded 2 times (x 80B)
Class org.jetbrains.kotlin.com.intellij.psi.PsiExpression                             : loaded 2 times (x 70B)
Class org.jetbrains.kotlin.com.intellij.psi.PsiTypeElement                            : loaded 2 times (x 70B)
Class org.jetbrains.kotlin.com.intellij.psi.search.impl.VirtualFileEnumeration        : loaded 2 times (x 70B)
Class org.jetbrains.kotlin.com.intellij.psi.search.EverythingGlobalScope              : loaded 2 times (x 96B)
Class org.jetbrains.kotlin.com.intellij.openapi.vfs.InvalidVirtualFileAccessException : loaded 2 times (x 82B)
Class [Lorg.jetbrains.kotlin.com.intellij.openapi.util.LowMemoryWatcher$LowMemoryWatcherType;: loaded 2 times (x 69B)
Class org.jetbrains.kotlin.com.intellij.ide.plugins.ContainerDescriptor               : loaded 2 times (x 72B)
Class org.jetbrains.kotlin.com.intellij.core.CorePsiPackageImplementationHelper       : loaded 2 times (x 77B)
Class org.jetbrains.kotlin.com.intellij.psi.stubs.ObjectStubSerializer                : loaded 2 times (x 70B)
Class org.jetbrains.kotlin.com.intellij.psi.PsiFragment                               : loaded 2 times (x 70B)
Class org.jetbrains.kotlin.com.intellij.psi.PsiReferenceContributor                   : loaded 2 times (x 76B)
Class org.jetbrains.kotlin.com.intellij.util.DefaultJava11Shim                        : loaded 2 times (x 80B)
Class org.jetbrains.kotlin.com.intellij.psi.stubs.BinaryFileStubBuilders              : loaded 2 times (x 90B)
Class org.jetbrains.kotlin.com.intellij.openapi.application.ex.ApplicationEx          : loaded 2 times (x 70B)
Class org.jetbrains.kotlin.cli.jvm.compiler.KotlinCoreApplicationEnvironmentMode      : loaded 2 times (x 70B)
Class org.jetbrains.kotlin.cli.jvm.modules.CoreJrtFileSystem                          : loaded 2 times (x 101B)
Class org.jetbrains.kotlin.backend.jvm.JvmLoweringPhasesKt$jvmFilePhases$63           : loaded 2 times (x 125B)
Class org.jetbrains.kotlin.backend.jvm.lower.JvmInnerClassesLowering                  : loaded 2 times (x 88B)
Class org.jetbrains.kotlin.backend.common.lower.EnumWhenLowering                      : loaded 2 times (x 357B)
Class org.jetbrains.kotlin.storage.SimpleLock$Companion                               : loaded 2 times (x 71B)
Class org.jetbrains.kotlin.backend.common.phaser.PhaseBuildersKt                      : loaded 2 times (x 71B)
Class com.google.gson.internal.bind.TypeAdapters$11                                   : loaded 2 times (x 75B)
Class [Lcom.google.gson.FieldNamingPolicy;                                            : loaded 2 times (x 69B)
Class com.amazon.ion.impl.bin.IonManagedBinaryWriter$SymbolState$1                    : loaded 2 times (x 80B)
Class com.amazon.ion.impl.LocalSymbolTableAsStruct$Factory                            : loaded 2 times (x 79B)
Class [Lcom.amazon.ion.IonType;                                                       : loaded 2 times (x 69B)
Class org.jetbrains.plugins.gradle.model.VersionCatalogsModel                         : loaded 2 times (x 70B)
Class com.intellij.gradle.toolingExtension.impl.model.sourceSetDependencyModel.GradleSourceSetDependencySerialisationService$SourceSetDependencyModelReadContext: loaded 2 times (x 72B)
Class com.intellij.gradle.toolingExtension.impl.model.dependencyModel.DependencyReadContext: loaded 2 times (x 72B)
Class org.jetbrains.kotlin.load.java.typeEnhancement.TypeComponentPosition            : loaded 2 times (x 79B)
Class com.android.ide.common.repository.AgpVersion$PreviewKind$Companion              : loaded 2 times (x 71B)
Class org.gradle.tooling.internal.adapter.ObjectGraphAdapter                          : loaded 2 times (x 70B)
Class com.google.devtools.ksp.processing.KSPLogger                                    : loaded 2 times (x 70B)
Class com.google.common.collect.ImmutableSet$JdkBackedSetBuilderImpl                  : loaded 2 times (x 76B)
Class com.google.common.util.concurrent.internal.InternalFutureFailureAccess          : loaded 2 times (x 72B)
Class org.jetbrains.kotlin.fir.scopes.CallableCopyTypeCalculator$DoNothing            : loaded 2 times (x 72B)
Class org.jetbrains.kotlin.fir.scopes.FirScopeKt$getSingleClassifier$1$1              : loaded 2 times (x 80B)
Class org.jetbrains.kotlin.fir.scopes.FirDelegatingContainingNamesAwareScope          : loaded 2 times (x 82B)
Class [Lorg.jetbrains.kotlin.com.intellij.psi.stubs.Stub;                             : loaded 2 times (x 69B)
Class org.jetbrains.kotlin.com.intellij.lang.jvm.JvmTypeParameter                     : loaded 2 times (x 70B)
Class org.jetbrains.kotlin.com.intellij.psi.impl.java.stubs.JavaStubElementType       : loaded 2 times (x 109B)
Class org.jetbrains.kotlin.com.intellij.psi.impl.PsiCachedValueImpl                   : loaded 2 times (x 94B)
Class org.jetbrains.kotlin.fir.java.enhancement.FirSignatureEnhancement$special$$inlined$compareByDescending$1: loaded 2 times (x 89B)
Class org.jetbrains.kotlin.fir.declarations.DeprecationInfoProvider                   : loaded 2 times (x 72B)
Class [Lorg.jetbrains.org.objectweb.asm.Type;                                         : loaded 2 times (x 69B)
Class org.jetbrains.kotlin.metadata.ProtoBuf$VersionRequirement$Level                 : loaded 2 times (x 82B)
Class org.jetbrains.kotlin.metadata.ProtoBuf$VersionRequirementOrBuilder              : loaded 2 times (x 70B)
Class org.jetbrains.kotlin.metadata.jvm.JvmProtoBuf$JvmMethodSignature$1              : loaded 2 times (x 144B)
Class org.jetbrains.kotlin.load.kotlin.FileBasedKotlinClass$3$1                       : loaded 2 times (x 78B)
Class org.jetbrains.kotlin.descriptors.Visibilities$Internal                          : loaded 2 times (x 79B)
Class org.jetbrains.kotlin.load.java.structure.impl.source.JavaElementSourceFactory$Companion: loaded 2 times (x 71B)
Class org.jetbrains.kotlin.com.intellij.psi.impl.source.tree.JavaElementType          : loaded 2 times (x 70B)
Class org.jetbrains.kotlin.fir.resolve.dfa.VariableStorage                            : loaded 2 times (x 72B)
Class org.jetbrains.kotlin.fir.resolve.transformers.AbstractFirStatusResolveTransformer: loaded 2 times (x 415B)
Class com.google.common.reflect.TypeCapture                                           : loaded 2 times (x 71B)
Class org.jetbrains.kotlin.fir.expressions.builder.FirWrappedDelegateExpressionBuilder: loaded 2 times (x 84B)
Class org.jetbrains.kotlin.KtFakeSourceElementKind$EnumGeneratedDeclaration           : loaded 2 times (x 72B)
Class org.jetbrains.kotlin.fir.java.FirJavaElementFinderKt                            : loaded 2 times (x 71B)
Class org.jetbrains.kotlin.load.java.SpecialGenericSignatures$Companion               : loaded 2 times (x 71B)
Class org.jetbrains.kotlin.fir.analysis.checkers.expression.FirExhaustiveWhenChecker  : loaded 2 times (x 77B)
Class org.jetbrains.kotlin.fir.analysis.checkers.declaration.FirFunInterfaceDeclarationChecker: loaded 2 times (x 78B)
Class org.jetbrains.kotlin.fir.analysis.checkers.declaration.FirNotImplementedOverrideSimpleEnumEntryChecker: loaded 2 times (x 78B)
Class org.jetbrains.kotlin.fir.analysis.checkers.declaration.ContractSyntaxV2FunctionChecker: loaded 2 times (x 77B)
Class org.jetbrains.kotlin.fir.analysis.checkers.declaration.DeclarationCheckers$Companion: loaded 2 times (x 71B)
Class org.jetbrains.kotlin.fir.java.FirJavaFacade$special$$inlined$createCache$1      : loaded 2 times (x 75B)
Class org.jetbrains.kotlin.fir.resolve.providers.FirProvider                          : loaded 2 times (x 85B)
Class org.jetbrains.kotlin.fir.resolve.providers.impl.FirCachingCompositeSymbolProvider$symbolNamesProvider$1: loaded 2 times (x 89B)
Class org.jetbrains.kotlin.mpp.TypeAliasSymbolMarker                                  : loaded 2 times (x 70B)
Class org.jetbrains.kotlin.fir.deserialization.AbstractFirDeserializedSymbolProvider$special$$inlined$createCache$2: loaded 2 times (x 75B)
Class org.jetbrains.kotlin.fir.extensions.FirFunctionTypeKindExtension$Factory        : loaded 2 times (x 70B)
Class org.jetbrains.kotlin.resolve.calls.checkers.BuilderInferenceAssignmentChecker   : loaded 2 times (x 74B)
Class org.jetbrains.kotlin.psi.KtAnnotationUseSiteTarget                              : loaded 2 times (x 443B)
Class [Lorg.jetbrains.kotlin.psi.KtPrimaryConstructor;                                : loaded 2 times (x 69B)
Class [Lorg.jetbrains.kotlin.com.intellij.psi.impl.ElementBase;                       : loaded 2 times (x 69B)
Class org.jetbrains.kotlin.resolve.checkers.FunInterfaceDeclarationChecker            : loaded 2 times (x 74B)
Class org.jetbrains.kotlin.psi.KtPropertyAccessor                                     : loaded 2 times (x 882B)
Class [Lorg.jetbrains.kotlin.fir.caches.FirCachesFactory$KeyReferenceStrength;        : loaded 2 times (x 69B)
Class org.objectweb.asm.ClassVisitor                                                  : loaded 2 times (x 88B)
Class org.jetbrains.kotlin.resolve.calls.inference.components.TrivialConstraintTypeInferenceOracle: loaded 2 times (x 547B)
Class [Lorg.jetbrains.kotlin.metadata.ProtoBuf$Annotation$Argument$Value$Type;        : loaded 2 times (x 69B)
Class org.jetbrains.kotlin.metadata.ProtoBuf$Contract$1                               : loaded 2 times (x 144B)
Class org.jetbrains.kotlin.metadata.ProtoBuf$Type$1                                   : loaded 2 times (x 144B)
Class org.jetbrains.kotlin.protobuf.WireFormat$FieldType$4                            : loaded 2 times (x 83B)
Class org.jetbrains.kotlin.psi.KtElement                                              : loaded 2 times (x 70B)
Class org.jetbrains.kotlin.fir.util.ConeTypeRegistry                                  : loaded 2 times (x 73B)
Class org.jetbrains.kotlin.cli.jvm.compiler.CliVirtualFileFinderFactory               : loaded 2 times (x 76B)
Class org.jetbrains.kotlin.cli.jvm.compiler.jarfs.ZipEntryDescription                 : loaded 2 times (x 72B)
Class org.jetbrains.kotlin.resolve.extensions.AssignResolutionAltererExtension        : loaded 2 times (x 70B)
Class org.jetbrains.kotlin.extensions.ProjectExtensionDescriptor                      : loaded 2 times (x 72B)
Class org.jetbrains.kotlin.resolve.jvm.JvmCodeAnalyzerInitializer                     : loaded 2 times (x 76B)
Class org.jetbrains.kotlin.com.intellij.psi.scope.ElementClassHint                    : loaded 2 times (x 70B)
Class org.jetbrains.kotlin.cli.jvm.compiler.KotlinCoreEnvironment$ProjectEnvironment  : loaded 2 times (x 90B)
Class org.jetbrains.kotlin.parsing.KotlinParserDefinition                             : loaded 2 times (x 95B)
Class org.jetbrains.kotlin.kotlinx.collections.immutable.implementations.immutableMap.TrieNode: loaded 2 times (x 72B)
Class org.jetbrains.kotlin.com.intellij.ide.plugins.PluginContentDescriptor           : loaded 2 times (x 72B)
Class [Lorg.objectweb.asm.Symbol;                                                     : loaded 2 times (x 69B)
Class org.gradle.internal.operations.MultipleBuildOperationFailures                   : loaded 2 times (x 95B)
Class org.gradle.tooling.internal.adapter.MethodInvocation                            : loaded 2 times (x 85B)
Class org.jetbrains.kotlin.com.intellij.util.containers.ConcurrentWeakHashMap         : loaded 2 times (x 154B)
Class org.jetbrains.kotlin.com.intellij.psi.PsiMethod                                 : loaded 2 times (x 70B)
Class org.jetbrains.kotlin.com.intellij.lang.jvm.JvmTypeParametersOwner               : loaded 2 times (x 70B)
Class org.jetbrains.kotlin.com.intellij.psi.stubs.StubInputStream                     : loaded 2 times (x 113B)
Class org.jetbrains.kotlin.com.intellij.util.messages.impl.CompositeMessageBus$WhenMappings: loaded 2 times (x 71B)
Class org.jetbrains.kotlin.kotlinx.collections.immutable.ExtensionsKt                 : loaded 2 times (x 71B)
Class org.jetbrains.kotlin.com.intellij.mock.MockComponentManager$1                   : loaded 2 times (x 75B)
Class org.jetbrains.kotlin.com.intellij.openapi.application.ApplicationManager        : loaded 2 times (x 71B)
Class org.jetbrains.kotlin.backend.common.phaser.IrValidationBeforeLoweringPhase      : loaded 2 times (x 77B)
Class org.jetbrains.kotlin.backend.common.LoweringContext                             : loaded 2 times (x 70B)
Class org.jetbrains.kotlin.backend.jvm.lower.FakeLocalVariablesForIrInlinerLowering   : loaded 2 times (x 352B)
Class org.jetbrains.kotlin.backend.jvm.JvmLoweringPhasesKt$jvmFilePhases$64           : loaded 2 times (x 125B)
Class org.jetbrains.kotlin.backend.common.ModuleLoweringPass                          : loaded 2 times (x 70B)
Class org.jetbrains.kotlin.com.intellij.openapi.util.Key                              : loaded 2 times (x 77B)
Class com.android.utils.FileUtils                                                     : loaded 2 times (x 71B)
Class org.jetbrains.kotlin.name.FqNameUnsafe                                          : loaded 2 times (x 72B)
Class [Lkotlin.jvm.internal.markers.KMappedMarker;                                    : loaded 2 times (x 69B)
Class com.google.gson.internal.bind.TypeAdapters$12                                   : loaded 2 times (x 75B)
Class [Lcom.google.gson.ToNumberStrategy;                                             : loaded 2 times (x 69B)
Class org.jetbrains.plugins.gradle.model.ProjectImportModelProvider                   : loaded 2 times (x 70B)
Class org.jetbrains.plugins.gradle.model.ExternalSourceSet                            : loaded 2 times (x 70B)
Class com.amazon.ion.impl.bin.IonManagedBinaryWriter$SymbolState$2                    : loaded 2 times (x 80B)
Class com.amazon.ion.IonNull                                                          : loaded 2 times (x 70B)
Class com.intellij.gradle.toolingExtension.impl.model.warmUp.GradleTaskWarmUpRequest  : loaded 2 times (x 70B)
Class com.android.builder.model.v2.ide.AaptOptions$Namespacing                        : loaded 2 times (x 79B)
Class com.android.builder.model.v2.ide.Installation                                   : loaded 2 times (x 70B)
Class com.google.common.collect.ImmutableSortedAsList                                 : loaded 2 times (x 221B)
Class com.google.common.collect.Iterators$6                                           : loaded 2 times (x 81B)
Class com.google.common.collect.ImmutableMultimap$Values                              : loaded 2 times (x 126B)
Class com.google.common.collect.HashBiMap$Inverse                                     : loaded 2 times (x 142B)
Class com.google.common.cache.LocalCache$LocalManualCache$1                           : loaded 2 times (x 75B)
Class com.intellij.util.ThrowableConsumer                                             : loaded 2 times (x 70B)
Class org.jetbrains.kotlin.KtFakeSourceElementKind$ParameterNameAnnotationCall        : loaded 2 times (x 72B)
Class org.jetbrains.kotlin.com.intellij.psi.stubs.StubList$1                          : loaded 2 times (x 200B)
Class org.jetbrains.kotlin.com.intellij.psi.PsiRecordHeader                           : loaded 2 times (x 70B)
Class org.jetbrains.kotlin.com.intellij.psi.impl.java.stubs.PsiParameterListStub      : loaded 2 times (x 70B)
Class org.jetbrains.kotlin.com.intellij.psi.impl.source.BasicJavaElementType$FrontBackTypeTextElementType: loaded 2 times (x 89B)
Class org.jetbrains.kotlin.com.intellij.psi.impl.java.stubs.JavaProvidesStatementElementType: loaded 2 times (x 115B)
Class [Lorg.jetbrains.kotlin.com.intellij.lang.jvm.JvmMember;                         : loaded 2 times (x 69B)
Class org.jetbrains.kotlin.fir.java.enhancement.SignatureEnhancementKt                : loaded 2 times (x 71B)
Class org.jetbrains.kotlin.fir.java.JavaTypeParameterStack$Companion                  : loaded 2 times (x 71B)
Class org.jetbrains.kotlin.types.ConstantValueKind$Short                              : loaded 2 times (x 72B)
Class org.jetbrains.kotlin.metadata.ProtoBuf$Expression                               : loaded 2 times (x 120B)
Class org.jetbrains.kotlin.fir.resolve.TypeExpansionUtilsKt                           : loaded 2 times (x 71B)
Class org.jetbrains.kotlin.load.java.structure.impl.source.JavaSourceFactoryOwner     : loaded 2 times (x 70B)
Class org.jetbrains.kotlin.load.java.structure.MapBasedJavaAnnotationOwner            : loaded 2 times (x 70B)
Class org.jetbrains.kotlin.fir.resolve.transformers.plugin.FirAnnotationArgumentsTransformerAdapter: loaded 2 times (x 386B)
Class [Lorg.jetbrains.kotlin.fir.resolve.dfa.cfg.ElvisRhsEnterNode;                   : loaded 2 times (x 69B)
Class org.jetbrains.kotlin.fir.resolve.dfa.cfg.SplitPostponedLambdasNode              : loaded 2 times (x 82B)
Class org.jetbrains.kotlin.fir.builder.DestructuringContext                           : loaded 2 times (x 70B)
Class kotlin.text.Regex$findAll$2                                                     : loaded 2 times (x 125B)
Class org.jetbrains.kotlin.fir.declarations.impl.FirEnumEntryImpl                     : loaded 2 times (x 189B)
Class org.jetbrains.kotlin.fir.expressions.builder.FirBlockBuilder                    : loaded 2 times (x 84B)
Class org.jetbrains.kotlin.fir.types.impl.FirQualifierPartImpl                        : loaded 2 times (x 77B)
Class org.jetbrains.kotlin.fir.analysis.jvm.checkers.expression.FirArrayOfNullableNothingExpressionChecker: loaded 2 times (x 77B)
Class org.jetbrains.kotlin.fir.analysis.checkers.type.FirInOutProjectionModifierChecker: loaded 2 times (x 77B)
Class org.jetbrains.kotlin.fir.analysis.checkers.type.FirTypeAnnotationChecker        : loaded 2 times (x 77B)
Class org.jetbrains.kotlin.fir.analysis.checkers.syntax.FirUnderscoredTypeArgumentSyntaxChecker: loaded 2 times (x 89B)
Class org.jetbrains.kotlin.fir.analysis.checkers.expression.FirFunInterfaceConstructorReferenceChecker: loaded 2 times (x 77B)
Class org.jetbrains.kotlin.fir.analysis.checkers.expression.FirTypeArgumentsNotAllowedExpressionChecker: loaded 2 times (x 77B)
Class org.jetbrains.kotlin.KtSourceElementKind                                        : loaded 2 times (x 72B)
Class org.jetbrains.kotlin.fir.analysis.checkers.declaration.FirValueClassDeclarationChecker$Regular: loaded 2 times (x 78B)
Class org.jetbrains.kotlin.fir.java.FirJavaFacade$special$$inlined$createCache$2      : loaded 2 times (x 75B)
Class org.jetbrains.kotlin.fir.deserialization.AbstractFirDeserializedSymbolProvider$special$$inlined$createCache$3: loaded 2 times (x 75B)
Class org.jetbrains.kotlin.cli.jvm.index.JvmDependenciesIndexImpl$ClassSearchRequest  : loaded 2 times (x 72B)
Class org.jetbrains.kotlin.psi.KtPackageDirective                                     : loaded 2 times (x 592B)
Class org.jetbrains.kotlin.psi.stubs.elements.KtUserTypeElementType                   : loaded 2 times (x 103B)
Class org.jetbrains.kotlin.fir.resolve.inference.ConeConstraintSystemUtilContext      : loaded 2 times (x 89B)
Class org.jetbrains.kotlin.fir.types.ConeAttributes$Companion                         : loaded 2 times (x 73B)
Class org.jetbrains.kotlin.com.intellij.util.io.ResourceHandle                        : loaded 2 times (x 79B)
Class org.jetbrains.kotlin.metadata.ProtoBuf$StringTable$1                            : loaded 2 times (x 144B)
Class org.jetbrains.kotlin.fir.caches.FirThreadUnsafeCachesFactory                    : loaded 2 times (x 78B)
Class org.jetbrains.kotlin.resolve.jvm.modules.JavaModuleResolver                     : loaded 2 times (x 70B)
Class org.jetbrains.kotlin.resolve.jvm.modules.JavaModuleInfo$Companion               : loaded 2 times (x 71B)
Class org.jetbrains.kotlin.com.intellij.util.text.CharArrayUtil                       : loaded 2 times (x 71B)
Class org.jetbrains.kotlin.fir.extensions.FirExtensionRegistrar                       : loaded 2 times (x 73B)
Class org.jetbrains.kotlin.com.intellij.util.containers.SoftKeySoftValueHashMap       : loaded 2 times (x 110B)
Class org.jetbrains.kotlin.com.intellij.core.CoreJavaFileCodeStyleFacade              : loaded 2 times (x 99B)
Class org.jetbrains.kotlin.com.intellij.psi.impl.JavaPsiImplementationHelper          : loaded 2 times (x 79B)
Class org.jetbrains.kotlin.com.intellij.psi.search.ProjectScopeBuilder                : loaded 2 times (x 76B)
Class org.jetbrains.kotlin.com.intellij.ide.plugins.ModuleDependenciesDescriptor$Companion: loaded 2 times (x 71B)
Class org.jetbrains.kotlin.cli.jvm.compiler.DummyJavaFileCodeStyleFacadeFactory       : loaded 2 times (x 74B)
Class org.jetbrains.kotlin.com.intellij.psi.PsiMember                                 : loaded 2 times (x 70B)
Class org.jetbrains.kotlin.com.intellij.util.containers.Unsafe                        : loaded 2 times (x 71B)
Class org.jetbrains.kotlin.com.intellij.util.ConcurrentLongObjectHashMap$TreeNode     : loaded 2 times (x 78B)
Class org.jetbrains.kotlin.com.intellij.psi.PsiReferenceRegistrar                     : loaded 2 times (x 80B)
Class org.jetbrains.kotlin.kotlinx.collections.immutable.ImmutableCollection          : loaded 2 times (x 70B)
Class org.jetbrains.kotlin.utils.fileUtils.FileUtilsKt                                : loaded 2 times (x 71B)
Class org.jetbrains.kotlin.config.JvmAbiStability                                     : loaded 2 times (x 79B)
Class org.jetbrains.kotlin.backend.jvm.JvmLoweringPhasesKt$jvmFilePhases$65           : loaded 2 times (x 125B)
Class com.google.gson.TypeAdapterFactory                                              : loaded 2 times (x 70B)
Class org.jetbrains.kotlin.cli.plugins.PluginsOptionsParserKt                         : loaded 2 times (x 71B)
Class org.jetbrains.kotlin.storage.LockBasedStorageManager$1                          : loaded 2 times (x 108B)
Class org.jetbrains.kotlin.config.AnalysisFlag                                        : loaded 2 times (x 72B)
Class org.jetbrains.kotlin.com.google.common.collect.UnmodifiableIterator             : loaded 2 times (x 80B)
Class org.jetbrains.kotlin.com.google.common.collect.Maps                             : loaded 2 times (x 71B)
Class org.jetbrains.kotlin.com.intellij.util.containers.RefHashMap$Key                : loaded 2 times (x 70B)
Class com.google.gson.internal.bind.JsonTreeReader                                    : loaded 2 times (x 98B)
Class com.google.gson.internal.bind.TypeAdapters$13                                   : loaded 2 times (x 75B)
Class com.amazon.ion.impl.bin.IonRawBinaryWriter$ContainerInfo                        : loaded 2 times (x 74B)
Class com.amazon.ion.impl.bin.IonManagedBinaryWriter$SymbolState$3                    : loaded 2 times (x 80B)
Class com.amazon.ion.impl.bin.IonRawBinaryWriter$StreamFlushMode                      : loaded 2 times (x 79B)
Class com.amazon.ion.IonBinaryWriter                                                  : loaded 2 times (x 70B)
Class com.intellij.gradle.toolingExtension.impl.model.sourceSetArtifactIndex.GradleSourceSetArtifactBuildRequest: loaded 2 times (x 70B)
Class com.google.gson.internal.bind.TypeAdapters$30                                   : loaded 2 times (x 76B)
Class org.jetbrains.kotlin.it.unimi.dsi.fastutil.Hash                                 : loaded 2 times (x 70B)
Class com.android.builder.model.v2.models.ModelBuilderParameter                       : loaded 2 times (x 70B)
Class com.google.common.collect.Lists$TransformingRandomAccessList                    : loaded 2 times (x 199B)
Class org.gradle.api.internal.classpath.DefaultModuleRegistry                         : loaded 2 times (x 84B)
Class org.jetbrains.kotlin.config.ExplicitApiMode$Companion                           : loaded 2 times (x 71B)
Class org.jetbrains.kotlin.resolve.constants.ClassLiteralValue                        : loaded 2 times (x 72B)
Class org.jetbrains.kotlin.fir.declarations.SealedClassInheritorsKt$setSealedClassInheritors$$inlined$sortedBy$1: loaded 2 times (x 89B)
Class org.jetbrains.kotlin.com.intellij.psi.stubs.StubList$2                          : loaded 2 times (x 71B)
Class org.jetbrains.kotlin.one.util.streamex.BaseStreamEx                             : loaded 2 times (x 94B)
Class org.jetbrains.kotlin.com.intellij.psi.impl.compiled.ClsMemberImpl               : loaded 2 times (x 780B)
Class org.jetbrains.kotlin.fir.java.enhancement.FirSignatureEnhancement$special$$inlined$thenByDescending$1: loaded 2 times (x 90B)
Class org.jetbrains.kotlin.it.unimi.dsi.fastutil.objects.Object2ObjectOpenHashMap$d   : loaded 2 times (x 85B)
Class org.jetbrains.kotlin.load.java.structure.impl.classFiles.ClassifierResolutionContext$Result: loaded 2 times (x 72B)
Class org.jetbrains.kotlin.compiler.plugin.AbstractCliOption                          : loaded 2 times (x 70B)
Class org.jetbrains.kotlin.metadata.jvm.deserialization.JvmProtoBufUtil               : loaded 2 times (x 71B)
Class org.jetbrains.kotlin.load.kotlin.KotlinJvmBinaryClass$AnnotationVisitor         : loaded 2 times (x 70B)
Class org.jetbrains.kotlin.fir.declarations.FirTypeAlias                              : loaded 2 times (x 149B)
Class org.jetbrains.kotlin.fir.resolve.calls.tower.TowerGroupKind$Start               : loaded 2 times (x 76B)
Class org.jetbrains.kotlin.fir.resolve.FirRegularTowerDataContexts                    : loaded 2 times (x 72B)
Class org.jetbrains.kotlin.fir.scopes.CallableCopyTypeCalculator                      : loaded 2 times (x 72B)
Class org.jetbrains.kotlin.fir.resolve.transformers.plugin.FirCompanionGenerationProcessor: loaded 2 times (x 76B)
Class org.jetbrains.kotlin.fir.builder.AbstractRawFirBuilder$WhenMappings             : loaded 2 times (x 71B)
Class org.jetbrains.kotlin.fir.diagnostics.ConeDiagnostic                             : loaded 2 times (x 70B)
Class org.jetbrains.kotlin.com.google.common.collect.Hashing                          : loaded 2 times (x 71B)
Class org.jetbrains.kotlin.com.google.common.collect.ImmutableCollection              : loaded 2 times (x 125B)
Class org.jetbrains.kotlin.fir.analysis.checkers.expression.FirPackageOnLhsQualifierChecker: loaded 2 times (x 77B)
Class org.jetbrains.kotlin.fir.analysis.checkers.expression.FirThrowExpressionTypeChecker: loaded 2 times (x 77B)
Class org.jetbrains.kotlin.fir.analysis.checkers.declaration.FirTypeParameterBoundsChecker$ForExpectClass: loaded 2 times (x 77B)
Class org.jetbrains.kotlin.fir.analysis.checkers.declaration.FirNonExpansiveInheritanceRestrictionChecker: loaded 2 times (x 77B)
Class org.jetbrains.kotlin.fir.analysis.checkers.declaration.FirMultipleDefaultsInheritedFromSupertypesChecker$ForExpectClass: loaded 2 times (x 78B)
Class org.jetbrains.kotlin.fir.analysis.checkers.declaration.FirDeclarationChecker    : loaded 2 times (x 77B)
Class org.jetbrains.kotlin.fir.deserialization.AbstractFirDeserializedSymbolProvider$special$$inlined$createCache$4: loaded 2 times (x 75B)
Class org.jetbrains.kotlin.fir.declarations.builder.FirDeclarationBuilder             : loaded 2 times (x 70B)
Class org.jetbrains.kotlin.fir.resolve.calls.FirSyntheticNamesProvider                : loaded 2 times (x 74B)
Class org.jetbrains.kotlin.name.JvmStandardClassIds                                   : loaded 2 times (x 71B)
Class org.jetbrains.kotlin.resolve.calls.checkers.AssigningNamedArgumentToVarargChecker: loaded 2 times (x 74B)
Class org.jetbrains.kotlin.psi.KtFinallySection                                       : loaded 2 times (x 377B)
Class org.jetbrains.kotlin.psi.KtCallElement                                          : loaded 2 times (x 70B)
Class org.jetbrains.kotlin.psi.stubs.KotlinParameterStub                              : loaded 2 times (x 70B)
Class org.jetbrains.kotlin.psi.KtTypeAlias                                            : loaded 2 times (x 1071B)
Class org.jetbrains.kotlin.resolve.checkers.ConstModifierChecker                      : loaded 2 times (x 74B)
Class org.jetbrains.kotlin.fir.symbols.impl.FirCallableSymbol                         : loaded 2 times (x 76B)
Class org.jetbrains.kotlin.fir.scopes.impl.FirDeclaredMemberScopeProvider$nestedClassifierCache$1: loaded 2 times (x 75B)
Class org.jetbrains.kotlin.fir.types.impl.FirImplicitBooleanTypeRef                   : loaded 2 times (x 107B)
Class org.jetbrains.kotlin.metadata.ProtoBuf$Annotation$Argument$1                    : loaded 2 times (x 144B)
Class org.jetbrains.kotlin.metadata.jvm.JvmModuleProtoBuf$Module$1                    : loaded 2 times (x 144B)
Class org.jetbrains.kotlin.metadata.ProtoBuf$Function$1                               : loaded 2 times (x 144B)
Class org.jetbrains.kotlin.cli.jvm.index.JvmDependenciesIndexImpl                     : loaded 2 times (x 77B)
Class org.jetbrains.kotlin.metadata.deserialization.Flags$BooleanFlagField            : loaded 2 times (x 76B)
Class org.jetbrains.kotlin.resolve.calls.checkers.AdditionalTypeChecker               : loaded 2 times (x 70B)
Class org.jetbrains.kotlin.asJava.LightClassGenerationSupport$Companion               : loaded 2 times (x 71B)
Class org.jetbrains.kotlin.com.intellij.psi.search.ProjectScope                       : loaded 2 times (x 71B)
Class org.jetbrains.kotlin.com.intellij.psi.PsiPrimitiveType                          : loaded 2 times (x 102B)
Class org.jetbrains.kotlin.com.intellij.psi.search.GlobalSearchScope                  : loaded 2 times (x 96B)
Class org.jetbrains.kotlin.com.intellij.openapi.util.io.FileTooBigException           : loaded 2 times (x 82B)
Class org.jetbrains.kotlin.com.intellij.openapi.application.TransactionGuard          : loaded 2 times (x 73B)
Class org.jetbrains.kotlin.com.fasterxml.aalto.impl.IoStreamException                 : loaded 2 times (x 85B)
Class org.jetbrains.kotlin.backend.jvm.lower.ToArrayLowering                          : loaded 2 times (x 85B)
Class org.jetbrains.kotlin.com.intellij.lang.jvm.JvmNamedElement                      : loaded 2 times (x 70B)
Class org.jetbrains.kotlin.backend.jvm.JvmLoweringPhasesKt$jvmFilePhases$82           : loaded 2 times (x 125B)
Class org.jetbrains.kotlin.com.intellij.lang.Language$1                               : loaded 2 times (x 107B)
Class org.jetbrains.kotlin.com.intellij.openapi.vfs.encoding.EncodingProjectManager   : loaded 2 times (x 74B)
Class org.jetbrains.kotlin.com.intellij.util.messages.Topic                           : loaded 2 times (x 76B)
Class org.jetbrains.kotlin.backend.jvm.lower.MakePropertyDelegateMethodsStaticLowering: loaded 2 times (x 344B)
Class org.jetbrains.kotlin.backend.jvm.JvmLoweringPhasesKt$jvmFilePhases$66           : loaded 2 times (x 125B)
Class org.jetbrains.kotlin.backend.common.phaser.BackendContextHolder                 : loaded 2 times (x 70B)
Class org.jetbrains.kotlin.cli.common.CLICompilerKt                                   : loaded 2 times (x 71B)
Class org.jetbrains.kotlin.ir.declarations.IrFile                                     : loaded 2 times (x 128B)
Class org.jetbrains.kotlin.cli.pipeline.PipelineContext                               : loaded 2 times (x 78B)
Class org.jetbrains.kotlin.cli.pipeline.ConfigurationUpdater                          : loaded 2 times (x 72B)
Class org.jetbrains.kotlin.backend.jvm.JvmLoweringPhasesKt$jvmLoweringPhases$18       : loaded 2 times (x 125B)
Class org.jetbrains.kotlin.util.Time$Companion                                        : loaded 2 times (x 71B)
Class org.jetbrains.kotlin.cli.jvm.JvmArgumentsKt$configureStandardLibs$3             : loaded 2 times (x 127B)
Class org.jetbrains.kotlin.com.intellij.openapi.util.registry.EarlyAccessRegistryManagerKt$configFile$2: loaded 2 times (x 78B)
Class com.google.gson.internal.bind.NumberTypeAdapter$1                               : loaded 2 times (x 76B)
Class com.google.gson.internal.bind.TypeAdapters$1                                    : loaded 2 times (x 75B)
Class com.google.gson.internal.bind.TypeAdapters$14                                   : loaded 2 times (x 75B)
Class com.amazon.ion.impl.bin.IonManagedBinaryWriter$SymbolState$4                    : loaded 2 times (x 80B)
Class [Lcom.amazon.ion.util.InputStreamInterceptor;                                   : loaded 2 times (x 69B)
Class org.jetbrains.plugins.gradle.tooling.serialization.internal.IdeaProjectSerializationService$WriteContext$1: loaded 2 times (x 83B)
Class org.jetbrains.plugins.gradle.model.ExternalProject                              : loaded 2 times (x 70B)
Class org.jetbrains.kotlin.com.intellij.openapi.vfs.impl.ZipHandlerBase               : loaded 2 times (x 83B)
Class org.jetbrains.kotlin.com.intellij.ide.highlighter.JavaClassFileType             : loaded 2 times (x 80B)
Class com.google.common.util.concurrent.ListenableFuture                              : loaded 2 times (x 70B)
Class com.google.common.cache.ReferenceEntry                                          : loaded 2 times (x 70B)
Class com.google.common.base.Converter                                                : loaded 2 times (x 90B)
Class org.jetbrains.kotlin.com.intellij.codeInsight.folding.impl.JavaFoldingBuilderBase: loaded 2 times (x 77B)
Class [Lorg.jetbrains.kotlin.com.intellij.psi.impl.cache.TypeInfo$TypeKind;           : loaded 2 times (x 69B)
Class org.jetbrains.kotlin.com.intellij.openapi.util.NotNullComputable                : loaded 2 times (x 70B)
Class org.jetbrains.kotlin.com.intellij.psi.stubs.ILightStubElementType               : loaded 2 times (x 98B)
Class org.jetbrains.kotlin.com.intellij.psi.ClassFileViewProvider                     : loaded 2 times (x 160B)
Class org.jetbrains.kotlin.load.java.structure.impl.classFiles.BinaryJavaMethodBase$Companion$MethodInfo: loaded 2 times (x 72B)
Class org.jetbrains.kotlin.it.unimi.dsi.fastutil.objects.Object2ObjectOpenHashMap$e   : loaded 2 times (x 180B)
Class org.jetbrains.kotlin.util.PhaseSideType                                         : loaded 2 times (x 79B)
Class org.jetbrains.kotlin.fir.declarations.DeprecationsKt                            : loaded 2 times (x 71B)
Class org.jetbrains.kotlin.fir.declarations.IsHiddenToOvercomeSignatureClash          : loaded 2 times (x 71B)
Class org.jetbrains.kotlin.fir.declarations.FirScript                                 : loaded 2 times (x 128B)
Class [Lorg.jetbrains.kotlin.com.intellij.pom.java.JavaFeature;                       : loaded 2 times (x 69B)
Class org.jetbrains.kotlin.fir.expressions.impl.FirSingleExpressionBlock              : loaded 2 times (x 122B)
Class [Lorg.jetbrains.kotlin.fir.lightTree.fir.modifier.ModifierFlag;                 : loaded 2 times (x 69B)
Class org.jetbrains.kotlin.com.intellij.openapi.vfs.VirtualFileSetFactoryKt           : loaded 2 times (x 71B)
Class org.jetbrains.kotlin.fir.java.JavaSymbolProvider$symbolNamesProvider$1          : loaded 2 times (x 83B)
Class org.jetbrains.kotlin.fir.analysis.checkers.expression.FirRecursiveProblemChecker: loaded 2 times (x 77B)
Class org.jetbrains.kotlin.fir.analysis.checkers.declaration.FirSealedSupertypeChecker: loaded 2 times (x 77B)
Class org.jetbrains.kotlin.fir.analysis.checkers.declaration.FirOperatorModifierChecker: loaded 2 times (x 77B)
Class org.jetbrains.kotlin.fir.analysis.checkers.declaration.FirExtensionShadowedByMemberChecker$ForExpectDeclaration: loaded 2 times (x 78B)
Class org.jetbrains.kotlin.fir.resolve.FirTypeResolver                                : loaded 2 times (x 72B)
Class org.jetbrains.kotlin.container.DataStructuresKt                                 : loaded 2 times (x 71B)
Class org.jetbrains.kotlin.fir.resolve.providers.FirCompositeCachedSymbolNamesProvider$Companion: loaded 2 times (x 71B)
Class org.jetbrains.kotlin.serialization.deserialization.builtins.BuiltInSerializerProtocol: loaded 2 times (x 72B)
Class org.jetbrains.kotlin.fir.extensions.FirFunctionTypeKindExtensionKt              : loaded 2 times (x 71B)
Class org.jetbrains.kotlin.fir.java.deserialization.FirJvmDeserializationExtension$Companion: loaded 2 times (x 71B)
Class org.jetbrains.kotlin.name.JvmStandardClassIdsKt                                 : loaded 2 times (x 71B)
Class org.jetbrains.kotlin.fir.java.JvmSupertypeUpdater$DelegatedConstructorCallTransformer: loaded 2 times (x 386B)
Class org.jetbrains.kotlin.resolve.calls.checkers.SuspendConversionCallChecker        : loaded 2 times (x 74B)
Class org.jetbrains.kotlin.psi.KtContractEffect                                       : loaded 2 times (x 443B)
Class org.jetbrains.kotlin.kdoc.lexer.KDocTokens                                      : loaded 2 times (x 70B)
Class org.jetbrains.kotlin.resolve.checkers.EnumCompanionInEnumConstructorCallChecker : loaded 2 times (x 74B)
Class org.jetbrains.kotlin.resolve.checkers.ContractDescriptionBlockChecker           : loaded 2 times (x 74B)
Class org.jetbrains.kotlin.container.StorageComponentContainer                        : loaded 2 times (x 86B)
Class org.jetbrains.kotlin.fir.symbols.impl.FirNamedFunctionSymbol                    : loaded 2 times (x 80B)
Class org.jetbrains.kotlin.fir.symbols.impl.FirClassifierSymbol                       : loaded 2 times (x 79B)
Class org.jetbrains.kotlin.fir.types.impl.FirImplicitNullableAnyTypeRef               : loaded 2 times (x 107B)
Class org.jetbrains.kotlin.fir.java.FirProjectSessionProvider                         : loaded 2 times (x 73B)
Class org.jetbrains.kotlin.KtSourceFile                                               : loaded 2 times (x 70B)
Class org.jetbrains.kotlin.extensions.CompilerConfigurationExtension$Companion        : loaded 2 times (x 72B)
Class org.jetbrains.kotlin.com.intellij.codeInsight.ExternalAnnotationsListener       : loaded 2 times (x 70B)
Class org.jetbrains.kotlin.com.intellij.psi.impl.PsiElementFinderImpl                 : loaded 2 times (x 88B)
Class org.jetbrains.kotlin.cli.jvm.compiler.CliLightClassGenerationSupport$CliLightClassSupport: loaded 2 times (x 80B)
Class org.jetbrains.kotlin.com.intellij.AbstractBundle                                : loaded 2 times (x 78B)
Class org.jetbrains.kotlin.com.intellij.psi.scope.PsiScopeProcessor                   : loaded 2 times (x 70B)
Class org.jetbrains.kotlin.com.intellij.psi.search.GlobalSearchScope$1                : loaded 2 times (x 96B)
Class org.jetbrains.kotlin.com.intellij.lang.folding.FoldingBuilderEx                 : loaded 2 times (x 77B)
Class org.jetbrains.kotlin.com.intellij.psi.stubs.LightStubBuilder                    : loaded 2 times (x 80B)
Class org.jetbrains.kotlin.com.intellij.psi.impl.source.tree.java.PsiIdentifierImpl   : loaded 2 times (x 434B)
Class org.jetbrains.kotlin.com.intellij.mock.MockComponentManager                     : loaded 2 times (x 157B)
Class org.jetbrains.kotlin.com.intellij.openapi.progress.ProgressIndicatorProvider    : loaded 2 times (x 73B)
Class org.jetbrains.kotlin.com.intellij.psi.PsiReferenceExpression                    : loaded 2 times (x 70B)
Class org.jetbrains.kotlin.backend.jvm.JvmLoweringPhasesKt$jvmFilePhases$67           : loaded 2 times (x 125B)
Class org.jetbrains.kotlin.backend.jvm.lower.InterfaceDefaultCallsLowering            : loaded 2 times (x 353B)
Class org.jetbrains.kotlin.backend.jvm.JvmLoweringPhasesKt$jvmFilePhases$30           : loaded 2 times (x 125B)
Class org.jetbrains.kotlin.backend.jvm.lower.VarargLowering                           : loaded 2 times (x 353B)
Class kotlin.reflect.jvm.internal.KClassImpl$Data$allMembers$2                        : loaded 2 times (x 79B)
Class org.jetbrains.kotlin.extensions.internal.CandidateInterceptor                   : loaded 2 times (x 72B)
Class org.jetbrains.kotlin.metadata.ProtoBuf$StringTable                              : loaded 2 times (x 108B)
Class com.google.gson.Strictness                                                      : loaded 2 times (x 79B)
Class com.google.gson.internal.bind.TypeAdapters$2                                    : loaded 2 times (x 75B)
Class com.google.gson.internal.bind.TypeAdapters$15                                   : loaded 2 times (x 75B)
Class com.google.gson.internal.sql.SqlTypesSupport$1                                  : loaded 2 times (x 74B)
Class com.amazon.ion.impl.bin.utf8.Pool                                               : loaded 2 times (x 74B)
Class com.amazon.ion.impl._Private_SymtabExtendsCache                                 : loaded 2 times (x 72B)
Class org.jetbrains.plugins.gradle.tooling.serialization.internal.IdeaProjectSerializationService$WriteContext$2: loaded 2 times (x 83B)
Class org.jetbrains.kotlin.protobuf.ByteString$Output                                 : loaded 2 times (x 86B)
Class [Lcom.android.builder.model.v2.ide.CodeShrinker;                                : loaded 2 times (x 69B)
Class org.jetbrains.kotlin.protobuf.UnmodifiableLazyStringList                        : loaded 2 times (x 277B)
Class com.google.common.util.concurrent.AbstractFuture                                : loaded 2 times (x 106B)
Class com.google.common.base.FunctionalEquivalence                                    : loaded 2 times (x 83B)
Class com.google.common.collect.AbstractMapBasedMultimap                              : loaded 2 times (x 139B)
Class org.jetbrains.kotlin.one.util.streamex.EntryStream                              : loaded 2 times (x 215B)
Class org.jetbrains.kotlin.com.intellij.util.indexing.IndexedFile                     : loaded 2 times (x 70B)
Class org.jetbrains.kotlin.io.vavr.collection.HashArrayMappedTrieModule$Action        : loaded 2 times (x 79B)
Class org.jetbrains.kotlin.KtFakeSourceElementKind$Enhancement                        : loaded 2 times (x 72B)
Class org.jetbrains.kotlin.fir.expressions.builder.FirAnnotationArgumentMappingBuilder: loaded 2 times (x 72B)
Class org.jetbrains.kotlin.builtins.jvm.JvmBuiltInsSignatures                         : loaded 2 times (x 71B)
Class org.jetbrains.kotlin.fir.resolve.transformers.SupertypeComputationStatus$NotComputed: loaded 2 times (x 71B)
Class org.jetbrains.kotlin.fir.scopes.DefaultStarImportKey                            : loaded 2 times (x 72B)
Class org.jetbrains.kotlin.resolve.jvm.NotFoundPackagesCachingStrategy$CacheType      : loaded 2 times (x 79B)
Class org.jetbrains.kotlin.fir.resolve.calls.tower.TowerGroup                         : loaded 2 times (x 76B)
Class org.jetbrains.kotlin.fir.resolve.transformers.FirGlobalResolveProcessor         : loaded 2 times (x 75B)
Class org.jetbrains.kotlin.fir.declarations.utils.IsFromPrimaryConstructor            : loaded 2 times (x 71B)
Class org.jetbrains.kotlin.fir.expressions.FirWhenSubjectExpression                   : loaded 2 times (x 164B)
Class org.jetbrains.kotlin.fir.declarations.DelegateFieldsMapKey                      : loaded 2 times (x 71B)
Class org.jetbrains.kotlin.fir.expressions.FirWhenExpression                          : loaded 2 times (x 138B)
Class org.jetbrains.kotlin.fir.lightTree.converter.AbstractLightTreeRawFirBuilder     : loaded 2 times (x 103B)
Class org.jetbrains.kotlin.fir.analysis.jvm.checkers.declaration.FirOverrideJavaNullabilityWarningChecker$ForExpectClass: loaded 2 times (x 78B)
Class [Lorg.jetbrains.kotlin.fir.analysis.checkers.syntax.FirSyntaxChecker;           : loaded 2 times (x 69B)
Class org.jetbrains.kotlin.fir.analysis.checkers.expression.FirWhenSubjectChecker     : loaded 2 times (x 77B)
Class org.jetbrains.kotlin.fir.analysis.checkers.declaration.FirBadInheritedJavaSignaturesChecker: loaded 2 times (x 77B)
Class org.jetbrains.kotlin.descriptors.Visibilities$Private                           : loaded 2 times (x 79B)
Class org.jetbrains.kotlin.fir.serialization.FirProvidedDeclarationsForMetadataService: loaded 2 times (x 75B)
Class org.jetbrains.kotlin.psi.KtNameReferenceExpression                              : loaded 2 times (x 632B)
Class org.jetbrains.kotlin.fir.types.TypeConstructionUtilsKt                          : loaded 2 times (x 71B)
Class kotlin.io.FileTreeWalk$FileTreeWalkIterator$SingleFileState                     : loaded 2 times (x 74B)
Class org.jetbrains.kotlin.config.JvmClosureGenerationScheme                          : loaded 2 times (x 79B)
Class org.jetbrains.kotlin.fir.extensions.FirExtension                                : loaded 2 times (x 75B)
Class org.jetbrains.kotlin.com.intellij.mock.MockDumbService                          : loaded 2 times (x 78B)
Class org.jetbrains.kotlin.com.intellij.psi.search.GlobalSearchScope$2                : loaded 2 times (x 105B)
Class org.jetbrains.kotlin.com.intellij.ide.plugins.PluginManagerCore                 : loaded 2 times (x 71B)
Class org.jetbrains.kotlin.org.codehaus.stax2.LocationInfo                            : loaded 2 times (x 70B)
Class org.jetbrains.kotlin.fir.session.FirJvmSessionFactory$LibraryContext            : loaded 2 times (x 72B)
Class org.jetbrains.kotlin.com.intellij.util.messages.impl.MessageBusImpl$syncPublisher$1: loaded 2 times (x 79B)
Class org.jetbrains.kotlin.com.intellij.model.psi.UrlReferenceHost                    : loaded 2 times (x 70B)
Class org.jetbrains.kotlin.cli.jvm.compiler.KotlinCoreApplicationEnvironment$Companion: loaded 2 times (x 71B)
Class org.jetbrains.kotlin.com.intellij.lang.LanguageParserDefinitions                : loaded 2 times (x 96B)
Class org.jetbrains.kotlin.backend.jvm.lower.InlinedClassReferencesBoxingLowering     : loaded 2 times (x 344B)
Class org.jetbrains.kotlin.backend.jvm.JvmLoweringPhasesKt$jvmFilePhases$68           : loaded 2 times (x 125B)
Class org.jetbrains.kotlin.backend.jvm.lower.JvmInnerClassConstructorCallsLowering    : loaded 2 times (x 86B)
Class org.jetbrains.kotlin.backend.jvm.JvmLoweringPhasesKt$jvmFilePhases$31           : loaded 2 times (x 125B)
Class org.jetbrains.kotlin.backend.jvm.lower.JvmAnnotationImplementationLowering      : loaded 2 times (x 81B)
Class org.jetbrains.kotlin.com.intellij.util.containers.MultiMap$2                    : loaded 2 times (x 75B)
Class org.jetbrains.kotlin.config.ExplicitApiMode                                     : loaded 2 times (x 79B)
Class org.jetbrains.kotlin.cli.pipeline.jvm.JvmConfigurationPipelinePhase             : loaded 2 times (x 85B)
Class org.jetbrains.kotlin.fir.scopes.impl.FirSubstitutionOverrideStorage             : loaded 2 times (x 72B)
Class org.jetbrains.kotlin.fir.MutableOrEmptyList                                     : loaded 2 times (x 173B)
Class com.google.gson.internal.bind.TypeAdapters$16                                   : loaded 2 times (x 75B)
Class com.google.gson.internal.bind.TypeAdapters$3                                    : loaded 2 times (x 75B)
Class com.google.gson.internal.sql.SqlTypesSupport$2                                  : loaded 2 times (x 74B)
Class com.amazon.ion.impl._Private_IonSymbol                                          : loaded 2 times (x 70B)
Class com.amazon.ion.impl.lite.IonValueLite                                           : loaded 2 times (x 147B)
Class com.amazon.ion.IonContainer                                                     : loaded 2 times (x 70B)
Class com.amazon.ion.impl.bin.PooledBlockAllocatorProvider                            : loaded 2 times (x 73B)
Class org.jetbrains.plugins.gradle.tooling.serialization.AnnotationProcessingModelSerializationService$ReadContext: loaded 2 times (x 72B)
Class org.jetbrains.plugins.gradle.tooling.serialization.internal.IdeaProjectSerializationService$WriteContext$3: loaded 2 times (x 83B)
Class gnu.trove.TObjectHash$NULL                                                      : loaded 2 times (x 71B)
Class org.gradle.util.internal.DefaultGradleVersion$Stage                             : loaded 2 times (x 75B)
Class com.google.common.collect.ImmutableMultiset                                     : loaded 2 times (x 163B)
Class org.objectweb.asm.RecordComponentVisitor                                        : loaded 2 times (x 77B)
Class com.google.common.reflect.TypeResolver$TypeTable                                : loaded 2 times (x 73B)
Class com.google.common.cache.CacheLoader$SupplierToCacheLoader                       : loaded 2 times (x 75B)
Class [Lorg.jetbrains.kotlin.types.model.TypeArgumentListMarker;                      : loaded 2 times (x 69B)
Class org.jetbrains.kotlin.container.InvalidCardinalityException                      : loaded 2 times (x 82B)
Class org.jetbrains.kotlin.com.intellij.psi.impl.java.stubs.JavaTypeParameterListElementType: loaded 2 times (x 126B)
Class [Lorg.jetbrains.kotlin.com.intellij.psi.PsiClass;                               : loaded 2 times (x 69B)
Class org.jetbrains.kotlin.fir.java.declarations.FirJavaClass$typeParameters$2$1      : loaded 2 times (x 125B)
Class org.jetbrains.kotlin.metadata.ProtoBuf$VersionRequirement$VersionKind$1         : loaded 2 times (x 74B)
Class org.jetbrains.kotlin.fir.resolve.transformers.FirImportResolveTransformer       : loaded 2 times (x 389B)
Class [Lorg.jetbrains.kotlin.fir.FirElement;                                          : loaded 2 times (x 69B)
Class [Lorg.jetbrains.kotlin.psi.KtDeclarationWithBody;                               : loaded 2 times (x 69B)
Class org.jetbrains.kotlin.fir.symbols.impl.FirBackingFieldSymbol                     : loaded 2 times (x 76B)
Class org.jetbrains.kotlin.fir.types.FirErrorTypeRef                                  : loaded 2 times (x 117B)
Class org.jetbrains.kotlin.fir.types.FirTypeArgumentList                              : loaded 2 times (x 70B)
Class org.jetbrains.kotlin.com.google.common.collect.ImmutableMapEntry$NonTerminalImmutableMapEntry: loaded 2 times (x 85B)
Class org.jetbrains.kotlin.fir.analysis.jvm.checkers.declaration.FirPropertyJavaNullabilityWarningChecker: loaded 2 times (x 77B)
Class org.jetbrains.kotlin.fir.analysis.checkers.declaration.FirAnonymousInitializerInInterfaceChecker: loaded 2 times (x 77B)
Class org.jetbrains.kotlin.fir.analysis.checkers.cfa.FirControlFlowChecker            : loaded 2 times (x 76B)
Class org.jetbrains.kotlin.fir.analysis.checkers.declaration.FirValueClassDeclarationChecker: loaded 2 times (x 78B)
Class org.jetbrains.kotlin.fir.analysis.checkers.declaration.FirLocalEntityNotAllowedChecker: loaded 2 times (x 77B)
Class org.jetbrains.kotlin.fir.analysis.checkers.declaration.FirMemberPropertiesChecker: loaded 2 times (x 77B)
Class org.jetbrains.kotlin.fir.analysis.checkers.declaration.FirPropertyTypeParametersChecker: loaded 2 times (x 77B)
Class org.jetbrains.kotlin.fir.resolve.providers.impl.FirProviderImpl$SymbolProvider$symbolNamesProvider$1: loaded 2 times (x 83B)
Class org.jetbrains.kotlin.fir.java.FirJavaFacade                                     : loaded 2 times (x 73B)
Class org.jetbrains.kotlin.psi.KtConstructorDelegationReferenceExpression             : loaded 2 times (x 499B)
Class org.jetbrains.kotlin.psi.stubs.KotlinNameReferenceExpressionStub                : loaded 2 times (x 70B)
Class org.jetbrains.kotlin.psi.KtModifierList                                         : loaded 2 times (x 512B)
Class org.jetbrains.kotlin.types.model.TypeSystemContext                              : loaded 2 times (x 70B)
Class org.jetbrains.kotlin.fir.types.impl.FirImplicitUByteTypeRef                     : loaded 2 times (x 107B)
Class org.jetbrains.kotlin.fir.symbols.impl.ConeClassLikeLookupTagImpl                : loaded 2 times (x 76B)
Class org.jetbrains.kotlin.fir.types.FirResolvedTypeRef                               : loaded 2 times (x 105B)
Class org.jetbrains.kotlin.metadata.ProtoBuf$QualifiedNameTable$QualifiedName$Kind    : loaded 2 times (x 82B)
Class org.jetbrains.kotlin.metadata.ProtoBuf$Annotation$1                             : loaded 2 times (x 144B)
Class org.jetbrains.kotlin.protobuf.AbstractParser                                    : loaded 2 times (x 144B)
Class org.jetbrains.kotlin.compiler.plugin.CompilerPluginRegistrarKt                  : loaded 2 times (x 71B)
Class org.jetbrains.kotlin.extensions.internal.TypeResolutionInterceptor$Companion    : loaded 2 times (x 72B)
Class org.jetbrains.kotlin.extensions.DeclarationAttributeAltererExtension            : loaded 2 times (x 70B)
Class org.jetbrains.kotlin.codegen.extensions.ClassBuilderInterceptorExtension$Companion: loaded 2 times (x 72B)
Class org.jetbrains.kotlin.com.intellij.psi.PsiConstantEvaluationHelper               : loaded 2 times (x 74B)
Class org.jetbrains.kotlin.com.intellij.core.CoreJavaPsiImplementationHelper          : loaded 2 times (x 80B)
Class [Lorg.jetbrains.kotlin.com.intellij.psi.PsiAnnotationMemberValue;               : loaded 2 times (x 69B)
Class org.jetbrains.kotlin.com.intellij.psi.impl.AnyPsiChangeListener                 : loaded 2 times (x 70B)
Class [Lorg.jetbrains.kotlin.psi.KtValVarKeywordOwner;                                : loaded 2 times (x 69B)
Class org.jetbrains.kotlin.com.intellij.psi.PsiArrayType                              : loaded 2 times (x 105B)
Class [Lorg.jetbrains.kotlin.psi.KtCallElement;                                       : loaded 2 times (x 69B)
Class org.jetbrains.kotlin.com.intellij.lang.jvm.JvmClass                             : loaded 2 times (x 70B)
Class org.jetbrains.kotlin.com.intellij.psi.impl.source.tree.java.PsiJavaTokenImpl    : loaded 2 times (x 378B)
Class org.jetbrains.kotlin.org.picocontainer.ComponentAdapter                         : loaded 2 times (x 70B)
Class org.jetbrains.kotlin.it.unimi.dsi.fastutil.objects.Object2ObjectOpenCustomHashMap: loaded 2 times (x 179B)
Class org.jetbrains.kotlin.com.intellij.lang.java.JavaLanguage                        : loaded 2 times (x 107B)
Class org.jetbrains.kotlin.com.intellij.util.Function                                 : loaded 2 times (x 70B)
Class org.jetbrains.kotlin.backend.jvm.JvmLoweringPhasesKt$jvmFilePhases$69           : loaded 2 times (x 125B)
Class org.jetbrains.kotlin.backend.common.lower.InitializersLowering                  : loaded 2 times (x 87B)
Class org.jetbrains.kotlin.backend.jvm.JvmLoweringPhasesKt$jvmFilePhases$32           : loaded 2 times (x 125B)
Class org.jetbrains.kotlin.backend.common.lower.AnnotationImplementationLowering      : loaded 2 times (x 81B)
Class org.jetbrains.kotlin.com.intellij.psi.LiteralTextEscaper                        : loaded 2 times (x 76B)
Class org.jetbrains.kotlin.fir.resolve.substitution.AbstractConeSubstitutor           : loaded 2 times (x 76B)
Class org.jetbrains.kotlin.fir.java.deserialization.FirJvmBuiltinsSymbolProvider      : loaded 2 times (x 81B)
Class org.jetbrains.kotlin.load.java.ReportLevel$Companion                            : loaded 2 times (x 71B)
Class org.jetbrains.kotlin.config.AnalysisFlag$Delegates$ReturnValueCheckerDisabledByDefault: loaded 2 times (x 71B)
Class org.jetbrains.kotlin.cli.pipeline.CheckCompilationErrors$CheckDiagnosticCollector: loaded 2 times (x 75B)
Class org.jetbrains.kotlin.fir.deserialization.SingleModuleDataProvider               : loaded 2 times (x 74B)
Class [Lorg.jetbrains.kotlin.config.LanguageVersion;                                  : loaded 2 times (x 69B)
Class org.jetbrains.kotlin.fir.analysis.checkers.MppCheckerKind                       : loaded 2 times (x 79B)
Class org.jetbrains.kotlin.cli.common.CompilerSystemProperties$value$1                : loaded 2 times (x 125B)
Class com.google.gson.internal.bind.TypeAdapters$17                                   : loaded 2 times (x 75B)
Class com.google.gson.internal.bind.TypeAdapters$4                                    : loaded 2 times (x 75B)
Class org.jetbrains.kotlin.idea.gradleTooling.AndroidAwareGradleModelProvider         : loaded 2 times (x 79B)
Class org.jetbrains.plugins.gradle.tooling.serialization.internal.IdeaProjectSerializationService$WriteContext$4: loaded 2 times (x 83B)
Class com.intellij.gradle.toolingExtension.impl.model.sourceSetDependencyModel.GradleSourceSetDependencySerialisationService$Companion: loaded 2 times (x 71B)
Class com.google.common.collect.UsingToStringOrdering                                 : loaded 2 times (x 114B)
Class org.gradle.internal.time.MonotonicClock                                         : loaded 2 times (x 77B)
Class com.google.common.reflect.TypeResolver$TypeTable$1                              : loaded 2 times (x 73B)
Class com.google.common.collect.Maps$EntryTransformer                                 : loaded 2 times (x 70B)
Class org.gradle.internal.service.ServiceLookupException                              : loaded 2 times (x 82B)
Class org.jetbrains.kotlin.fir.analysis.checkers.declaration.FirTypeConstraintsChecker: loaded 2 times (x 77B)
Class org.jetbrains.kotlin.fir.scopes.FirScopeKt$getDeclaredConstructors$1$1          : loaded 2 times (x 80B)
Class org.jetbrains.kotlin.fir.deserialization.AbstractAnnotationDeserializer$WhenMappings: loaded 2 times (x 71B)
Class org.jetbrains.kotlin.com.intellij.lang.jvm.JvmEnumField                         : loaded 2 times (x 70B)
Class org.jetbrains.kotlin.com.intellij.psi.PsiImportList                             : loaded 2 times (x 70B)
Class org.jetbrains.kotlin.com.intellij.psi.PsiTypeParameterList                      : loaded 2 times (x 70B)
Class org.jetbrains.kotlin.metadata.deserialization.VersionRequirement$Version        : loaded 2 times (x 71B)
Class org.jetbrains.kotlin.load.java.FakePureImplementationsProvider                  : loaded 2 times (x 71B)
Class org.jetbrains.kotlin.metadata.jvm.deserialization.JvmFlags                      : loaded 2 times (x 71B)
Class org.jetbrains.kotlin.metadata.ProtoBuf$Expression$ConstantValue                 : loaded 2 times (x 82B)
Class org.jetbrains.kotlin.load.java.structure.JavaPackage                            : loaded 2 times (x 70B)
Class org.jetbrains.kotlin.com.intellij.psi.impl.source.tree.ElementType              : loaded 2 times (x 70B)
Class org.jetbrains.kotlin.resolve.jvm.KotlinSafeClassFinder                          : loaded 2 times (x 70B)
Class org.jetbrains.kotlin.fir.expressions.impl.FirBooleanOperatorExpressionImpl      : loaded 2 times (x 123B)
Class org.jetbrains.kotlin.fir.expressions.FirLoop                                    : loaded 2 times (x 126B)
Class org.jetbrains.kotlin.fir.analysis.checkers.declaration.FirReservedUnderscoreDeclarationChecker: loaded 2 times (x 77B)
Class org.jetbrains.kotlin.parsing.AllCommentsBinder                                  : loaded 2 times (x 74B)
Class org.jetbrains.kotlin.com.google.common.collect.RegularImmutableMap$Values       : loaded 2 times (x 207B)
Class org.jetbrains.kotlin.it.unimi.dsi.fastutil.ints.IntArrays$a                     : loaded 2 times (x 75B)
Class org.jetbrains.kotlin.it.unimi.dsi.fastutil.ints.IntSpliterator                  : loaded 2 times (x 70B)
Class org.jetbrains.kotlin.KtSourceFileLinesMapping                                   : loaded 2 times (x 70B)
Class org.jetbrains.kotlin.fir.extensions.FirExtensionDeclarationsSymbolProvider      : loaded 2 times (x 81B)
Class org.jetbrains.kotlin.fir.analysis.jvm.checkers.expression.FirJavaUnnecessarySafeCallChecker: loaded 2 times (x 77B)
Class org.jetbrains.kotlin.fir.analysis.jvm.checkers.expression.FirLogicExpressionTypeJavaNullabilityWarningChecker: loaded 2 times (x 77B)
Class org.jetbrains.kotlin.fir.analysis.checkers.declaration.FirMixedFunctionalTypesInSupertypesChecker$ForExpectClass: loaded 2 times (x 78B)
Class org.jetbrains.kotlin.load.java.AbstractJavaClassFinder$FilterOutKotlinSourceFilesScope: loaded 2 times (x 101B)
Class org.jetbrains.kotlin.mpp.RegularClassSymbolMarker                               : loaded 2 times (x 70B)
Class [Lorg.jetbrains.kotlin.builtins.functions.FunctionTypeKind;                     : loaded 2 times (x 69B)
Class org.jetbrains.kotlin.fir.analysis.jvm.checkers.FirJvmInlineCheckerComponent     : loaded 2 times (x 74B)
Class org.jetbrains.kotlin.fir.visitors.FirVisitor                                    : loaded 2 times (x 228B)
Class org.jetbrains.kotlin.psi.stubs.KotlinContractEffectStub                         : loaded 2 times (x 70B)
Class org.jetbrains.kotlin.psi.KtClassBody                                            : loaded 2 times (x 446B)
Class org.jetbrains.kotlin.resolve.checkers.PrivateInlineFunctionsReturningAnonymousObjectsChecker: loaded 2 times (x 74B)
Class org.jetbrains.kotlin.resolve.checkers.DynamicReceiverChecker                    : loaded 2 times (x 74B)
Class org.jetbrains.kotlin.fir.analysis.checkers.declaration.FirInapplicableLateinitChecker: loaded 2 times (x 77B)
Class [Lorg.jetbrains.kotlin.protobuf.Internal$EnumLite;                              : loaded 2 times (x 69B)
Class org.jetbrains.kotlin.cli.jvm.compiler.CliTraceHolder                            : loaded 2 times (x 77B)
Class org.jetbrains.kotlin.com.intellij.psi.codeStyle.JavaCodeStyleSettingsFacade     : loaded 2 times (x 73B)
Class org.jetbrains.kotlin.com.intellij.psi.impl.source.resolve.PsiResolveHelperImpl  : loaded 2 times (x 111B)
Class [Lorg.jetbrains.kotlin.com.intellij.psi.ResolveResult;                          : loaded 2 times (x 69B)
Class org.jetbrains.kotlin.com.intellij.psi.ResolveResult                             : loaded 2 times (x 70B)
Class org.jetbrains.kotlin.com.intellij.psi.impl.PsiManagerImpl                       : loaded 2 times (x 126B)
Class org.jetbrains.kotlin.fir.references.FirReference                                : loaded 2 times (x 87B)
Class org.jetbrains.kotlin.com.intellij.ide.plugins.IdeaPluginDescriptor              : loaded 2 times (x 70B)
Class org.jetbrains.kotlin.com.intellij.util.lang.ZipFilePool$EntryResolver           : loaded 2 times (x 70B)
Class org.jetbrains.kotlin.com.intellij.ide.plugins.NonShareableJavaZipFilePool       : loaded 2 times (x 72B)
Class org.jetbrains.kotlin.fir.analysis.checkers.expression.FirMissingDependencySupertypeInQualifiedAccessExpressionsChecker: loaded 2 times (x 77B)
Class org.jetbrains.kotlin.com.intellij.lang.jvm.JvmModifiersOwner                    : loaded 2 times (x 70B)
Class org.jetbrains.kotlin.com.intellij.lexer.DelegateLexer                           : loaded 2 times (x 84B)
Class org.jetbrains.kotlin.fir.analysis.checkers.expression.FirNotNullAssertionChecker: loaded 2 times (x 77B)
Class org.jetbrains.kotlin.com.google.common.collect.Multimaps$Entries                : loaded 2 times (x 118B)
Class org.jetbrains.kotlin.backend.common.lower.LocalDeclarationsLowering             : loaded 2 times (x 88B)
Class org.jetbrains.kotlin.backend.jvm.JvmLoweringPhasesKt$jvmFilePhases$33           : loaded 2 times (x 125B)
Class org.jetbrains.kotlin.com.intellij.util.containers.MultiMap$4                    : loaded 2 times (x 75B)
Class org.jetbrains.kotlin.compiler.plugin.CliOptionProcessingException               : loaded 2 times (x 82B)
Class org.jetbrains.kotlin.config.phaser.PhaseSet$Empty                               : loaded 2 times (x 73B)
Class org.jetbrains.kotlin.cli.common.CLICompiler$disableURLConnectionCaches$1        : loaded 2 times (x 113B)
Class [Lorg.jetbrains.kotlin.tooling.core.KotlinToolingVersion$Maturity;              : loaded 2 times (x 69B)
Class com.google.gson.annotations.JsonAdapter                                         : loaded 2 times (x 70B)
Class com.google.gson.internal.bind.SerializationDelegatingTypeAdapter                : loaded 2 times (x 74B)
Class com.google.gson.internal.bind.TypeAdapters$18                                   : loaded 2 times (x 75B)
Class com.google.gson.internal.bind.TypeAdapters$5                                    : loaded 2 times (x 75B)
Class com.amazon.ion.BufferConfiguration$Builder                                      : loaded 2 times (x 78B)
Class com.intellij.gradle.toolingExtension.util.GradleVersionSpecificsUtil            : loaded 2 times (x 71B)
Class org.jetbrains.plugins.gradle.tooling.serialization.internal.IdeaProjectSerializationService$WriteContext$5: loaded 2 times (x 83B)
Class com.intellij.gradle.toolingExtension.impl.model.sourceSetDependencyModel.GradleSourceSetDependencySerialisationService$SourceSetDependencyModelWriteContext: loaded 2 times (x 72B)
Class kotlin.sequences.SequencesKt___SequencesKt$sortedWith$1                         : loaded 2 times (x 75B)
Class org.jetbrains.kotlin.com.google.common.collect.RegularImmutableMap              : loaded 2 times (x 121B)
Class com.google.common.collect.ImmutableSortedSet                                    : loaded 2 times (x 300B)
Class [Lcom.google.common.cache.LocalCache$EntryFactory;                              : loaded 2 times (x 69B)
Class org.gradle.internal.classloader.ClassLoaderFactory                              : loaded 2 times (x 70B)
Class org.jetbrains.kotlin.fir.types.CompilerConeAttributes$Exact                     : loaded 2 times (x 79B)
Class org.jetbrains.kotlin.com.intellij.psi.util.PsiUtil                              : loaded 2 times (x 71B)
Class org.jetbrains.kotlin.com.intellij.openapi.application.ReadAction                : loaded 2 times (x 71B)
Class org.jetbrains.kotlin.com.intellij.util.CommonProcessors$CollectProcessor        : loaded 2 times (x 77B)
Class org.jetbrains.kotlin.load.java.structure.JavaLiteralAnnotationArgument          : loaded 2 times (x 70B)
Class org.jetbrains.kotlin.it.unimi.dsi.fastutil.objects.Object2ObjectOpenHashMap$i   : loaded 2 times (x 75B)
Class kotlin.jvm.internal.EnumCompanionObject                                         : loaded 2 times (x 71B)
Class org.jetbrains.kotlin.fir.deserialization.FirBuiltinAnnotationDeserializer       : loaded 2 times (x 87B)
Class org.jetbrains.kotlin.fir.resolve.transformers.plugin.FirPartialImportResolveTransformer: loaded 2 times (x 389B)
Class org.jetbrains.kotlin.com.intellij.psi.impl.source.tree.JavaDocElementTypeFactory$SingletonHelper: loaded 2 times (x 71B)
Class org.jetbrains.kotlin.fir.UtilsKt$WhenMappings                                   : loaded 2 times (x 71B)
Class org.jetbrains.kotlin.descriptors.EffectiveVisibility$Local                      : loaded 2 times (x 75B)
Class org.jetbrains.kotlin.fir.resolve.providers.impl.FirProviderImpl$FirRecorder     : loaded 2 times (x 228B)
Class org.jetbrains.kotlin.fir.diagnostics.DiagnosticKind                             : loaded 2 times (x 79B)
Class org.jetbrains.kotlin.fir.builder.ConversionUtilsKt                              : loaded 2 times (x 71B)
Class [Lorg.jetbrains.kotlin.fir.types.ConeRigidType;                                 : loaded 2 times (x 69B)
Class org.jetbrains.kotlin.fir.analysis.checkers.expression.AbstractFirUnnecessarySafeCallChecker: loaded 2 times (x 77B)
Class org.jetbrains.kotlin.fir.analysis.checkers.declaration.FirManyCompanionObjectsChecker: loaded 2 times (x 77B)
Class org.jetbrains.kotlin.fir.analysis.checkers.declaration.FirAnnotationChecker     : loaded 2 times (x 77B)
Class [Lorg.jetbrains.kotlin.fir.extensions.BunchOfRegisteredExtensions;              : loaded 2 times (x 69B)
Class org.jetbrains.kotlin.resolve.calls.checkers.LambdaWithSuspendModifierCallChecker: loaded 2 times (x 74B)
Class org.jetbrains.kotlin.psi.KtWhenConditionWithExpression                          : loaded 2 times (x 377B)
Class org.jetbrains.kotlin.utils.exceptions.KotlinIllegalArgumentExceptionWithAttachments: loaded 2 times (x 92B)
Class org.jetbrains.kotlin.psi.ValueArgument                                          : loaded 2 times (x 70B)
Class [Lorg.jetbrains.kotlin.psi.KtEnumEntrySuperclassReferenceExpression;            : loaded 2 times (x 69B)
Class org.jetbrains.kotlin.psi.KtDotQualifiedExpression                               : loaded 2 times (x 573B)
Class org.jetbrains.kotlin.psi.KtReferenceExpression                                  : loaded 2 times (x 70B)
Class org.jetbrains.kotlin.psi.KtImportList                                           : loaded 2 times (x 444B)
Class [Lorg.jetbrains.kotlin.psi.KtParameterList;                                     : loaded 2 times (x 69B)
Class org.jetbrains.kotlin.psi.stubs.KotlinFunctionStub                               : loaded 2 times (x 70B)
Class org.jetbrains.kotlin.fir.scopes.impl.TypeAliasConstructorsSubstitutingScope     : loaded 2 times (x 79B)
Class org.jetbrains.kotlin.fir.types.TypeComponents                                   : loaded 2 times (x 72B)
Class org.jetbrains.kotlin.fir.scopes.FirScopeProvider                                : loaded 2 times (x 76B)
Class org.jetbrains.kotlin.util.EmptyArrayMap                                         : loaded 2 times (x 83B)
Class kotlin.jvm.internal.Ref$LongRef                                                 : loaded 2 times (x 71B)
Class [Lorg.jetbrains.kotlin.com.intellij.lang.jvm.JvmAnnotatedElement;               : loaded 2 times (x 69B)
Class org.jetbrains.kotlin.fir.extensions.FirExtensionSessionComponent                : loaded 2 times (x 76B)
Class org.jetbrains.kotlin.cli.jvm.compiler.MockInferredAnnotationsManager$Companion  : loaded 2 times (x 71B)
Class org.jetbrains.kotlin.asJava.finder.JavaElementFinder$Companion                  : loaded 2 times (x 71B)
Class org.jetbrains.kotlin.com.intellij.util.lang.JavaVersion                         : loaded 2 times (x 74B)
Class org.jetbrains.kotlin.com.intellij.psi.PsiClassType                              : loaded 2 times (x 119B)
Class org.jetbrains.kotlin.com.intellij.testFramework.LightVirtualFile$1              : loaded 2 times (x 94B)
Class org.jetbrains.kotlin.com.intellij.openapi.util.Factory                          : loaded 2 times (x 70B)
Class org.jetbrains.kotlin.com.intellij.openapi.extensions.impl.ExtensionsAreaImplKt  : loaded 2 times (x 71B)
Class org.jetbrains.kotlin.fir.declarations.FirValueParameterKind                     : loaded 2 times (x 79B)
Class org.jetbrains.kotlin.com.fasterxml.aalto.in.ReaderConfig$EncodingContext        : loaded 2 times (x 72B)
Class kotlinx.coroutines.internal.ThreadContextKt$findOne$1                           : loaded 2 times (x 78B)
Class org.jetbrains.kotlin.com.intellij.util.containers.UnsafeWeakList                : loaded 2 times (x 122B)
Class org.jetbrains.kotlin.com.intellij.lang.jvm.JvmField                             : loaded 2 times (x 70B)
Class org.jetbrains.kotlin.kotlinx.collections.immutable.ImmutableSet                 : loaded 2 times (x 70B)
Class org.jetbrains.kotlin.com.intellij.psi.impl.source.tree.PsiWhiteSpaceImpl        : loaded 2 times (x 376B)
Class org.jetbrains.kotlin.com.intellij.openapi.extensions.impl.ImplementationClassResolver: loaded 2 times (x 70B)
Class org.jetbrains.kotlin.cli.jvm.modules.CoreJrtVirtualFile                         : loaded 2 times (x 154B)
Class org.jetbrains.kotlin.com.intellij.ide.plugins.PluginEnabler                     : loaded 2 times (x 70B)
Class org.jetbrains.kotlin.cli.jvm.modules.CoreJrtFileSystem$Companion                : loaded 2 times (x 71B)
Class org.jetbrains.kotlin.backend.common.phaser.PhaseBuildersKt$createSimpleNamedCompilerPhase$1: loaded 2 times (x 80B)
Class org.jetbrains.kotlin.backend.jvm.lower.JvmInnerClassesMemberBodyLowering        : loaded 2 times (x 86B)
Class org.jetbrains.kotlin.backend.common.lower.FlattenStringConcatenationLowering    : loaded 2 times (x 344B)
Class org.jetbrains.kotlin.backend.jvm.JvmLoweringPhasesKt$jvmFilePhases$34           : loaded 2 times (x 125B)
Class org.jetbrains.kotlin.config.AnalysisFlag$Delegates$Boolean                      : loaded 2 times (x 71B)
Class kotlin.reflect.jvm.internal.KProperty0Impl$delegateValue$1                      : loaded 2 times (x 79B)
Class org.jetbrains.kotlin.cli.pipeline.PerformanceNotifications$AnalysisFinished     : loaded 2 times (x 77B)
Class org.jetbrains.kotlin.fir.resolve.providers.impl.FirProviderImplKt$sam$java_util_function_BiFunction$0: loaded 2 times (x 77B)
Class org.jetbrains.kotlin.platform.jvm.JdkPlatform                                   : loaded 2 times (x 75B)
Class org.jetbrains.kotlin.fir.expressions.impl.FirWhenSubjectExpressionImpl          : loaded 2 times (x 165B)
Class com.google.gson.internal.bind.ReflectiveTypeAdapterFactory$FieldReflectionAdapter: loaded 2 times (x 77B)
Class com.google.gson.internal.bind.TypeAdapters$19                                   : loaded 2 times (x 75B)
Class com.google.gson.internal.bind.TypeAdapters$6                                    : loaded 2 times (x 75B)
Class com.amazon.ion.impl.bin.IntList                                                 : loaded 2 times (x 77B)
Class com.amazon.ion.impl._Private_RecyclingQueue$ElementIterator                     : loaded 2 times (x 82B)
Class com.amazon.ion.impl.lite._Private_LiteDomTrampoline                             : loaded 2 times (x 71B)
Class com.amazon.ion.IonType                                                          : loaded 2 times (x 79B)
Class org.jetbrains.plugins.gradle.tooling.serialization.internal.IdeaProjectSerializationService$WriteContext$6: loaded 2 times (x 83B)
Class org.jetbrains.plugins.gradle.tooling.util.IntObjectMap                          : loaded 2 times (x 73B)
Class org.jetbrains.kotlin.types.ConstantValueKind$Double                             : loaded 2 times (x 72B)
Class com.android.builder.model.v2.ide.LibraryInfo                                    : loaded 2 times (x 70B)
Class com.google.common.base.CommonPattern                                            : loaded 2 times (x 74B)
Class com.google.common.cache.LocalCache$LocalManualCache                             : loaded 2 times (x 99B)
Class org.gradle.internal.service.CachingServiceLocator                               : loaded 2 times (x 82B)
Class org.jetbrains.kotlin.fir.expressions.ReferenceUtilsKt                           : loaded 2 times (x 71B)
Class org.jetbrains.kotlin.fir.scopes.impl.AbstractFirOverrideScope                   : loaded 2 times (x 86B)
Class [Lorg.jetbrains.kotlin.com.intellij.psi.JavaResolveResult;                      : loaded 2 times (x 69B)
Class org.jetbrains.kotlin.com.intellij.psi.stubs.MaterialStubList$1                  : loaded 2 times (x 73B)
Class org.jetbrains.kotlin.com.intellij.util.indexing.FileContentImpl                 : loaded 2 times (x 115B)
Class org.jetbrains.kotlin.com.intellij.psi.impl.java.stubs.JavaStubElementTypes$1    : loaded 2 times (x 115B)
Class org.jetbrains.kotlin.com.intellij.psi.PsiCompiledElement                        : loaded 2 times (x 70B)
Class org.jetbrains.kotlin.fir.expressions.impl.FirEnumEntryDeserializedAccessExpressionImpl: loaded 2 times (x 119B)
Class org.jetbrains.kotlin.io.vavr.collection.Iterator                                : loaded 2 times (x 70B)
Class org.jetbrains.kotlin.fir.declarations.FirDeclarationOrigin$BuiltIns             : loaded 2 times (x 72B)
Class org.jetbrains.kotlin.load.kotlin.header.ReadKotlinClassHeaderAnnotationVisitor$KotlinMetadataArgumentVisitor$1: loaded 2 times (x 85B)
Class org.jetbrains.kotlin.fir.resolve.dfa.cfg.ControlFlowGraphBuilderKt              : loaded 2 times (x 71B)
Class org.jetbrains.kotlin.fir.scopes.impl.FirAbstractImportingScopeKt                : loaded 2 times (x 71B)
Class org.jetbrains.kotlin.fir.scopes.impl.FirDefaultSimpleImportingScope             : loaded 2 times (x 84B)
Class org.jetbrains.kotlin.fir.resolve.transformers.WhenOnNothingExhaustivenessChecker: loaded 2 times (x 73B)
Class org.jetbrains.kotlin.fir.resolve.transformers.mpp.FirExpectActualMatcherTransformer: loaded 2 times (x 396B)
Class org.jetbrains.kotlin.com.google.common.collect.ImmutableMapEntry$NonTerminalImmutableBiMapEntry: loaded 2 times (x 85B)
Class org.jetbrains.kotlin.psi.KtPsiUtil                                              : loaded 2 times (x 71B)
Class org.jetbrains.kotlin.com.intellij.openapi.util.Ref                              : loaded 2 times (x 72B)
Class org.jetbrains.kotlin.parsing.PrecedingDocCommentsBinder                         : loaded 2 times (x 74B)
Class org.jetbrains.kotlin.com.google.common.collect.ImmutableMapEntrySet             : loaded 2 times (x 152B)
Class org.jetbrains.kotlin.com.intellij.psi.text.BlockSupport$ReparsedSuccessfullyException: loaded 2 times (x 83B)
Class org.jetbrains.kotlin.fir.session.FirAbstractSessionFactory$WhenMappings         : loaded 2 times (x 71B)
Class org.jetbrains.kotlin.fir.analysis.checkers.declaration.FirMixedFunctionalTypesInSupertypesChecker: loaded 2 times (x 78B)
Class org.jetbrains.kotlin.fir.resolve.providers.impl.FirExtensionSyntheticFunctionInterfaceProviderKt: loaded 2 times (x 71B)
Class org.jetbrains.kotlin.descriptors.Visibilities$Public                            : loaded 2 times (x 79B)
Class org.jetbrains.kotlin.descriptors.ModuleDescriptor                               : loaded 2 times (x 70B)
Class [Lorg.jetbrains.kotlin.psi.KtEscapeStringTemplateEntry;                         : loaded 2 times (x 69B)
Class org.jetbrains.kotlin.psi.stubs.KotlinTypeParameterStub                          : loaded 2 times (x 70B)
Class org.jetbrains.kotlin.psi.stubs.KotlinPropertyStub                               : loaded 2 times (x 70B)
Class org.jetbrains.kotlin.psi.KtBlockCodeFragmentType                                : loaded 2 times (x 84B)
Class org.jetbrains.kotlin.com.intellij.psi.impl.source.tree.ICodeFragmentElementType : loaded 2 times (x 84B)
Class org.jetbrains.kotlin.protobuf.ExtensionRegistryLite$ObjectIntPair               : loaded 2 times (x 72B)
Class org.jetbrains.kotlin.metadata.ProtoBuf$Class$1                                  : loaded 2 times (x 144B)
Class org.jetbrains.kotlin.fir.extensions.FirExpressionResolutionExtension            : loaded 2 times (x 76B)
Class org.jetbrains.kotlin.com.intellij.openapi.util.NotNullLazyKey                   : loaded 2 times (x 77B)
Class org.jetbrains.kotlin.com.intellij.psi.scope.processor.MethodCandidatesProcessor : loaded 2 times (x 112B)
Class org.jetbrains.kotlin.load.kotlin.KotlinBinaryClassCache                         : loaded 2 times (x 75B)
Class org.jetbrains.kotlin.fir.resolve.transformers.ReturnTypeCalculator              : loaded 2 times (x 73B)
Class org.jetbrains.kotlin.kotlinx.collections.immutable.implementations.immutableSet.PersistentHashSetBuilder: loaded 2 times (x 174B)
Class org.jetbrains.kotlin.com.intellij.psi.PsiIdentifier                             : loaded 2 times (x 70B)
Class org.jetbrains.kotlin.com.intellij.psi.stubs.BinaryFileStubBuilder               : loaded 2 times (x 70B)
Class org.jetbrains.kotlin.kotlinx.collections.immutable.implementations.immutableSet.TrieNodeIterator: loaded 2 times (x 72B)
Class org.jetbrains.kotlin.com.intellij.ide.highlighter.ArchiveFileType               : loaded 2 times (x 85B)
Class org.jetbrains.kotlin.com.intellij.util.pico.TooManySatisfiableConstructorsException: loaded 2 times (x 82B)
Class org.jetbrains.kotlin.com.intellij.util.ConcurrentLongObjectHashMap$ForwardingNode: loaded 2 times (x 77B)
Class org.jetbrains.kotlin.com.intellij.openapi.progress.impl.CoreProgressManager$1   : loaded 2 times (x 84B)
Class org.jetbrains.kotlin.com.intellij.lang.impl.PsiBuilderFactoryImpl               : loaded 2 times (x 76B)
Class org.jetbrains.kotlin.com.intellij.openapi.util.text.Strings                     : loaded 2 times (x 71B)
Class org.jetbrains.kotlin.com.intellij.core.JavaCoreApplicationEnvironment           : loaded 2 times (x 94B)
Class org.jetbrains.kotlin.backend.jvm.lower.ProcessOptionalAnnotations               : loaded 2 times (x 80B)
Class org.jetbrains.kotlin.backend.jvm.lower.JvmInitializersLowering                  : loaded 2 times (x 87B)
Class org.jetbrains.kotlin.backend.jvm.JvmLoweringPhasesKt$jvmFilePhases$35           : loaded 2 times (x 125B)
Class org.jetbrains.kotlin.backend.jvm.lower.AssertionLowering                        : loaded 2 times (x 256B)
Class org.jetbrains.kotlin.com.intellij.util.containers.MultiMap$6                    : loaded 2 times (x 75B)
Class [Lkotlin.jvm.functions.Function3;                                               : loaded 2 times (x 69B)
Class org.jetbrains.kotlin.fir.resolve.BodyResolveComponents                          : loaded 2 times (x 97B)
Class org.jetbrains.kotlin.fir.resolve.transformers.body.resolve.FirArrayOfCallTransformer: loaded 2 times (x 385B)
Class org.jetbrains.kotlin.serialization.deserialization.descriptors.PreReleaseInfo   : loaded 2 times (x 72B)
Class org.jetbrains.kotlin.tooling.core.KotlinToolingVersionKt                        : loaded 2 times (x 71B)
Class com.google.gson.annotations.SerializedName                                      : loaded 2 times (x 70B)
Class com.google.gson.internal.bind.TypeAdapters$7                                    : loaded 2 times (x 75B)
Class com.amazon.ion.impl.lite.ValueFactoryLite                                       : loaded 2 times (x 218B)
Class org.jetbrains.plugins.gradle.model.RepositoryModels                             : loaded 2 times (x 70B)
Class org.jetbrains.plugins.gradle.tooling.serialization.internal.IdeaProjectSerializationService$WriteContext$7: loaded 2 times (x 83B)
Class com.google.common.collect.RegularImmutableSortedSet                             : loaded 2 times (x 300B)
Class kotlin.collections.AbstractList$SubList                                         : loaded 2 times (x 198B)
Class com.google.common.collect.Streams                                               : loaded 2 times (x 71B)
Class com.google.common.collect.AbstractMapBasedMultimap$KeySet                       : loaded 2 times (x 137B)
Class com.google.common.math.IntMath                                                  : loaded 2 times (x 71B)
Class org.jetbrains.kotlin.fir.declarations.SealedClassInheritorsKey                  : loaded 2 times (x 71B)
Class org.jetbrains.kotlin.com.intellij.psi.PsiAnnotationParameterList                : loaded 2 times (x 70B)
Class org.jetbrains.kotlin.com.intellij.psi.impl.java.stubs.JavaStubElementTypes$2    : loaded 2 times (x 115B)
Class org.jetbrains.kotlin.load.java.structure.impl.classFiles.CommonMixinsKt         : loaded 2 times (x 71B)
Class org.jetbrains.kotlin.SpecialJvmAnnotations                                      : loaded 2 times (x 71B)
Class org.jetbrains.kotlin.fir.extensions.DeclarationGenerationContext                : loaded 2 times (x 73B)
Class org.jetbrains.kotlin.fir.deserialization.ClassDeserializationKt                 : loaded 2 times (x 71B)
Class org.jetbrains.kotlin.metadata.ProtoBuf$VersionRequirement$1                     : loaded 2 times (x 144B)
Class org.jetbrains.kotlin.metadata.jvm.JvmProtoBuf$StringTableTypes$Record$1         : loaded 2 times (x 144B)
Class org.jetbrains.kotlin.load.kotlin.header.ReadKotlinClassHeaderAnnotationVisitor$KotlinMetadataArgumentVisitor$2: loaded 2 times (x 85B)
Class org.jetbrains.kotlin.fir.resolve.inference.FirInferenceSession$Companion$DEFAULT$1: loaded 2 times (x 79B)
Class org.jetbrains.kotlin.fir.resolve.dfa.cfg.CFGNode                                : loaded 2 times (x 81B)
Class org.jetbrains.kotlin.fir.expressions.FirCallableReferenceAccess                 : loaded 2 times (x 162B)
Class org.jetbrains.kotlin.fir.expressions.FirOperation$Companion                     : loaded 2 times (x 71B)
Class org.jetbrains.kotlin.fir.expressions.FirImplicitInvokeCall                      : loaded 2 times (x 183B)
Class org.jetbrains.kotlin.fir.impl.FirLabelImpl                                      : loaded 2 times (x 89B)
Class org.jetbrains.kotlin.fir.expressions.builder.FirStringConcatenationCallBuilder  : loaded 2 times (x 92B)
Class org.jetbrains.kotlin.fir.types.FirQualifierPart                                 : loaded 2 times (x 70B)
Class org.jetbrains.kotlin.com.intellij.lang.SyntaxTreeBuilder$Marker                 : loaded 2 times (x 70B)
Class org.jetbrains.kotlin.fir.analysis.extensions.FirAdditionalCheckersExtension$Companion: loaded 2 times (x 71B)
Class org.jetbrains.kotlin.builtins.StandardNames$FqNames                             : loaded 2 times (x 71B)
Class org.jetbrains.kotlin.fir.expressions.FirAnnotation                              : loaded 2 times (x 126B)
Class org.jetbrains.kotlin.fir.resolve.providers.FirCompositeSymbolNamesProvider      : loaded 2 times (x 83B)
Class org.jetbrains.kotlin.psi.KtIfExpression                                         : loaded 2 times (x 444B)
Class org.jetbrains.kotlin.psi.KtAnonymousInitializer                                 : loaded 2 times (x 70B)
Class org.jetbrains.kotlin.resolve.checkers.ValueClassDeclarationChecker              : loaded 2 times (x 74B)
Class org.jetbrains.kotlin.resolve.checkers.ExpectActualInTheSameModuleChecker        : loaded 2 times (x 74B)
Class org.jetbrains.kotlin.fir.resolve.calls.overloads.DefaultCallConflictResolverFactory: loaded 2 times (x 72B)
Class org.jetbrains.kotlin.fir.types.impl.FirImplicitULongTypeRef                     : loaded 2 times (x 107B)
Class org.jetbrains.kotlin.fir.types.impl.FirImplicitAnnotationTypeRef                : loaded 2 times (x 107B)
Class org.jetbrains.kotlin.com.intellij.util.keyFMap.PairElementsFMap                 : loaded 2 times (x 80B)
Class org.jetbrains.kotlin.cli.jvm.compiler.CliJavaModuleUtilsKt                      : loaded 2 times (x 71B)
Class org.jetbrains.kotlin.codegen.extensions.ClassFileFactoryFinalizerExtension$Companion: loaded 2 times (x 72B)
Class org.jetbrains.kotlin.com.intellij.psi.controlFlow.ControlFlow                   : loaded 2 times (x 70B)
Class org.jetbrains.kotlin.com.intellij.psi.PsiElementVisitor                         : loaded 2 times (x 81B)
Class org.jetbrains.kotlin.fir.deserialization.FirMemberDeserializerKt                : loaded 2 times (x 71B)
Class org.jetbrains.kotlin.io.vavr.collection.HashMap                                 : loaded 2 times (x 272B)
Class org.jetbrains.kotlin.load.java.structure.impl.classFiles.BinaryJavaModifierListOwner: loaded 2 times (x 70B)
Class org.jetbrains.kotlin.com.intellij.openapi.util.AtomicNotNullLazyValue           : loaded 2 times (x 77B)
Class org.jetbrains.kotlin.fir.java.enhancement.FirEnhancedSymbolsStorage$EnhancementSymbolsCache: loaded 2 times (x 72B)
Class org.jetbrains.kotlin.com.intellij.platform.diagnostic.telemetry.TelemetryManagerKt$instance$1: loaded 2 times (x 78B)
Class org.jetbrains.kotlin.com.intellij.openapi.progress.impl.CoreProgressManager$2   : loaded 2 times (x 84B)
Class org.jetbrains.kotlin.com.intellij.psi.PsiReferenceServiceImpl                   : loaded 2 times (x 73B)
Class org.jetbrains.kotlin.com.intellij.openapi.extensions.impl.InterfaceExtensionPoint: loaded 2 times (x 88B)
Class org.jetbrains.kotlin.com.intellij.openapi.util.ModificationTracker              : loaded 2 times (x 70B)
Class org.jetbrains.kotlin.com.intellij.util.containers.FastUtilHashingStrategies$1   : loaded 2 times (x 79B)
Class org.jetbrains.kotlin.cli.common.config.ContentRoot                              : loaded 2 times (x 70B)
Class org.jetbrains.kotlin.backend.common.DeclarationTransformer                      : loaded 2 times (x 70B)
Class org.jetbrains.kotlin.backend.jvm.JvmLoweringPhasesKt$jvmFilePhases$36           : loaded 2 times (x 125B)
Class org.jetbrains.kotlin.backend.jvm.lower.MoveOrCopyCompanionObjectFieldsLowering  : loaded 2 times (x 85B)
Class org.jetbrains.kotlin.cli.common.arguments.ConfigureCommonLanguageFeaturesKt     : loaded 2 times (x 71B)
Class org.jetbrains.kotlin.load.java.NullabilityAnnotationStates                      : loaded 2 times (x 70B)
Class org.jetbrains.kotlin.com.intellij.psi.impl.java.stubs.PsiJavaModuleStub         : loaded 2 times (x 70B)
Class org.jetbrains.kotlin.com.intellij.psi.stubs.PsiFileStubImpl                     : loaded 2 times (x 162B)
Class org.jetbrains.kotlin.cli.common.ArgumentsKt                                     : loaded 2 times (x 71B)
Class org.jetbrains.kotlin.config.LanguageFeature$Companion                           : loaded 2 times (x 71B)
Class org.jetbrains.kotlin.com.intellij.psi.stubs.StubList                            : loaded 2 times (x 211B)
Class com.google.gson.internal.bind.CollectionTypeAdapterFactory$Adapter              : loaded 2 times (x 74B)
Class com.google.gson.internal.bind.TypeAdapters$8                                    : loaded 2 times (x 75B)
Class com.amazon.ion.impl.bin.WriteBuffer                                             : loaded 2 times (x 78B)
Class com.amazon.ion.impl.bin.IonManagedBinaryWriter                                  : loaded 2 times (x 166B)
Class org.jetbrains.plugins.gradle.tooling.serialization.internal.IdeaProjectSerializationService$WriteContext$8: loaded 2 times (x 83B)
Class gnu.trove.TObjectIntProcedure                                                   : loaded 2 times (x 70B)
Class [Lorg.gradle.api.JavaVersion;                                                   : loaded 2 times (x 69B)
Class org.gradle.tooling.model.idea.IdeaDependencyScope                               : loaded 2 times (x 70B)
Class org.gradle.internal.time.TimeSource                                             : loaded 2 times (x 70B)
Class org.gradle.tooling.model.kotlin.dsl.KotlinDslScriptsModel                       : loaded 2 times (x 70B)
Class [Lcom.google.common.collect.HashBiMap$BiEntry;                                  : loaded 2 times (x 69B)
Class com.google.common.reflect.Types$TypeVariableInvocationHandler                   : loaded 2 times (x 75B)
Class com.google.common.collect.ImmutableMapEntry                                     : loaded 2 times (x 85B)
Class org.jetbrains.kotlin.fir.scopes.impl.FirClassUseSiteMemberScope                 : loaded 2 times (x 92B)
Class org.jetbrains.kotlin.com.intellij.psi.impl.compiled.ClsJavaCodeReferenceElementImpl$Resolver: loaded 2 times (x 76B)
Class org.jetbrains.kotlin.com.intellij.psi.impl.source.tree.java.PsiCompositeModifierList: loaded 2 times (x 375B)
Class org.jetbrains.kotlin.com.intellij.psi.impl.compiled.ClsModifierListOwner        : loaded 2 times (x 70B)
Class org.jetbrains.kotlin.com.intellij.psi.impl.java.stubs.PsiClassStub              : loaded 2 times (x 70B)
Class org.jetbrains.kotlin.com.intellij.psi.impl.java.stubs.JavaStubElementTypes$3    : loaded 2 times (x 115B)
Class org.jetbrains.kotlin.com.intellij.psi.impl.java.stubs.MethodReferenceElementType: loaded 2 times (x 116B)
Class org.jetbrains.kotlin.load.java.structure.impl.classFiles.BinaryClassSignatureParser$JavaSignatureVariance: loaded 2 times (x 79B)
Class org.jetbrains.kotlin.fir.declarations.DeprecationsProviderImpl$special$$inlined$createCache$1: loaded 2 times (x 75B)
Class org.jetbrains.kotlin.name.StandardClassIds$Annotations$ParameterNames           : loaded 2 times (x 71B)
Class org.jetbrains.kotlin.fir.java.deserialization.AnnotationsLoader                 : loaded 2 times (x 72B)
Class org.jetbrains.org.objectweb.asm.Type                                            : loaded 2 times (x 72B)
Class org.jetbrains.kotlin.fir.declarations.synthetic.FirSyntheticPropertyAccessor    : loaded 2 times (x 222B)
Class org.jetbrains.kotlin.fir.resolve.transformers.plugin.FirSpecificAnnotationResolveTransformer: loaded 2 times (x 409B)
Class org.jetbrains.kotlin.com.intellij.psi.impl.source.tree.JavaDocElementTypeFactory: loaded 2 times (x 72B)
Class org.jetbrains.kotlin.fir.resolve.calls.overloads.ConeCompositeConflictResolver  : loaded 2 times (x 73B)
Class org.jetbrains.kotlin.parsing.DoNotBindAnything                                  : loaded 2 times (x 74B)
Class org.jetbrains.kotlin.fir.expressions.impl.FirEmptyExpressionBlock               : loaded 2 times (x 122B)
Class org.jetbrains.kotlin.fir.expressions.FirFunctionCallOrigin                      : loaded 2 times (x 79B)
Class org.jetbrains.kotlin.KtSourceElementKt                                          : loaded 2 times (x 71B)
Class org.jetbrains.kotlin.parsing.KotlinParsing$AnnotationParsingMode                : loaded 2 times (x 79B)
Class org.jetbrains.kotlin.fir.analysis.checkers.expression.FirPrivateToThisAccessChecker: loaded 2 times (x 77B)
Class org.jetbrains.kotlin.fir.analysis.checkers.expression.FirMissingDependencyClassProxy: loaded 2 times (x 70B)
Class org.jetbrains.kotlin.fir.session.SourcesToPathsMapper                           : loaded 2 times (x 72B)
Class org.jetbrains.kotlin.psi.KtCallExpression                                       : loaded 2 times (x 571B)
Class org.jetbrains.kotlin.psi.KtWhileExpressionBase                                  : loaded 2 times (x 441B)
Class org.jetbrains.kotlin.psi.KtEscapeStringTemplateEntry                            : loaded 2 times (x 445B)
Class org.jetbrains.kotlin.psi.KotlinStringLiteralTextEscaper                         : loaded 2 times (x 76B)
Class org.jetbrains.kotlin.psi.KtContextReceiver                                      : loaded 2 times (x 443B)
Class [Lorg.jetbrains.kotlin.psi.KtQualifiedExpression;                               : loaded 2 times (x 69B)
Class [Lorg.jetbrains.kotlin.psi.KtClass;                                             : loaded 2 times (x 69B)
Class org.jetbrains.kotlin.KtNodeType$KtLeftBoundNodeType                             : loaded 2 times (x 76B)
Class org.jetbrains.kotlin.lexer.KtSingleValueToken                                   : loaded 2 times (x 77B)
Class org.jetbrains.kotlin.fir.caches.FirCachesFactoryKt                              : loaded 2 times (x 71B)
Class org.jetbrains.kotlin.fir.types.impl.FirImplicitAnyTypeRef                       : loaded 2 times (x 107B)
Class org.jetbrains.kotlin.metadata.ProtoBuf$TypeParameterOrBuilder                   : loaded 2 times (x 70B)
Class org.jetbrains.kotlin.metadata.ProtoBuf$Property                                 : loaded 2 times (x 172B)
Class org.jetbrains.kotlin.resolve.jvm.modules.JavaModuleInfo$Companion$read$1$visitModule$1: loaded 2 times (x 81B)
Class [Lorg.jetbrains.kotlin.config.JvmClosureGenerationScheme;                       : loaded 2 times (x 69B)
Class org.jetbrains.kotlin.fir.extensions.FirExtensionRegistrarAdapter                : loaded 2 times (x 71B)
Class org.jetbrains.kotlin.extensions.PreprocessedVirtualFileFactoryExtension$Companion: loaded 2 times (x 72B)
Class org.jetbrains.kotlin.cli.jvm.compiler.jarfs.FastJarHandler                      : loaded 2 times (x 72B)
Class org.jetbrains.kotlin.com.intellij.psi.impl.source.resolve.JavaResolveCache      : loaded 2 times (x 74B)
Class org.jetbrains.kotlin.com.intellij.psi.PsiManager                                : loaded 2 times (x 113B)
Class org.jetbrains.kotlin.com.intellij.util.lang.ZipFilePool                         : loaded 2 times (x 72B)
Class [Lorg.jetbrains.kotlin.com.intellij.psi.PsiJavaReference;                       : loaded 2 times (x 69B)
Class org.jetbrains.kotlin.com.intellij.psi.presentation.java.VariablePresentationProvider: loaded 2 times (x 74B)
Class org.jetbrains.kotlin.com.intellij.openapi.command.CommandProcessorEx            : loaded 2 times (x 74B)
Class org.jetbrains.kotlin.com.intellij.openapi.progress.impl.CoreProgressManager$3   : loaded 2 times (x 89B)
Class org.jetbrains.kotlin.com.intellij.util.pico.AmbiguousComponentResolutionException: loaded 2 times (x 82B)
Class org.jetbrains.kotlin.com.intellij.util.containers.FastUtilHashingStrategies$2   : loaded 2 times (x 81B)
Class org.jetbrains.kotlin.backend.jvm.JvmLoweringPhasesKt$jvmFilePhases$37           : loaded 2 times (x 125B)
Class org.jetbrains.kotlin.config.AnalysisFlag$Delegates$ApiModeDisabledByDefault     : loaded 2 times (x 71B)
Class org.jetbrains.kotlin.config.LanguageVersionSettingsImpl                         : loaded 2 times (x 83B)
Class org.jetbrains.kotlin.it.unimi.dsi.fastutil.objects.Reference2ObjectMap$FastEntrySet: loaded 2 times (x 70B)
Class org.jetbrains.kotlin.util.CompilerType                                          : loaded 2 times (x 79B)
Class org.jetbrains.kotlin.name.FqName                                                : loaded 2 times (x 72B)
Class org.jetbrains.kotlin.fir.resolve.substitution.ConeSubstitutorByMapKt            : loaded 2 times (x 71B)
Class com.google.gson.internal.bind.TypeAdapters$9                                    : loaded 2 times (x 75B)
Class com.amazon.ion.impl.lite.IonBlobLite                                            : loaded 2 times (x 219B)
Class com.amazon.ion.impl.LocalSymbolTable                                            : loaded 2 times (x 121B)
Class org.jetbrains.plugins.gradle.tooling.serialization.SerializationService         : loaded 2 times (x 70B)
Class com.android.builder.model.v2.ide.TestInfo                                       : loaded 2 times (x 70B)
Class com.google.common.collect.ImmutableMap$MapViewOfValuesAsSingletonSets           : loaded 2 times (x 126B)
Class org.gradle.tooling.internal.gradle.GradleBuildIdentity                          : loaded 2 times (x 70B)
Class com.google.common.base.Predicates                                               : loaded 2 times (x 71B)
Class com.google.common.collect.ImmutableMultimap                                     : loaded 2 times (x 147B)
Class com.google.common.collect.ImmutableMapEntry$NonTerminalImmutableMapEntry        : loaded 2 times (x 85B)
Class com.google.common.base.Equivalence                                              : loaded 2 times (x 82B)
Class org.jetbrains.org.objectweb.asm.TypePath                                        : loaded 2 times (x 72B)
Class org.jetbrains.kotlin.fir.scopes.FirContainingNamesAwareScopeKt                  : loaded 2 times (x 71B)
Class org.jetbrains.kotlin.com.intellij.util.containers.ConcurrentIntObjectHashMap$EntrySetView: loaded 2 times (x 129B)
Class [Lorg.jetbrains.kotlin.com.intellij.util.containers.IntObjectMap$Entry;         : loaded 2 times (x 69B)
Class org.jetbrains.kotlin.com.intellij.psi.impl.java.stubs.SourceStubPsiFactory      : loaded 2 times (x 93B)
Class org.jetbrains.kotlin.com.intellij.psi.impl.java.stubs.JavaStubElementTypes$4    : loaded 2 times (x 115B)
Class org.jetbrains.kotlin.com.intellij.psi.SingleRootFileViewProvider                : loaded 2 times (x 160B)
Class [Lorg.jetbrains.kotlin.com.intellij.lang.jvm.JvmClass;                          : loaded 2 times (x 69B)
Class org.jetbrains.kotlin.fir.java.JavaAnnotationsMappingKt                          : loaded 2 times (x 71B)
Class org.jetbrains.kotlin.fir.deserialization.FirContractDeserializer                : loaded 2 times (x 77B)
Class org.jetbrains.kotlin.metadata.jvm.deserialization.UtfEncodingKt                 : loaded 2 times (x 71B)
Class org.jetbrains.kotlin.metadata.jvm.JvmProtoBuf$JvmFieldSignature$1               : loaded 2 times (x 144B)
Class org.jetbrains.kotlin.metadata.jvm.JvmProtoBuf$JvmMethodSignature                : loaded 2 times (x 108B)
Class org.jetbrains.kotlin.load.kotlin.header.ReadKotlinClassHeaderAnnotationVisitor$KotlinMetadataArgumentVisitor: loaded 2 times (x 86B)
Class org.jetbrains.kotlin.fir.CopyUtilsKt                                            : loaded 2 times (x 71B)
Class org.jetbrains.kotlin.fir.scopes.impl.FirExplicitStarImportingScope              : loaded 2 times (x 85B)
Class org.jetbrains.kotlin.com.intellij.psi.impl.source.BasicJavaDocElementType$JavaDocCompositeElementType: loaded 2 times (x 83B)
Class org.jetbrains.kotlin.fir.resolve.transformers.body.resolve.FirControlFlowStatementsResolveTransformer: loaded 2 times (x 396B)
Class [Lorg.jetbrains.kotlin.fir.resolve.dfa.cfg.FunctionCallArgumentsExitNode;       : loaded 2 times (x 69B)
Class org.jetbrains.kotlin.fir.resolve.transformers.FirStatusResolver                 : loaded 2 times (x 72B)
Class org.jetbrains.kotlin.KtFakeSourceElementKind$DesugaredComponentFunctionCall     : loaded 2 times (x 72B)
Class org.jetbrains.kotlin.KtFakeSourceElementKind$DesugaredSafeCallExpression        : loaded 2 times (x 72B)
Class org.jetbrains.kotlin.KtFakeSourceElementKind$ArrayAccessNameReference           : loaded 2 times (x 72B)
Class org.jetbrains.kotlin.fir.references.impl.FirDelegateFieldReferenceImpl          : loaded 2 times (x 91B)
Class org.jetbrains.kotlin.KtFakeSourceElementKind$DelegatedPropertyAccessor          : loaded 2 times (x 72B)
Class org.jetbrains.kotlin.fir.declarations.builder.FirEnumEntryBuilder               : loaded 2 times (x 76B)
Class [Lorg.jetbrains.kotlin.fir.expressions.FirOperation;                            : loaded 2 times (x 69B)
Class org.jetbrains.kotlin.com.google.common.collect.ImmutableMapKeySet               : loaded 2 times (x 152B)
Class org.jetbrains.kotlin.parsing.Consumer                                           : loaded 2 times (x 70B)
Class [Lorg.jetbrains.kotlin.fir.analysis.checkers.config.FirLanguageVersionSettingsChecker;: loaded 2 times (x 69B)
Class org.jetbrains.kotlin.fir.analysis.jvm.checkers.declaration.FirJvmThrowsChecker  : loaded 2 times (x 77B)
Class org.jetbrains.kotlin.fir.expressions.FirDelegatedConstructorCall                : loaded 2 times (x 166B)
Class org.jetbrains.kotlin.fir.analysis.checkers.declaration.FirMemberFunctionsChecker: loaded 2 times (x 77B)
Class org.jetbrains.kotlin.fir.resolve.providers.impl.FirProviderImpl$State           : loaded 2 times (x 72B)
Class [Lorg.jetbrains.kotlin.fir.declarations.impl.FirDeclarationStatusImpl$Modifier; : loaded 2 times (x 69B)
Class com.google.common.collect.RegularImmutableMap                                   : loaded 2 times (x 121B)
Class org.jetbrains.kotlin.resolve.ImportPath                                         : loaded 2 times (x 72B)
Class org.jetbrains.kotlin.psi.stubs.KotlinConstantExpressionStub                     : loaded 2 times (x 70B)
Class org.jetbrains.kotlin.psi.KtImportAlias                                          : loaded 2 times (x 560B)
Class [Lorg.jetbrains.kotlin.psi.KtTypeParameter;                                     : loaded 2 times (x 69B)
Class org.jetbrains.kotlin.com.intellij.psi.tree.ICompositeElementType                : loaded 2 times (x 70B)
Class org.jetbrains.kotlin.container.UnresolvedServiceException                       : loaded 2 times (x 82B)
Class org.jetbrains.kotlin.metadata.ProtoBuf$TypeTable                                : loaded 2 times (x 109B)
Class org.jetbrains.kotlin.protobuf.MessageLiteOrBuilder                              : loaded 2 times (x 70B)
Class org.jetbrains.kotlin.serialization.deserialization.DeserializationConfiguration : loaded 2 times (x 70B)
Class org.jetbrains.kotlin.com.intellij.openapi.util.io.FileUtil                      : loaded 2 times (x 71B)
Class org.jetbrains.kotlin.com.google.common.primitives.Longs                         : loaded 2 times (x 71B)
Class org.jetbrains.kotlin.fir.extensions.FirScriptResolutionConfigurationExtension   : loaded 2 times (x 76B)
Class org.jetbrains.kotlin.com.intellij.openapi.vfs.PersistentFSConstants             : loaded 2 times (x 71B)
Class org.jetbrains.kotlin.it.unimi.dsi.fastutil.objects.ObjectOpenHashSet            : loaded 2 times (x 184B)
Class org.jetbrains.kotlin.com.intellij.core.CoreJavaCodeStyleManager$1               : loaded 2 times (x 207B)
Class org.jetbrains.kotlin.com.intellij.psi.impl.source.resolve.JavaResolveCache$1    : loaded 2 times (x 78B)
Class org.jetbrains.kotlin.com.intellij.psi.util.CachedValueProvider                  : loaded 2 times (x 70B)
Class org.jetbrains.kotlin.com.intellij.openapi.vfs.NonPhysicalFileSystem             : loaded 2 times (x 70B)
Class org.gradle.tooling.internal.adapter.TargetTypeProvider                          : loaded 2 times (x 70B)
Class com.android.builder.model.v2.ide.AndroidArtifact                                : loaded 2 times (x 70B)
Class org.jetbrains.kotlin.com.intellij.pom.PomNamedTarget                            : loaded 2 times (x 70B)
Class org.jetbrains.kotlin.com.intellij.openapi.progress.impl.CoreProgressManager     : loaded 2 times (x 113B)
Class org.jetbrains.kotlin.ir.declarations.IrDeclarationContainer                     : loaded 2 times (x 70B)
Class org.jetbrains.kotlin.backend.jvm.JvmLoweringPhasesKt$jvmFilePhases$38           : loaded 2 times (x 125B)
Class org.jetbrains.kotlin.backend.jvm.lower.RemoveDuplicatedInlinedLocalClassesLowering: loaded 2 times (x 80B)
Class org.jetbrains.kotlin.config.AnalysisFlag$Delegates$Boolean$Companion            : loaded 2 times (x 71B)
Class kotlin.reflect.jvm.internal.KCallableImpl$_returnType$1                         : loaded 2 times (x 79B)
Class org.jetbrains.kotlin.config.LanguageFeatureBehaviorAfterSinceVersion$CannotBeDisabled: loaded 2 times (x 71B)
Class org.jetbrains.kotlin.name.ClassId$Companion                                     : loaded 2 times (x 71B)
Class ijInit1_euhkwxofpde901wxcxx9zq2tr                                               : loaded 2 times (x 171B)
Class com.google.gson.JsonParseException                                              : loaded 2 times (x 82B)
Class com.amazon.ion.IonList                                                          : loaded 2 times (x 70B)
Class org.jetbrains.plugins.gradle.tooling.serialization.internal.adapter.Supplier    : loaded 2 times (x 70B)
Class com.android.builder.model.v2.ide.JavaCompileOptions                             : loaded 2 times (x 70B)
Class org.jetbrains.plugins.gradle.model.GradleExtensions                             : loaded 2 times (x 70B)
Class org.gradle.tooling.internal.adapter.ProtocolToModelAdapter$MixInMappingAction   : loaded 2 times (x 80B)
Class org.gradle.internal.exceptions.ResolutionProvider                               : loaded 2 times (x 70B)
Class com.google.common.collect.IndexedImmutableSet$1                                 : loaded 2 times (x 213B)
Class com.google.common.cache.CacheBuilder$OneWeigher                                 : loaded 2 times (x 82B)
Class org.jetbrains.plugins.gradle.model.AnnotationProcessingModel                    : loaded 2 times (x 70B)
Class com.amazon.ion.system.IonBinaryWriterBuilder                                    : loaded 2 times (x 99B)
Class org.jetbrains.kotlin.fir.scopes.impl.AbstractFirUseSiteMemberScope              : loaded 2 times (x 92B)
Class org.jetbrains.kotlin.fir.resolve.transformers.FirSealedClassInheritorsProcessor$InheritorsCollector: loaded 2 times (x 229B)
Class org.jetbrains.kotlin.com.intellij.psi.EmptySubstitutor$Holder                   : loaded 2 times (x 71B)
Class org.jetbrains.kotlin.com.intellij.util.CachedValueLeakChecker                   : loaded 2 times (x 71B)
Class org.jetbrains.kotlin.com.intellij.psi.impl.compiled.ClsRepositoryPsiElement     : loaded 2 times (x 412B)
Class org.jetbrains.kotlin.com.intellij.psi.impl.java.stubs.JavaStubElementTypes$5    : loaded 2 times (x 115B)
Class org.jetbrains.kotlin.com.intellij.psi.PsiBinaryFile                             : loaded 2 times (x 70B)
Class org.jetbrains.kotlin.load.java.structure.impl.classFiles.BinaryJavaConstructor  : loaded 2 times (x 129B)
Class org.jetbrains.kotlin.fir.java.enhancement.FirEmptyJavaDeclarationList           : loaded 2 times (x 74B)
Class org.jetbrains.kotlin.load.kotlin.FileBasedKotlinClass                           : loaded 2 times (x 88B)
Class org.jetbrains.kotlin.fir.resolve.providers.impl.AbstractFirBuiltinSymbolProvider$BuiltInsPackageFragmentWrapper: loaded 2 times (x 72B)
Class org.jetbrains.kotlin.fir.resolve.calls.overloads.ConeCallConflictResolverKt     : loaded 2 times (x 71B)
Class org.jetbrains.kotlin.fir.resolve.transformers.body.resolve.FirArrayOfCallTransformer$Companion: loaded 2 times (x 71B)
Class org.jetbrains.kotlin.fir.util.PersistentSetMultimap                             : loaded 2 times (x 72B)
Class org.jetbrains.kotlin.fir.resolve.transformers.plugin.FirCompilerRequiredAnnotationsResolveProcessor: loaded 2 times (x 75B)
Class org.jetbrains.kotlin.fir.impl.FirFunctionTypeParameterImpl                      : loaded 2 times (x 90B)
Class org.jetbrains.kotlin.fir.expressions.builder.FirWhenSubjectExpressionBuilder    : loaded 2 times (x 101B)
Class org.jetbrains.kotlin.fir.expressions.FirWrappedDelegateExpression               : loaded 2 times (x 119B)
Class org.jetbrains.kotlin.com.google.common.collect.ImmutableSet$EmptySetBuilderImpl : loaded 2 times (x 76B)
Class org.jetbrains.kotlin.types.ConstantValueKind$IntegerLiteral                     : loaded 2 times (x 72B)
Class org.jetbrains.kotlin.fir.symbols.impl.FirReceiverParameterSymbol                : loaded 2 times (x 76B)
Class org.jetbrains.kotlin.fir.IsJavaRecordKey                                        : loaded 2 times (x 71B)
Class org.jetbrains.kotlin.fir.declarations.impl.FirPrimaryConstructor                : loaded 2 times (x 211B)
Class org.jetbrains.kotlin.fir.builder.FirPackageDirectiveBuilder                     : loaded 2 times (x 72B)
Class org.jetbrains.kotlin.fir.lightTree.LightTreeParsingErrorListenerKt$toKotlinParsingErrorListener$diagnosticContext$1: loaded 2 times (x 77B)
Class com.amazon.ion.impl.bin.IonManagedBinaryWriter$UserState$4                      : loaded 2 times (x 85B)
Class org.jetbrains.kotlin.fir.analysis.jvm.checkers.declaration.FirJvmExposeBoxedChecker: loaded 2 times (x 77B)
Class org.jetbrains.kotlin.fir.analysis.checkers.declaration.FirTypeParameterVarianceChecker: loaded 2 times (x 77B)
Class org.jetbrains.kotlin.fir.analysis.checkers.expression.ExpressionCheckers$Companion: loaded 2 times (x 71B)
Class org.jetbrains.kotlin.builtins.functions.FunctionTypeKind$Function               : loaded 2 times (x 77B)
Class org.jetbrains.kotlin.fir.scopes.FirTypeScope                                    : loaded 2 times (x 84B)
Class org.jetbrains.kotlin.psi.KtWhenEntry                                            : loaded 2 times (x 383B)
Class [Lorg.jetbrains.kotlin.psi.KtFunction;                                          : loaded 2 times (x 69B)
Class org.jetbrains.kotlin.psi.stubs.elements.KtBlockStringTemplateEntryElementType   : loaded 2 times (x 100B)
Class org.jetbrains.kotlin.psi.stubs.elements.KtFunctionTypeElementType               : loaded 2 times (x 100B)
Class org.jetbrains.kotlin.psi.KtTypeParameterListOwnerStub                           : loaded 2 times (x 996B)
Class org.jetbrains.kotlin.fir.FirPlatformSpecificCastChecker                         : loaded 2 times (x 72B)
Class org.jetbrains.kotlin.fir.declarations.FirTypeParameterRefsOwner                 : loaded 2 times (x 70B)
Class org.jetbrains.kotlin.types.model.TypeSystemCommonSuperTypesContext              : loaded 2 times (x 70B)
Class org.jetbrains.kotlin.fir.extensions.FirPredicateBasedProviderImpl               : loaded 2 times (x 77B)
Class org.jetbrains.kotlin.util.ArrayMapImpl                                          : loaded 2 times (x 84B)
Class org.jetbrains.kotlin.metadata.ProtoBuf$AnnotationOrBuilder                      : loaded 2 times (x 70B)
Class org.jetbrains.kotlin.protobuf.WireFormat$FieldType                              : loaded 2 times (x 83B)
Class org.jetbrains.kotlin.cli.jvm.compiler.VfsBasedProjectEnvironmentKt              : loaded 2 times (x 71B)
Class [Lorg.jetbrains.kotlin.it.unimi.dsi.fastutil.objects.Object2ObjectFunction;     : loaded 2 times (x 69B)
Class org.jetbrains.kotlin.cli.jvm.compiler.ClasspathRootsResolver$RootsAndModules    : loaded 2 times (x 72B)
Class org.jetbrains.kotlin.fir.extensions.FirAnalysisHandlerExtension                 : loaded 2 times (x 73B)
Class org.jetbrains.kotlin.asJava.KotlinAsJavaSupportBase                             : loaded 2 times (x 104B)
Class org.jetbrains.kotlin.com.intellij.core.CoreJavaCodeStyleManager$2               : loaded 2 times (x 73B)
Class org.jetbrains.kotlin.com.intellij.psi.impl.PsiTreeChangePreprocessor            : loaded 2 times (x 70B)
Class org.jetbrains.kotlin.com.intellij.lang.jvm.JvmMethod                            : loaded 2 times (x 70B)
Class org.jetbrains.kotlin.com.intellij.pom.PomRenameableTarget                       : loaded 2 times (x 70B)
Class [Lorg.jetbrains.kotlin.com.intellij.openapi.extensions.impl.ExtensionComponentAdapter;: loaded 2 times (x 69B)
Class org.jetbrains.kotlin.com.intellij.openapi.fileTypes.PlainTextParserDefinition$1 : loaded 2 times (x 84B)
Class org.jetbrains.kotlin.com.intellij.platform.diagnostic.telemetry.TelemetryManager: loaded 2 times (x 70B)
Class org.jetbrains.kotlin.com.intellij.lang.PsiBuilderFactory                        : loaded 2 times (x 76B)
Class com.google.gson.stream.MalformedJsonException                                   : loaded 2 times (x 82B)
Class org.jetbrains.kotlin.config.JvmSerializeIrMode$Companion                        : loaded 2 times (x 71B)
Class org.jetbrains.kotlin.backend.jvm.JvmLoweringPhasesKt$jvmFilePhases$39           : loaded 2 times (x 125B)
Class org.jetbrains.kotlin.cli.common.arguments.CommonCompilerArgumentsConfiguratorKt : loaded 2 times (x 71B)
Class org.jetbrains.kotlin.util.PhaseType                                             : loaded 2 times (x 79B)
Class org.jetbrains.plugins.gradle.model.UnresolvedExternalDependency                 : loaded 2 times (x 70B)
Class com.amazon.ion.IonSystem                                                        : loaded 2 times (x 70B)
Class com.amazon.ion.impl.bin.IonManagedBinaryWriter$ImportedSymbolContext            : loaded 2 times (x 72B)
Class kotlin.text.MatchResult$DefaultImpls                                            : loaded 2 times (x 71B)
Class org.gradle.tooling.model.idea.IdeaCompilerOutput                                : loaded 2 times (x 70B)
Class org.gradle.tooling.model.ProjectIdentifier                                      : loaded 2 times (x 70B)
Class com.google.common.collect.Maps$EntryFunction                                    : loaded 2 times (x 91B)
Class com.google.common.reflect.Types$ClassOwnership$1LocalClass                      : loaded 2 times (x 71B)
Class org.gradle.internal.classloader.ClasspathUtil                                   : loaded 2 times (x 71B)
Class org.jetbrains.kotlin.com.intellij.psi.impl.java.stubs.PsiPackageAccessibilityStatementStub: loaded 2 times (x 70B)
Class org.jetbrains.kotlin.com.intellij.psi.impl.java.stubs.JavaStubElementTypes$6    : loaded 2 times (x 115B)
Class org.jetbrains.kotlin.io.vavr.collection.Seq                                     : loaded 2 times (x 70B)
Class org.jetbrains.kotlin.types.ConstantValueKind$Char                               : loaded 2 times (x 72B)
Class org.jetbrains.kotlin.fir.java.deserialization.JvmBinaryAnnotationDeserializerKt$loadMemberAnnotations$1: loaded 2 times (x 76B)
Class org.jetbrains.kotlin.metadata.jvm.deserialization.JvmMemberSignature            : loaded 2 times (x 74B)
Class org.jetbrains.kotlin.fir.deserialization.FirDeserializationUtilsKt              : loaded 2 times (x 71B)
Class org.jetbrains.kotlin.cli.common.arguments.Enables$Container                     : loaded 2 times (x 70B)
Class org.jetbrains.kotlin.metadata.ProtoBuf$TypeAlias                                : loaded 2 times (x 140B)
Class org.jetbrains.kotlin.load.kotlin.header.KotlinClassHeader$Kind                  : loaded 2 times (x 79B)
Class org.jetbrains.kotlin.load.kotlin.KotlinJvmBinaryClass$AnnotationArgumentVisitor : loaded 2 times (x 70B)
Class org.jetbrains.kotlin.fir.declarations.builder.FirResolvedImportBuilder          : loaded 2 times (x 72B)
Class org.jetbrains.kotlin.com.intellij.psi.impl.source.tree.JavaDocElementType$1     : loaded 2 times (x 98B)
Class org.jetbrains.kotlin.com.intellij.psi.impl.source.BasicJavaDocElementType$DocCommentElementType: loaded 2 times (x 98B)
Class org.jetbrains.kotlin.fir.resolve.SupertypeSupplier                              : loaded 2 times (x 73B)
Class org.jetbrains.kotlin.fir.expressions.impl.FirComponentCallImpl                  : loaded 2 times (x 184B)
Class org.jetbrains.kotlin.fir.declarations.utils.KlibSourceFile                      : loaded 2 times (x 71B)
Class org.jetbrains.kotlin.com.intellij.lang.impl.MarkerOptionalData                  : loaded 2 times (x 99B)
Class org.jetbrains.kotlin.fir.analysis.checkers.CliOnlyLanguageVersionSettingsCheckers: loaded 2 times (x 73B)
Class org.jetbrains.kotlin.fir.analysis.checkers.expression.FirForLoopStatementAssignmentChecker: loaded 2 times (x 77B)
Class org.jetbrains.kotlin.fir.analysis.checkers.expression.FirConventionFunctionCallChecker: loaded 2 times (x 77B)
Class org.jetbrains.kotlin.fir.analysis.checkers.expression.FirProjectionsOnNonClassTypeArgumentChecker: loaded 2 times (x 77B)
Class org.jetbrains.kotlin.fir.analysis.checkers.declaration.FirValueClassDeclarationChecker$ForExpectClass: loaded 2 times (x 78B)
Class org.jetbrains.kotlin.metadata.ProtoBuf$PackageFragment                          : loaded 2 times (x 125B)
Class [Lorg.jetbrains.kotlin.psi.KtStringInterpolationPrefix;                         : loaded 2 times (x 69B)
Class org.jetbrains.kotlin.psi.KtContractEffectList                                   : loaded 2 times (x 443B)
Class [Lorg.jetbrains.kotlin.psi.KtNamed;                                             : loaded 2 times (x 69B)
Class org.jetbrains.kotlin.resolve.checkers.SuspendLimitationsChecker                 : loaded 2 times (x 74B)
Class org.jetbrains.kotlin.fir.types.FirMissingDependencyStorage$cache$1              : loaded 2 times (x 75B)
Class org.jetbrains.kotlin.fir.types.FirCorrespondingSupertypesCache                  : loaded 2 times (x 72B)
Class [Lorg.jetbrains.kotlin.metadata.ProtoBuf$QualifiedNameTable$QualifiedName$Kind; : loaded 2 times (x 69B)
Class [Lorg.jetbrains.kotlin.metadata.ProtoBuf$TypeParameter$Variance;                : loaded 2 times (x 69B)
Class org.jetbrains.kotlin.metadata.ProtoBuf$Constructor                              : loaded 2 times (x 130B)
Class org.jetbrains.kotlin.fir.caches.FirCachesFactory                                : loaded 2 times (x 78B)
Class org.jetbrains.kotlin.fir.DependencyListForCliModule$Builder$BuilderForDefaultDependenciesModule: loaded 2 times (x 72B)
Class org.jetbrains.kotlin.platform.JsPlatformKt                                      : loaded 2 times (x 71B)
Class org.jetbrains.kotlin.resolve.jvm.modules.JavaModuleInfo$Requires                : loaded 2 times (x 72B)
Class org.jetbrains.kotlin.cli.jvm.modules.JavaVersionUtilsKt                         : loaded 2 times (x 71B)
Class org.jetbrains.kotlin.resolve.jvm.KotlinJavaPsiFacade$KotlinPsiElementFinderWrapper: loaded 2 times (x 70B)
Class org.jetbrains.kotlin.extensions.CollectAdditionalSourcesExtension               : loaded 2 times (x 70B)
Class org.jetbrains.kotlin.com.intellij.psi.search.GlobalSearchScope$AbstractFilesScope: loaded 2 times (x 105B)
Class org.jetbrains.kotlin.kotlinx.collections.immutable.ImmutableMap                 : loaded 2 times (x 70B)
Class org.jetbrains.kotlin.com.intellij.openapi.extensions.ExtensionPointDescriptor   : loaded 2 times (x 72B)
Class [Lorg.jetbrains.kotlin.config.JvmTarget;                                        : loaded 2 times (x 69B)
Class org.jetbrains.kotlin.com.intellij.openapi.project.PossiblyDumbAware             : loaded 2 times (x 70B)
Class org.jetbrains.kotlin.com.intellij.lang.jvm.JvmMember                            : loaded 2 times (x 70B)
Class [Lorg.jetbrains.kotlin.com.intellij.openapi.extensions.LoadingOrder$Orderable;  : loaded 2 times (x 69B)
Class org.jetbrains.kotlin.com.intellij.util.ConcurrentLongObjectHashMap$CounterCell  : loaded 2 times (x 71B)
Class org.jetbrains.kotlin.com.intellij.openapi.progress.PerformInBackgroundOption    : loaded 2 times (x 70B)
Class org.jetbrains.kotlin.com.intellij.openapi.util.UserDataHolderUnprotected        : loaded 2 times (x 70B)
Class org.jetbrains.kotlin.kotlinx.collections.immutable.implementations.immutableList.AbstractPersistentList: loaded 2 times (x 298B)
Class org.jetbrains.kotlin.config.JvmAbiStability$Companion                           : loaded 2 times (x 71B)
Class org.jetbrains.kotlin.com.intellij.openapi.extensions.ExtensionPointName         : loaded 2 times (x 72B)
Class org.jetbrains.kotlin.backend.jvm.lower.JvmStaticInObjectLowering                : loaded 2 times (x 80B)
Class org.jetbrains.kotlin.ir.declarations.IrMetadataSourceOwner                      : loaded 2 times (x 70B)
Class kotlin.reflect.jvm.internal.impl.builtins.PrimitiveType$typeFqName$2            : loaded 2 times (x 79B)
Class org.jetbrains.kotlin.it.unimi.dsi.fastutil.objects.ObjectSet                    : loaded 2 times (x 70B)
Class kotlin.jvm.internal.RepeatableContainer                                         : loaded 2 times (x 70B)
Class org.jetbrains.kotlin.it.unimi.dsi.fastutil.Hash$Strategy                        : loaded 2 times (x 70B)
Class org.jetbrains.kotlin.com.google.common.collect.AbstractMultimap                 : loaded 2 times (x 123B)
Class com.intellij.gradle.toolingExtension.impl.model.sourceSetModel.GradleSourceSetSerialisationService: loaded 2 times (x 77B)
Class com.android.builder.model.v2.ide.ComponentInfo                                  : loaded 2 times (x 70B)
Class com.android.builder.model.v2.ide.ProjectType                                    : loaded 2 times (x 79B)
Class com.google.common.collect.ComparisonChain                                       : loaded 2 times (x 80B)
Class org.jetbrains.kotlin.tooling.core.HasExtras                                     : loaded 2 times (x 70B)
Class com.google.common.util.concurrent.Uninterruptibles                              : loaded 2 times (x 71B)
Class org.jetbrains.kotlin.com.intellij.psi.impl.java.stubs.JavaStubElementTypes$7    : loaded 2 times (x 115B)
Class org.jetbrains.kotlin.com.intellij.psi.impl.source.BasicJavaElementType$JavaDummyElementType: loaded 2 times (x 90B)
Class org.jetbrains.kotlin.com.intellij.psi.impl.java.stubs.JavaNameValuePairType     : loaded 2 times (x 109B)
Class org.jetbrains.kotlin.fir.java.deserialization.AnnotationsLoader$AnnotationsLoaderVisitorImpl$visitArray$1: loaded 2 times (x 79B)
Class org.jetbrains.kotlin.serialization.deserialization.ValueClassUtilKt             : loaded 2 times (x 71B)
Class org.jetbrains.kotlin.fir.resolve.ScopeUtilsKt                                   : loaded 2 times (x 71B)
Class org.jetbrains.kotlin.metadata.jvm.JvmProtoBuf$JvmMethodSignature$Builder        : loaded 2 times (x 134B)
Class org.jetbrains.kotlin.metadata.jvm.JvmProtoBuf$JvmFieldSignatureOrBuilder        : loaded 2 times (x 70B)
Class org.jetbrains.kotlin.fir.resolve.providers.impl.FirTypeCandidateCollector$TypeCandidate: loaded 2 times (x 74B)
Class org.jetbrains.kotlin.fir.scopes.impl.FirAbstractProviderBasedScope              : loaded 2 times (x 80B)
Class org.jetbrains.kotlin.fir.resolve.transformers.plugin.CompilerRequiredAnnotationsComputationSession: loaded 2 times (x 76B)
Class org.jetbrains.kotlin.fir.resolve.transformers.FirConstantEvaluationBodyResolveTransformer: loaded 2 times (x 386B)
Class org.jetbrains.kotlin.fir.resolve.transformers.FirSupertypeResolverProcessor     : loaded 2 times (x 76B)
Class org.jetbrains.kotlin.fir.expressions.builder.FirLoopJumpBuilder                 : loaded 2 times (x 70B)
Class org.jetbrains.kotlin.fir.expressions.builder.FirWhenExpressionBuilder           : loaded 2 times (x 84B)
Class org.jetbrains.kotlin.fir.builder.AbstractRawFirBuilder$ForbiddenLabelKind       : loaded 2 times (x 79B)
Class org.jetbrains.kotlin.fir.builder.AbstractRawFirBuilderKt                        : loaded 2 times (x 71B)
Class org.jetbrains.kotlin.fir.expressions.FirEmptyArgumentList                       : loaded 2 times (x 89B)
Class org.jetbrains.kotlin.psi.KtVisitor                                              : loaded 2 times (x 192B)
Class org.jetbrains.kotlin.fir.builder.Context                                        : loaded 2 times (x 72B)
Class org.jetbrains.kotlin.com.intellij.lang.impl.PsiBuilderImpl$SingleLexemeNode     : loaded 2 times (x 99B)
Class org.jetbrains.kotlin.com.intellij.lang.impl.PsiBuilderImpl$TokenRange           : loaded 2 times (x 95B)
Class org.jetbrains.kotlin.fir.analysis.extensions.FirAdditionalCheckersExtensionKt   : loaded 2 times (x 71B)
Class org.jetbrains.kotlin.fir.analysis.checkers.expression.FirExpressionWithErrorTypeChecker: loaded 2 times (x 77B)
Class org.jetbrains.kotlin.fir.symbols.impl.FirVariableSymbol                         : loaded 2 times (x 76B)
Class org.jetbrains.kotlin.fir.analysis.checkers.declaration.FirInlinedLambdaNonSourceAnnotationsChecker: loaded 2 times (x 77B)
Class org.jetbrains.kotlin.fir.analysis.checkers.declaration.FirDataClassConsistentDataCopyAnnotationChecker: loaded 2 times (x 77B)
Class org.jetbrains.kotlin.fir.analysis.checkers.declaration.FirOverrideChecker       : loaded 2 times (x 78B)
Class org.jetbrains.kotlin.fir.expressions.FirReturnExpression                        : loaded 2 times (x 121B)
Class org.jetbrains.kotlin.fir.java.deserialization.FirJvmClasspathBuiltinSymbolProvider: loaded 2 times (x 84B)
Class org.jetbrains.kotlin.metadata.ProtoBuf$PackageFragment$1                        : loaded 2 times (x 144B)
Class org.jetbrains.kotlin.fir.extensions.FirExtensionRegistrarKt                     : loaded 2 times (x 71B)
Class org.jetbrains.kotlin.fir.scopes.jvm.FirJvmDelegatedMembersFilter$Companion      : loaded 2 times (x 71B)
Class org.jetbrains.kotlin.resolve.scopes.receivers.ReceiverValue                     : loaded 2 times (x 70B)
Class [Lorg.jetbrains.kotlin.psi.KtAnnotationUseSiteTarget;                           : loaded 2 times (x 69B)
Class org.jetbrains.kotlin.psi.KtClassInitializer                                     : loaded 2 times (x 784B)
Class [Lorg.jetbrains.kotlin.com.intellij.psi.PsiNameIdentifierOwner;                 : loaded 2 times (x 69B)
Class org.jetbrains.kotlin.mpp.FunctionSymbolMarker                                   : loaded 2 times (x 70B)
Class org.jetbrains.kotlin.fir.declarations.FirDeclaration                            : loaded 2 times (x 106B)
Class org.jetbrains.kotlin.fir.symbols.FirLazyDeclarationResolver                     : loaded 2 times (x 77B)
Class org.jetbrains.kotlin.metadata.ProtoBuf$VersionRequirementTableOrBuilder         : loaded 2 times (x 70B)
Class org.jetbrains.org.objectweb.asm.ModuleVisitor                                   : loaded 2 times (x 81B)
Class org.jetbrains.kotlin.com.intellij.psi.impl.PsiElementBase                       : loaded 2 times (x 291B)
Class org.jetbrains.kotlin.com.intellij.psi.impl.source.JavaDummyHolder               : loaded 2 times (x 798B)
Class org.jetbrains.kotlin.com.intellij.util.containers.ConcurrentSoftKeySoftValueHashMap: loaded 2 times (x 149B)
Class org.jetbrains.kotlin.com.intellij.psi.impl.file.impl.FileManagerImpl            : loaded 2 times (x 84B)
Class org.jetbrains.kotlin.com.intellij.openapi.roots.FileIndexFacade                 : loaded 2 times (x 84B)
Class org.jetbrains.kotlin.com.fasterxml.aalto.in.ByteBasedPName                      : loaded 2 times (x 79B)
Class org.jetbrains.kotlin.com.intellij.util.xml.dom.XmlInterner                      : loaded 2 times (x 70B)
Class org.jetbrains.kotlin.com.intellij.util.QueryExecutor                            : loaded 2 times (x 70B)
Class [Lorg.jetbrains.kotlin.kotlinx.collections.immutable.implementations.immutableSet.TrieNodeIterator;: loaded 2 times (x 69B)
Class org.jetbrains.kotlin.com.intellij.openapi.extensions.impl.BeanExtensionPoint    : loaded 2 times (x 91B)
Class org.jetbrains.kotlin.com.intellij.openapi.extensions.ExtensionPoint$Kind        : loaded 2 times (x 79B)
Class [Lorg.jetbrains.kotlin.com.intellij.openapi.util.Key;                           : loaded 2 times (x 69B)
Class org.jetbrains.kotlin.cli.jvm.compiler.IdeaStandaloneExecutionSetup              : loaded 2 times (x 71B)
Class org.jetbrains.kotlin.backend.jvm.lower.JvmSafeCallChainFoldingLowering          : loaded 2 times (x 80B)
Class org.jetbrains.kotlin.backend.common.lower.DefaultArgumentStubGenerator          : loaded 2 times (x 96B)
Class org.jetbrains.kotlin.backend.jvm.lower.PolymorphicSignatureLowering             : loaded 2 times (x 256B)
Class org.jetbrains.kotlin.com.google.common.collect.Multiset                         : loaded 2 times (x 70B)
Class org.jetbrains.kotlin.com.google.common.collect.CollectPreconditions             : loaded 2 times (x 71B)
Class org.jetbrains.kotlin.it.unimi.dsi.fastutil.ints.o                               : loaded 2 times (x 118B)
Class org.jetbrains.kotlin.com.intellij.openapi.diagnostic.ControlFlowException       : loaded 2 times (x 70B)
Class com.amazon.ion.impl.lite.IonIntLite                                             : loaded 2 times (x 189B)
Class com.amazon.ion.impl._Private_IonReaderBuilder$TwoElementInputStream             : loaded 2 times (x 92B)
Class com.amazon.ion.util._Private_FastAppendable                                     : loaded 2 times (x 70B)
Class [Lcom.amazon.ion.impl.bin.IonRawBinaryWriter$PreallocationMode;                 : loaded 2 times (x 69B)
Class com.android.builder.model.v2.dsl.BaseConfig                                     : loaded 2 times (x 70B)
Class org.gradle.internal.time.TimeSource$1                                           : loaded 2 times (x 77B)
Class com.google.common.util.concurrent.LazyLogger                                    : loaded 2 times (x 72B)
Class com.google.common.collect.Maps                                                  : loaded 2 times (x 71B)
Class org.gradle.api.specs.Spec                                                       : loaded 2 times (x 70B)
Class org.jetbrains.kotlin.config.JvmAnalysisFlags$Delegates$JavaTypeEnhancementStateNullByDefault: loaded 2 times (x 71B)
Class [Lorg.jetbrains.kotlin.com.intellij.psi.infos.CandidateInfo;                    : loaded 2 times (x 69B)
Class [Lorg.jetbrains.kotlin.com.intellij.psi.PsiTypeElement;                         : loaded 2 times (x 69B)
Class org.jetbrains.kotlin.com.intellij.psi.impl.java.stubs.JavaStubElementTypes$8    : loaded 2 times (x 115B)
Class org.jetbrains.kotlin.com.intellij.util.CachedValueBase                          : loaded 2 times (x 84B)
Class org.jetbrains.kotlin.load.java.structure.impl.classFiles.AnnotationsAndParameterCollectorMethodVisitor: loaded 2 times (x 106B)
Class org.jetbrains.kotlin.fir.types.ConeBuiltinTypeUtilsKt                           : loaded 2 times (x 71B)
Class org.jetbrains.kotlin.load.kotlin.header.KotlinClassHeader                       : loaded 2 times (x 72B)
Class org.jetbrains.kotlin.fir.FirVisibilityCheckerKt                                 : loaded 2 times (x 71B)
Class org.jetbrains.kotlin.fir.scopes.impl.DefaultStarImportingScopeMarker            : loaded 2 times (x 70B)
Class org.jetbrains.kotlin.fir.resolve.transformers.FirWhenExhaustivenessTransformer$Companion: loaded 2 times (x 71B)
Class org.jetbrains.kotlin.fir.FirExpectActualMatchingContextKt                       : loaded 2 times (x 71B)
Class org.jetbrains.kotlin.com.google.common.collect.ImmutableSet$SetBuilderImpl      : loaded 2 times (x 76B)
Class org.jetbrains.kotlin.fir.expressions.impl.FirPropertyAccessExpressionImpl       : loaded 2 times (x 161B)
Class [Lorg.jetbrains.kotlin.fir.builder.AbstractRawFirBuilder$ValueParameterDeclaration;: loaded 2 times (x 69B)
Class org.jetbrains.kotlin.fir.builder.ConversionUtilsKt$pullUpSafeCallIfNecessary$1  : loaded 2 times (x 127B)
Class org.jetbrains.kotlin.fir.expressions.FirThisReceiverExpression                  : loaded 2 times (x 161B)
Class org.jetbrains.kotlin.com.google.common.collect.ImmutableMap$Builder             : loaded 2 times (x 82B)
Class org.jetbrains.kotlin.it.unimi.dsi.fastutil.ints.IntOpenHashSet                  : loaded 2 times (x 219B)
Class org.jetbrains.kotlin.fir.analysis.jvm.checkers.declaration.FirJavaClassInheritsKtPrivateClassDeclarationChecker: loaded 2 times (x 77B)
Class org.jetbrains.kotlin.fir.analysis.checkers.expression.FirPropertyAccessTypeArgumentsChecker: loaded 2 times (x 77B)
Class org.jetbrains.kotlin.fir.analysis.checkers.expression.FirOptInUsageAccessChecker: loaded 2 times (x 77B)
Class org.jetbrains.kotlin.config.LanguageVersionSettingsKt                           : loaded 2 times (x 71B)
Class org.jetbrains.kotlin.name.CallableId                                            : loaded 2 times (x 72B)
Class org.jetbrains.kotlin.com.intellij.util.containers.IntArrayList                  : loaded 2 times (x 72B)
Class org.jetbrains.kotlin.fir.java.scopes.JavaOverridabilityRules                    : loaded 2 times (x 77B)
Class org.jetbrains.kotlin.resolve.calls.checkers.EqualityCallChecker                 : loaded 2 times (x 74B)
Class org.jetbrains.kotlin.resolve.calls.checkers.CompanionInParenthesesLHSCallChecker: loaded 2 times (x 74B)
Class org.jetbrains.kotlin.psi.KtSafeQualifiedExpression                              : loaded 2 times (x 508B)
Class [Lorg.jetbrains.kotlin.psi.KtTypeArgumentList;                                  : loaded 2 times (x 69B)
Class [Lorg.jetbrains.kotlin.psi.KtPackageDirective;                                  : loaded 2 times (x 69B)
Class [Lorg.jetbrains.kotlin.psi.KtAnnotationsContainer;                              : loaded 2 times (x 69B)
Class org.jetbrains.kotlin.psi.stubs.elements.KtImportAliasElementType                : loaded 2 times (x 100B)
Class org.jetbrains.kotlin.kdoc.lexer.KDocLexer                                       : loaded 2 times (x 87B)
Class [Lorg.jetbrains.kotlin.container.ComponentStorageState;                         : loaded 2 times (x 69B)
Class org.jetbrains.kotlin.fir.types.impl.FirImplicitDoubleTypeRef                    : loaded 2 times (x 107B)
Class org.jetbrains.kotlin.fir.types.ConeSimpleKotlinType                             : loaded 2 times (x 79B)
Class org.jetbrains.kotlin.fir.types.ConeRigidType                                    : loaded 2 times (x 77B)
Class org.jetbrains.kotlin.protobuf.ProtocolStringList                                : loaded 2 times (x 70B)
Class org.jetbrains.kotlin.com.intellij.psi.impl.source.PsiClassReferenceType         : loaded 2 times (x 120B)
Class org.jetbrains.kotlin.com.fasterxml.aalto.in.InputCharTypes                      : loaded 2 times (x 72B)
Class org.jetbrains.kotlin.kotlinx.collections.immutable.internal.MutabilityOwnership : loaded 2 times (x 71B)
Class org.jetbrains.kotlin.com.intellij.psi.PsiPackage                                : loaded 2 times (x 70B)
Class org.jetbrains.kotlin.com.intellij.psi.tree.StubFileElementType                  : loaded 2 times (x 102B)
Class org.jetbrains.kotlin.com.intellij.lang.java.JavaParserDefinition                : loaded 2 times (x 95B)
Class org.jetbrains.kotlin.com.intellij.openapi.command.CommandProcessor              : loaded 2 times (x 74B)
Class org.jetbrains.kotlin.com.intellij.util.CharTable                                : loaded 2 times (x 70B)
Class org.jetbrains.kotlin.com.intellij.openapi.util.registry.EarlyAccessRegistryManager: loaded 2 times (x 71B)
Class org.jetbrains.kotlin.cli.jvm.compiler.CoreEnvironmentUtilsKt                    : loaded 2 times (x 71B)
Class org.jetbrains.kotlin.com.intellij.openapi.vfs.DeprecatedVirtualFileSystem       : loaded 2 times (x 101B)
Class org.jetbrains.kotlin.backend.common.phaser.PerformByIrFilePhase                 : loaded 2 times (x 80B)
Class org.jetbrains.kotlin.backend.common.lower.DefaultParameterInjector              : loaded 2 times (x 357B)
Class org.jetbrains.kotlin.storage.MemoizedFunctionToNotNull                          : loaded 2 times (x 70B)
Class org.jetbrains.kotlin.backend.jvm.lower.TailCallOptimizationLowering             : loaded 2 times (x 80B)
Class org.jetbrains.kotlin.backend.jvm.JvmLoweringPhasesKt$jvmFilePhases$81           : loaded 2 times (x 125B)
Class org.jetbrains.kotlin.name.Name                                                  : loaded 2 times (x 75B)
Class com.google.gson.internal.sql.SqlDateTypeAdapter                                 : loaded 2 times (x 74B)
Class com.amazon.ion.impl.lite.IonSexpLite                                            : loaded 2 times (x 490B)
Class com.amazon.ion.impl.lite.IonListLite                                            : loaded 2 times (x 490B)
Class com.amazon.ion.IonFloat                                                         : loaded 2 times (x 70B)
Class com.google.common.reflect.Types$JavaVersion                                     : loaded 2 times (x 83B)
Class [Lcom.google.common.collect.ImmutableEntry;                                     : loaded 2 times (x 69B)
Class org.jetbrains.kotlin.it.unimi.dsi.fastutil.objects.Object2IntOpenHashMap        : loaded 2 times (x 211B)
Class org.jetbrains.kotlin.com.intellij.lang.TreeBackedLighterAST                     : loaded 2 times (x 77B)
Class org.jetbrains.kotlin.com.intellij.psi.impl.java.stubs.JavaStubElementTypes$9    : loaded 2 times (x 115B)
Class org.jetbrains.kotlin.com.intellij.psi.impl.java.stubs.JavaImportStatementElementType: loaded 2 times (x 115B)
Class org.jetbrains.kotlin.fir.java.deserialization.AnnotationsLoader$AnnotationsLoaderVisitorImpl$visitAnnotation$1: loaded 2 times (x 80B)
Class org.jetbrains.kotlin.load.java.structure.JavaEnumValueAnnotationArgument        : loaded 2 times (x 70B)
Class org.jetbrains.kotlin.load.java.structure.impl.classFiles.PlainJavaArrayAnnotationArgument: loaded 2 times (x 79B)
Class org.jetbrains.kotlin.io.vavr.collection.Set                                     : loaded 2 times (x 70B)
Class org.jetbrains.kotlin.fir.resolve.transformers.FirSealedClassInheritorsProcessor : loaded 2 times (x 75B)
Class org.jetbrains.kotlin.fir.declarations.impl.FirFileImpl                          : loaded 2 times (x 127B)
Class org.jetbrains.kotlin.fir.expressions.impl.FirWhenExpressionImpl                 : loaded 2 times (x 139B)
Class org.jetbrains.kotlin.KtFakeSourceElementKind$DefaultAccessor                    : loaded 2 times (x 72B)
Class org.jetbrains.kotlin.fir.builder.ConversionUtilsKt$pullUpSafeCallIfNecessary$2  : loaded 2 times (x 125B)
Class org.jetbrains.kotlin.fir.ContainingReplKey                                      : loaded 2 times (x 71B)
Class org.jetbrains.kotlin.com.intellij.lang.impl.TokenSequence$Builder               : loaded 2 times (x 73B)
Class org.jetbrains.kotlin.fir.analysis.checkers.declaration.FirOverrideChecker$ForExpectClass: loaded 2 times (x 78B)
Class org.jetbrains.kotlin.fir.declarations.FirVariable                               : loaded 2 times (x 176B)
Class org.jetbrains.kotlin.fir.analysis.checkers.declaration.FirInfixFunctionDeclarationChecker: loaded 2 times (x 77B)
Class org.jetbrains.kotlin.fir.types.FirFunctionTypeKindServiceKt                     : loaded 2 times (x 71B)
Class org.jetbrains.kotlin.builtins.functions.FunctionTypeKindExtractor               : loaded 2 times (x 72B)
Class org.jetbrains.kotlin.descriptors.VariableDescriptor                             : loaded 2 times (x 70B)
Class org.jetbrains.kotlin.container.PlatformExtensionsClashResolver$FallbackToDefault: loaded 2 times (x 73B)
Class org.jetbrains.kotlin.psi.KtElementImpl                                          : loaded 2 times (x 376B)
Class org.jetbrains.kotlin.psi.KtDelegatedSuperTypeEntry                              : loaded 2 times (x 447B)
Class [Lorg.jetbrains.kotlin.psi.KtModifierListOwner;                                 : loaded 2 times (x 69B)
Class org.jetbrains.kotlin.com.intellij.lang.PsiParser                                : loaded 2 times (x 70B)
Class org.jetbrains.kotlin.resolve.checkers.DataObjectContentChecker                  : loaded 2 times (x 74B)
Class org.jetbrains.kotlin.resolve.checkers.DeprecationInheritanceChecker             : loaded 2 times (x 74B)
Class org.jetbrains.kotlin.psi.KtPrimaryConstructor                                   : loaded 2 times (x 1274B)
Class org.jetbrains.kotlin.fir.types.ConeKotlinTypeProjection                         : loaded 2 times (x 73B)
Class org.jetbrains.kotlin.metadata.ProtoBuf$TypeTable$1                              : loaded 2 times (x 144B)
Class org.jetbrains.kotlin.cli.jvm.index.JvmDependenciesIndexImpl$Cache               : loaded 2 times (x 72B)
Class org.jetbrains.kotlin.metadata.deserialization.Flags                             : loaded 2 times (x 71B)
Class org.jetbrains.kotlin.com.intellij.util.containers.ConcurrentWeakKeySoftValueHashMap: loaded 2 times (x 149B)
Class org.jetbrains.kotlin.com.intellij.openapi.project.DumbService$DumbModeListener  : loaded 2 times (x 70B)
Class org.jetbrains.kotlin.backend.jvm.JvmLoweringPhasesKt$jvmLoweringPhases$17       : loaded 2 times (x 125B)
Class org.jetbrains.kotlin.com.intellij.psi.PsiJvmMember                              : loaded 2 times (x 70B)
Class org.jetbrains.kotlin.com.intellij.navigation.ItemPresentation                   : loaded 2 times (x 70B)
Class org.jetbrains.kotlin.com.intellij.psi.impl.ConstantExpressionEvaluator          : loaded 2 times (x 70B)
Class org.jetbrains.kotlin.com.intellij.psi.impl.source.JavaFileElementType           : loaded 2 times (x 113B)
Class org.jetbrains.kotlin.com.intellij.openapi.command.impl.CoreCommandProcessor     : loaded 2 times (x 79B)
Class org.jetbrains.kotlin.com.intellij.platform.diagnostic.telemetry.Scope           : loaded 2 times (x 72B)
Class org.jetbrains.kotlin.com.intellij.lang.DefaultASTFactory                        : loaded 2 times (x 70B)
Class org.jetbrains.kotlin.com.intellij.util.EventDispatcher                          : loaded 2 times (x 72B)
Class org.jetbrains.kotlin.com.intellij.openapi.vfs.local.CoreLocalFileSystem         : loaded 2 times (x 103B)
Class org.jetbrains.kotlin.com.intellij.psi.impl.LanguageConstantExpressionEvaluator  : loaded 2 times (x 96B)
Class org.jetbrains.kotlin.cli.jvm.K2JVMCompilerKt                                    : loaded 2 times (x 71B)
Class org.jetbrains.kotlin.ir.declarations.IrDeclarationParent                        : loaded 2 times (x 70B)
Class org.jetbrains.kotlin.backend.jvm.JvmPhasesKt                                    : loaded 2 times (x 71B)
Class org.jetbrains.kotlin.name.FqNamesUtilKt                                         : loaded 2 times (x 71B)
Class org.jetbrains.kotlin.com.intellij.util.containers.ContainerUtil                 : loaded 2 times (x 71B)
Class org.jetbrains.kotlin.com.intellij.openapi.util.ObjectTree                       : loaded 2 times (x 72B)
Class org.jetbrains.kotlin.cli.jvm.JvmArgumentsKt$configureStandardLibs$2             : loaded 2 times (x 127B)
Class kotlin.reflect.jvm.internal.KClassImpl$Data$constructors$2                      : loaded 2 times (x 79B)
Class org.jetbrains.kotlin.cli.common.config.ContentRootsKt                           : loaded 2 times (x 71B)
Class org.jetbrains.kotlin.cli.jvm.compiler.KotlinCoreApplicationEnvironmentMode$UnitTest: loaded 2 times (x 71B)
Class [Lorg.jetbrains.kotlin.util.PhaseType;                                          : loaded 2 times (x 69B)
Class kotlin.reflect.jvm.internal.KClassCacheKt                                       : loaded 2 times (x 71B)
Class org.jetbrains.kotlin.kotlinx.collections.immutable.implementations.immutableSet.PersistentHashSet$Companion: loaded 2 times (x 71B)
Class com.amazon.ion.impl.LocalSymbolTable$Factory                                    : loaded 2 times (x 77B)
Class com.amazon.ion.impl.bin.IonManagedBinaryWriter$ImportedSymbolResolverMode       : loaded 2 times (x 80B)
Class com.intellij.gradle.toolingExtension.impl.model.buildScriptClasspathModel.GradleBuildScriptClasspathSerializationService: loaded 2 times (x 77B)
Class com.google.common.cache.LocalCache$LoadingValueReference                        : loaded 2 times (x 96B)
Class org.jetbrains.kotlin.com.intellij.psi.ClassFileViewProviderFactory              : loaded 2 times (x 74B)
Class org.jetbrains.kotlin.fir.expressions.builder.FirClassReferenceExpressionBuilder : loaded 2 times (x 84B)
Class org.jetbrains.kotlin.fir.expressions.FirVarargArgumentsExpression               : loaded 2 times (x 118B)
Class org.jetbrains.kotlin.com.intellij.util.containers.ContainerUtilRt$EmptyList     : loaded 2 times (x 198B)
Class org.jetbrains.kotlin.com.intellij.psi.impl.java.stubs.FunctionalExpressionElementType: loaded 2 times (x 114B)
Class org.jetbrains.kotlin.com.intellij.psi.PsiJavaFile                               : loaded 2 times (x 70B)
Class org.jetbrains.kotlin.com.intellij.psi.impl.file.PsiLargeBinaryFileImpl          : loaded 2 times (x 851B)
Class org.jetbrains.kotlin.com.intellij.psi.util.CachedValueProfiler$Overhead         : loaded 2 times (x 73B)
Class org.jetbrains.kotlin.com.intellij.openapi.util.RecursionManager$MyKey           : loaded 2 times (x 72B)
Class org.jetbrains.kotlin.io.vavr.collection.HashArrayMappedTrieModule$ArrayNode     : loaded 2 times (x 107B)
Class [Lorg.jetbrains.kotlin.fir.resolve.dfa.cfg.CFGNode;                             : loaded 2 times (x 69B)
Class org.jetbrains.kotlin.fir.declarations.utils.ReplSnippetTopLevelDeclaration      : loaded 2 times (x 71B)
Class org.jetbrains.kotlin.fir.expressions.builder.FirEmptyExpressionBlockBuilderKt   : loaded 2 times (x 71B)
Class org.jetbrains.kotlin.fir.visitors.FirDefaultVisitor                             : loaded 2 times (x 228B)
Class org.jetbrains.kotlin.fir.declarations.impl.FirDefaultPropertyGetter             : loaded 2 times (x 240B)
Class org.jetbrains.kotlin.fir.expressions.FirArgumentList                            : loaded 2 times (x 89B)
Class org.jetbrains.kotlin.com.intellij.lang.LighterLazyParseableNode                 : loaded 2 times (x 70B)
Class org.jetbrains.kotlin.fir.analysis.jvm.checkers.expression.FirJvmSuspensionPointInsideMutexLockChecker: loaded 2 times (x 77B)
Class org.jetbrains.kotlin.fir.analysis.checkers.expression.FirSuperCallWithDefaultsChecker: loaded 2 times (x 77B)
Class org.jetbrains.kotlin.fir.analysis.checkers.expression.FirAnnotationExpressionChecker: loaded 2 times (x 77B)
Class org.jetbrains.kotlin.fir.analysis.checkers.declaration.FirExpectConsistencyChecker: loaded 2 times (x 77B)
Class org.jetbrains.kotlin.fir.analysis.checkers.declaration.FirExpectActualDeclarationChecker: loaded 2 times (x 77B)
Class org.jetbrains.kotlin.fir.analysis.checkers.LanguageVersionSettingsCheckers$Companion: loaded 2 times (x 71B)
Class org.jetbrains.kotlin.psi.KtWhenConditionIsPattern                               : loaded 2 times (x 378B)
Class org.jetbrains.kotlin.psi.stubs.KotlinBlockStringTemplateEntryStub               : loaded 2 times (x 70B)
Class [Lorg.jetbrains.kotlin.psi.KtTypeReference;                                     : loaded 2 times (x 69B)
Class [Lorg.jetbrains.kotlin.psi.KtImportInfo;                                        : loaded 2 times (x 69B)
Class org.jetbrains.kotlin.psi.stubs.elements.KtContractEffectListElementType         : loaded 2 times (x 103B)
Class org.jetbrains.kotlin.com.intellij.util.cls.ClsFormatException                   : loaded 2 times (x 82B)
Class org.jetbrains.kotlin.resolve.checkers.ActualTypealiasToSpecialAnnotationChecker : loaded 2 times (x 74B)
Class org.jetbrains.kotlin.fir.symbols.impl.FirClassLikeSymbol                        : loaded 2 times (x 82B)
Class org.jetbrains.kotlin.fir.types.impl.FirImplicitNothingTypeRef                   : loaded 2 times (x 107B)
Class org.jetbrains.kotlin.name.StandardClassIds                                      : loaded 2 times (x 71B)
Class org.jetbrains.kotlin.metadata.ProtoBuf$Function                                 : loaded 2 times (x 161B)
Class org.jetbrains.kotlin.extensions.CollectAdditionalSourcesExtension$Companion     : loaded 2 times (x 72B)
Class org.jetbrains.kotlin.com.fasterxml.aalto.in.XmlScanner                          : loaded 2 times (x 123B)
Class org.jetbrains.kotlin.com.intellij.openapi.extensions.impl.ExtensionPointImplKt  : loaded 2 times (x 71B)
Class [Lorg.jetbrains.kotlin.com.intellij.ide.plugins.MyXmlInterner;                  : loaded 2 times (x 69B)
Class org.jetbrains.kotlin.com.intellij.core.JavaCoreApplicationEnvironment$1         : loaded 2 times (x 78B)
Class org.jetbrains.kotlin.com.intellij.lang.jvm.JvmTypeDeclaration                   : loaded 2 times (x 70B)
Class org.jetbrains.kotlin.io.opentelemetry.api.trace.DefaultTracer                   : loaded 2 times (x 74B)
Class org.jetbrains.kotlin.com.intellij.lang.ASTFactory                               : loaded 2 times (x 74B)
Class org.jetbrains.kotlin.com.intellij.util.pico.PicoIntrospectionException          : loaded 2 times (x 82B)
Class org.jetbrains.kotlin.cli.jvm.compiler.KotlinToJVMBytecodeCompilerKt             : loaded 2 times (x 71B)
Class org.jetbrains.kotlin.backend.jvm.lower.CollectionStubMethodLowering             : loaded 2 times (x 85B)
Class org.jetbrains.kotlin.psi.stubs.KotlinFileStub                                   : loaded 2 times (x 70B)
Class org.jetbrains.kotlin.cli.pipeline.AbstractCliPipeline                           : loaded 2 times (x 75B)
Class org.jetbrains.kotlin.com.intellij.util.containers.LinkedCustomHashMap$Entry     : loaded 2 times (x 79B)
Class org.jetbrains.kotlin.resolve.extensions.SyntheticResolveExtension               : loaded 2 times (x 70B)
Class com.google.gson.internal.bind.ReflectiveTypeAdapterFactory$RecordAdapter        : loaded 2 times (x 77B)
Class com.amazon.ion.impl.LocalSymbolTableAsStruct                                    : loaded 2 times (x 126B)
Class com.amazon.ion.impl.lite.IonTimestampLite                                       : loaded 2 times (x 192B)
Class org.jetbrains.plugins.gradle.model.FileCollectionDependency                     : loaded 2 times (x 70B)
Class com.intellij.gradle.toolingExtension.impl.model.utilDummyModel.DummyModel       : loaded 2 times (x 70B)
Class org.gradle.internal.time.Clock                                                  : loaded 2 times (x 70B)
Class com.google.common.collect.CollectSpliterators                                   : loaded 2 times (x 71B)
Class com.google.common.reflect.Invokable$MethodInvokable                             : loaded 2 times (x 107B)
Class com.google.common.base.Platform                                                 : loaded 2 times (x 71B)
Class org.jetbrains.kotlin.resolve.jvm.KotlinJavaPsiFacade                            : loaded 2 times (x 86B)
Class org.jetbrains.kotlin.fir.scopes.impl.FirClassDeclaredMemberScope                : loaded 2 times (x 83B)
Class [Lorg.jetbrains.kotlin.com.intellij.psi.PsiJvmMember;                           : loaded 2 times (x 69B)
Class org.jetbrains.kotlin.load.java.structure.impl.classFiles.PlainJavaAnnotationAsAnnotationArgument: loaded 2 times (x 79B)
Class org.jetbrains.kotlin.util.vavr.VavrAdaptersKt                                   : loaded 2 times (x 71B)
Class [Lorg.jetbrains.kotlin.load.java.structure.impl.classFiles.BinaryClassSignatureParser$JavaSignatureVariance;: loaded 2 times (x 69B)
Class org.jetbrains.kotlin.fir.scopes.impl.FirNestedClassifierScope                   : loaded 2 times (x 85B)
Class org.jetbrains.kotlin.metadata.SerializationPluginMetadataExtensions             : loaded 2 times (x 71B)
Class org.jetbrains.kotlin.metadata.ProtoBuf$Effect$InvocationKind                    : loaded 2 times (x 82B)
Class org.jetbrains.kotlin.load.kotlin.header.ReadKotlinClassHeaderAnnotationVisitor  : loaded 2 times (x 80B)
Class org.jetbrains.kotlin.fir.resolve.transformers.WhenExhaustivenessChecker         : loaded 2 times (x 73B)
Class org.jetbrains.kotlin.fir.resolve.dfa.DataFlowAnalyzerContext                    : loaded 2 times (x 72B)
Class org.jetbrains.kotlin.fir.lightTree.fir.DestructuringDeclaration                 : loaded 2 times (x 72B)
Class org.jetbrains.kotlin.fir.declarations.utils.EvaluatedValue                      : loaded 2 times (x 71B)
Class org.jetbrains.kotlin.fir.declarations.builder.FirPropertyAccessorBuilder        : loaded 2 times (x 118B)
Class org.jetbrains.kotlin.fir.symbols.impl.FirValueParameterSymbol                   : loaded 2 times (x 82B)
Class org.jetbrains.kotlin.fir.symbols.impl.FirAnonymousObjectSymbol                  : loaded 2 times (x 82B)
Class org.jetbrains.kotlin.fir.expressions.builder.FirFunctionCallBuilder             : loaded 2 times (x 157B)
Class org.jetbrains.kotlin.fir.lightTree.fir.ClassWrapper                             : loaded 2 times (x 72B)
Class org.jetbrains.kotlin.com.intellij.lang.impl.PsiBuilderImpl$LazyParseableToken   : loaded 2 times (x 109B)
Class org.jetbrains.kotlin.com.intellij.util.text.CharSequenceSubSequence             : loaded 2 times (x 98B)
Class [Lorg.jetbrains.kotlin.name.FqNameUnsafe;                                       : loaded 2 times (x 69B)
Class org.jetbrains.kotlin.fir.analysis.jvm.checkers.declaration.FirSynchronizedAnnotationChecker: loaded 2 times (x 77B)
Class org.jetbrains.kotlin.fir.analysis.checkers.type.FirOptionalExpectationTypeChecker: loaded 2 times (x 77B)
Class org.jetbrains.kotlin.fir.analysis.checkers.declaration.FirOverrideChecker$Regular: loaded 2 times (x 78B)
Class org.jetbrains.kotlin.fir.analysis.checkers.declaration.FirCyclicTypeBoundsChecker: loaded 2 times (x 77B)
Class org.jetbrains.kotlin.fir.analysis.checkers.expression.ExpressionCheckers$Companion$EMPTY$1: loaded 2 times (x 107B)
Class org.jetbrains.kotlin.fir.scopes.jvm.FirJvmDelegatedMembersFilter                : loaded 2 times (x 73B)
Class [Lorg.jetbrains.kotlin.psi.KtPureElement;                                       : loaded 2 times (x 69B)
Class [Lorg.jetbrains.kotlin.com.intellij.psi.impl.PsiElementBase;                    : loaded 2 times (x 69B)
Class org.jetbrains.kotlin.com.intellij.psi.tree.TokenSet                             : loaded 2 times (x 72B)
Class org.jetbrains.kotlin.lexer.KtKeywordToken                                       : loaded 2 times (x 78B)
Class org.jetbrains.kotlin.resolve.checkers.ResultClassInReturnTypeChecker            : loaded 2 times (x 74B)
Class org.jetbrains.kotlin.fir.FirLanguageSettingsComponentKt                         : loaded 2 times (x 71B)
Class org.jetbrains.kotlin.fir.extensions.AbstractFirRegisteredPluginAnnotations      : loaded 2 times (x 79B)
Class org.jetbrains.kotlin.name.StandardClassIdsKt                                    : loaded 2 times (x 71B)
Class org.jetbrains.kotlin.metadata.ProtoBuf$VersionRequirementTable                  : loaded 2 times (x 107B)
Class org.jetbrains.kotlin.protobuf.LazyField                                         : loaded 2 times (x 83B)
Class org.jetbrains.kotlin.protobuf.GeneratedMessageLite$ExtendableMessageOrBuilder   : loaded 2 times (x 70B)
Class org.jetbrains.kotlin.extensions.PreprocessedFileCreator                         : loaded 2 times (x 72B)
Class org.jetbrains.kotlin.load.java.structure.JavaModifierListOwner                  : loaded 2 times (x 70B)
Class org.jetbrains.kotlin.resolve.extensions.AnalysisHandlerExtension                : loaded 2 times (x 70B)
Class org.jetbrains.kotlin.com.intellij.psi.impl.source.DummyHolderFactory            : loaded 2 times (x 71B)
Class org.jetbrains.kotlin.com.intellij.openapi.fileTypes.BinaryFileTypeDecompilers   : loaded 2 times (x 90B)
Class [Lorg.jetbrains.kotlin.com.intellij.openapi.extensions.ExtensionPointListener;  : loaded 2 times (x 69B)
Class org.jetbrains.kotlin.com.intellij.psi.tree.IFileElementType                     : loaded 2 times (x 84B)
Class org.jetbrains.kotlin.com.intellij.psi.tree.ILazyParseableElementTypeBase        : loaded 2 times (x 70B)
Class org.jetbrains.kotlin.com.intellij.psi.tree.IElementType                         : loaded 2 times (x 75B)
Class org.jetbrains.kotlin.com.intellij.util.messages.SimpleMessageBusConnection      : loaded 2 times (x 70B)
Class org.jetbrains.kotlin.com.intellij.openapi.extensions.impl.ExtensionPointImpl    : loaded 2 times (x 88B)
Class org.jetbrains.kotlin.modules.Module                                             : loaded 2 times (x 70B)
Class org.jetbrains.kotlin.metadata.ProtoBuf$FunctionOrBuilder                        : loaded 2 times (x 70B)
Class org.jetbrains.kotlin.config.LanguageVersionSettings$Companion                   : loaded 2 times (x 71B)
Class org.jetbrains.kotlin.fir.java.FirCliSession                                     : loaded 2 times (x 83B)
Class org.jetbrains.kotlin.resolve.checkers.ReservedMembersAndConstructsForValueClass : loaded 2 times (x 74B)
Class org.jetbrains.kotlin.resolve.checkers.SealedInterfaceAllowedChecker             : loaded 2 times (x 74B)
Class org.jetbrains.kotlin.com.intellij.extapi.psi.StubBasedPsiElementBase$1          : loaded 2 times (x 77B)
Class kotlin.jvm.internal.CharCompanionObject                                         : loaded 2 times (x 71B)
Class com.google.gson.internal.reflect.ReflectionHelper$RecordNotSupportedHelper      : loaded 2 times (x 78B)
Class com.google.gson.JsonIOException                                                 : loaded 2 times (x 82B)
Class com.amazon.ion.IonString                                                        : loaded 2 times (x 70B)
Class org.jetbrains.plugins.gradle.model.GradleSourceSetDependencyModel               : loaded 2 times (x 70B)
Class [Lcom.android.builder.model.v2.ide.TestInfo$Execution;                          : loaded 2 times (x 69B)
Class com.android.builder.model.v2.dsl.ProductFlavor                                  : loaded 2 times (x 70B)
Class com.google.common.collect.CompoundOrdering                                      : loaded 2 times (x 115B)
Class org.gradle.tooling.internal.adapter.TypeInspector                               : loaded 2 times (x 73B)
Class org.gradle.tooling.internal.adapter.ProtocolToModelAdapter$NoOpDecoration       : loaded 2 times (x 79B)
Class org.gradle.tooling.model.Element                                                : loaded 2 times (x 70B)
Class com.google.devtools.ksp.processing.KspGradleLogger$Companion                    : loaded 2 times (x 71B)
Class [Lorg.objectweb.asm.AnnotationWriter;                                           : loaded 2 times (x 69B)
Class com.google.common.collect.Maps$8                                                : loaded 2 times (x 82B)
Class [Lorg.jetbrains.kotlin.types.model.CaptureStatus;                               : loaded 2 times (x 69B)
Class org.jetbrains.kotlin.resolve.deprecation.CommonDeprecationUtilsKt$WhenMappings  : loaded 2 times (x 71B)
Class org.jetbrains.kotlin.com.intellij.openapi.util.KeyWithDefaultValue$1            : loaded 2 times (x 78B)
Class org.jetbrains.kotlin.io.vavr.PartialFunction                                    : loaded 2 times (x 70B)
Class org.jetbrains.kotlin.metadata.ProtoBuf$Expression$ConstantValue$1               : loaded 2 times (x 74B)
Class org.jetbrains.kotlin.util.WeakPair                                              : loaded 2 times (x 72B)
Class org.jetbrains.kotlin.fir.declarations.DeprecationsPerUseSite                    : loaded 2 times (x 72B)
Class [Lorg.jetbrains.kotlin.com.google.common.collect.LinkedHashMultimap$ValueSetLink;: loaded 2 times (x 69B)
Class org.jetbrains.kotlin.psi.KtObjectDeclaration                                    : loaded 2 times (x 1101B)
Class [Lorg.jetbrains.kotlin.fir.FirAnnotationContainer;                              : loaded 2 times (x 69B)
Class org.jetbrains.kotlin.fir.references.builder.FirImplicitThisReferenceBuilder     : loaded 2 times (x 72B)
Class org.jetbrains.kotlin.fir.MatchingParameterFunctionTypeKey                       : loaded 2 times (x 71B)
Class org.jetbrains.kotlin.parsing.TokenStreamPredicate                               : loaded 2 times (x 70B)
Class org.jetbrains.kotlin.fir.analysis.checkers.type.FirContextualFunctionTypeChecker: loaded 2 times (x 77B)
Class org.jetbrains.kotlin.fir.analysis.checkers.expression.FirMultiDollarInterpolationCheckerConcatenation: loaded 2 times (x 79B)
Class org.jetbrains.kotlin.fir.expressions.FirContextArgumentListOwner                : loaded 2 times (x 70B)
Class org.jetbrains.kotlin.fir.resolve.providers.FirCompositeCachedSymbolNamesProvider: loaded 2 times (x 89B)
Class [Lorg.jetbrains.kotlin.descriptors.ClassKind;                                   : loaded 2 times (x 69B)
Class [Lorg.jetbrains.kotlin.psi.KtTypeProjection;                                    : loaded 2 times (x 69B)
Class org.jetbrains.kotlin.metadata.ProtoBuf$PackageFragmentOrBuilder                 : loaded 2 times (x 70B)
Class org.jetbrains.kotlin.fir.resolve.providers.impl.AbstractFirBuiltinSymbolProvider$BuiltInsPackageFragment: loaded 2 times (x 72B)
Class org.jetbrains.kotlin.util.ArrayMapImpl$iterator$1                               : loaded 2 times (x 84B)
Class org.jetbrains.kotlin.psi.KtFunctionLiteral                                      : loaded 2 times (x 1200B)
Class [Lorg.jetbrains.kotlin.psi.KtStringTemplateEntry;                               : loaded 2 times (x 69B)
Class [Lorg.jetbrains.kotlin.psi.KtImportAlias;                                       : loaded 2 times (x 69B)
Class org.jetbrains.kotlin.psi.stubs.KotlinPropertyAccessorStub                       : loaded 2 times (x 70B)
Class [Lorg.jetbrains.kotlin.psi.KtNamedDeclaration;                                  : loaded 2 times (x 69B)
Class org.jetbrains.kotlin.psi.stubs.elements.KtDotQualifiedExpressionElementType     : loaded 2 times (x 103B)
Class [Lorg.jetbrains.kotlin.resolve.calls.checkers.CallChecker;                      : loaded 2 times (x 69B)
Class org.jetbrains.kotlin.fir.builder.FirAnnotationContainerBuilder                  : loaded 2 times (x 70B)
Class org.jetbrains.kotlin.fir.symbols.impl.FirThisOwnerSymbol                        : loaded 2 times (x 70B)
Class org.jetbrains.kotlin.metadata.jvm.JvmModuleProtoBuf$PackageParts                : loaded 2 times (x 128B)
Class org.jetbrains.kotlin.metadata.ProtoBuf$TypeParameter$1                          : loaded 2 times (x 144B)
Class org.jetbrains.kotlin.cli.jvm.compiler.JvmPackagePartProviderKt                  : loaded 2 times (x 71B)
Class org.jetbrains.kotlin.com.intellij.openapi.vfs.VirtualFileVisitor                : loaded 2 times (x 76B)
Class org.jetbrains.kotlin.fir.FirModuleCapabilities$Companion                        : loaded 2 times (x 73B)
Class org.jetbrains.kotlin.cli.jvm.compiler.ClasspathRootsResolver$RootWithPrefix     : loaded 2 times (x 72B)
Class org.jetbrains.kotlin.cli.jvm.compiler.jarfs.FastJarFileSystem$Companion         : loaded 2 times (x 71B)
Class org.jetbrains.kotlin.com.intellij.psi.scope.processor.ConflictFilterProcessor   : loaded 2 times (x 90B)
Class org.jetbrains.kotlin.com.intellij.psi.PsiDocumentManager                        : loaded 2 times (x 96B)
Class org.jetbrains.kotlin.com.intellij.openapi.util.Comparing                        : loaded 2 times (x 71B)
Class org.jetbrains.kotlin.kotlinx.collections.immutable.PersistentCollection$Builder : loaded 2 times (x 70B)
Class org.jetbrains.kotlin.psi.KtTryExpression                                        : loaded 2 times (x 441B)
Class org.jetbrains.kotlin.com.intellij.lang.java.lexer.JavaDocLexer                  : loaded 2 times (x 87B)
Class org.jetbrains.kotlin.com.intellij.platform.diagnostic.telemetry.PlatformScopesKt: loaded 2 times (x 71B)
Class org.jetbrains.kotlin.com.intellij.openapi.extensions.PluginId                   : loaded 2 times (x 75B)
Class org.jetbrains.kotlin.com.intellij.mock.MockFileDocumentManagerImpl              : loaded 2 times (x 83B)
Class org.jetbrains.kotlin.com.intellij.openapi.util.Disposer$1                       : loaded 2 times (x 75B)
Class org.jetbrains.kotlin.com.intellij.util.pico.DefaultPicoContainer                : loaded 2 times (x 75B)
Class org.jetbrains.kotlin.com.intellij.openapi.extensions.PluginDescriptor           : loaded 2 times (x 70B)
Class org.jetbrains.kotlin.com.intellij.openapi.extensions.AreaInstance               : loaded 2 times (x 70B)
Class org.jetbrains.kotlin.compiler.plugin.CliOptionValue                             : loaded 2 times (x 72B)
Class org.jetbrains.kotlin.protobuf.GeneratedMessageLite$1                            : loaded 2 times (x 71B)
Class org.jetbrains.kotlin.cli.pipeline.CheckCompilationErrors$CheckMessageCollector  : loaded 2 times (x 75B)
Class org.jetbrains.kotlin.com.google.common.base.Function                            : loaded 2 times (x 70B)
Class org.jetbrains.kotlin.fir.analysis.checkers.declaration.FirDestructuringDeclarationChecker: loaded 2 times (x 77B)
Class org.jetbrains.kotlin.fir.analysis.checkers.declaration.FirClassVarianceChecker  : loaded 2 times (x 77B)
Class org.jetbrains.kotlin.fir.analysis.checkers.declaration.FirMissingDependencyClassForParameterChecker: loaded 2 times (x 85B)
Class org.jetbrains.kotlin.com.intellij.openapi.util.UnprotectedUserDataHolder        : loaded 2 times (x 84B)
Class com.amazon.ion.BufferConfiguration                                              : loaded 2 times (x 73B)
Class com.amazon.ion.system.SimpleCatalog                                             : loaded 2 times (x 91B)
Class com.intellij.gradle.toolingExtension.impl.model.taskModel.GradleTaskSerialisationService: loaded 2 times (x 76B)
Class com.android.ide.gradle.model.LegacyV1AgpVersionModel                            : loaded 2 times (x 70B)
Class org.jetbrains.kotlin.parsing.KotlinLightParser                                  : loaded 2 times (x 71B)
Class com.google.common.collect.ImmutableRangeSet$Builder                             : loaded 2 times (x 77B)
Class org.jetbrains.kotlin.tooling.core.Extras                                        : loaded 2 times (x 70B)
Class com.google.common.base.Predicates$CompositionPredicate                          : loaded 2 times (x 88B)
Class com.google.common.collect.Sets$SetView                                          : loaded 2 times (x 138B)
Class com.google.common.cache.LocalCache$StrongValueReference                         : loaded 2 times (x 90B)
Class org.jetbrains.kotlin.fir.scopes.FirOverrideServiceKt                            : loaded 2 times (x 71B)
Class org.jetbrains.kotlin.com.intellij.openapi.util.KeyWithDefaultValue$2            : loaded 2 times (x 78B)
Class [Lorg.jetbrains.kotlin.com.intellij.psi.stubs.PsiFileStub;                      : loaded 2 times (x 69B)
Class org.jetbrains.kotlin.it.unimi.dsi.fastutil.objects.Object2IntMap                : loaded 2 times (x 70B)
Class org.jetbrains.kotlin.com.intellij.psi.impl.java.stubs.StubPsiFactory            : loaded 2 times (x 93B)
Class org.jetbrains.kotlin.load.java.structure.impl.classFiles.PlainJavaPrimitiveType : loaded 2 times (x 97B)
Class org.jetbrains.kotlin.fir.java.enhancement.FirEnhancedSymbolsStorage$EnhancementSymbolsCache$Companion: loaded 2 times (x 71B)
Class org.jetbrains.kotlin.serialization.deserialization.ProtoBufContractDeserializer : loaded 2 times (x 76B)
Class org.jetbrains.kotlin.it.unimi.dsi.fastutil.objects.ObjectOpenHashSet$a          : loaded 2 times (x 82B)
Class org.jetbrains.kotlin.load.java.structure.impl.JavaPackageImpl                   : loaded 2 times (x 104B)
Class org.jetbrains.kotlin.com.intellij.lang.java.lexer._JavaLexer                    : loaded 2 times (x 81B)
Class org.jetbrains.kotlin.fir.expressions.impl.FirCheckedSafeCallSubjectImpl         : loaded 2 times (x 118B)
Class org.jetbrains.kotlin.com.google.common.collect.ImmutableList$ReverseImmutableList: loaded 2 times (x 209B)
Class org.jetbrains.kotlin.com.intellij.openapi.util.text.CharFilter                  : loaded 2 times (x 70B)
Class org.jetbrains.kotlin.parsing.KotlinExpressionParsing$Precedence                 : loaded 2 times (x 81B)
Class org.jetbrains.kotlin.com.google.common.collect.ImmutableMapEntrySet$RegularEntrySet: loaded 2 times (x 152B)
Class org.jetbrains.kotlin.com.google.common.collect.ImmutableMap$MapViewOfValuesAsSingletonSets: loaded 2 times (x 126B)
Class org.jetbrains.kotlin.parsing.AbstractKotlinParsing                              : loaded 2 times (x 101B)
Class org.jetbrains.kotlin.it.unimi.dsi.fastutil.ints.IntArrays$Segment               : loaded 2 times (x 71B)
Class org.jetbrains.kotlin.com.intellij.openapi.extensions.impl.ExtensionPointImpl$unregisterExtensions$result$1: loaded 2 times (x 79B)
Class org.jetbrains.kotlin.fir.analysis.checkers.expression.FirKotlinActualAnnotationHasNoEffectInKotlinExpressionChecker$ResolvedQualifier: loaded 2 times (x 77B)
Class org.jetbrains.kotlin.fir.analysis.checkers.expression.FirDivisionByZeroChecker  : loaded 2 times (x 77B)
Class org.jetbrains.kotlin.fir.analysis.checkers.declaration.FirDynamicSupertypeChecker: loaded 2 times (x 77B)
Class org.jetbrains.kotlin.fir.analysis.checkers.declaration.FirNotImplementedOverrideSimpleEnumEntryChecker$Regular: loaded 2 times (x 78B)
Class org.jetbrains.kotlin.fir.deserialization.AbstractFirDeserializedSymbolProvider$symbolNamesProvider$1: loaded 2 times (x 88B)
Class org.jetbrains.kotlin.fir.declarations.builder.FirClassBuilder                   : loaded 2 times (x 70B)
Class [Lorg.jetbrains.kotlin.com.intellij.model.psi.PsiExternalReferenceHost;         : loaded 2 times (x 69B)
Class [Lorg.jetbrains.kotlin.psi.ValueArgumentName;                                   : loaded 2 times (x 69B)
Class org.jetbrains.kotlin.psi.stubs.elements.KtConstructorElementType                : loaded 2 times (x 107B)
Class org.jetbrains.kotlin.resolve.checkers.StubForBuilderInferenceParameterTypeChecker: loaded 2 times (x 74B)
Class org.jetbrains.kotlin.resolve.checkers.MultiFieldValueClassAnnotationsChecker    : loaded 2 times (x 74B)
Class [Lorg.jetbrains.kotlin.fir.types.ConeKotlinTypeProjection;                      : loaded 2 times (x 69B)
Class org.jetbrains.kotlin.resolve.calls.inference.components.TrivialConstraintTypeInferenceOracle$Companion: loaded 2 times (x 71B)
Class org.jetbrains.kotlin.fir.scopes.FirLookupDefaultStarImportsInSourcesSettingHolder: loaded 2 times (x 71B)
Class org.jetbrains.kotlin.metadata.ProtoBuf$QualifiedNameTable$QualifiedName$1       : loaded 2 times (x 144B)
Class org.jetbrains.kotlin.metadata.deserialization.BinaryVersion$Companion           : loaded 2 times (x 71B)
Class org.jetbrains.kotlin.fir.deserialization.MultipleModuleDataProvider             : loaded 2 times (x 74B)
Class org.jetbrains.kotlin.util.TypeRegistry                                          : loaded 2 times (x 73B)
Class org.jetbrains.kotlin.load.java.JavaModuleAnnotationsProvider                    : loaded 2 times (x 70B)
Class org.jetbrains.kotlin.util.LightTreeUtilsKt                                      : loaded 2 times (x 71B)
Class org.jetbrains.kotlin.asJava.KotlinAsJavaSupportBase$Companion                   : loaded 2 times (x 71B)
Class org.jetbrains.kotlin.com.intellij.util.LocalizationUtil                         : loaded 2 times (x 71B)
Class org.jetbrains.kotlin.com.intellij.psi.JVMElementFactory                         : loaded 2 times (x 70B)
Class org.jetbrains.kotlin.kotlinx.collections.immutable.implementations.immutableList.BufferIterator: loaded 2 times (x 99B)
Class org.jetbrains.kotlin.com.intellij.util.messages.impl.BaseBusConnection          : loaded 2 times (x 78B)
Class org.jetbrains.kotlin.com.intellij.util.messages.MessageBusFactory               : loaded 2 times (x 71B)
Class org.jetbrains.kotlin.cli.jvm.compiler.KotlinCoreApplicationEnvironment          : loaded 2 times (x 94B)
Class org.jetbrains.kotlin.backend.jvm.lower.PropertyReferenceLowering                : loaded 2 times (x 353B)
Class org.jetbrains.kotlin.backend.common.FileLoweringPass                            : loaded 2 times (x 70B)
Class [Lorg.jetbrains.kotlin.config.JVMAssertionsMode;                                : loaded 2 times (x 69B)
Class org.jetbrains.kotlin.config.JVMAssertionsMode                                   : loaded 2 times (x 79B)
Class org.jetbrains.kotlin.com.intellij.openapi.util.Disposer$2                       : loaded 2 times (x 76B)
Class org.jetbrains.kotlin.com.intellij.util.IncorrectOperationException              : loaded 2 times (x 82B)
Class org.jetbrains.kotlin.fir.expressions.impl.FirAnnotationCallImpl                 : loaded 2 times (x 164B)
Class org.jetbrains.kotlin.fir.expressions.builder.FirDelegatedConstructorCallBuilder : loaded 2 times (x 92B)
Class com.google.gson.LongSerializationPolicy$1                                       : loaded 2 times (x 80B)
Class org.jetbrains.plugins.gradle.tooling.util.IntObjectMap$1                        : loaded 2 times (x 77B)
Class org.gradle.tooling.model.internal.ImmutableDomainObjectSet                      : loaded 2 times (x 155B)
Class org.objectweb.asm.Type                                                          : loaded 2 times (x 72B)
Class org.gradle.internal.classloader.VisitableURLClassLoader$InstrumentingVisitableURLClassLoader: loaded 2 times (x 123B)
Class org.jetbrains.kotlin.com.intellij.psi.PsiAnnotatedJavaCodeReferenceElement      : loaded 2 times (x 70B)
Class org.jetbrains.kotlin.com.intellij.util.containers.ConcurrentIntObjectHashMap$CollectionView: loaded 2 times (x 111B)
Class org.jetbrains.kotlin.com.intellij.psi.impl.compiled.StubBuildingVisitor$RecordComponentAnnotationCollectingVisitor: loaded 2 times (x 77B)
Class org.jetbrains.kotlin.com.intellij.psi.PsiCapturedWildcardType                   : loaded 2 times (x 100B)
Class org.jetbrains.kotlin.com.intellij.psi.impl.java.stubs.PsiUsesStatementStub      : loaded 2 times (x 70B)
Class org.jetbrains.kotlin.fir.java.JavaTypeConversionKt                              : loaded 2 times (x 71B)
Class org.jetbrains.kotlin.utils.SmartSet$Companion                                   : loaded 2 times (x 71B)
Class org.jetbrains.kotlin.it.unimi.dsi.fastutil.objects.ObjectList                   : loaded 2 times (x 70B)
Class org.jetbrains.kotlin.fir.resolve.ScopeSessionKey                                : loaded 2 times (x 71B)
Class [Lorg.jetbrains.kotlin.resolve.jvm.KotlinJavaPsiFacade$KotlinPsiElementFinderWrapper;: loaded 2 times (x 69B)
Class org.jetbrains.kotlin.fir.resolve.dfa.cfg.TailrecExitNodeMarker                  : loaded 2 times (x 70B)
Class org.jetbrains.kotlin.fir.expressions.FirOperation                               : loaded 2 times (x 79B)
Class org.jetbrains.kotlin.fir.expressions.impl.FirBlockImpl                          : loaded 2 times (x 122B)
Class org.jetbrains.kotlin.fir.declarations.impl.FirPropertyImpl                      : loaded 2 times (x 216B)
Class org.jetbrains.kotlin.lexer._JetLexer                                            : loaded 2 times (x 81B)
Class [Lorg.jetbrains.kotlin.KtSourceElementKind;                                     : loaded 2 times (x 69B)
Class org.jetbrains.kotlin.fir.symbols.impl.FirFunctionWithoutNameSymbol              : loaded 2 times (x 78B)
Class org.jetbrains.kotlin.fir.declarations.FirDeclarationOrigin$IntersectionOverride : loaded 2 times (x 72B)
Class org.jetbrains.kotlin.builtins.functions.FunctionTypeKind$KSuspendFunction       : loaded 2 times (x 77B)
Class org.jetbrains.kotlin.descriptors.ClassifierDescriptor                           : loaded 2 times (x 70B)
Class org.jetbrains.kotlin.resolve.checkers.OptionalExpectationUsageChecker           : loaded 2 times (x 74B)
Class org.jetbrains.kotlin.resolve.calls.checkers.CustomEnumEntriesMigrationCallChecker: loaded 2 times (x 74B)
Class org.jetbrains.kotlin.psi.KtValueArgumentName                                    : loaded 2 times (x 449B)
Class org.jetbrains.kotlin.psi.KtTypeConstraintList                                   : loaded 2 times (x 444B)
Class [Lorg.jetbrains.kotlin.psi.KtParameter;                                         : loaded 2 times (x 69B)
Class org.jetbrains.kotlin.psi.KtParameter                                            : loaded 2 times (x 1157B)
Class org.jetbrains.kotlin.psi.stubs.elements.KtCollectionLiteralExpressionElementType: loaded 2 times (x 100B)
Class org.jetbrains.kotlin.fir.extensions.FirRegisteredPluginAnnotationsKt            : loaded 2 times (x 71B)
Class org.jetbrains.kotlin.metadata.ProtoBuf$ValueParameter                           : loaded 2 times (x 133B)
Class org.jetbrains.kotlin.metadata.ProtoBuf$ClassOrBuilder                           : loaded 2 times (x 70B)
Class org.jetbrains.kotlin.metadata.ProtoBuf$QualifiedNameTable$1                     : loaded 2 times (x 144B)
Class org.jetbrains.kotlin.com.intellij.openapi.vfs.VfsUtilCore$1                     : loaded 2 times (x 76B)
Class org.jetbrains.kotlin.fir.java.enhancement.FirEnhancedSymbolsStorage             : loaded 2 times (x 72B)
Class org.jetbrains.kotlin.resolve.jvm.modules.JavaModuleInfo                         : loaded 2 times (x 72B)
Class org.jetbrains.kotlin.com.intellij.util.containers.SoftHashMap                   : loaded 2 times (x 127B)
Class [Lorg.jetbrains.kotlin.com.intellij.openapi.vfs.VirtualFileFilter;              : loaded 2 times (x 69B)
Class org.jetbrains.kotlin.com.intellij.core.CoreProjectScopeBuilder$CoreLibrariesScope: loaded 2 times (x 96B)
Class org.jetbrains.kotlin.com.intellij.psi.impl.PsiModificationTrackerImpl           : loaded 2 times (x 84B)
Class org.jetbrains.kotlin.org.codehaus.stax2.typed.TypedXMLStreamException           : loaded 2 times (x 84B)
Class org.jetbrains.kotlin.fir.expressions.FirVariableAssignment                      : loaded 2 times (x 118B)
Class org.jetbrains.kotlin.fir.expressions.builder.FirElseIfTrueConditionBuilder      : loaded 2 times (x 76B)
Class org.jetbrains.kotlin.fir.expressions.impl.FirStringConcatenationCallImpl        : loaded 2 times (x 136B)
Class org.jetbrains.kotlin.backend.common.lower.ConstEvaluationLowering               : loaded 2 times (x 80B)
Class org.jetbrains.kotlin.backend.jvm.lower.BridgeLowering                           : loaded 2 times (x 85B)
Class org.jetbrains.kotlin.backend.common.lower.InnerClassConstructorCallsLowering    : loaded 2 times (x 86B)
Class org.jetbrains.kotlin.backend.jvm.lower.DirectInvokeLowering                     : loaded 2 times (x 353B)
Class org.jetbrains.kotlin.backend.jvm.lower.JvmLateinitLowering                      : loaded 2 times (x 346B)
Class org.jetbrains.kotlin.fir.resolve.transformers.FirStatusResolver$Companion       : loaded 2 times (x 71B)
Class org.jetbrains.kotlin.storage.LockBasedStorageManager$MapBasedMemoizedFunction   : loaded 2 times (x 82B)
Class kotlin.reflect.jvm.internal.KProperty0Impl$_getter$1                            : loaded 2 times (x 79B)
Class org.jetbrains.kotlin.config.LoggingContext                                      : loaded 2 times (x 70B)
Class org.jetbrains.kotlin.diagnostics.DiagnosticReporter                             : loaded 2 times (x 73B)
Class org.jetbrains.kotlin.com.intellij.openapi.util.ObjectNode$1                     : loaded 2 times (x 77B)
Class org.jetbrains.kotlin.fir.resolve.transformers.body.resolve.BodyResolveContext   : loaded 2 times (x 72B)
Class org.jetbrains.kotlin.fir.resolve.calls.jvm.JvmPlatformOverloadsConflictResolver : loaded 2 times (x 73B)
Class org.jetbrains.kotlin.fir.FirImportTrackerComponent                              : loaded 2 times (x 72B)
Class org.jetbrains.kotlin.load.kotlin.KotlinClassFinder$Result$KotlinClass           : loaded 2 times (x 72B)
Class org.jetbrains.kotlin.util.SideStats$Companion                                   : loaded 2 times (x 71B)
Class com.google.gson.LongSerializationPolicy$2                                       : loaded 2 times (x 80B)
Class [Lcom.amazon.ion.impl.bin.IonRawBinaryWriter$StreamFlushMode;                   : loaded 2 times (x 69B)
Class com.amazon.ion.UnsupportedIonVersionException                                   : loaded 2 times (x 85B)
Class [Lcom.android.builder.model.v2.ide.AndroidGradlePluginProjectFlags$BooleanFlag; : loaded 2 times (x 69B)
Class com.android.builder.model.v2.ide.AndroidGradlePluginProjectFlags                : loaded 2 times (x 70B)
Class com.android.builder.model.v2.ide.BasicVariant                                   : loaded 2 times (x 70B)
Class org.objectweb.asm.ByteVector                                                    : loaded 2 times (x 79B)
Class com.google.common.math.IntMath$1                                                : loaded 2 times (x 71B)
Class [Lcom.google.common.cache.CacheBuilder$NullListener;                            : loaded 2 times (x 69B)
Class org.gradle.internal.classloader.VisitableURLClassLoader$Spec                    : loaded 2 times (x 74B)
Class org.gradle.internal.classpath.DefaultClassPath                                  : loaded 2 times (x 90B)
Class org.jetbrains.kotlin.metadata.ProtoBuf$Effect$InvocationKind$1                  : loaded 2 times (x 74B)
Class [Lorg.jetbrains.kotlin.com.intellij.psi.stubs.StubList$ChildrenStorage;         : loaded 2 times (x 69B)
Class org.jetbrains.kotlin.com.intellij.psi.stubs.MostlyUShortIntList                 : loaded 2 times (x 79B)
Class org.jetbrains.kotlin.com.intellij.psi.impl.java.stubs.PsiNameValuePairStub      : loaded 2 times (x 70B)
Class org.jetbrains.kotlin.com.intellij.psi.impl.source.BasicJavaElementType          : loaded 2 times (x 70B)
Class org.jetbrains.kotlin.com.intellij.psi.impl.java.stubs.JavaFieldStubElementType  : loaded 2 times (x 115B)
Class org.jetbrains.kotlin.com.intellij.psi.impl.PsiCachedValueImpl$Soft              : loaded 2 times (x 94B)
Class org.jetbrains.kotlin.load.java.typeEnhancement.NullabilityQualifier             : loaded 2 times (x 79B)
Class org.jetbrains.kotlin.io.vavr.collection.Map                                     : loaded 2 times (x 70B)
Class org.jetbrains.kotlin.fir.resolve.transformers.PublishedApiEffectiveVisibilityKt : loaded 2 times (x 71B)
Class org.jetbrains.kotlin.metadata.ProtoBuf$TypeAlias$1                              : loaded 2 times (x 144B)
Class org.jetbrains.kotlin.com.google.common.collect.LinkedHashMultimap$ValueSet$1    : loaded 2 times (x 82B)
Class org.jetbrains.kotlin.fir.scopes.impl.FirPackageMemberScope                      : loaded 2 times (x 79B)
Class org.jetbrains.kotlin.fir.declarations.utils.DeclarationAttributesKt             : loaded 2 times (x 71B)
Class org.jetbrains.kotlin.fir.diagnostics.ConeContractShouldBeFirstStatement         : loaded 2 times (x 74B)
Class kotlin.reflect.jvm.internal.KMutableProperty1Impl$_setter$1                     : loaded 2 times (x 79B)
Class org.jetbrains.kotlin.parsing.LastBefore                                         : loaded 2 times (x 84B)
Class org.jetbrains.kotlin.lexer._JetLexer$State                                      : loaded 2 times (x 71B)
Class org.jetbrains.kotlin.fir.expressions.FirGetClassCall                            : loaded 2 times (x 134B)
Class org.jetbrains.kotlin.fir.analysis.checkers.syntax.FirCommaInWhenConditionChecker: loaded 2 times (x 89B)
Class [Lorg.jetbrains.kotlin.KtFakeSourceElementKind;                                 : loaded 2 times (x 69B)
Class org.jetbrains.kotlin.fir.analysis.checkers.declaration.FirDelegateUsesExtensionPropertyTypeParameterChecker: loaded 2 times (x 77B)
Class org.jetbrains.kotlin.resolve.calls.checkers.ConstructorHeaderCallChecker        : loaded 2 times (x 74B)
Class org.jetbrains.kotlin.psi.KtIsExpression                                         : loaded 2 times (x 503B)
Class org.jetbrains.kotlin.resolve.checkers.EnumEntriesRedeclarationChecker           : loaded 2 times (x 74B)
Class org.jetbrains.kotlin.psi.KtDeclaration                                          : loaded 2 times (x 70B)
Class org.jetbrains.kotlin.container.ComponentProvider                                : loaded 2 times (x 70B)
Class org.jetbrains.kotlin.fir.resolve.FirSamResolver                                 : loaded 2 times (x 72B)
Class org.jetbrains.kotlin.fir.scopes.FirScope                                        : loaded 2 times (x 78B)
Class org.jetbrains.kotlin.metadata.ProtoBuf$Annotation$Argument$ValueOrBuilder       : loaded 2 times (x 70B)
Class org.jetbrains.kotlin.com.intellij.openapi.vfs.VfsUtilCore$2                     : loaded 2 times (x 76B)
Class org.jetbrains.kotlin.cli.jvm.compiler.JvmPackagePartProvider                    : loaded 2 times (x 93B)
Class org.jetbrains.kotlin.fir.DependencyListForCliModule                             : loaded 2 times (x 72B)
Class org.jetbrains.kotlin.com.intellij.psi.impl.JavaPsiFacadeEx                      : loaded 2 times (x 87B)
Class org.jetbrains.kotlin.com.intellij.psi.TypeAnnotationProvider$1                  : loaded 2 times (x 75B)
Class org.jetbrains.kotlin.com.intellij.core.CoreProjectScopeBuilder$ContentSearchScope: loaded 2 times (x 96B)
Class org.jetbrains.kotlin.com.intellij.ide.plugins.IdeaPluginDescriptorImpl          : loaded 2 times (x 94B)
Class org.jetbrains.kotlin.org.codehaus.stax2.ri.typed.ValueDecoderFactory$DecoderBase: loaded 2 times (x 81B)
Class org.jetbrains.kotlin.fir.java.deserialization.JvmBinaryAnnotationDeserializer   : loaded 2 times (x 87B)
Class org.jetbrains.kotlin.fir.java.deserialization.FirJvmConstDeserializer           : loaded 2 times (x 73B)
Class org.jetbrains.kotlin.com.intellij.util.messages.impl.MessagePublisher           : loaded 2 times (x 76B)
Class org.jetbrains.kotlin.com.intellij.platform.diagnostic.telemetry.IJTracer        : loaded 2 times (x 70B)
Class org.jetbrains.kotlin.com.intellij.openapi.util.Iconable                         : loaded 2 times (x 70B)
Class org.jetbrains.kotlin.com.intellij.openapi.extensions.ExtensionPointListener     : loaded 2 times (x 70B)
Class org.jetbrains.kotlin.com.intellij.openapi.extensions.ExtensionPoint             : loaded 2 times (x 70B)
Class org.jetbrains.kotlin.com.intellij.openapi.extensions.ExtensionsArea             : loaded 2 times (x 70B)
Class org.jetbrains.kotlin.fir.deserialization.AbstractFirDeserializedSymbolProvider$ClassMetadataFindResult: loaded 2 times (x 71B)
Class org.jetbrains.kotlin.backend.common.phaser.PhaseDescription                     : loaded 2 times (x 70B)
Class org.jetbrains.kotlin.io.vavr.collection.HashArrayMappedTrieModule$LeafSingleton : loaded 2 times (x 110B)
Class org.jetbrains.kotlin.util.UnitStats                                             : loaded 2 times (x 72B)
Class org.jetbrains.kotlin.util.Time                                                  : loaded 2 times (x 71B)
Class [Lorg.jetbrains.kotlin.descriptors.annotations.KotlinTarget;                    : loaded 2 times (x 69B)
Class org.jetbrains.kotlin.com.intellij.openapi.application.BaseActionRunnable        : loaded 2 times (x 71B)
Class com.amazon.ion.impl.bin.IonManagedBinaryWriter$SymbolState                      : loaded 2 times (x 80B)
Class com.amazon.ion.IonStruct                                                        : loaded 2 times (x 70B)
Class org.jetbrains.plugins.gradle.model.GradleBuildScriptClasspathModel              : loaded 2 times (x 70B)
Class com.android.builder.model.v2.ide.BundleInfo                                     : loaded 2 times (x 70B)
Class com.android.builder.model.v2.ide.SourceProvider                                 : loaded 2 times (x 70B)
Class org.gradle.util.internal.DefaultGradleVersion                                   : loaded 2 times (x 82B)
Class com.google.devtools.ksp.processing.KspGradleLogger                              : loaded 2 times (x 79B)
Class org.objectweb.asm.Symbol                                                        : loaded 2 times (x 73B)
Class com.google.common.reflect.Types$ClassOwnership                                  : loaded 2 times (x 80B)
Class org.jetbrains.kotlin.fir.types.CompilerConeAttributes$ContextFunctionTypeParams$Companion: loaded 2 times (x 71B)
Class org.jetbrains.kotlin.fir.resolve.substitution.ConeSubstitutorByMap$Companion    : loaded 2 times (x 71B)
Class org.jetbrains.kotlin.com.intellij.psi.impl.compiled.SignatureParsing$TypeInfoProvider: loaded 2 times (x 70B)
Class org.jetbrains.kotlin.com.intellij.psi.impl.source.PsiExtensibleClass            : loaded 2 times (x 70B)
Class [Lorg.jetbrains.kotlin.com.intellij.openapi.projectRoots.JavaSdkVersion;        : loaded 2 times (x 69B)
Class org.jetbrains.kotlin.com.intellij.psi.impl.java.stubs.PsiParameterStub          : loaded 2 times (x 70B)
Class org.jetbrains.kotlin.com.intellij.psi.impl.java.stubs.JavaStubElementTypes      : loaded 2 times (x 70B)
Class org.jetbrains.kotlin.fir.resolve.TypeExpansionUtilsKt$fullyExpandedType$1       : loaded 2 times (x 125B)
Class org.jetbrains.kotlin.metadata.jvm.deserialization.JvmMemberSignature$Field      : loaded 2 times (x 75B)
Class [Lorg.jetbrains.kotlin.builtins.jvm.JavaToKotlinClassMap$PlatformMutabilityMapping;: loaded 2 times (x 69B)
Class org.jetbrains.kotlin.fir.symbols.ConeClassifierLookupTagWithFixedSymbol         : loaded 2 times (x 75B)
Class org.jetbrains.kotlin.serialization.deserialization.descriptors.DeserializedContainerAbiStability: loaded 2 times (x 79B)
Class org.jetbrains.kotlin.metadata.ProtoBuf$Effect$1                                 : loaded 2 times (x 144B)
Class org.jetbrains.kotlin.metadata.jvm.JvmProtoBuf                                   : loaded 2 times (x 71B)
Class org.jetbrains.kotlin.fir.resolve.providers.FirSymbolNamesProviderKt             : loaded 2 times (x 71B)
Class org.jetbrains.kotlin.com.intellij.psi.impl.source.AbstractBasicJavaDocElementTypeFactory$JavaDocElementTypeContainer: loaded 2 times (x 72B)
Class org.jetbrains.kotlin.fir.resolve.calls.overloads.ConeOverloadConflictResolver   : loaded 2 times (x 73B)
Class org.jetbrains.kotlin.fir.resolve.ImplicitValueStorage                           : loaded 2 times (x 72B)
Class org.jetbrains.kotlin.fir.util.MutableMultimap                                   : loaded 2 times (x 70B)
Class org.jetbrains.kotlin.fir.expressions.builder.FirComponentCallBuilder            : loaded 2 times (x 92B)
Class org.jetbrains.kotlin.KtFakeSourceElementKind$DesugaredAugmentedAssign           : loaded 2 times (x 72B)
Class org.jetbrains.kotlin.fir.references.impl.FirResolvedNamedReferenceImpl          : loaded 2 times (x 90B)
Class [Lorg.jetbrains.kotlin.fir.types.ConeClassLikeType;                             : loaded 2 times (x 69B)
Class org.jetbrains.kotlin.fir.symbols.impl.FirEnumEntrySymbol                        : loaded 2 times (x 78B)
Class org.jetbrains.kotlin.KtFakeSourceElementKind$EnumSuperTypeRef                   : loaded 2 times (x 72B)
Class org.jetbrains.kotlin.utils.NumbersKt                                            : loaded 2 times (x 71B)
Class org.jetbrains.kotlin.fir.expressions.impl.FirThisReceiverExpressionImpl         : loaded 2 times (x 162B)
Class org.jetbrains.kotlin.fir.IsCatchParameterProperty                               : loaded 2 times (x 71B)
Class org.jetbrains.kotlin.KtRealSourceElementKind                                    : loaded 2 times (x 72B)
Class org.jetbrains.kotlin.kotlinx.collections.immutable.implementations.immutableList.PersistentVectorBuilder: loaded 2 times (x 248B)
Class org.jetbrains.kotlin.utils.addToStdlib.AddToStdlibKt                            : loaded 2 times (x 71B)
Class org.jetbrains.kotlin.fir.analysis.checkers.expression.AbstractFirReflectionApiCallChecker$Companion: loaded 2 times (x 71B)
Class org.jetbrains.kotlin.fir.analysis.checkers.declaration.FirUnnamedPropertyChecker: loaded 2 times (x 77B)
Class org.jetbrains.kotlin.fir.java.JvmSupertypeUpdater$DelegatedConstructorCallTransformer$Companion: loaded 2 times (x 71B)
Class org.jetbrains.kotlin.com.intellij.util.ObjectUtilsRt                            : loaded 2 times (x 71B)
Class org.jetbrains.kotlin.resolve.IdentifierChecker                                  : loaded 2 times (x 70B)
Class org.jetbrains.kotlin.psi.KtSuperExpression                                      : loaded 2 times (x 439B)
Class org.jetbrains.kotlin.com.intellij.psi.ContributedReferenceHost                  : loaded 2 times (x 70B)
Class [Lorg.jetbrains.kotlin.psi.KtFileAnnotationList;                                : loaded 2 times (x 69B)
Class org.jetbrains.kotlin.psi.KtAnnotation                                           : loaded 2 times (x 446B)
Class org.jetbrains.kotlin.psi.KtAnnotationEntry                                      : loaded 2 times (x 521B)
Class org.jetbrains.kotlin.psi.stubs.KotlinConstructorStub                            : loaded 2 times (x 70B)
Class org.jetbrains.kotlin.psi.stubs.elements.KtBackingFieldElementType               : loaded 2 times (x 103B)
Class org.jetbrains.kotlin.psi.stubs.elements.KtContractEffectElementType             : loaded 2 times (x 100B)
Class org.jetbrains.kotlin.psi.KtClassLikeDeclaration                                 : loaded 2 times (x 70B)
Class org.jetbrains.kotlin.resolve.checkers.PropertiesWithBackingFieldsInsideValueClass: loaded 2 times (x 74B)
Class org.jetbrains.kotlin.resolve.checkers.SinceKotlinAnnotationValueChecker         : loaded 2 times (x 77B)
Class org.jetbrains.kotlin.com.intellij.extapi.psi.ASTDelegatePsiElement              : loaded 2 times (x 306B)
Class org.jetbrains.kotlin.fir.scopes.FirOverrideChecker                              : loaded 2 times (x 70B)
Class [Lorg.jetbrains.kotlin.fir.types.ConeKotlinType;                                : loaded 2 times (x 69B)
Class org.jetbrains.kotlin.fir.types.builder.FirResolvedTypeRefBuilder                : loaded 2 times (x 76B)
Class [Lorg.jetbrains.kotlin.fir.FirSession$Kind;                                     : loaded 2 times (x 69B)
Class org.jetbrains.kotlin.metadata.ProtoBuf$ConstructorOrBuilder                     : loaded 2 times (x 70B)
Class org.jetbrains.kotlin.fir.session.ComponentsContainersKt                         : loaded 2 times (x 71B)
Class [Lorg.jetbrains.kotlin.com.intellij.pom.PomNamedTarget;                         : loaded 2 times (x 69B)
Class org.jetbrains.kotlin.com.intellij.psi.AbstractFileViewProvider$VirtualFileContent: loaded 2 times (x 80B)
Class [Lorg.jetbrains.kotlin.com.intellij.psi.PsiModifierListOwner;                   : loaded 2 times (x 69B)
Class org.jetbrains.kotlin.resolve.jvm.KotlinJavaPsiFacade$KotlinPsiElementFinderWrapperImplDumbAware: loaded 2 times (x 82B)
Class org.jetbrains.kotlin.fir.serialization.FirMetadataSerializerPlugin              : loaded 2 times (x 76B)
Class org.jetbrains.kotlin.metadata.ProtoBuf$Visibility                               : loaded 2 times (x 82B)
Class org.jetbrains.kotlin.asJava.KotlinAsJavaSupport$Companion                       : loaded 2 times (x 71B)
Class org.jetbrains.kotlin.com.intellij.openapi.editor.event.DocumentListener         : loaded 2 times (x 70B)
Class org.jetbrains.kotlin.idea.KotlinFileType                                        : loaded 2 times (x 90B)
Class org.jetbrains.kotlin.com.fasterxml.aalto.in.Utf32Reader                         : loaded 2 times (x 95B)
Class org.jetbrains.kotlin.com.fasterxml.aalto.in.InputBootstrapper                   : loaded 2 times (x 84B)
Class org.jetbrains.kotlin.com.fasterxml.aalto.util.UriCanonicalizer                  : loaded 2 times (x 72B)
Class org.jetbrains.kotlin.com.intellij.psi.impl.compiled.ClassFileStubBuilder        : loaded 2 times (x 97B)
Class org.jetbrains.kotlin.com.intellij.psi.PsiFile                                   : loaded 2 times (x 70B)
Class org.jetbrains.kotlin.com.intellij.psi.impl.source.resolve.reference.ReferenceProvidersRegistryImpl$2: loaded 2 times (x 75B)
Class org.jetbrains.kotlin.com.intellij.openapi.project.IndexNotReadyException        : loaded 2 times (x 85B)
Class org.jetbrains.kotlin.cli.common.arguments.ConfigureJvmLanguageFeaturesKt        : loaded 2 times (x 71B)
Class org.jetbrains.kotlin.com.intellij.util.containers.WeakHashMap                   : loaded 2 times (x 127B)
Class org.jetbrains.kotlin.cli.common.messages.PrintingMessageCollector               : loaded 2 times (x 80B)
Class org.jetbrains.kotlin.com.intellij.psi.impl.cache.TypeInfo                       : loaded 2 times (x 80B)
Class org.jetbrains.kotlin.config.ApiVersion$Companion                                : loaded 2 times (x 71B)
Class kotlin.annotation.Repeatable                                                    : loaded 2 times (x 70B)
Class com.google.gson.reflect.TypeToken                                               : loaded 2 times (x 75B)
Class [Lcom.google.gson.Strictness;                                                   : loaded 2 times (x 69B)
Class org.jetbrains.kotlin.fir.resolve.substitution.ConeSubstitutorByMap              : loaded 2 times (x 76B)
Class com.google.common.collect.AbstractMapBasedMultimap$WrappedCollection            : loaded 2 times (x 124B)
Class com.google.common.collect.Sets$FilteredSet                                      : loaded 2 times (x 137B)
Class com.google.common.io.Closer                                                     : loaded 2 times (x 78B)
Class com.google.common.collect.RegularImmutableMap$Values                            : loaded 2 times (x 207B)
Class org.gradle.internal.classloader.ClassLoaderSpec                                 : loaded 2 times (x 71B)
Class com.google.common.util.concurrent.ExecutionError                                : loaded 2 times (x 82B)
Class org.jetbrains.kotlin.com.intellij.psi.impl.source.StubbedSpine                  : loaded 2 times (x 70B)
Class org.jetbrains.kotlin.com.intellij.psi.impl.java.stubs.impl.PsiClassStubImpl     : loaded 2 times (x 216B)
Class org.jetbrains.kotlin.com.intellij.psi.PsiCompiledFile                           : loaded 2 times (x 70B)
Class org.jetbrains.kotlin.load.java.structure.JavaAnnotationArgument                 : loaded 2 times (x 70B)
Class org.jetbrains.kotlin.fir.java.enhancement.EnhancementSignatureParts             : loaded 2 times (x 91B)
Class org.jetbrains.kotlin.utils.SmartList$SingletonIterator                          : loaded 2 times (x 82B)
Class org.jetbrains.kotlin.types.model.TypeParameterMarker                            : loaded 2 times (x 70B)
Class [Lorg.jetbrains.kotlin.resolve.deprecation.DeprecationLevelValue;               : loaded 2 times (x 69B)
Class org.jetbrains.kotlin.fir.visitors.FirTransformerUtilKt                          : loaded 2 times (x 71B)
Class org.jetbrains.kotlin.fir.declarations.FirTowerDataContext                       : loaded 2 times (x 72B)
Class org.jetbrains.kotlin.fir.expressions.FirLoopJump                                : loaded 2 times (x 118B)
Class org.jetbrains.kotlin.fir.expressions.builder.FirUnitExpressionBuilder           : loaded 2 times (x 76B)
Class org.jetbrains.kotlin.fir.expressions.builder.FirEqualityOperatorCallBuilder     : loaded 2 times (x 84B)
Class com.google.common.collect.ImmutableEnumSet                                      : loaded 2 times (x 146B)
Class org.jetbrains.kotlin.fir.expressions.FirNamedArgumentExpression                 : loaded 2 times (x 121B)
Class org.jetbrains.kotlin.fir.analysis.checkers.config.FirContextParametersLanguageVersionSettingsChecker: loaded 2 times (x 72B)
Class org.jetbrains.kotlin.fir.analysis.jvm.checkers.expression.FirJvmInlineTargetQualifiedAccessChecker: loaded 2 times (x 77B)
Class org.jetbrains.kotlin.KtFakeSourceElementKind                                    : loaded 2 times (x 72B)
Class org.jetbrains.kotlin.fir.analysis.checkers.declaration.FirDelegatedPropertyChecker: loaded 2 times (x 77B)
Class org.jetbrains.kotlin.fir.analysis.checkers.declaration.FirTailrecFunctionChecker: loaded 2 times (x 77B)
Class org.jetbrains.kotlin.fir.analysis.checkers.declaration.FirOptInMarkedDeclarationChecker: loaded 2 times (x 77B)
Class org.jetbrains.kotlin.fir.declarations.FirResolvedDeclarationStatus              : loaded 2 times (x 70B)
Class org.jetbrains.kotlin.descriptors.DeclarationDescriptorWithVisibility            : loaded 2 times (x 70B)
Class [Lorg.jetbrains.kotlin.psi.KtDoubleColonExpression;                             : loaded 2 times (x 69B)
Class [Lorg.jetbrains.kotlin.psi.KtElementImplStub;                                   : loaded 2 times (x 69B)
Class org.jetbrains.kotlin.psi.KtClass                                                : loaded 2 times (x 1101B)
Class org.jetbrains.kotlin.resolve.checkers.InnerClassInsideValueClass                : loaded 2 times (x 74B)
Class [Lorg.jetbrains.kotlin.resolve.checkers.DeclarationChecker;                     : loaded 2 times (x 69B)
Class org.jetbrains.kotlin.fir.types.impl.FirImplicitByteTypeRef                      : loaded 2 times (x 107B)
Class org.jetbrains.kotlin.protobuf.SmallSortedMap                                    : loaded 2 times (x 130B)
Class org.jetbrains.kotlin.psi.KtAnnotated                                            : loaded 2 times (x 70B)
Class org.jetbrains.kotlin.cli.common.GroupedKtSourcesKt                              : loaded 2 times (x 71B)
Class [Lorg.jetbrains.kotlin.fir.extensions.FirAnalysisHandlerExtension;              : loaded 2 times (x 69B)
Class org.jetbrains.kotlin.com.intellij.util.ConcurrencyUtil                          : loaded 2 times (x 71B)
Class org.jetbrains.kotlin.cli.common.extensions.ScriptEvaluationExtension$Companion  : loaded 2 times (x 72B)
Class org.jetbrains.kotlin.cli.common.extensions.ScriptEvaluationExtension            : loaded 2 times (x 70B)
Class org.jetbrains.kotlin.com.intellij.util.io.FileAccessorCache                     : loaded 2 times (x 83B)
Class org.jetbrains.kotlin.com.intellij.psi.JavaModuleSystem                          : loaded 2 times (x 70B)
Class org.jetbrains.kotlin.com.intellij.openapi.application.impl.ModalityStateEx      : loaded 2 times (x 73B)
Class org.gradle.tooling.internal.adapter.ProtocolToModelAdapter$InvocationHandlerImpl: loaded 2 times (x 77B)
Class org.jetbrains.kotlin.com.intellij.codeInsight.folding.CodeFoldingSettings       : loaded 2 times (x 71B)
Class org.jetbrains.kotlin.io.opentelemetry.api.trace.SpanBuilder                     : loaded 2 times (x 70B)
Class org.jetbrains.kotlin.com.intellij.util.messages.Topic$BroadcastDirection        : loaded 2 times (x 79B)
Class org.jetbrains.kotlin.com.intellij.openapi.util.registry.EarlyAccessRegistryManagerKt: loaded 2 times (x 71B)
Class org.jetbrains.kotlin.com.intellij.openapi.progress.ProgressManager              : loaded 2 times (x 93B)
Class org.jetbrains.kotlin.com.intellij.util.containers.IntKeyWeakValueHashMap        : loaded 2 times (x 78B)
Class org.gradle.tooling.model.build.GradleEnvironment                                : loaded 2 times (x 70B)
Class com.android.builder.model.v2.models.VariantDependenciesAdjacencyList            : loaded 2 times (x 70B)
Class org.jetbrains.plugins.gradle.tooling.util.IntObjectMap$ObjectFactory            : loaded 2 times (x 70B)
Class com.google.gson.internal.sql.SqlTimestampTypeAdapter$1                          : loaded 2 times (x 75B)
Class com.google.gson.JsonPrimitive                                                   : loaded 2 times (x 93B)
Class com.amazon.ion.impl.IonWriterSystemTextMarkup                                   : loaded 2 times (x 192B)
Class com.amazon.ion.impl.bin.BlockAllocator                                          : loaded 2 times (x 80B)
Class org.objectweb.asm.AnnotationWriter                                              : loaded 2 times (x 79B)
Class com.google.common.cache.CacheStats                                              : loaded 2 times (x 71B)
Class org.jetbrains.kotlin.com.intellij.psi.PsiConstructorCall                        : loaded 2 times (x 70B)
Class org.jetbrains.kotlin.com.intellij.openapi.projectRoots.JavaSdkVersion           : loaded 2 times (x 79B)
Class org.jetbrains.kotlin.load.java.structure.impl.classFiles.PlainJavaAnnotationArgument: loaded 2 times (x 76B)
Class org.jetbrains.kotlin.fir.java.enhancement.FirAnnotationTypeQualifierResolverKt  : loaded 2 times (x 71B)
Class org.jetbrains.kotlin.fir.deserialization.FirTypeDeserializer$FlexibleTypeFactory$Default: loaded 2 times (x 75B)
Class org.jetbrains.kotlin.load.kotlin.header.KotlinClassHeader$Kind$Companion        : loaded 2 times (x 71B)
Class org.jetbrains.kotlin.resolve.jvm.KotlinJavaPsiFacade$PackageCache               : loaded 2 times (x 73B)
Class org.jetbrains.kotlin.com.intellij.psi.util.PsiUtilCore$NullPsiFile              : loaded 2 times (x 538B)
Class [Lorg.jetbrains.kotlin.fir.resolve.calls.overloads.ConeCallConflictResolver;    : loaded 2 times (x 69B)
Class org.jetbrains.kotlin.resolve.calls.tower.CandidateApplicability                 : loaded 2 times (x 79B)
Class org.jetbrains.kotlin.fir.resolve.inference.FirCallCompleter                     : loaded 2 times (x 72B)
Class org.jetbrains.kotlin.fir.resolve.dfa.cfg.CatchClauseEnterNode                   : loaded 2 times (x 81B)
Class org.jetbrains.kotlin.fir.resolve.dfa.Stack                                      : loaded 2 times (x 77B)
Class org.jetbrains.kotlin.fir.extensions.FirSwitchableExtensionDeclarationsSymbolProviderKt: loaded 2 times (x 71B)
Class org.jetbrains.kotlin.fir.expressions.impl.FirElseIfTrueCondition                : loaded 2 times (x 116B)
Class org.jetbrains.kotlin.fir.declarations.impl.FirAnonymousInitializerImpl          : loaded 2 times (x 122B)
Class org.jetbrains.kotlin.com.google.common.collect.SingletonImmutableSet            : loaded 2 times (x 146B)
Class org.jetbrains.kotlin.fir.expressions.FirExpressionUtilKt                        : loaded 2 times (x 71B)
Class org.jetbrains.kotlin.utils.NumberWithRadix                                      : loaded 2 times (x 72B)
Class org.jetbrains.kotlin.KtFakeSourceElementKind$ImplicitConstructor                : loaded 2 times (x 72B)
Class [Lorg.jetbrains.kotlin.fir.types.impl.ConeTypeParameterTypeImpl;                : loaded 2 times (x 69B)
Class [Lorg.jetbrains.kotlin.types.model.SimpleTypeMarker;                            : loaded 2 times (x 69B)
Class org.jetbrains.kotlin.fir.expressions.impl.FirLiteralExpressionImpl              : loaded 2 times (x 121B)
Class org.jetbrains.kotlin.fir.builder.AbstractRawFirBuilder                          : loaded 2 times (x 88B)
Class org.jetbrains.kotlin.fir.analysis.jvm.checkers.expression.FirJavaClassInheritsKtPrivateClassExpressionChecker: loaded 2 times (x 77B)
Class org.jetbrains.kotlin.fir.analysis.jvm.checkers.declaration.FirJvmConflictsChecker: loaded 2 times (x 77B)
Class org.jetbrains.kotlin.fir.analysis.checkers.declaration.FirFiniteBoundRestrictionChecker: loaded 2 times (x 77B)
Class org.jetbrains.kotlin.cli.common.SessionConstructionUtils$createSingleSession$session$1: loaded 2 times (x 75B)
Class org.jetbrains.kotlin.fir.resolve.FirJvmDefaultImportProvider                    : loaded 2 times (x 75B)
Class [Lorg.jetbrains.kotlin.load.java.AnnotationQualifierApplicabilityType;          : loaded 2 times (x 69B)
Class org.jetbrains.kotlin.psi.KtForExpression                                        : loaded 2 times (x 445B)
Class [Lorg.jetbrains.kotlin.psi.KtSuperTypeCallEntry;                                : loaded 2 times (x 69B)
Class [Lorg.jetbrains.kotlin.psi.KtDotQualifiedExpression;                            : loaded 2 times (x 69B)
Class org.jetbrains.kotlin.psi.KtAnnotationsContainer                                 : loaded 2 times (x 70B)
Class org.jetbrains.kotlin.fir.scopes.impl.FirGeneratedMemberDeclarationsStorage$ClassifierStorage: loaded 2 times (x 72B)
Class org.jetbrains.kotlin.fir.extensions.FirExtensionService                         : loaded 2 times (x 83B)
Class com.amazon.ion.IonException                                                     : loaded 2 times (x 84B)
Class org.jetbrains.kotlin.fir.types.CompilerConeAttributes$EnhancedNullability       : loaded 2 times (x 79B)
Class org.jetbrains.kotlin.protobuf.SmallSortedMap$EmptySet                           : loaded 2 times (x 71B)
Class org.jetbrains.kotlin.load.kotlin.ModuleMappingUtilKt                            : loaded 2 times (x 71B)
Class org.jetbrains.kotlin.com.intellij.util.containers.ShareableKey                  : loaded 2 times (x 70B)
Class org.jetbrains.kotlin.protobuf.MessageLite                                       : loaded 2 times (x 70B)
Class org.jetbrains.kotlin.cli.jvm.compiler.jarfs.ByteArrayCharSequence               : loaded 2 times (x 84B)
Class org.jetbrains.kotlin.serialization.DescriptorSerializerPlugin                   : loaded 2 times (x 70B)
Class org.jetbrains.kotlin.com.intellij.openapi.project.DumbService$Companion         : loaded 2 times (x 71B)
Class org.jetbrains.kotlin.com.intellij.core.CoreProjectScopeBuilder                  : loaded 2 times (x 77B)
Class org.jetbrains.kotlin.com.intellij.util.CachedValuesFactory                      : loaded 2 times (x 70B)
Class org.jetbrains.kotlin.com.intellij.ide.plugins.ModuleDependenciesDescriptor      : loaded 2 times (x 72B)
Class com.amazon.ion.util.GzipStreamInterceptor                                       : loaded 2 times (x 85B)
Class org.jetbrains.kotlin.com.intellij.util.containers.ConcurrentRefHashMap          : loaded 2 times (x 154B)
Class org.jetbrains.kotlin.com.intellij.openapi.extensions.ExtensionPointAdapter      : loaded 2 times (x 76B)
Class org.jetbrains.kotlin.com.intellij.serviceContainer.LazyExtensionInstance        : loaded 2 times (x 74B)
Class org.jetbrains.kotlin.cli.common.localfs.KotlinLocalFileSystem                   : loaded 2 times (x 103B)
Class org.jetbrains.kotlin.com.intellij.mock.MockApplication                          : loaded 2 times (x 324B)
Class org.jetbrains.kotlin.backend.jvm.lower.RepeatedAnnotationLowering               : loaded 2 times (x 344B)
Class org.jetbrains.kotlin.backend.common.lower.IrBuildingTransformer                 : loaded 2 times (x 336B)
Class org.jetbrains.kotlin.backend.jvm.lower.JvmDefaultArgumentStubGenerator          : loaded 2 times (x 96B)
Class com.amazon.ion.impl.bin.IonManagedBinaryWriter$UserState$3                      : loaded 2 times (x 85B)
Class org.jetbrains.kotlin.com.intellij.openapi.util.Disposer$CheckedDisposableImpl   : loaded 2 times (x 79B)
Class org.jetbrains.kotlin.config.phaser.PhaseSet                                     : loaded 2 times (x 73B)
Class com.google.gson.JsonObject                                                      : loaded 2 times (x 93B)
Class org.jetbrains.kotlin.diagnostics.DiagnosticReporterFactory                      : loaded 2 times (x 71B)
Class org.jetbrains.kotlin.util.PerformanceManager                                    : loaded 2 times (x 74B)
Class org.jetbrains.kotlin.config.MavenComparableVersion$ListItem                     : loaded 2 times (x 218B)
Class org.jetbrains.kotlin.com.google.common.collect.AbstractMapEntry                 : loaded 2 times (x 81B)
Class Settings_gradle$1$1                                                             : loaded 2 times (x 74B)
Class [Lcom.google.gson.ReflectionAccessFilter$FilterResult;                          : loaded 2 times (x 69B)
Class com.google.gson.JsonElement                                                     : loaded 2 times (x 92B)
Class com.amazon.ion.impl._Private_RecyclingQueue                                     : loaded 2 times (x 80B)
Class com.amazon.ion.system.IonWriterBuilderBase                                      : loaded 2 times (x 83B)
Class org.jetbrains.kotlin.backend.jvm.JvmLoweringPhasesKt$jvmFilePhases$80           : loaded 2 times (x 125B)
Class [Lcom.android.builder.model.v2.ide.ProjectType;                                 : loaded 2 times (x 69B)
Class org.gradle.tooling.internal.adapter.ProtocolToModelAdapter$DefaultViewBuilder   : loaded 2 times (x 80B)
Class kotlin.jdk7.AutoCloseableKt                                                     : loaded 2 times (x 71B)
Class com.google.common.io.Closer$Suppressor                                          : loaded 2 times (x 70B)
Class com.google.common.collect.ImmutableMultisetGwtSerializationDependencies         : loaded 2 times (x 125B)
Class org.objectweb.asm.RecordComponentWriter                                         : loaded 2 times (x 78B)
Class com.google.common.util.concurrent.AbstractFuture$Listener                       : loaded 2 times (x 72B)
Class org.gradle.api.internal.classpath.Module$ModuleAlias                            : loaded 2 times (x 70B)
Class org.jetbrains.kotlin.descriptors.EffectiveVisibility$Unknown                    : loaded 2 times (x 75B)
Class org.jetbrains.kotlin.com.intellij.psi.PsiEllipsisType                           : loaded 2 times (x 106B)
Class org.jetbrains.kotlin.com.intellij.psi.impl.java.stubs.JavaClassElementType      : loaded 2 times (x 115B)
Class org.jetbrains.kotlin.load.java.JavaDefaultQualifiersKt                          : loaded 2 times (x 71B)
Class org.jetbrains.kotlin.fir.resolve.transformers.plugin.AbstractFirSpecificAnnotationResolveTransformer$FirEnumAnnotationArgumentsTransformer: loaded 2 times (x 431B)
Class org.jetbrains.kotlin.com.intellij.psi.impl.source.BasicJavaDocElementType$DocTypeHolderElementType: loaded 2 times (x 88B)
Class org.jetbrains.kotlin.fir.resolve.calls.tower.InvokeResolvePriority              : loaded 2 times (x 79B)
Class org.jetbrains.kotlin.fir.resolve.transformers.FirAbstractTreeTransformer        : loaded 2 times (x 388B)
Class org.jetbrains.kotlin.fir.expressions.FirCheckNotNullCall                        : loaded 2 times (x 147B)
Class org.jetbrains.kotlin.fir.FirFunctionTarget                                      : loaded 2 times (x 82B)
Class org.jetbrains.kotlin.com.intellij.openapi.vfs.CompactVirtualFileSet             : loaded 2 times (x 170B)
Class org.jetbrains.kotlin.fir.analysis.jvm.checkers.declaration.FirOverrideJavaNullabilityWarningChecker$Regular: loaded 2 times (x 78B)
Class org.jetbrains.kotlin.fir.analysis.checkers.type.FirDuplicateParameterNameInFunctionTypeChecker: loaded 2 times (x 77B)
Class org.jetbrains.kotlin.fir.analysis.checkers.syntax.FirFunctionTypeParametersSyntaxChecker: loaded 2 times (x 89B)
Class org.jetbrains.kotlin.cli.jvm.compiler.CliVirtualFileFinder                      : loaded 2 times (x 91B)
Class org.jetbrains.kotlin.load.java.AbstractAnnotationTypeQualifierResolver          : loaded 2 times (x 77B)
Class org.jetbrains.kotlin.lexer.KotlinLexer                                          : loaded 2 times (x 86B)
Class org.jetbrains.kotlin.psi.ValueArgumentName                                      : loaded 2 times (x 70B)
Class [Lorg.jetbrains.kotlin.psi.KtExpressionImplStub;                                : loaded 2 times (x 69B)
Class org.jetbrains.kotlin.com.intellij.psi.tree.IReparseableLeafElementType          : loaded 2 times (x 70B)
Class org.jetbrains.kotlin.psi.KtPureClassOrObject                                    : loaded 2 times (x 70B)
Class org.jetbrains.kotlin.fir.caches.FirCachesFactory$ValueReferenceStrength         : loaded 2 times (x 79B)
Class org.jetbrains.kotlin.metadata.jvm.deserialization.ModuleMapping$Companion       : loaded 2 times (x 71B)
Class [Lorg.jetbrains.kotlin.it.unimi.dsi.fastutil.objects.Object2ObjectOpenHashMap;  : loaded 2 times (x 69B)
Class org.jetbrains.kotlin.extensions.AnnotationBasedExtension                        : loaded 2 times (x 70B)
Class org.jetbrains.kotlin.resolve.jvm.extensions.SyntheticJavaResolveExtension$Companion: loaded 2 times (x 72B)
Class org.jetbrains.kotlin.com.intellij.DynamicBundle                                 : loaded 2 times (x 78B)
Class org.jetbrains.kotlin.com.intellij.psi.PsiAnnotation                             : loaded 2 times (x 70B)
Class org.jetbrains.kotlin.com.intellij.openapi.project.DumbUtil                      : loaded 2 times (x 70B)
Class org.jetbrains.kotlin.com.intellij.util.containers.UnsafeWeakList$MyReference    : loaded 2 times (x 79B)
Class org.jetbrains.kotlin.com.intellij.openapi.project.DumbAware                     : loaded 2 times (x 70B)
Class org.jetbrains.kotlin.com.intellij.psi.PsiParameter                              : loaded 2 times (x 70B)
Class org.jetbrains.kotlin.com.intellij.util.containers.ContainerUtil$9$1             : loaded 2 times (x 82B)
Class org.jetbrains.kotlin.backend.jvm.JvmBackendContext                              : loaded 2 times (x 122B)
Class org.jetbrains.kotlin.it.unimi.dsi.fastutil.doubles.Double2ObjectMap             : loaded 2 times (x 70B)
Class org.jetbrains.kotlin.com.intellij.openapi.fileEditor.FileDocumentManager        : loaded 2 times (x 82B)
Class org.jetbrains.kotlin.com.intellij.openapi.vfs.impl.ArchiveHandler               : loaded 2 times (x 79B)
Class org.jetbrains.kotlin.com.intellij.openapi.util.text.CharSequenceWithStringHash  : loaded 2 times (x 70B)
Class org.jetbrains.kotlin.com.intellij.util.containers.MultiMap                      : loaded 2 times (x 75B)
Class org.jetbrains.kotlin.it.unimi.dsi.fastutil.ints.Int2ObjectMap                   : loaded 2 times (x 70B)
Class org.jetbrains.kotlin.it.unimi.dsi.fastutil.objects.Object2ObjectMap$FastEntrySet: loaded 2 times (x 70B)
Class [Lorg.jetbrains.kotlin.utils.DescriptionAware;                                  : loaded 2 times (x 69B)
Class org.jetbrains.kotlin.backend.jvm.JvmLoweringPhasesKt$jvmLoweringPhases$16       : loaded 2 times (x 125B)
Class org.jetbrains.kotlin.cli.jvm.compiler.CompileEnvironmentException               : loaded 2 times (x 82B)
Class org.jetbrains.kotlin.cli.jvm.JvmArgumentsKt$configureStandardLibs$1             : loaded 2 times (x 127B)
Class com.google.gson.internal.bind.CollectionTypeAdapterFactory                      : loaded 2 times (x 75B)
Class com.android.ide.common.gradle.Version$Companion$ParseState                      : loaded 2 times (x 70B)
Class [Lcom.android.builder.model.v2.ide.AaptOptions$Namespacing;                     : loaded 2 times (x 69B)
Class org.gradle.tooling.internal.adapter.ProtocolToModelAdapter$ViewGraphDetails$1   : loaded 2 times (x 77B)
Class kotlin.io.FileTreeWalk$DirectoryState                                           : loaded 2 times (x 73B)
Class org.objectweb.asm.Attribute                                                     : loaded 2 times (x 77B)
Class com.google.common.base.Supplier                                                 : loaded 2 times (x 70B)
Class org.gradle.internal.classloader.VisitableURLClassLoader                         : loaded 2 times (x 117B)
Class org.jetbrains.kotlin.fir.scopes.FirScopeKt                                      : loaded 2 times (x 71B)
Class org.jetbrains.kotlin.com.intellij.psi.impl.compiled.StubBuildingVisitor$FieldAnnotationCollectingVisitor: loaded 2 times (x 77B)
Class org.jetbrains.kotlin.com.intellij.psi.impl.compiled.ClsFileImpl$FileContentPair : loaded 2 times (x 73B)
Class org.jetbrains.kotlin.com.intellij.psi.stubs.StubBuilderType                     : loaded 2 times (x 76B)
Class org.jetbrains.kotlin.com.intellij.psi.impl.source.BasicJavaElementType$JavaCompositeElementType: loaded 2 times (x 83B)
Class org.jetbrains.kotlin.com.intellij.psi.AbstractFileViewProvider                  : loaded 2 times (x 159B)
Class org.jetbrains.kotlin.fir.java.JavaAnnotationsMappingKt$buildFirAnnotation$argumentMapping$1: loaded 2 times (x 89B)
Class org.jetbrains.kotlin.com.intellij.core.CoreApplicationEnvironment               : loaded 2 times (x 93B)
Class org.jetbrains.kotlin.load.java.typeEnhancement.TypeEnhancementUtilsKt           : loaded 2 times (x 71B)
Class org.jetbrains.kotlin.fir.java.VirtualFileBasedSourceElement                     : loaded 2 times (x 75B)
Class org.jetbrains.kotlin.load.java.structure.impl.VirtualFileBoundJavaClass         : loaded 2 times (x 70B)
Class org.jetbrains.kotlin.fir.scopes.impl.FirExplicitSimpleImportingScope            : loaded 2 times (x 84B)
Class org.jetbrains.kotlin.utils.SmartList                                            : loaded 2 times (x 201B)
Class org.jetbrains.kotlin.com.intellij.psi.NonClasspathClassFinder                   : loaded 2 times (x 94B)
Class org.jetbrains.kotlin.fir.resolve.transformers.plugin.FirAnnotationArgumentsProcessor: loaded 2 times (x 76B)
Class org.jetbrains.kotlin.fir.resolve.dfa.cfg.FunctionCallArgumentsExitNode          : loaded 2 times (x 81B)
Class [Lorg.jetbrains.kotlin.fir.resolve.dfa.cfg.CatchClauseEnterNode;                : loaded 2 times (x 69B)
Class org.jetbrains.kotlin.fir.resolve.transformers.SupertypeComputationSession$supertypesSupplier$1: loaded 2 times (x 74B)
Class [Lorg.jetbrains.kotlin.fir.FirPureAbstractElement;                              : loaded 2 times (x 69B)
Class org.jetbrains.kotlin.fir.expressions.impl.FirElvisExpressionImpl                : loaded 2 times (x 135B)
Class org.jetbrains.kotlin.contracts.description.LogicOperationKind                   : loaded 2 times (x 79B)
Class org.jetbrains.kotlin.fir.types.impl.ConeTypeParameterTypeImpl                   : loaded 2 times (x 83B)
Class org.jetbrains.kotlin.com.intellij.lang.impl.PsiBuilderImpl$RelativeTokenTypesView: loaded 2 times (x 199B)
Class org.jetbrains.kotlin.parsing.KotlinParsing$ModifierDetector                     : loaded 2 times (x 78B)
Class org.jetbrains.kotlin.fir.analysis.jvm.checkers.expression.FirJvmIdentityEqualsOnJavaValueBasedClass: loaded 2 times (x 77B)
Class org.jetbrains.kotlin.fir.analysis.checkers.declaration.FirInlineDeclarationChecker: loaded 2 times (x 77B)
Class org.jetbrains.kotlin.fir.resolve.providers.impl.FirProviderImpl$SymbolProvider  : loaded 2 times (x 81B)
Class org.jetbrains.kotlin.fir.analysis.extensions.FirAdditionalCheckersExtension$Factory: loaded 2 times (x 70B)
Class org.jetbrains.kotlin.com.intellij.openapi.vfs.newvfs.CachingVirtualFileSystem   : loaded 2 times (x 70B)
Class org.jetbrains.kotlin.psi.stubs.KotlinContextReceiverStub                        : loaded 2 times (x 70B)
Class org.jetbrains.kotlin.psi.stubs.elements.KtStringTemplateExpressionElementType   : loaded 2 times (x 103B)
Class org.jetbrains.kotlin.resolve.checkers.ContextualDeclarationChecker              : loaded 2 times (x 74B)
Class org.jetbrains.kotlin.container.ValueResolver                                    : loaded 2 times (x 70B)
Class org.jetbrains.kotlin.fir.types.impl.FirImplicitEnumTypeRef                      : loaded 2 times (x 107B)
Class org.jetbrains.kotlin.cli.jvm.compiler.VfsBasedProjectEnvironment                : loaded 2 times (x 95B)
Class org.jetbrains.kotlin.com.intellij.psi.impl.source.resolve.reference.ReferenceProvidersRegistry$1: loaded 2 times (x 74B)
Class org.jetbrains.kotlin.com.intellij.psi.impl.file.PsiPackageImpl                  : loaded 2 times (x 773B)
Class org.jetbrains.kotlin.types.DefaultTypeAttributeTranslator                       : loaded 2 times (x 75B)
Class org.jetbrains.kotlin.com.intellij.openapi.util.Conditions                       : loaded 2 times (x 71B)
Class org.jetbrains.kotlin.com.intellij.lang.LanguageUtil                             : loaded 2 times (x 71B)
Class org.jetbrains.kotlin.com.intellij.util.pico.CyclicDependencyException           : loaded 2 times (x 82B)
Class org.jetbrains.kotlin.com.intellij.openapi.progress.Progressive                  : loaded 2 times (x 70B)
Class org.jetbrains.kotlin.com.intellij.psi.stubs.ObjectStubTree                      : loaded 2 times (x 79B)
Class org.jetbrains.kotlin.com.intellij.openapi.vfs.VirtualFile                       : loaded 2 times (x 154B)
Class org.jetbrains.kotlin.com.intellij.concurrency.JobLauncher                       : loaded 2 times (x 71B)
Class org.jetbrains.kotlin.com.intellij.openapi.util.registry.Registry                : loaded 2 times (x 72B)
Class org.jetbrains.kotlin.backend.jvm.JvmLoweringPhasesKt$jvmFilePhases$70           : loaded 2 times (x 125B)
Class org.jetbrains.kotlin.backend.jvm.lower.JvmBuiltInsLowering                      : loaded 2 times (x 80B)
Class org.jetbrains.kotlin.storage.LockBasedStorageManager$ExceptionHandlingStrategy  : loaded 2 times (x 70B)
Class org.jetbrains.kotlin.it.unimi.dsi.fastutil.ints.IntSet                          : loaded 2 times (x 70B)
Class org.jetbrains.kotlin.com.google.common.collect.SetMultimap                      : loaded 2 times (x 70B)
Class org.jetbrains.kotlin.com.intellij.psi.PsiKeyword                                : loaded 2 times (x 70B)
Class org.jetbrains.kotlin.com.intellij.codeInsight.JavaContainerProvider             : loaded 2 times (x 71B)
Class org.jetbrains.kotlin.com.intellij.openapi.extensions.ExtensionPointListener$Companion: loaded 2 times (x 71B)
Class Settings_gradle                                                                 : loaded 2 times (x 124B)
Class com.amazon.ion.impl.bin.IonRawBinaryWriter$1                                    : loaded 2 times (x 77B)
Class [Lcom.amazon.ion.SymbolTable;                                                   : loaded 2 times (x 69B)
Class com.amazon.ion.impl.bin.IonBinaryWriterAdapter$Factory                          : loaded 2 times (x 70B)
Class com.amazon.ion.impl.BlockedBuffer$BufferedOutputStream                          : loaded 2 times (x 90B)
Class org.jetbrains.plugins.gradle.tooling.serialization.ExternalTestsSerializationService$ReadContext: loaded 2 times (x 72B)
Class com.android.ide.common.repository.AgpVersion$Companion                          : loaded 2 times (x 71B)
Class org.jetbrains.kotlin.com.intellij.psi.PsiDirectory                              : loaded 2 times (x 70B)
Class org.jetbrains.kotlin.com.intellij.psi.impl.PsiElementFactoryImpl$1              : loaded 2 times (x 78B)
Class org.gradle.tooling.model.idea.IdeaDependency                                    : loaded 2 times (x 70B)
Class com.google.common.collect.ImmutableList$SerializedForm                          : loaded 2 times (x 73B)
Class org.jetbrains.kotlin.com.intellij.openapi.util.RecursionGuard                   : loaded 2 times (x 75B)
Class org.jetbrains.kotlin.com.intellij.psi.EmptySubstitutor                          : loaded 2 times (x 83B)
Class [Lorg.jetbrains.kotlin.com.intellij.psi.PsiQualifiedReferenceElement;           : loaded 2 times (x 69B)
Class org.jetbrains.kotlin.com.intellij.psi.impl.compiled.StubBuildingVisitor$ClassInfo: loaded 2 times (x 72B)
Class [Lorg.jetbrains.kotlin.com.intellij.pom.PomRenameableTarget;                    : loaded 2 times (x 69B)
Class org.jetbrains.kotlin.io.vavr.control.Option                                     : loaded 2 times (x 70B)
Class org.jetbrains.kotlin.load.java.typeEnhancement.JavaTypeQualifiers$Companion     : loaded 2 times (x 71B)
Class org.jetbrains.kotlin.cli.jvm.index.JvmDependenciesIndexImpl$ClassSearchResult$NotFound: loaded 2 times (x 71B)
Class [Lorg.jetbrains.kotlin.metadata.ProtoBuf$VersionRequirement$VersionKind;        : loaded 2 times (x 69B)
Class org.jetbrains.kotlin.it.unimi.dsi.fastutil.objects.ObjectArrayList              : loaded 2 times (x 285B)
Class [Lorg.jetbrains.kotlin.fir.resolve.dfa.cfg.ControlFlowGraph;                    : loaded 2 times (x 69B)
Class org.jetbrains.kotlin.fir.resolve.dfa.cfg.ControlFlowGraph                       : loaded 2 times (x 72B)
Class org.jetbrains.kotlin.fir.declarations.impl.FirDefaultSetterValueParameter       : loaded 2 times (x 207B)
Class org.jetbrains.kotlin.fir.types.FirTypeUtilsKt                                   : loaded 2 times (x 71B)
Class org.jetbrains.kotlin.fir.expressions.FirSuperReceiverExpression                 : loaded 2 times (x 160B)
Class org.jetbrains.kotlin.parsing.ParseUtilsKt                                       : loaded 2 times (x 71B)
Class [Lorg.jetbrains.kotlin.fir.declarations.FirPropertyBodyResolveState;            : loaded 2 times (x 69B)
Class org.jetbrains.kotlin.fir.IsNewPlaceForBodyGeneration                            : loaded 2 times (x 71B)
Class org.jetbrains.kotlin.fir.declarations.builder.FirAbstractConstructorBuilder     : loaded 2 times (x 70B)
Class org.jetbrains.kotlin.fir.expressions.FirAnnotationResolvePhase                  : loaded 2 times (x 79B)
Class org.jetbrains.kotlin.com.intellij.util.containers.Interner                      : loaded 2 times (x 74B)
Class org.jetbrains.kotlin.fir.impl.FirPackageDirectiveImpl                           : loaded 2 times (x 89B)
Class org.jetbrains.kotlin.com.intellij.lang.impl.MarkerProduction                    : loaded 2 times (x 351B)
Class org.jetbrains.kotlin.fir.analysis.jvm.checkers.expression.FirFieldReferenceShadowedByInvisibleKotlinProperty: loaded 2 times (x 77B)
Class org.jetbrains.kotlin.fir.expressions.FirJump                                    : loaded 2 times (x 117B)
Class org.jetbrains.kotlin.fir.java.FirJavaAwareSymbolProvider                        : loaded 2 times (x 70B)
Class org.jetbrains.kotlin.fir.declarations.impl.FirResolvedDeclarationStatusImpl     : loaded 2 times (x 198B)
Class org.jetbrains.kotlin.resolve.checkers.ClassifierUsageChecker                    : loaded 2 times (x 70B)
Class org.jetbrains.kotlin.resolve.calls.checkers.NullableVarargArgumentCallChecker   : loaded 2 times (x 74B)
Class org.jetbrains.kotlin.resolve.calls.checkers.ImplicitNothingAsTypeParameterCallChecker: loaded 2 times (x 74B)
Class org.jetbrains.kotlin.psi.KtOperationReferenceExpression                         : loaded 2 times (x 569B)
Class org.jetbrains.kotlin.psi.KtConstantExpression                                   : loaded 2 times (x 504B)
Class org.jetbrains.kotlin.psi.KtValueArgumentList                                    : loaded 2 times (x 452B)
Class org.jetbrains.kotlin.psi.stubs.KotlinAnnotationEntryStub                        : loaded 2 times (x 70B)
Class org.jetbrains.kotlin.com.intellij.psi.TokenType                                 : loaded 2 times (x 70B)
Class org.jetbrains.kotlin.resolve.checkers.ReifiedTypeParameterAnnotationChecker     : loaded 2 times (x 74B)
Class org.jetbrains.kotlin.container.ContainerConsistencyException                    : loaded 2 times (x 82B)
Class org.jetbrains.kotlin.container.ValueResolveContext                              : loaded 2 times (x 70B)
Class org.jetbrains.kotlin.mpp.SimpleFunctionSymbolMarker                             : loaded 2 times (x 70B)
Class org.jetbrains.kotlin.mpp.ConstructorSymbolMarker                                : loaded 2 times (x 70B)
Class org.jetbrains.kotlin.fir.types.impl.FirImplicitLongTypeRef                      : loaded 2 times (x 107B)
Class org.jetbrains.kotlin.metadata.jvm.JvmModuleProtoBuf$PackageParts$1              : loaded 2 times (x 144B)
Class org.jetbrains.kotlin.protobuf.CodedOutputStream                                 : loaded 2 times (x 72B)
Class org.jetbrains.kotlin.metadata.ProtoBuf$Annotation                               : loaded 2 times (x 109B)
Class org.jetbrains.kotlin.config.JvmClosureGenerationScheme$Companion                : loaded 2 times (x 71B)
Class org.jetbrains.kotlin.fir.extensions.FirTypeAttributeExtension                   : loaded 2 times (x 77B)
Class org.jetbrains.kotlin.cli.jvm.compiler.jarfs.FastJarFileSystemKt                 : loaded 2 times (x 71B)
Class org.jetbrains.kotlin.com.intellij.psi.PsiImportStatementBase                    : loaded 2 times (x 70B)
Class org.jetbrains.kotlin.com.intellij.psi.PsiReference                              : loaded 2 times (x 70B)
Class org.jetbrains.kotlin.com.fasterxml.aalto.in.FixedNsContext                      : loaded 2 times (x 77B)
Class org.jetbrains.kotlin.com.intellij.util.containers.WeakInterner                  : loaded 2 times (x 75B)
Class org.jetbrains.kotlin.resolve.jvm.extensions.SyntheticJavaResolveExtension       : loaded 2 times (x 70B)
Class org.jetbrains.kotlin.com.intellij.psi.augment.PsiAugmentProvider                : loaded 2 times (x 83B)
Class org.jetbrains.kotlin.com.intellij.openapi.extensions.impl.ExtensionComponentAdapter: loaded 2 times (x 80B)
Class org.jetbrains.kotlin.kotlinx.collections.immutable.PersistentSet                : loaded 2 times (x 70B)
Class org.jetbrains.kotlin.com.intellij.psi.impl.source.tree.LeafPsiElement           : loaded 2 times (x 321B)
Class org.jetbrains.kotlin.com.intellij.lang.DefaultASTFactoryImpl                    : loaded 2 times (x 78B)
Class org.jetbrains.kotlin.com.intellij.util.Java11Shim$Companion                     : loaded 2 times (x 71B)
Class org.jetbrains.kotlin.config.JvmSerializeIrMode                                  : loaded 2 times (x 79B)
Class org.jetbrains.kotlin.backend.common.lower.ExpectDeclarationRemover              : loaded 2 times (x 350B)
Class org.jetbrains.kotlin.backend.jvm.JvmLoweringPhasesKt$jvmFilePhases$71           : loaded 2 times (x 125B)
Class org.jetbrains.kotlin.compiler.plugin.CompilerPluginRegistrar                    : loaded 2 times (x 73B)
Class org.jetbrains.kotlin.extensions.internal.CallResolutionInterceptorExtension     : loaded 2 times (x 70B)
Class org.jetbrains.kotlin.storage.DefaultSimpleLock                                  : loaded 2 times (x 78B)
Class org.jetbrains.kotlin.resolve.checkers.DeclarationChecker                        : loaded 2 times (x 70B)
Class [Lorg.jetbrains.kotlin.metadata.ProtoBuf$Modality;                              : loaded 2 times (x 69B)
Class com.google.gson.internal.bind.TreeTypeAdapter                                   : loaded 2 times (x 75B)
Class com.google.gson.internal.sql.SqlTimeTypeAdapter                                 : loaded 2 times (x 74B)
Class com.amazon.ion.impl.bin.AbstractIonWriter$WriteValueOptimization                : loaded 2 times (x 79B)
Class org.jetbrains.kotlin.fir.extensions.FirFunctionTypeKindExtension                : loaded 2 times (x 76B)
Class com.android.ide.common.gradle.Version$Companion                                 : loaded 2 times (x 71B)
Class [Lcom.android.builder.model.v2.ide.BytecodeTransformation;                      : loaded 2 times (x 69B)
Class com.android.builder.model.v2.ide.AaptOptions                                    : loaded 2 times (x 70B)
Class com.google.common.collect.HashBiMap                                             : loaded 2 times (x 143B)
Class com.google.common.collect.Sets                                                  : loaded 2 times (x 71B)
Class org.objectweb.asm.Handler                                                       : loaded 2 times (x 72B)
Class com.google.common.base.Strings                                                  : loaded 2 times (x 71B)
Class com.google.common.base.Ticker                                                   : loaded 2 times (x 72B)
Class org.jetbrains.kotlin.fir.declarations.FirOuterClassTypeParameterRef             : loaded 2 times (x 96B)
Class org.jetbrains.kotlin.it.unimi.dsi.fastutil.objects.i                            : loaded 2 times (x 114B)
Class org.jetbrains.kotlin.com.intellij.psi.impl.java.stubs.JavaClassReferenceListElementType: loaded 2 times (x 115B)
Class org.jetbrains.kotlin.com.intellij.psi.impl.compiled.ClsFileImpl$1               : loaded 2 times (x 79B)
Class [Lorg.jetbrains.kotlin.com.intellij.psi.PsiJavaDocumentedElement;               : loaded 2 times (x 69B)
Class org.jetbrains.kotlin.fir.java.deserialization.AnnotationsLoader$AnnotationsLoaderVisitorImpl: loaded 2 times (x 88B)
Class [Lorg.jetbrains.kotlin.metadata.jvm.JvmProtoBuf$StringTableTypes$Record$Operation;: loaded 2 times (x 69B)
Class [Lorg.jetbrains.kotlin.load.kotlin.header.KotlinClassHeader$Kind;               : loaded 2 times (x 69B)
Class org.jetbrains.kotlin.fir.declarations.FirVersionRequirementsTableKey            : loaded 2 times (x 71B)
Class org.jetbrains.kotlin.com.intellij.psi.impl.source.tree.JavaDocElementType$JavaDocCompositeElementType: loaded 2 times (x 83B)
Class org.jetbrains.kotlin.fir.resolve.calls.tower.TowerGroupKind$WithDepth           : loaded 2 times (x 76B)
Class [Lorg.jetbrains.kotlin.fir.resolve.dfa.cfg.SplitPostponedLambdasNode;           : loaded 2 times (x 69B)
Class org.jetbrains.kotlin.fir.expressions.impl.FirSafeCallExpressionImpl             : loaded 2 times (x 123B)
Class org.jetbrains.kotlin.fir.declarations.impl.FirDefaultPropertySetter             : loaded 2 times (x 240B)
Class org.jetbrains.kotlin.KtFakeSourceElementKind$ImplicitUnit                       : loaded 2 times (x 72B)
Class org.jetbrains.kotlin.fir.types.impl.FirErrorTypeRefImpl                         : loaded 2 times (x 118B)
Class org.jetbrains.kotlin.fir.types.impl.FirFunctionTypeRefImpl                      : loaded 2 times (x 111B)
Class org.jetbrains.kotlin.fir.expressions.impl.FirCallableReferenceAccessImpl        : loaded 2 times (x 163B)
Class org.jetbrains.kotlin.fir.resolve.providers.impl.FirProviderImpl$FirRecorder$registerCallable$1: loaded 2 times (x 74B)
Class org.jetbrains.kotlin.fir.symbols.impl.ConeClassLikeLookupTagWithFixedSymbol     : loaded 2 times (x 76B)
Class org.jetbrains.kotlin.fir.references.impl.FirExplicitSuperReference              : loaded 2 times (x 91B)
Class org.jetbrains.kotlin.types.ConstantValueKind                                    : loaded 2 times (x 72B)
Class org.jetbrains.kotlin.fir.analysis.checkers.expression.FirStandaloneQualifierChecker: loaded 2 times (x 77B)
Class org.jetbrains.kotlin.fir.analysis.checkers.declaration.FirObjectConstructorChecker: loaded 2 times (x 77B)
Class org.jetbrains.kotlin.fir.analysis.checkers.declaration.FirUnusedReturnValueChecker: loaded 2 times (x 80B)
Class [Lorg.jetbrains.kotlin.fir.analysis.checkers.FirCheckerWithMppKind;             : loaded 2 times (x 69B)
Class org.jetbrains.kotlin.fir.declarations.FirResolveState                           : loaded 2 times (x 72B)
Class org.jetbrains.kotlin.fir.declarations.FirContractDescriptionOwner               : loaded 2 times (x 70B)
Class org.jetbrains.kotlin.metadata.builtins.BuiltInsBinaryVersion$Companion          : loaded 2 times (x 71B)
Class org.jetbrains.kotlin.fir.extensions.FirFunctionTypeKindExtension$FunctionTypeKindRegistrar: loaded 2 times (x 70B)
Class org.jetbrains.kotlin.psi.KtArrayAccessExpression                                : loaded 2 times (x 505B)
Class org.jetbrains.kotlin.psi.KtFunctionTypeReceiver                                 : loaded 2 times (x 444B)
Class [Lorg.jetbrains.kotlin.psi.KtNullableType;                                      : loaded 2 times (x 69B)
Class org.jetbrains.kotlin.fir.scopes.impl.FirIntersectionOverrideStorage$special$$inlined$createCache$1: loaded 2 times (x 75B)
Class org.jetbrains.kotlin.types.model.TypeSystemTypeFactoryContext                   : loaded 2 times (x 70B)
Class org.jetbrains.kotlin.fir.types.impl.FirImplicitCharSequenceTypeRef              : loaded 2 times (x 107B)
Class org.jetbrains.kotlin.fir.types.CompilerConeAttributes$ExtensionFunctionType     : loaded 2 times (x 79B)
Class org.jetbrains.kotlin.util.AbstractArrayMapOwner                                 : loaded 2 times (x 81B)
Class org.jetbrains.kotlin.resolve.calls.checkers.CallChecker                         : loaded 2 times (x 70B)
Class [Lorg.jetbrains.kotlin.com.intellij.openapi.editor.event.DocumentListener;      : loaded 2 times (x 69B)
Class org.jetbrains.kotlin.com.intellij.ide.plugins.RawPluginDescriptor               : loaded 2 times (x 72B)
Class org.jetbrains.kotlin.org.codehaus.stax2.XMLStreamReader2                        : loaded 2 times (x 70B)
Class org.jetbrains.kotlin.com.intellij.psi.PsiReferenceService                       : loaded 2 times (x 73B)
Class org.jetbrains.kotlin.com.google.common.collect.AbstractMultimap$EntrySet        : loaded 2 times (x 138B)
Class org.jetbrains.kotlin.backend.jvm.JvmLoweringPhasesKt$jvmFilePhases$72           : loaded 2 times (x 125B)
Class org.jetbrains.kotlin.backend.jvm.lower.InterfaceSuperCallsLowering              : loaded 2 times (x 344B)
Class org.jetbrains.kotlin.backend.jvm.JvmLoweringPhasesKt                            : loaded 2 times (x 71B)
Class org.jetbrains.kotlin.load.java.structure.JavaTypeParameterListOwner             : loaded 2 times (x 70B)
Class org.jetbrains.kotlin.com.intellij.openapi.util.ObjectNode$NodeChildren          : loaded 2 times (x 70B)
Class kotlin.reflect.jvm.internal.KCallableImpl$_typeParameters$1                     : loaded 2 times (x 79B)
Class org.jetbrains.kotlin.config.JvmTarget                                           : loaded 2 times (x 83B)
Class kotlin.reflect.jvm.internal.pcollections.MapEntry                               : loaded 2 times (x 72B)
Class [Lorg.jetbrains.kotlin.com.intellij.navigation.NavigationItem;                  : loaded 2 times (x 69B)
Class org.jetbrains.kotlin.metadata.deserialization.MetadataVersion$Companion         : loaded 2 times (x 71B)
Class com.google.gson.internal.bind.TypeAdapters$20                                   : loaded 2 times (x 75B)
Class com.amazon.ion.impl.bin.BlockAllocatorProvider                                  : loaded 2 times (x 72B)
Class org.jetbrains.plugins.gradle.tooling.serialization.internal.IdeaProjectSerializationService$WriteContext: loaded 2 times (x 72B)
Class com.intellij.gradle.toolingExtension.impl.model.sourceSetDependencyModel.GradleSourceSetDependencySerialisationService: loaded 2 times (x 77B)
Class org.jetbrains.plugins.gradle.model.GradleSourceSetModel                         : loaded 2 times (x 70B)
Class com.android.builder.model.v2.models.ndk.NativeModelBuilderParameter             : loaded 2 times (x 70B)
Class org.jetbrains.kotlin.types.model.TypeArgumentMarker                             : loaded 2 times (x 70B)
Class com.google.devtools.ksp.processing.KSPConfig                                    : loaded 2 times (x 72B)
Class [Lcom.google.common.cache.LocalCache$Segment;                                   : loaded 2 times (x 69B)
Class [Lcom.google.common.cache.LocalCache$Strength;                                  : loaded 2 times (x 69B)
Class com.google.common.cache.CacheBuilder$1                                          : loaded 2 times (x 85B)
Class com.google.common.collect.ImmutableMap                                          : loaded 2 times (x 120B)
Class org.gradle.internal.classpath.DefaultClassPath$ImmutableUniqueList$Builder      : loaded 2 times (x 75B)
Class org.jetbrains.kotlin.it.unimi.dsi.fastutil.objects.j                            : loaded 2 times (x 206B)
Class org.jetbrains.kotlin.com.intellij.psi.impl.PsiVariableEx                        : loaded 2 times (x 70B)
Class org.jetbrains.kotlin.com.intellij.lang.jvm.types.JvmWildcardType                : loaded 2 times (x 70B)
Class org.jetbrains.kotlin.com.intellij.psi.impl.source.BasicJavaElementType$ThinCodeFragmentElementType: loaded 2 times (x 88B)
Class org.jetbrains.kotlin.fir.java.FirJavaTypeConversionMode                         : loaded 2 times (x 79B)
Class org.jetbrains.kotlin.fir.resolve.ScopeUtilsKt$special$$inlined$scopeSessionKey$1: loaded 2 times (x 71B)
Class org.jetbrains.kotlin.serialization.deserialization.ProtoEnumFlags               : loaded 2 times (x 71B)
Class org.jetbrains.kotlin.fir.resolve.calls.ResolutionContext                        : loaded 2 times (x 72B)
Class [Lorg.jetbrains.kotlin.fir.resolve.dfa.cfg.ElvisExitNode;                       : loaded 2 times (x 69B)
Class org.jetbrains.kotlin.fir.pipeline.AnalyseKt                                     : loaded 2 times (x 71B)
Class org.jetbrains.kotlin.fir.lightTree.fir.DestructuringEntry$Companion             : loaded 2 times (x 79B)
Class org.jetbrains.kotlin.fir.expressions.impl.FirUnitExpression                     : loaded 2 times (x 116B)
Class org.jetbrains.kotlin.fir.FirTarget                                              : loaded 2 times (x 70B)
Class org.jetbrains.kotlin.fir.expressions.builder.FirQualifiedAccessExpressionBuilder: loaded 2 times (x 70B)
Class org.jetbrains.kotlin.com.intellij.util.containers.LimitedPool$ObjectFactory     : loaded 2 times (x 70B)
Class org.jetbrains.kotlin.com.google.common.collect.ImmutableSet                     : loaded 2 times (x 145B)
Class org.jetbrains.kotlin.parsing.KotlinParsing                                      : loaded 2 times (x 124B)
Class org.jetbrains.kotlin.fir.analysis.jvm.checkers.expression.FirJvmAtomicReferenceToPrimitiveCallChecker: loaded 2 times (x 78B)
Class org.jetbrains.kotlin.resolve.jvm.JvmPrimitiveType                               : loaded 2 times (x 79B)
Class org.jetbrains.kotlin.fir.analysis.checkers.expression.FirContextParameterInCalledSignatureChecker: loaded 2 times (x 77B)
Class org.jetbrains.kotlin.fir.analysis.checkers.expression.FirDataClassCopyUsageWillBecomeInaccessibleChecker: loaded 2 times (x 77B)
Class org.jetbrains.kotlin.fir.resolve.ScopeSession                                   : loaded 2 times (x 72B)
Class org.jetbrains.kotlin.fir.declarations.builder.FirRegularClassBuilder            : loaded 2 times (x 155B)
Class org.jetbrains.kotlin.fir.analysis.checkers.FirPlatformUpperBoundsProvider       : loaded 2 times (x 70B)
Class org.jetbrains.kotlin.psi.KtTypeParameterListOwnerNotStubbed                     : loaded 2 times (x 926B)
Class org.jetbrains.kotlin.psi.KtTypeElement                                          : loaded 2 times (x 70B)
Class [Lorg.jetbrains.kotlin.lexer.KtSingleValueToken;                                : loaded 2 times (x 69B)
Class org.jetbrains.kotlin.psi.KtDeclarationWithBody                                  : loaded 2 times (x 70B)
Class org.jetbrains.kotlin.psi.KtCallableDeclaration                                  : loaded 2 times (x 70B)
Class org.jetbrains.kotlin.metadata.ProtoBuf$QualifiedNameTable$QualifiedName$Kind$1  : loaded 2 times (x 74B)
Class org.jetbrains.kotlin.fir.resolve.inference.InferenceComponents                  : loaded 2 times (x 72B)
Class org.jetbrains.kotlin.protobuf.Internal$EnumLite                                 : loaded 2 times (x 70B)
Class org.jetbrains.kotlin.extensions.internal.TypeResolutionInterceptorExtension     : loaded 2 times (x 70B)
Class org.jetbrains.kotlin.com.intellij.core.JavaPsiBundle                            : loaded 2 times (x 71B)
Class [Lorg.jetbrains.kotlin.com.intellij.psi.PsiAnnotation;                          : loaded 2 times (x 69B)
Class org.jetbrains.kotlin.com.intellij.psi.PsiQualifiedReference                     : loaded 2 times (x 70B)
Class org.jetbrains.kotlin.com.fasterxml.aalto.util.NameTable                         : loaded 2 times (x 71B)
Class org.jetbrains.kotlin.fir.symbols.impl.FirFunctionSymbol                         : loaded 2 times (x 78B)
Class org.jetbrains.kotlin.fir.scopes.impl.FirStandardOverrideChecker                 : loaded 2 times (x 81B)
Class org.jetbrains.kotlin.com.intellij.psi.util.MethodSignature                      : loaded 2 times (x 70B)
Class org.jetbrains.kotlin.com.intellij.lang.jvm.JvmParameter                         : loaded 2 times (x 70B)
Class org.jetbrains.kotlin.com.intellij.openapi.util.ModificationTracker$1            : loaded 2 times (x 75B)
Class org.jetbrains.kotlin.com.intellij.psi.stubs.StubElement                         : loaded 2 times (x 70B)
Class org.jetbrains.kotlin.com.intellij.openapi.command.CommandToken                  : loaded 2 times (x 70B)
Class org.jetbrains.kotlin.com.intellij.openapi.extensions.DefaultPluginDescriptor    : loaded 2 times (x 85B)
Class org.jetbrains.kotlin.com.intellij.util.ArrayUtil                                : loaded 2 times (x 71B)
Class org.jetbrains.kotlin.backend.jvm.lower.FileClassLowering                        : loaded 2 times (x 80B)
Class org.jetbrains.kotlin.backend.jvm.JvmLoweringPhasesKt$jvmFilePhases$73           : loaded 2 times (x 125B)
Class org.jetbrains.kotlin.compiler.plugin.CliOption                                  : loaded 2 times (x 79B)
Class org.jetbrains.kotlin.compiler.plugin.PluginProcessingException                  : loaded 2 times (x 82B)
Class org.jetbrains.kotlin.cli.pipeline.jvm.JvmBackendPipelinePhase                   : loaded 2 times (x 82B)
Class org.jetbrains.kotlin.com.google.common.collect.SortedMapDifference              : loaded 2 times (x 70B)
Class org.jetbrains.kotlin.com.intellij.util.containers.RefHashMap$HardKey            : loaded 2 times (x 77B)
Class [Lorg.jetbrains.kotlin.psi.KtElement;                                           : loaded 2 times (x 69B)
Class kotlin.reflect.jvm.internal.KProperty1Impl$_getter$1                            : loaded 2 times (x 79B)
Class [Lorg.jetbrains.kotlin.psi.KtDeclarationStub;                                   : loaded 2 times (x 69B)
Class org.jetbrains.kotlin.cli.pipeline.SuccessfulPipelineExecutionException          : loaded 2 times (x 82B)
Class org.jetbrains.kotlin.psi.KtExpressionWithLabel                                  : loaded 2 times (x 437B)
Class org.jetbrains.kotlin.resolve.checkers.ApiVersionClassifierUsageChecker          : loaded 2 times (x 74B)
Class com.google.gson.internal.bind.TypeAdapters$21                                   : loaded 2 times (x 75B)
Class com.google.gson.FieldNamingPolicy$1                                             : loaded 2 times (x 85B)
Class com.amazon.ion.impl.lite.IonSequenceLite                                        : loaded 2 times (x 432B)
Class com.amazon.ion.impl._Private_Utils$1                                            : loaded 2 times (x 89B)
Class com.amazon.ion.impl.SymbolTableAsStruct                                         : loaded 2 times (x 70B)
Class com.android.ide.gradle.model.dependencies.Coordinates                           : loaded 2 times (x 70B)
Class org.jetbrains.kotlin.container.PlatformSpecificExtension                        : loaded 2 times (x 70B)
Class com.google.common.collect.AbstractRangeSet                                      : loaded 2 times (x 114B)
Class org.gradle.tooling.internal.adapter.WeakIdentityHashMap$AbsentValueProvider     : loaded 2 times (x 70B)
Class com.google.common.cache.LocalCache                                              : loaded 2 times (x 187B)
Class com.google.common.cache.CacheBuilder$2                                          : loaded 2 times (x 79B)
Class org.jetbrains.kotlin.fir.types.CompilerConeAttributes$ContextFunctionTypeParams : loaded 2 times (x 80B)
Class org.jetbrains.kotlin.com.intellij.psi.impl.compiled.ClsAnnotationImpl           : loaded 2 times (x 534B)
Class org.jetbrains.kotlin.com.intellij.util.containers.UnsignedShortArrayList        : loaded 2 times (x 72B)
Class [Lorg.jetbrains.kotlin.com.intellij.lang.jvm.JvmTypeDeclaration;                : loaded 2 times (x 69B)
Class org.jetbrains.kotlin.load.java.structure.JavaAnnotation                         : loaded 2 times (x 70B)
Class org.jetbrains.kotlin.builtins.jvm.JavaToKotlinClassMap$PlatformMutabilityMapping: loaded 2 times (x 72B)
Class org.jetbrains.kotlin.metadata.jvm.deserialization.JvmNameResolverBase           : loaded 2 times (x 80B)
Class org.jetbrains.kotlin.fir.declarations.DeprecationAnnotationInfoPerUseSiteStorageBuilder: loaded 2 times (x 72B)
Class org.jetbrains.kotlin.fir.scopes.impl.FirAbstractImportingScope                  : loaded 2 times (x 82B)
Class [Lorg.jetbrains.kotlin.fir.resolve.dfa.cfg.FinallyBlockEnterNode;               : loaded 2 times (x 69B)
Class org.jetbrains.kotlin.fir.resolve.dfa.cfg.ControlFlowGraphBuilder$PostponedLambdas: loaded 2 times (x 72B)
Class org.jetbrains.kotlin.fir.symbols.impl.FirDelegateFieldSymbol                    : loaded 2 times (x 76B)
Class org.jetbrains.kotlin.parsing.TruncatedSemanticWhitespaceAwarePsiBuilder         : loaded 2 times (x 150B)
Class org.jetbrains.kotlin.types.expressions.OperatorConventions                      : loaded 2 times (x 71B)
Class org.jetbrains.kotlin.fir.FirLabel                                               : loaded 2 times (x 88B)
Class org.jetbrains.kotlin.com.intellij.util.containers.LimitedPool                   : loaded 2 times (x 74B)
Class org.jetbrains.kotlin.com.intellij.lang.impl.PsiBuilderImpl$Token                : loaded 2 times (x 91B)
Class org.jetbrains.kotlin.parsing.KotlinParsing$PropertyComponentKind$Collector      : loaded 2 times (x 74B)
Class org.jetbrains.kotlin.fir.analysis.checkers.type.FirArrayOfNothingTypeChecker    : loaded 2 times (x 77B)
Class org.jetbrains.kotlin.fir.analysis.cfa.AbstractFirPropertyInitializationChecker  : loaded 2 times (x 76B)
Class org.jetbrains.kotlin.fir.analysis.checkers.syntax.FirLocalVariableTypeParametersSyntaxChecker: loaded 2 times (x 89B)
Class org.jetbrains.kotlin.fir.deserialization.AbstractAnnotationDeserializerWithTypeAnnotations: loaded 2 times (x 87B)
Class org.jetbrains.kotlin.fir.resolve.providers.impl.AbstractFirBuiltinSymbolProvider$symbolNamesProvider$1: loaded 2 times (x 83B)
Class org.jetbrains.kotlin.protobuf.RopeByteString                                    : loaded 2 times (x 110B)
Class org.jetbrains.kotlin.diagnostics.DiagnosticSink                                 : loaded 2 times (x 70B)
Class org.jetbrains.kotlin.resolve.calls.checkers.DslScopeViolationCallChecker        : loaded 2 times (x 74B)
Class org.jetbrains.kotlin.psi.KtLabeledExpression                                    : loaded 2 times (x 554B)
Class org.jetbrains.kotlin.psi.KtImportInfo                                           : loaded 2 times (x 70B)
Class [Lorg.jetbrains.kotlin.psi.KtObjectDeclaration;                                 : loaded 2 times (x 69B)
Class org.jetbrains.kotlin.com.intellij.psi.stubs.IStubElementType                    : loaded 2 times (x 96B)
Class org.jetbrains.kotlin.resolve.checkers.KClassWithIncorrectTypeArgumentChecker    : loaded 2 times (x 74B)
Class org.jetbrains.kotlin.fir.types.ConeFlexibleType                                 : loaded 2 times (x 78B)
Class org.jetbrains.kotlin.fir.scopes.impl.FirDynamicMembersStorage                   : loaded 2 times (x 72B)
Class org.jetbrains.kotlin.resolve.calls.inference.components.VariableFixationFinder  : loaded 2 times (x 72B)
Class org.jetbrains.kotlin.fir.declarations.SealedClassInheritorsProvider             : loaded 2 times (x 72B)
Class org.jetbrains.kotlin.fir.FirSession$Kind                                        : loaded 2 times (x 79B)
Class org.jetbrains.kotlin.cli.jvm.compiler.MockExternalAnnotationsManager            : loaded 2 times (x 87B)
Class org.jetbrains.kotlin.kotlinx.collections.immutable.PersistentSet$Builder        : loaded 2 times (x 70B)
Class org.jetbrains.kotlin.fir.types.FirFunctionTypeKindServiceImpl$extractor$1$kinds$1$registrar$1: loaded 2 times (x 75B)
Class [Lorg.jetbrains.kotlin.fir.resolve.providers.FirSymbolProvider;                 : loaded 2 times (x 69B)
Class org.jetbrains.kotlin.com.intellij.psi.codeStyle.JavaFileCodeStyleFacadeFactory  : loaded 2 times (x 70B)
Class org.jetbrains.kotlin.com.intellij.lang.jvm.JvmAnnotatedElement                  : loaded 2 times (x 70B)
Class org.jetbrains.kotlin.com.intellij.psi.impl.source.javadoc.PsiDocTokenImpl       : loaded 2 times (x 378B)
Class org.jetbrains.kotlin.com.intellij.psi.impl.source.CodeFragmentElement           : loaded 2 times (x 264B)
Class org.jetbrains.kotlin.com.intellij.lang.FileASTNode                              : loaded 2 times (x 70B)
Class org.jetbrains.kotlin.com.intellij.openapi.vfs.encoding.EncodingRegistry         : loaded 2 times (x 74B)
Class org.jetbrains.kotlin.com.intellij.serviceContainer.BaseKeyedLazyInstance        : loaded 2 times (x 78B)
Class org.jetbrains.kotlin.backend.jvm.lower.SpecialAccessLowering                    : loaded 2 times (x 353B)
Class org.jetbrains.kotlin.backend.jvm.JvmLoweringPhasesKt$jvmFilePhases$74           : loaded 2 times (x 125B)
Class org.jetbrains.kotlin.fir.FirTargetElement                                       : loaded 2 times (x 70B)
Class [Lorg.jetbrains.kotlin.fir.analysis.checkers.expression.FirExpressionChecker;   : loaded 2 times (x 69B)
Class kotlin.reflect.jvm.internal.KClassImpl$Data$typeParameters$2                    : loaded 2 times (x 79B)
Class org.jetbrains.kotlin.fir.analysis.checkers.declaration.FirObjectConstructorChecker$objectRefVisitor$1: loaded 2 times (x 228B)
Class kotlin.reflect.jvm.internal.ReflectProperties$LazyVal                           : loaded 2 times (x 75B)
Class org.jetbrains.kotlin.config.LanguageVersion                                     : loaded 2 times (x 91B)
Class org.jetbrains.kotlin.fir.diagnostics.FirDiagnosticHolder                        : loaded 2 times (x 70B)
Class org.jetbrains.kotlin.fir.analysis.checkers.expression.FirInlineBodyResolvableExpressionChecker: loaded 2 times (x 77B)
Class org.jetbrains.kotlin.fir.analysis.jvm.checkers.expression.FirJavaClassOnCompanionChecker: loaded 2 times (x 77B)
Class org.jetbrains.kotlin.cli.common.messages.MessageRenderer$1                      : loaded 2 times (x 86B)
Class org.jetbrains.kotlin.fir.session.FirAbstractSessionFactory$computeDependencyProviderList$$inlined$sortedBy$1: loaded 2 times (x 89B)
Class org.jetbrains.kotlin.cli.jvm.K2JVMCompiler                                      : loaded 2 times (x 83B)
Class com.google.gson.internal.bind.TypeAdapters$22                                   : loaded 2 times (x 75B)
Class com.google.gson.FieldNamingPolicy$2                                             : loaded 2 times (x 85B)
Class com.google.gson.internal.Excluder$1                                             : loaded 2 times (x 74B)
Class com.amazon.ion.impl.bin.AbstractIonWriter                                       : loaded 2 times (x 161B)
Class gnu.trove.TObjectHash                                                           : loaded 2 times (x 94B)
Class org.jetbrains.plugins.gradle.tooling.util.ObjectCollector$Processor             : loaded 2 times (x 70B)
Class org.jetbrains.kotlin.com.intellij.lexer.TokenList$WrappingLexer                 : loaded 2 times (x 85B)
Class org.gradle.internal.exceptions.NonGradleCauseExceptionsHolder                   : loaded 2 times (x 70B)
Class org.gradle.tooling.model.idea.IdeaModuleDependency                              : loaded 2 times (x 70B)
Class org.gradle.tooling.internal.adapter.ViewBuilder                                 : loaded 2 times (x 70B)
Class [Lcom.google.common.collect.AbstractMapEntry;                                   : loaded 2 times (x 69B)
Class com.google.common.collect.ImmutableEntry                                        : loaded 2 times (x 82B)
Class com.google.common.cache.CacheBuilder$3                                          : loaded 2 times (x 72B)
Class com.google.common.collect.ArrayListMultimap                                     : loaded 2 times (x 172B)
Class org.jetbrains.kotlin.fir.expressions.builder.FirCallBuilder                     : loaded 2 times (x 70B)
Class org.jetbrains.kotlin.com.intellij.psi.impl.java.stubs.PsiImportStatementStub    : loaded 2 times (x 70B)
Class org.jetbrains.kotlin.com.intellij.psi.PsiPackageAccessibilityStatement          : loaded 2 times (x 70B)
Class org.jetbrains.kotlin.com.intellij.psi.PsiStatement                              : loaded 2 times (x 70B)
Class org.jetbrains.kotlin.com.intellij.psi.PsiLiteralExpression                      : loaded 2 times (x 70B)
Class org.jetbrains.kotlin.com.intellij.psi.PsiLargeFile                              : loaded 2 times (x 70B)
Class org.jetbrains.kotlin.com.intellij.psi.AbstractFileViewProvider$Content          : loaded 2 times (x 70B)
Class org.jetbrains.kotlin.load.java.typeEnhancement.JavaTypeQualifiers               : loaded 2 times (x 72B)
Class org.jetbrains.kotlin.load.java.typeEnhancement.AbstractSignatureParts$TypeAndDefaultQualifiers: loaded 2 times (x 72B)
Class org.jetbrains.kotlin.load.java.structure.impl.classFiles.BinaryJavaMethodBase   : loaded 2 times (x 123B)
Class org.jetbrains.kotlin.fir.types.CustomAnnotationTypeAttributeKt                  : loaded 2 times (x 71B)
Class org.jetbrains.kotlin.util.WeakPairKt                                            : loaded 2 times (x 71B)
Class org.jetbrains.kotlin.fir.FirImportTrackerComponentKt                            : loaded 2 times (x 71B)
Class org.jetbrains.kotlin.fir.scopes.ImportingScopesKt$special$$inlined$scopeSessionKey$1: loaded 2 times (x 71B)
Class org.jetbrains.kotlin.fir.resolve.transformers.plugin.AbstractFirSpecificAnnotationResolveTransformer$transformFile$$inlined$resolveFile$1: loaded 2 times (x 75B)
Class org.jetbrains.kotlin.fir.resolve.calls.tower.TowerGroupKind$Companion           : loaded 2 times (x 71B)
Class org.jetbrains.kotlin.com.google.common.collect.ImmutableAsList                  : loaded 2 times (x 209B)
Class org.jetbrains.kotlin.fir.declarations.impl.FirValueParameterImpl                : loaded 2 times (x 208B)
Class org.jetbrains.kotlin.fir.diagnostics.ConeSimpleDiagnostic                       : loaded 2 times (x 75B)
Class org.jetbrains.kotlin.com.intellij.util.text.LiteralFormatUtil                   : loaded 2 times (x 71B)
Class org.jetbrains.kotlin.fir.declarations.builder.FirAnonymousObjectBuilder         : loaded 2 times (x 115B)
Class org.jetbrains.kotlin.fir.FirAbstractTarget                                      : loaded 2 times (x 81B)
Class org.jetbrains.kotlin.fir.expressions.FirFunctionCall                            : loaded 2 times (x 178B)
Class org.jetbrains.kotlin.fir.expressions.builder.FirConstExpressionBuilderKt        : loaded 2 times (x 71B)
Class org.jetbrains.kotlin.parsing.PrecedingCommentsBinder                            : loaded 2 times (x 74B)
Class org.jetbrains.kotlin.com.intellij.lang.WhitespacesAndCommentsBinder             : loaded 2 times (x 70B)
Class org.jetbrains.kotlin.it.unimi.dsi.fastutil.ints.IntArrayList                    : loaded 2 times (x 351B)
Class org.jetbrains.kotlin.com.intellij.lang.PsiBuilder$Marker                        : loaded 2 times (x 70B)
Class org.jetbrains.kotlin.com.intellij.util.diff.ShallowNodeComparator               : loaded 2 times (x 70B)
Class org.jetbrains.kotlin.com.intellij.util.diff.DiffTreeChangeBuilder               : loaded 2 times (x 70B)
Class org.jetbrains.kotlin.com.intellij.openapi.vfs.VirtualFileWithId                 : loaded 2 times (x 70B)
Class org.jetbrains.kotlin.fir.analysis.jvm.checkers.type.FirFunctionalTypeParameterNameChecker: loaded 2 times (x 77B)
Class org.jetbrains.kotlin.fir.analysis.checkers.declaration.FirTopLevelPropertiesChecker: loaded 2 times (x 77B)
Class org.jetbrains.kotlin.fir.symbols.impl.FirTypeAliasSymbol                        : loaded 2 times (x 84B)
Class org.jetbrains.kotlin.fir.resolve.FirJavaClassMapper                             : loaded 2 times (x 76B)
Class org.jetbrains.kotlin.fir.scopes.PlatformSpecificOverridabilityRules             : loaded 2 times (x 70B)
Class org.jetbrains.kotlin.descriptors.Substitutable                                  : loaded 2 times (x 70B)
Class org.jetbrains.kotlin.psi.KtAnnotatedExpression                                  : loaded 2 times (x 564B)
Class org.jetbrains.kotlin.psi.KtParenthesizedExpression                              : loaded 2 times (x 438B)
Class [Lorg.jetbrains.kotlin.psi.KtConstantExpression;                                : loaded 2 times (x 69B)
Class [Lorg.jetbrains.kotlin.psi.KtConstructor;                                       : loaded 2 times (x 69B)
Class [Lorg.jetbrains.kotlin.psi.KtPropertyAccessor;                                  : loaded 2 times (x 69B)
Class [Lorg.jetbrains.kotlin.psi.KtClassOrObject;                                     : loaded 2 times (x 69B)
Class [Lorg.jetbrains.kotlin.com.intellij.extapi.psi.StubBasedPsiElementBase;         : loaded 2 times (x 69B)
Class org.jetbrains.kotlin.psi.stubs.elements.KtTypeAliasElementType                  : loaded 2 times (x 100B)
Class org.jetbrains.kotlin.container.ComponentResolveContext                          : loaded 2 times (x 75B)
Class org.jetbrains.kotlin.fir.MutableOrEmptyList$Companion                           : loaded 2 times (x 71B)
Class org.jetbrains.kotlin.types.model.FlexibleTypeMarker                             : loaded 2 times (x 70B)
Class org.jetbrains.kotlin.fir.declarations.FirClass                                  : loaded 2 times (x 162B)
Class org.jetbrains.kotlin.types.model.TypeArgumentListMarker                         : loaded 2 times (x 70B)
Class org.jetbrains.kotlin.fir.resolve.providers.FirSymbolProvider                    : loaded 2 times (x 81B)
Class org.jetbrains.kotlin.metadata.deserialization.BinaryVersion                     : loaded 2 times (x 74B)
Class org.jetbrains.kotlin.cli.jvm.modules.CliJavaModuleFinder$systemModules$1        : loaded 2 times (x 80B)
Class org.jetbrains.kotlin.com.intellij.psi.PsiModifierList                           : loaded 2 times (x 70B)
Class org.jetbrains.kotlin.com.intellij.util.containers.ConcurrentWeakKeySoftValueHashMap$HardKey: loaded 2 times (x 81B)
Class org.jetbrains.kotlin.com.intellij.psi.impl.source.BasicJavaDummyElement         : loaded 2 times (x 268B)
Class org.jetbrains.kotlin.com.intellij.psi.search.ProjectAwareFileFilter             : loaded 2 times (x 70B)
Class org.jetbrains.kotlin.com.intellij.psi.impl.PsiDocumentManagerBase               : loaded 2 times (x 133B)
Class org.jetbrains.kotlin.load.kotlin.KotlinBinaryClassCache$Companion               : loaded 2 times (x 71B)
Class org.jetbrains.kotlin.fir.symbols.impl.FirFileSymbol                             : loaded 2 times (x 72B)
Class org.jetbrains.kotlin.com.intellij.psi.PsiWhiteSpace                             : loaded 2 times (x 70B)
Class org.jetbrains.kotlin.com.intellij.openapi.vfs.impl.VirtualFileManagerImpl       : loaded 2 times (x 89B)
Class org.jetbrains.kotlin.kotlinx.collections.immutable.PersistentCollection         : loaded 2 times (x 70B)
Class org.jetbrains.kotlin.com.intellij.util.ArrayUtilRt                              : loaded 2 times (x 71B)
Class org.jetbrains.kotlin.parsing.KotlinParsing$4                                    : loaded 2 times (x 71B)
Class org.jetbrains.kotlin.backend.jvm.JvmLoweringPhasesKt$jvmFilePhases$75           : loaded 2 times (x 125B)
Class org.jetbrains.kotlin.backend.jvm.lower.FunctionNVarargBridgeLowering            : loaded 2 times (x 353B)
Class org.jetbrains.kotlin.backend.jvm.lower.UniqueLoopLabelsLowering                 : loaded 2 times (x 79B)
Class [Lorg.jetbrains.kotlin.compiler.plugin.CliOption;                               : loaded 2 times (x 69B)
Class org.jetbrains.kotlin.config.AnalysisFlag$Delegate                               : loaded 2 times (x 75B)
Class [Lorg.jetbrains.kotlin.fir.declarations.FirControlFlowGraphOwner;               : loaded 2 times (x 69B)
Class org.jetbrains.kotlin.cli.common.messages.MessageRenderer$2                      : loaded 2 times (x 86B)
Class org.jetbrains.kotlin.fir.util.BaseMultimap                                      : loaded 2 times (x 110B)
Class [Lorg.jetbrains.kotlin.fir.resolve.dfa.cfg.CFGNodeWithSubgraphs;                : loaded 2 times (x 69B)
Class com.google.gson.internal.bind.TypeAdapters$23                                   : loaded 2 times (x 75B)
Class com.google.gson.FieldNamingPolicy$3                                             : loaded 2 times (x 85B)
Class com.amazon.ion.system.IonReaderBuilder                                          : loaded 2 times (x 95B)
Class org.jetbrains.plugins.gradle.model.AnnotationProcessingConfig                   : loaded 2 times (x 70B)
Class com.amazon.ion.IonReader                                                        : loaded 2 times (x 70B)
Class gnu.trove.Equality                                                              : loaded 2 times (x 70B)
Class sync_studio_tooling3_2qb199vgvylsu26o1hmxmrwq8$_run_closure1                    : loaded 2 times (x 139B)
Class com.android.ide.common.gradle.Version                                           : loaded 2 times (x 75B)
Class com.android.builder.model.v2.ide.AndroidLibraryData                             : loaded 2 times (x 70B)
Class com.android.builder.model.v2.ide.ApiVersion                                     : loaded 2 times (x 70B)
Class com.google.common.base.Suppliers$MemoizingSupplier                              : loaded 2 times (x 79B)
Class com.google.common.collect.CollectPreconditions                                  : loaded 2 times (x 71B)
Class org.jetbrains.kotlin.fir.resolve.transformers.FirTypeResolveTransformer$WhenMappings: loaded 2 times (x 71B)
Class org.jetbrains.kotlin.com.intellij.psi.impl.PsiImplUtil$1LocalInheritorVisitor   : loaded 2 times (x 208B)
Class org.jetbrains.kotlin.com.intellij.psi.impl.compiled.FirstPassData               : loaded 2 times (x 81B)
Class org.jetbrains.kotlin.com.intellij.psi.impl.java.stubs.PsiImportListStub         : loaded 2 times (x 70B)
Class org.jetbrains.kotlin.com.intellij.psi.impl.compiled.ClsElementImpl$InvalidMirrorException: loaded 2 times (x 82B)
Class org.jetbrains.kotlin.io.vavr.collection.HashArrayMappedTrieModule$IndexedNode   : loaded 2 times (x 107B)
Class org.jetbrains.kotlin.load.java.structure.impl.classFiles.BinaryJavaAnnotationVisitor: loaded 2 times (x 78B)
Class org.jetbrains.kotlin.fir.java.deserialization.FirJvmConstDeserializer$loadConstant$2: loaded 2 times (x 76B)
Class org.jetbrains.kotlin.fir.declarations.FirDeclarationOrigin$Java$Source          : loaded 2 times (x 72B)
Class org.jetbrains.kotlin.fir.scopes.ImportingScopesKt$special$$inlined$scopeSessionKey$2: loaded 2 times (x 71B)
Class org.jetbrains.kotlin.fir.declarations.impl.FirResolvedImportImpl                : loaded 2 times (x 97B)
Class org.jetbrains.kotlin.KtFakeSourceElementKind$LambdaDestructuringBlock           : loaded 2 times (x 72B)
Class org.jetbrains.kotlin.fir.expressions.builder.FirAugmentedAssignmentBuilder      : loaded 2 times (x 76B)
Class org.jetbrains.kotlin.KtFakeSourceElementKind$ImplicitReturn                     : loaded 2 times (x 72B)
Class org.jetbrains.kotlin.fir.lightTree.converter.ConverterUtilKt                    : loaded 2 times (x 71B)
Class org.jetbrains.kotlin.com.intellij.lang.WhitespacesAndCommentsBinder$TokenTextGetter: loaded 2 times (x 70B)
Class org.jetbrains.kotlin.com.intellij.lang.impl.PsiBuilderImpl$ProductionMarker     : loaded 2 times (x 95B)
Class org.jetbrains.kotlin.fir.java.JavaSymbolProvider                                : loaded 2 times (x 86B)
Class org.jetbrains.kotlin.fir.analysis.jvm.checkers.expression.FirJvmReflectionApiCallChecker: loaded 2 times (x 81B)
Class org.jetbrains.kotlin.fir.analysis.jvm.checkers.declaration.FirJvmNameChecker    : loaded 2 times (x 77B)
Class org.jetbrains.kotlin.fir.analysis.checkers.expression.FirDeprecatedSmartCastChecker: loaded 2 times (x 77B)
Class org.jetbrains.kotlin.fir.analysis.checkers.expression.FirCommonAtomicArrayToPrimitiveCallChecker: loaded 2 times (x 78B)
Class org.jetbrains.kotlin.fir.analysis.checkers.declaration.FirExtensionShadowedByMemberChecker: loaded 2 times (x 78B)
Class org.jetbrains.kotlin.fir.analysis.checkers.declaration.FirUnusedCheckerBase     : loaded 2 times (x 80B)
Class [Lorg.jetbrains.kotlin.fir.resolve.providers.impl.AbstractFirBuiltinSymbolProvider;: loaded 2 times (x 69B)
Class org.jetbrains.kotlin.fir.resolve.providers.FirCompositeSymbolNamesProvider$Companion: loaded 2 times (x 71B)
Class org.jetbrains.kotlin.fir.resolve.providers.impl.FirCloneableSymbolProvider$symbolNamesProvider$1: loaded 2 times (x 82B)
Class org.jetbrains.kotlin.metadata.ProtoBuf$Type$Argument$Projection                 : loaded 2 times (x 82B)
Class org.jetbrains.kotlin.resolve.jvm.JvmTypeSpecificityComparator                   : loaded 2 times (x 77B)
Class org.jetbrains.kotlin.fir.visitors.FirTransformer                                : loaded 2 times (x 385B)
Class org.jetbrains.kotlin.resolve.calls.checkers.NewSchemeOfIntegerOperatorResolutionChecker: loaded 2 times (x 74B)
Class org.jetbrains.kotlin.psi.KtInstanceExpressionWithLabel                          : loaded 2 times (x 438B)
Class org.jetbrains.kotlin.psi.KtNamedDeclarationNotStubbed                           : loaded 2 times (x 844B)
Class org.jetbrains.kotlin.com.intellij.extapi.psi.ASTWrapperPsiElement               : loaded 2 times (x 306B)
Class org.jetbrains.kotlin.psi.KtFileAnnotationList                                   : loaded 2 times (x 506B)
Class org.jetbrains.kotlin.psi.KtProperty                                             : loaded 2 times (x 1324B)
Class org.jetbrains.kotlin.analyzer.common.CommonPlatformConfigurator                 : loaded 2 times (x 80B)
Class org.jetbrains.kotlin.fir.scopes.impl.FirDelegatedMembersFilter$Default          : loaded 2 times (x 72B)
Class org.jetbrains.kotlin.fir.scopes.impl.FirSubstitutionOverrideStorage$special$$inlined$createCache$1: loaded 2 times (x 75B)
Class org.jetbrains.kotlin.metadata.ProtoBuf$EnumEntry$1                              : loaded 2 times (x 144B)
Class org.jetbrains.kotlin.cli.jvm.index.JavaRoot$RootTypes                           : loaded 2 times (x 71B)
Class org.jetbrains.kotlin.com.intellij.psi.PsiAnnotationMemberValue                  : loaded 2 times (x 70B)
Class org.jetbrains.kotlin.com.intellij.lang.injection.InjectedLanguageManager        : loaded 2 times (x 80B)
Class org.jetbrains.kotlin.cli.jvm.compiler.KotlinCoreEnvironment$Companion$getOrCreateApplicationEnvironment$1$2: loaded 2 times (x 74B)
Class org.jetbrains.kotlin.com.intellij.pom.java.InternalPersistentJavaLanguageLevelReaderService: loaded 2 times (x 70B)
Class org.jetbrains.kotlin.com.fasterxml.aalto.in.PName                               : loaded 2 times (x 75B)
Class org.jetbrains.kotlin.com.intellij.ide.plugins.XmlReader                         : loaded 2 times (x 71B)
Class org.jetbrains.kotlin.fir.resolve.calls.tower.TowerGroupKind$QualifierOrClassifier: loaded 2 times (x 76B)
Class org.jetbrains.kotlin.com.intellij.lang.java.lexer.BasicJavaLexer$LiteralType    : loaded 2 times (x 79B)
Class org.jetbrains.kotlin.descriptors.java.JavaVisibilities$ProtectedAndPackage      : loaded 2 times (x 79B)
Class org.jetbrains.kotlin.com.intellij.psi.compiled.ClsStubBuilder                   : loaded 2 times (x 73B)
Class org.jetbrains.kotlin.com.intellij.util.lang.CompoundRuntimeException            : loaded 2 times (x 82B)
Class org.jetbrains.kotlin.org.picocontainer.PicoContainer                            : loaded 2 times (x 70B)
Class org.jetbrains.kotlin.com.intellij.lang.LanguageASTFactory                       : loaded 2 times (x 96B)
Class org.jetbrains.kotlin.com.intellij.openapi.fileTypes.PlainTextLanguage           : loaded 2 times (x 107B)
Class org.jetbrains.kotlin.com.intellij.util.messages.MessageBusOwner                 : loaded 2 times (x 70B)
Class org.jetbrains.kotlin.backend.jvm.lower.JvmKotlinNothingValueExceptionLowering   : loaded 2 times (x 86B)
Class org.jetbrains.kotlin.backend.jvm.JvmLoweringPhasesKt$jvmFilePhases$76           : loaded 2 times (x 125B)
Class org.jetbrains.kotlin.backend.jvm.lower.EnumClassLowering                        : loaded 2 times (x 85B)
Class org.jetbrains.kotlin.resolve.deprecation.DeprecationLevelValue                  : loaded 2 times (x 79B)
Class org.jetbrains.kotlin.storage.NotNullLazyValue                                   : loaded 2 times (x 70B)
Class org.jetbrains.kotlin.it.unimi.dsi.fastutil.objects.m                            : loaded 2 times (x 99B)
Class org.jetbrains.kotlin.load.kotlin.VirtualFileKotlinClass$Factory                 : loaded 2 times (x 71B)
Class kotlin.reflect.jvm.internal.KPropertyImpl$_descriptor$1                         : loaded 2 times (x 79B)
Class org.jetbrains.kotlin.fir.resolve.transformers.LazyPublishedApiEffectiveVisibilityKey: loaded 2 times (x 71B)
Class org.jetbrains.kotlin.fir.declarations.impl.FirConstructorImpl                   : loaded 2 times (x 211B)
Class org.jetbrains.kotlin.io.vavr.collection.HashArrayMappedTrie                     : loaded 2 times (x 70B)
Class org.jetbrains.kotlin.cli.common.messages.MessageRenderer$3                      : loaded 2 times (x 87B)
Class com.google.gson.internal.bind.TypeAdapters$24                                   : loaded 2 times (x 75B)
Class com.google.gson.FieldNamingPolicy$4                                             : loaded 2 times (x 85B)
Class com.amazon.ion.IonClob                                                          : loaded 2 times (x 70B)
Class org.jetbrains.plugins.gradle.tooling.ModelBuilderService$Parameter              : loaded 2 times (x 70B)
Class com.android.builder.model.v2.models.Versions$Version                            : loaded 2 times (x 70B)
Class com.google.common.collect.Maps$AbstractFilteredMap                              : loaded 2 times (x 127B)
Class com.google.common.collect.SortedMapDifference                                   : loaded 2 times (x 70B)
Class org.jetbrains.kotlin.fir.declarations.FirField                                  : loaded 2 times (x 201B)
Class org.jetbrains.kotlin.load.java.structure.JavaMember                             : loaded 2 times (x 70B)
Class org.jetbrains.kotlin.metadata.jvm.JvmProtoBuf$JvmPropertySignature$Builder      : loaded 2 times (x 141B)
Class org.jetbrains.kotlin.fir.resolve.FirQualifierResolverKt                         : loaded 2 times (x 71B)
Class org.jetbrains.kotlin.fir.declarations.FirVersionRequirementsTableKeyKt          : loaded 2 times (x 71B)
Class org.jetbrains.kotlin.fir.scopes.ImportingScopesKt$special$$inlined$scopeSessionKey$3: loaded 2 times (x 71B)
Class org.jetbrains.kotlin.fir.resolve.transformers.contracts.FirContractResolveTransformerAdapter: loaded 2 times (x 386B)
Class org.jetbrains.kotlin.fir.FirExpectActualMatchingContext                         : loaded 2 times (x 70B)
Class org.jetbrains.kotlin.fir.expressions.impl.FirErrorExpressionImpl                : loaded 2 times (x 128B)
Class [Lorg.jetbrains.kotlin.fir.FirElementWithResolveState;                          : loaded 2 times (x 69B)
Class org.jetbrains.kotlin.fir.builder.FirFunctionTypeParameterBuilder                : loaded 2 times (x 72B)
Class org.jetbrains.kotlin.fir.expressions.builder.FirBooleanOperatorExpressionBuilder: loaded 2 times (x 84B)
Class org.jetbrains.kotlin.fir.FirPackageDirective                                    : loaded 2 times (x 88B)
Class org.jetbrains.kotlin.parsing.AbstractTokenStreamPattern                         : loaded 2 times (x 83B)
Class org.jetbrains.kotlin.fir.analysis.jvm.checkers.declaration.FirIncompatibleAnnotationsChecker: loaded 2 times (x 77B)
Class org.jetbrains.kotlin.fir.analysis.checkers.type.FirStarProjectionModifierChecker: loaded 2 times (x 77B)
Class org.jetbrains.kotlin.fir.analysis.checkers.expression.FirCatchParameterChecker  : loaded 2 times (x 77B)
Class org.jetbrains.kotlin.fir.analysis.checkers.expression.FirKotlinActualAnnotationHasNoEffectInKotlinExpressionChecker: loaded 2 times (x 77B)
Class org.jetbrains.kotlin.fir.analysis.checkers.expression.FirUpperBoundViolatedExpressionChecker: loaded 2 times (x 77B)
Class org.jetbrains.kotlin.fir.expressions.FirErrorExpression                         : loaded 2 times (x 127B)
Class org.jetbrains.kotlin.fir.analysis.checkers.declaration.FirNotImplementedOverrideSimpleEnumEntryChecker$ForExpectClass: loaded 2 times (x 78B)
Class org.jetbrains.kotlin.fir.session.FirAbstractSessionFactory$SourceProviders      : loaded 2 times (x 72B)
Class org.jetbrains.kotlin.fir.declarations.builder.FirFunctionBuilder                : loaded 2 times (x 70B)
Class org.jetbrains.kotlin.fir.declarations.builder.FirTypeParameterRefsOwnerBuilder  : loaded 2 times (x 70B)
Class org.jetbrains.kotlin.resolve.IdentifierCheckerClashesResolver                   : loaded 2 times (x 73B)
Class org.jetbrains.kotlin.psi.stubs.elements.KtNameReferenceExpressionElementType    : loaded 2 times (x 103B)
Class org.jetbrains.kotlin.psi.stubs.elements.KtPlaceHolderWithTextStubElementType    : loaded 2 times (x 100B)
Class org.jetbrains.kotlin.psi.stubs.elements.KtFunctionElementType                   : loaded 2 times (x 104B)
Class org.jetbrains.kotlin.psi.KtModifierListOwner                                    : loaded 2 times (x 70B)
Class org.jetbrains.kotlin.com.intellij.extapi.psi.StubBasedPsiElementBase            : loaded 2 times (x 315B)
Class org.jetbrains.kotlin.com.intellij.psi.impl.compiled.InnerClassSourceStrategy    : loaded 2 times (x 70B)
Class org.jetbrains.kotlin.fir.scopes.FirKotlinScopeProvider                          : loaded 2 times (x 77B)
Class org.jetbrains.kotlin.metadata.jvm.deserialization.ModuleMapping                 : loaded 2 times (x 72B)
Class org.jetbrains.kotlin.fir.caches.FirThreadUnsafeCache                            : loaded 2 times (x 74B)
Class org.jetbrains.kotlin.fir.DependencyListForCliModule$Companion                   : loaded 2 times (x 71B)
Class org.jetbrains.kotlin.cli.jvm.index.JavaRoot                                     : loaded 2 times (x 72B)
Class org.jetbrains.kotlin.resolve.diagnostics.DiagnosticSuppressor$Companion         : loaded 2 times (x 72B)
Class org.jetbrains.kotlin.com.intellij.psi.controlFlow.ControlFlowFactory$1          : loaded 2 times (x 78B)
Class org.jetbrains.kotlin.com.intellij.openapi.util.RecursionManager                 : loaded 2 times (x 71B)
Class org.jetbrains.kotlin.com.intellij.openapi.extensions.ExtensionPointPriorityListener: loaded 2 times (x 70B)
Class org.jetbrains.kotlin.com.intellij.testFramework.LightVirtualFile                : loaded 2 times (x 170B)
Class org.jetbrains.kotlin.kotlinx.collections.immutable.PersistentMap                : loaded 2 times (x 70B)
Class org.gradle.internal.classloader.ClassLoaderHierarchy                            : loaded 2 times (x 70B)
Class org.jetbrains.kotlin.cli.jvm.compiler.IdeaExtensionPoints                       : loaded 2 times (x 71B)
Class org.jetbrains.kotlin.com.intellij.psi.presentation.java.PackagePresentationProvider: loaded 2 times (x 74B)
Class org.jetbrains.kotlin.com.intellij.openapi.extensions.BaseExtensionPointName     : loaded 2 times (x 72B)
Class org.jetbrains.kotlin.ir.declarations.IrPackageFragment                          : loaded 2 times (x 107B)
Class org.jetbrains.kotlin.ir.IrElementBase                                           : loaded 2 times (x 94B)
Class org.jetbrains.kotlin.ir.declarations.IrAnnotationContainer                      : loaded 2 times (x 70B)
Class org.jetbrains.kotlin.backend.jvm.JvmLoweringPhasesKt$jvmFilePhases$77           : loaded 2 times (x 125B)
Class org.jetbrains.kotlin.backend.jvm.lower.SyntheticAccessorLowering                : loaded 2 times (x 80B)
Class org.jetbrains.kotlin.backend.jvm.lower.JvmDefaultParameterInjector              : loaded 2 times (x 357B)
Class org.jetbrains.kotlin.backend.jvm.lower.JvmStringConcatenationLowering           : loaded 2 times (x 353B)
Class org.jetbrains.kotlin.backend.jvm.JvmLoweringPhasesKt$jvmFilePhases$40           : loaded 2 times (x 125B)
Class org.jetbrains.kotlin.cli.pipeline.jvm.JvmFrontendPipelinePhase                  : loaded 2 times (x 82B)
Class org.jetbrains.kotlin.com.google.common.collect.Maps$EntryTransformer            : loaded 2 times (x 70B)
Class org.jetbrains.kotlin.it.unimi.dsi.fastutil.objects.n                            : loaded 2 times (x 174B)
Class com.intellij.gradle.toolingExtension.impl.model.sourceSetModel.GradleSourceSetSerialisationService$Companion: loaded 2 times (x 71B)
Class com.amazon.ion.impl._Private_IonValue                                           : loaded 2 times (x 70B)
Class kotlin.reflect.jvm.internal.KPropertyImpl$Companion                             : loaded 2 times (x 71B)
Class com.amazon.ion.impl.bin.IonManagedBinaryWriter$UserState$2                      : loaded 2 times (x 85B)
Class org.jetbrains.kotlin.cli.common.messages.MessageRenderer$4                      : loaded 2 times (x 87B)
Class org.jetbrains.kotlin.analyzer.CompilationErrorException                         : loaded 2 times (x 82B)
Class org.jetbrains.kotlin.tooling.core.KotlinToolingVersion$Maturity                 : loaded 2 times (x 79B)
Class com.google.gson.internal.bind.TypeAdapters$25                                   : loaded 2 times (x 75B)
Class com.google.gson.FieldNamingPolicy$5                                             : loaded 2 times (x 85B)
Class com.amazon.ion.impl.lite.IonLobLite                                             : loaded 2 times (x 184B)
Class com.amazon.ion.impl.lite.IonTextLite                                            : loaded 2 times (x 181B)
Class com.amazon.ion.IonNumber                                                        : loaded 2 times (x 70B)
Class gnu.trove.TObjectHashingStrategy                                                : loaded 2 times (x 70B)
Class org.gradle.tooling.internal.adapter.ProtocolToModelAdapter$ReflectionMethodInvoker: loaded 2 times (x 76B)
Class kotlin.sequences.SequencesKt___SequencesKt$asIterable$$inlined$Iterable$1       : loaded 2 times (x 79B)
Class com.google.common.cache.LocalCache$WriteThroughEntry                            : loaded 2 times (x 79B)
Class com.google.common.cache.LocalCache$HashIterator                                 : loaded 2 times (x 86B)
Class com.google.common.cache.LocalCache$EntryFactory                                 : loaded 2 times (x 83B)
Class org.jetbrains.kotlin.fir.scopes.impl.FirEnumEntriesSupportKt                    : loaded 2 times (x 71B)
Class org.jetbrains.kotlin.com.intellij.psi.impl.cache.TypeInfo$SimpleTypeInfo        : loaded 2 times (x 80B)
Class [Lorg.jetbrains.kotlin.com.intellij.psi.PsiTypeParameterListOwner;              : loaded 2 times (x 69B)
Class kotlin.reflect.jvm.internal.KCallableImpl$_annotations$1                        : loaded 2 times (x 79B)
Class org.jetbrains.kotlin.types.ConstantValueKind$Byte                               : loaded 2 times (x 72B)
Class org.jetbrains.kotlin.fir.resolve.SupertypeUtilsKt$special$$inlined$scopeSessionKey$1: loaded 2 times (x 71B)
Class org.jetbrains.kotlin.fir.scopes.ImportingScopesKt$special$$inlined$scopeSessionKey$4: loaded 2 times (x 71B)
Class org.jetbrains.kotlin.fir.resolve.transformers.body.resolve.FirBodyResolveTransformerAdapter: loaded 2 times (x 386B)
Class org.jetbrains.kotlin.fir.types.builder.FirFunctionTypeRefBuilder                : loaded 2 times (x 76B)
Class org.jetbrains.kotlin.fir.types.ConeStarProjection                               : loaded 2 times (x 72B)
Class org.jetbrains.kotlin.fir.expressions.builder.FirThisReceiverExpressionBuilder   : loaded 2 times (x 101B)
Class org.jetbrains.kotlin.it.unimi.dsi.fastutil.ints.AbstractIntList                 : loaded 2 times (x 345B)
Class org.jetbrains.kotlin.KtSourceFileLinesMappingKt                                 : loaded 2 times (x 71B)
Class org.jetbrains.kotlin.fir.analysis.jvm.checkers.declaration.FirJvmFunctionDelegateMemberNameClashChecker: loaded 2 times (x 77B)
Class org.jetbrains.kotlin.fir.analysis.checkers.type.FirProjectionRelationChecker    : loaded 2 times (x 77B)
Class org.jetbrains.kotlin.fir.symbols.impl.FirPropertySymbol                         : loaded 2 times (x 80B)
Class org.jetbrains.kotlin.fir.analysis.checkers.declaration.FirKClassWithIncorrectTypeArgumentChecker: loaded 2 times (x 77B)
Class org.jetbrains.kotlin.fir.java.FirJavaFacadeForSource                            : loaded 2 times (x 73B)
Class org.jetbrains.kotlin.fir.resolve.providers.impl.FirSyntheticFunctionInterfaceProviderBase$Companion: loaded 2 times (x 71B)
Class org.jetbrains.kotlin.fir.types.FirFunctionTypeKindService                       : loaded 2 times (x 76B)
Class org.jetbrains.kotlin.fir.modules.FirJavaModuleResolverProvider                  : loaded 2 times (x 72B)
Class org.jetbrains.kotlin.descriptors.ValueDescriptor                                : loaded 2 times (x 70B)
Class org.jetbrains.kotlin.psi.KtCallableReferenceExpression                          : loaded 2 times (x 513B)
Class org.jetbrains.kotlin.psi.KtDestructuringDeclaration                             : loaded 2 times (x 780B)
Class [Lorg.jetbrains.kotlin.com.intellij.psi.ContributedReferenceHost;               : loaded 2 times (x 69B)
Class [Lorg.jetbrains.kotlin.psi.KtAnnotationEntry;                                   : loaded 2 times (x 69B)
Class org.jetbrains.kotlin.psi.stubs.KotlinClassOrObjectStub                          : loaded 2 times (x 70B)
Class [Lorg.jetbrains.kotlin.lexer.KtModifierKeywordToken;                            : loaded 2 times (x 69B)
Class org.jetbrains.kotlin.com.intellij.psi.WhiteSpaceTokenType                       : loaded 2 times (x 79B)
Class [Lorg.jetbrains.kotlin.name.Name;                                               : loaded 2 times (x 69B)
Class org.jetbrains.kotlin.fir.types.ConeClassLikeType                                : loaded 2 times (x 82B)
Class org.jetbrains.kotlin.fir.resolve.providers.impl.FirSyntheticFunctionInterfaceProviderBase: loaded 2 times (x 85B)
Class org.jetbrains.kotlin.metadata.ProtoBuf$Contract                                 : loaded 2 times (x 107B)
Class org.jetbrains.kotlin.metadata.ProtoBuf$VersionRequirementTable$1                : loaded 2 times (x 144B)
Class org.jetbrains.kotlin.com.intellij.openapi.util.io.BufferExposingByteArrayInputStream: loaded 2 times (x 92B)
Class org.jetbrains.kotlin.fir.extensions.FirFunctionCallRefinementExtension          : loaded 2 times (x 77B)
Class org.jetbrains.kotlin.extensions.StorageComponentContainerContributor$Companion  : loaded 2 times (x 72B)
Class org.jetbrains.kotlin.com.intellij.psi.impl.JavaPsiFacadeImpl                    : loaded 2 times (x 88B)
Class org.jetbrains.kotlin.com.intellij.psi.PsiResolveHelper                          : loaded 2 times (x 70B)
Class org.jetbrains.kotlin.com.intellij.openapi.project.Project                       : loaded 2 times (x 70B)
Class org.jetbrains.kotlin.parsing.KotlinCommonParserDefinition                       : loaded 2 times (x 95B)
Class org.jetbrains.kotlin.com.intellij.lang.jvm.JvmPackage                           : loaded 2 times (x 70B)
Class org.jetbrains.kotlin.com.intellij.openapi.extensions.LoadingOrder               : loaded 2 times (x 72B)
Class org.jetbrains.kotlin.com.intellij.util.concurrency.SynchronizedClearableLazy$Companion: loaded 2 times (x 71B)
Class org.jetbrains.kotlin.com.intellij.lang.ParserDefinition                         : loaded 2 times (x 70B)
Class org.jetbrains.kotlin.backend.jvm.JvmLoweringPhasesKt$jvmFilePhases$78           : loaded 2 times (x 125B)
Class org.jetbrains.kotlin.backend.jvm.JvmLoweringPhasesKt$jvmFilePhases$41           : loaded 2 times (x 125B)
Class org.jetbrains.kotlin.backend.jvm.lower.JvmOverloadsAnnotationLowering           : loaded 2 times (x 85B)
Class org.jetbrains.kotlin.compiler.plugin.ComponentRegistrar                         : loaded 2 times (x 70B)
Class org.jetbrains.kotlin.config.JvmAnalysisFlags                                    : loaded 2 times (x 71B)
Class kotlin.reflect.jvm.internal.KClassImpl$Data$inheritedNonStaticMembers$2         : loaded 2 times (x 79B)
Class org.jetbrains.kotlin.config.CompilerConfigurationKey                            : loaded 2 times (x 72B)
Class [Lorg.jetbrains.kotlin.load.java.ReportLevel;                                   : loaded 2 times (x 69B)
Class org.jetbrains.kotlin.backend.jvm.JvmLoweringPhasesKt$jvmLoweringPhases$15       : loaded 2 times (x 125B)
Class org.jetbrains.kotlin.com.intellij.openapi.progress.Task                         : loaded 2 times (x 84B)
Class org.jetbrains.kotlin.com.intellij.psi.impl.source.tree.CompositePsiElement      : loaded 2 times (x 394B)
Class org.jetbrains.kotlin.com.intellij.psi.search.searches.SuperMethodsSearch$1      : loaded 2 times (x 79B)
Class com.google.gson.internal.bind.ArrayTypeAdapter                                  : loaded 2 times (x 74B)
Class com.google.gson.internal.bind.TypeAdapters$26                                   : loaded 2 times (x 75B)
Class com.google.gson.FieldNamingPolicy$6                                             : loaded 2 times (x 85B)
Class [Lcom.amazon.ion.impl.bin.IonManagedBinaryWriter$UserState;                     : loaded 2 times (x 69B)
Class com.amazon.ion.impl.bin.utf8.Utf8StringEncoder                                  : loaded 2 times (x 80B)
Class com.amazon.ion.IonBool                                                          : loaded 2 times (x 70B)
Class [Lcom.android.ide.common.gradle.Separator;                                      : loaded 2 times (x 69B)
Class com.google.common.collect.NullsLastOrdering                                     : loaded 2 times (x 115B)
Class org.jetbrains.kotlin.com.intellij.openapi.application.QueryExecutorBase         : loaded 2 times (x 75B)
Class org.jetbrains.kotlin.tooling.core.HasMutableExtras                              : loaded 2 times (x 70B)
Class com.google.common.collect.Iterables$5                                           : loaded 2 times (x 81B)
Class com.google.common.reflect.Types$NativeTypeVariableEquals                        : loaded 2 times (x 71B)
Class com.google.common.reflect.TypeParameter                                         : loaded 2 times (x 72B)
Class com.google.common.cache.LocalCache$AbstractReferenceEntry                       : loaded 2 times (x 107B)
Class org.jetbrains.kotlin.it.unimi.dsi.fastutil.objects.Object2IntOpenHashMap$d      : loaded 2 times (x 86B)
Class [Lorg.jetbrains.kotlin.com.intellij.lang.jvm.JvmTypeParameter;                  : loaded 2 times (x 69B)
Class org.jetbrains.kotlin.com.intellij.psi.impl.java.stubs.PsiMemberStub             : loaded 2 times (x 70B)
Class org.jetbrains.kotlin.com.intellij.psi.impl.java.stubs.PsiClassInitializerStub   : loaded 2 times (x 70B)
Class org.jetbrains.kotlin.com.intellij.psi.impl.source.BasicJavaElementType$MemberThinCodeFragmentElementType: loaded 2 times (x 88B)
Class org.jetbrains.kotlin.com.intellij.psi.ClassFileViewProvider$1                   : loaded 2 times (x 88B)
Class [Lorg.jetbrains.kotlin.load.java.typeEnhancement.JavaTypeQualifiers;            : loaded 2 times (x 69B)
Class org.jetbrains.kotlin.fir.types.jvm.FirJavaTypeRef                               : loaded 2 times (x 103B)
Class org.jetbrains.kotlin.metadata.deserialization.VersionRequirementTable$Companion : loaded 2 times (x 71B)
Class org.jetbrains.kotlin.metadata.jvm.deserialization.JvmNameResolverBase$WhenMappings: loaded 2 times (x 71B)
Class org.jetbrains.kotlin.metadata.jvm.deserialization.BitEncoding                   : loaded 2 times (x 71B)
Class org.jetbrains.kotlin.fir.resolve.transformers.SupertypeComputationStatus$Computing: loaded 2 times (x 71B)
Class org.jetbrains.kotlin.fir.declarations.FirAnnotationsPlatformSpecificSupportComponentKt: loaded 2 times (x 71B)
Class org.jetbrains.kotlin.fir.scopes.impl.FirDefaultStarImportingScope               : loaded 2 times (x 79B)
Class org.jetbrains.kotlin.fir.scopes.ImportingScopesKt$special$$inlined$scopeSessionKey$5: loaded 2 times (x 71B)
Class [Lorg.jetbrains.kotlin.fir.resolve.calls.tower.TowerGroupKind;                  : loaded 2 times (x 69B)
Class org.jetbrains.kotlin.fir.extensions.FirFunctionCallRefinementExtensionKt        : loaded 2 times (x 71B)
Class org.jetbrains.kotlin.fir.resolve.transformers.FirApplySupertypesTransformer     : loaded 2 times (x 386B)
Class org.jetbrains.kotlin.fir.expressions.impl.FirSuperReceiverExpressionImpl        : loaded 2 times (x 161B)
Class org.jetbrains.kotlin.descriptors.Visibilities$Local                             : loaded 2 times (x 79B)
Class org.jetbrains.kotlin.fir.expressions.builder.FirExpressionBuilder               : loaded 2 times (x 70B)
Class org.jetbrains.kotlin.fir.analysis.jvm.checkers.expression.FirThrowJavaNullabilityWarningChecker: loaded 2 times (x 77B)
Class org.jetbrains.kotlin.fir.analysis.checkers.expression.FirCustomEnumEntriesMigrationQualifierChecker: loaded 2 times (x 77B)
Class org.jetbrains.kotlin.fir.expressions.FirCall                                    : loaded 2 times (x 70B)
Class org.jetbrains.kotlin.fir.analysis.checkers.declaration.FirImplementationMismatchChecker$ForExpectClass: loaded 2 times (x 78B)
Class org.jetbrains.kotlin.fir.analysis.checkers.declaration.FirPropertyAccessorsTypesChecker: loaded 2 times (x 77B)
Class org.jetbrains.kotlin.fir.session.FirJvmSessionFactory$SourceContext             : loaded 2 times (x 72B)
Class org.jetbrains.kotlin.fir.resolve.providers.impl.BinaryVersionAndPackageFragment : loaded 2 times (x 72B)
Class org.jetbrains.kotlin.builtins.functions.FunctionTypeKindExtractor$Companion     : loaded 2 times (x 71B)
Class org.jetbrains.kotlin.org.codehaus.stax2.typed.TypedXMLStreamReader              : loaded 2 times (x 70B)
Class org.jetbrains.kotlin.resolve.checkers.PlatformDiagnosticSuppressorClashesResolver: loaded 2 times (x 73B)
Class org.jetbrains.kotlin.container.PlatformExtensionsClashResolver                  : loaded 2 times (x 73B)
Class org.jetbrains.kotlin.descriptors.CallableDescriptor                             : loaded 2 times (x 70B)
Class org.jetbrains.kotlin.BlockExpressionElementType$Companion                       : loaded 2 times (x 71B)
Class org.jetbrains.kotlin.LambdaExpressionElementType                                : loaded 2 times (x 95B)
Class org.jetbrains.kotlin.psi.stubs.elements.KtValueArgumentElementType              : loaded 2 times (x 100B)
Class org.jetbrains.kotlin.resolve.checkers.KotlinVersionStringAnnotationValueChecker : loaded 2 times (x 77B)
Class org.jetbrains.kotlin.psi.KtDeclarationStub                                      : loaded 2 times (x 713B)
Class org.jetbrains.kotlin.psi.KtFunction                                             : loaded 2 times (x 70B)
Class org.jetbrains.kotlin.analyzer.common.CommonPlatformAnalyzerServices             : loaded 2 times (x 77B)
Class org.jetbrains.kotlin.fir.declarations.FirDeclarationOverloadabilityHelper       : loaded 2 times (x 70B)
Class org.jetbrains.kotlin.protobuf.WireFormat                                        : loaded 2 times (x 71B)
Class org.jetbrains.kotlin.metadata.ProtoBuf$QualifiedNameTable                       : loaded 2 times (x 107B)
Class org.jetbrains.kotlin.metadata.ProtoBuf$QualifiedNameTableOrBuilder              : loaded 2 times (x 70B)
Class org.jetbrains.org.objectweb.asm.Attribute                                       : loaded 2 times (x 75B)
Class org.jetbrains.org.objectweb.asm.Label                                           : loaded 2 times (x 72B)
Class org.jetbrains.kotlin.resolve.jvm.NotFoundPackagesCachingStrategy                : loaded 2 times (x 70B)
Class org.jetbrains.kotlin.com.intellij.util.containers.ConcurrentRefValueHashMap$ValueReference: loaded 2 times (x 70B)
Class org.jetbrains.kotlin.com.intellij.util.CachedValuesManagerImpl                  : loaded 2 times (x 82B)
Class org.jetbrains.kotlin.com.intellij.psi.impl.source.resolve.ResolveCache          : loaded 2 times (x 84B)
Class org.jetbrains.kotlin.com.intellij.psi.impl.file.impl.JavaFileManager            : loaded 2 times (x 70B)
Class org.jetbrains.kotlin.com.intellij.openapi.vfs.CompactVirtualFileSetFactory      : loaded 2 times (x 75B)
Class org.jetbrains.kotlin.com.intellij.openapi.extensions.ExtensionPointUtil$1       : loaded 2 times (x 78B)
Class org.jetbrains.kotlin.com.intellij.openapi.extensions.impl.ExtensionPointImpl$doAddChangeListener$listenerAdapter$1: loaded 2 times (x 77B)
Class org.jetbrains.kotlin.com.intellij.psi.PsiTarget                                 : loaded 2 times (x 70B)
Class org.jetbrains.kotlin.com.intellij.lexer.MergingLexerAdapterBase                 : loaded 2 times (x 87B)
Class org.jetbrains.kotlin.com.intellij.psi.PsiComment                                : loaded 2 times (x 70B)
Class org.jetbrains.kotlin.com.intellij.openapi.fileTypes.FileType                    : loaded 2 times (x 70B)
Class org.jetbrains.kotlin.com.intellij.openapi.util.UserDataHolder                   : loaded 2 times (x 70B)
Class org.jetbrains.kotlin.cli.common.modules.ModuleChunk                             : loaded 2 times (x 73B)
Class org.jetbrains.kotlin.backend.jvm.JvmLoweringPhasesKt$jvmLoweringPhases$1        : loaded 2 times (x 125B)
Class org.jetbrains.kotlin.backend.jvm.JvmLoweringPhasesKt$jvmFilePhases$79           : loaded 2 times (x 125B)
Class org.jetbrains.kotlin.backend.jvm.JvmLoweringPhasesKt$jvmFilePhases$42           : loaded 2 times (x 125B)
Class org.jetbrains.kotlin.backend.jvm.lower.SingletonOrConstantDelegationLowering    : loaded 2 times (x 80B)
Class org.jetbrains.kotlin.com.google.common.collect.ImmutableMap                     : loaded 2 times (x 120B)
Class org.jetbrains.kotlin.com.intellij.psi.scope.processor.MethodsProcessor          : loaded 2 times (x 106B)
Class org.jetbrains.kotlin.com.intellij.util.Processor                                : loaded 2 times (x 70B)
Class kotlin.reflect.jvm.internal.KClassImpl$Data$allNonStaticMembers$2               : loaded 2 times (x 79B)
Class org.jetbrains.kotlin.com.intellij.lang.jvm.facade.JvmFacade                     : loaded 2 times (x 70B)
Class [Lorg.jetbrains.kotlin.platform.TargetPlatformVersion;                          : loaded 2 times (x 69B)
Class org.jetbrains.kotlin.codegen.extensions.ClassBuilderInterceptorExtension        : loaded 2 times (x 70B)
Class org.jetbrains.kotlin.resolve.jvm.extensions.AnalysisHandlerExtension$Companion  : loaded 2 times (x 72B)
Class org.jetbrains.kotlin.types.extensions.TypeAttributeTranslators                  : loaded 2 times (x 72B)
Class com.google.gson.internal.reflect.ReflectionHelper                               : loaded 2 times (x 71B)
Class com.google.gson.internal.bind.TypeAdapters$27                                   : loaded 2 times (x 75B)
Class com.google.gson.FieldNamingPolicy$7                                             : loaded 2 times (x 85B)
Class com.amazon.ion.IonLoader                                                        : loaded 2 times (x 70B)
Class com.intellij.gradle.toolingExtension.model.repositoryModel.ProjectRepositoriesModel: loaded 2 times (x 70B)
Class org.jetbrains.plugins.gradle.model.GradleProperty                               : loaded 2 times (x 70B)
Class gnu.trove.TObjectCanonicalHashingStrategy                                       : loaded 2 times (x 78B)
Class [Lorg.jetbrains.kotlin.metadata.ProtoBuf$Visibility;                            : loaded 2 times (x 69B)
Class com.google.common.collect.ImmutableRangeSet$ComplementRanges                    : loaded 2 times (x 207B)
Class com.android.builder.model.v2.models.VariantDependencies                         : loaded 2 times (x 70B)
Class org.objectweb.asm.SymbolTable                                                   : loaded 2 times (x 72B)
Class com.google.common.cache.CacheLoader$InvalidCacheLoadException                   : loaded 2 times (x 82B)
Class org.jetbrains.kotlin.it.unimi.dsi.fastutil.objects.Object2IntOpenHashMap$e      : loaded 2 times (x 180B)
Class org.jetbrains.kotlin.com.intellij.psi.stubs.StubList$TempState                  : loaded 2 times (x 72B)
Class org.jetbrains.kotlin.load.java.structure.impl.classFiles.BinaryJavaClass$WhenMappings: loaded 2 times (x 71B)
Class [Lorg.jetbrains.kotlin.metadata.ProtoBuf$Effect$EffectType;                     : loaded 2 times (x 69B)
Class org.jetbrains.kotlin.descriptors.java.JavaVisibilities$PackageVisibility        : loaded 2 times (x 79B)
Class org.jetbrains.kotlin.com.google.common.collect.LinkedHashMultimap$ValueSet      : loaded 2 times (x 142B)
Class org.jetbrains.kotlin.fir.expressions.impl.FirCatchImpl                          : loaded 2 times (x 93B)
Class org.jetbrains.kotlin.com.intellij.util.text.CharArrayExternalizable             : loaded 2 times (x 70B)
Class org.jetbrains.kotlin.com.google.common.collect.ImmutableCollection$Builder      : loaded 2 times (x 76B)
Class org.jetbrains.kotlin.fir.lightTree.LightTree2Fir                                : loaded 2 times (x 72B)
Class org.jetbrains.kotlin.fir.analysis.jvm.checkers.expression.FirAssignmentJavaNullabilityWarningChecker: loaded 2 times (x 77B)
Class org.jetbrains.kotlin.fir.analysis.jvm.checkers.expression.FirJvmMissingBuiltInDeclarationChecker: loaded 2 times (x 77B)
Class org.jetbrains.kotlin.fir.analysis.jvm.checkers.declaration.FirPropertyHidesJavaFieldChecker: loaded 2 times (x 77B)
Class org.jetbrains.kotlin.fir.analysis.checkers.expression.FirWhenConditionChecker   : loaded 2 times (x 77B)
Class org.jetbrains.kotlin.fir.analysis.checkers.declaration.FirLocalExtensionPropertyChecker: loaded 2 times (x 77B)
Class org.jetbrains.kotlin.fir.analysis.checkers.declaration.FirSuspendLimitationsChecker: loaded 2 times (x 77B)
Class org.jetbrains.kotlin.fir.deserialization.AbstractAnnotationDeserializer         : loaded 2 times (x 87B)
Class org.jetbrains.kotlin.fir.caches.FirLazyValue                                    : loaded 2 times (x 72B)
Class org.jetbrains.kotlin.cli.jvm.index.JvmDependenciesIndexImpl$ClassSearchResult$Found: loaded 2 times (x 72B)
Class org.jetbrains.kotlin.cli.jvm.index.JvmDependenciesIndexImpl$WhenMappings        : loaded 2 times (x 71B)
Class org.jetbrains.kotlin.fir.java.FirJvmDefaultModeComponent                        : loaded 2 times (x 72B)
Class org.jetbrains.kotlin.resolve.checkers.CheckerContext                            : loaded 2 times (x 70B)
Class [Lorg.jetbrains.kotlin.psi.KtContractEffect;                                    : loaded 2 times (x 69B)
Class org.jetbrains.kotlin.psi.KtNamed                                                : loaded 2 times (x 70B)
Class org.jetbrains.kotlin.fir.types.impl.FirImplicitUShortTypeRef                    : loaded 2 times (x 107B)
Class org.jetbrains.kotlin.fir.types.FirTypeRef                                       : loaded 2 times (x 102B)
Class org.jetbrains.kotlin.KtPsiSourceFile                                            : loaded 2 times (x 77B)
Class org.jetbrains.kotlin.metadata.jvm.JvmModuleProtoBuf$PackagePartsOrBuilder       : loaded 2 times (x 70B)
Class [Lorg.jetbrains.kotlin.it.unimi.dsi.fastutil.objects.m;                         : loaded 2 times (x 69B)
Class org.jetbrains.kotlin.load.java.structure.JavaClassifier                         : loaded 2 times (x 70B)
Class org.jetbrains.kotlin.com.intellij.psi.TypeAnnotationProvider                    : loaded 2 times (x 70B)
Class org.jetbrains.kotlin.com.intellij.openapi.vfs.VirtualFileWithAssignedFileType   : loaded 2 times (x 70B)
Class org.jetbrains.kotlin.com.intellij.psi.impl.PsiManagerEx                         : loaded 2 times (x 122B)
Class org.jetbrains.kotlin.resolve.jvm.modules.JavaModule$Explicit                    : loaded 2 times (x 80B)
Class org.jetbrains.kotlin.load.kotlin.VirtualFileFinder                              : loaded 2 times (x 90B)
Class org.jetbrains.kotlin.fir.session.FirSharableJavaComponents                      : loaded 2 times (x 72B)
Class [Lorg.jetbrains.kotlin.com.intellij.openapi.util.ModificationTracker;           : loaded 2 times (x 69B)
Class org.jetbrains.kotlin.metadata.ProtoBuf$ContractOrBuilder                        : loaded 2 times (x 70B)
Class org.jetbrains.kotlin.com.intellij.util.pico.DefaultPicoContainer$LinkedHashSetWrapper: loaded 2 times (x 72B)
Class org.jetbrains.kotlin.com.intellij.util.messages.impl.RootBus                    : loaded 2 times (x 101B)
Class org.jetbrains.kotlin.cli.jvm.config.JvmClasspathRootBase                        : loaded 2 times (x 70B)
Class org.jetbrains.kotlin.backend.jvm.JvmLoweringPhasesKt$jvmLoweringPhases$2        : loaded 2 times (x 125B)
Class org.jetbrains.kotlin.backend.jvm.lower.InterfaceObjectCallsLowering             : loaded 2 times (x 344B)
Class org.jetbrains.kotlin.backend.jvm.lower.FragmentLocalFunctionPatchLowering       : loaded 2 times (x 353B)
Class org.jetbrains.kotlin.backend.jvm.JvmLoweringPhasesKt$jvmFilePhases$43           : loaded 2 times (x 125B)
Class org.jetbrains.kotlin.backend.common.lower.LocalClassPopupLowering               : loaded 2 times (x 87B)
Class org.jetbrains.kotlin.protobuf.Utf8                                              : loaded 2 times (x 71B)
Class org.jetbrains.kotlin.it.unimi.dsi.fastutil.ints.IntCollection                   : loaded 2 times (x 70B)
Class org.jetbrains.kotlin.cli.pipeline.PerformanceNotifications$TranslationToIrStarted: loaded 2 times (x 77B)
Class org.jetbrains.kotlin.config.phaser.ActionState                                  : loaded 2 times (x 72B)
Class org.jetbrains.kotlin.com.google.common.collect.LinkedHashMultimap$ValueEntry    : loaded 2 times (x 89B)
Class org.jetbrains.kotlin.fir.FirPureAbstractElement                                 : loaded 2 times (x 87B)
Class kotlin.reflect.jvm.internal.KClassImpl$Data$sealedSubclasses$2                  : loaded 2 times (x 79B)
Class org.jetbrains.kotlin.fir.extensions.FirExtensionService$Companion               : loaded 2 times (x 73B)
Class org.jetbrains.kotlin.fir.types.impl.FirResolvedTypeRefImpl                      : loaded 2 times (x 106B)
Class org.jetbrains.kotlin.fir.builder.FirBuilderDslKt                                : loaded 2 times (x 71B)
Class org.jetbrains.kotlin.fir.FirPlatformSpecificCastChecker$Default                 : loaded 2 times (x 72B)
Class org.jetbrains.kotlin.fir.scopes.FirDefaultImportProviderHolder                  : loaded 2 times (x 72B)
Class org.jetbrains.kotlin.progress.CompilationCanceledException                      : loaded 2 times (x 82B)
Class [Lcom.google.gson.LongSerializationPolicy;                                      : loaded 2 times (x 69B)
Class com.amazon.ion.impl._Private_Utils                                              : loaded 2 times (x 71B)
Class com.android.builder.model.v2.ide.TestedTargetVariant                            : loaded 2 times (x 70B)
Class org.gradle.internal.exceptions.MultiCauseException                              : loaded 2 times (x 70B)
Class org.gradle.internal.time.CountdownTimer                                         : loaded 2 times (x 70B)
Class com.google.common.collect.FluentIterable                                        : loaded 2 times (x 81B)
Class com.google.common.cache.LocalCache$StrongEntry                                  : loaded 2 times (x 108B)
Class com.google.common.util.concurrent.AbstractFuture$TrustedFuture                  : loaded 2 times (x 114B)
Class com.google.common.cache.LoadingCache                                            : loaded 2 times (x 70B)
Class org.jetbrains.kotlin.com.intellij.psi.tree.IReparseableElementTypeBase          : loaded 2 times (x 70B)
Class org.jetbrains.kotlin.descriptors.EffectiveVisibility$InternalOrPackage          : loaded 2 times (x 75B)
Class [Lorg.jetbrains.kotlin.com.intellij.psi.stubs.StubElement;                      : loaded 2 times (x 69B)
Class org.jetbrains.kotlin.com.intellij.psi.impl.compiled.ClsFieldImpl                : loaded 2 times (x 1217B)
Class [Lorg.jetbrains.kotlin.load.java.typeEnhancement.NullabilityQualifier;          : loaded 2 times (x 69B)
Class [Lorg.jetbrains.kotlin.fir.types.ProjectionKind;                                : loaded 2 times (x 69B)
Class org.jetbrains.kotlin.load.kotlin.FileBasedKotlinClass$InnerClassesInfo          : loaded 2 times (x 74B)
Class org.jetbrains.kotlin.com.intellij.psi.tree.java.IJavaDocElementType             : loaded 2 times (x 75B)
Class org.jetbrains.kotlin.com.intellij.psi.tree.ParentProviderElementType            : loaded 2 times (x 70B)
Class org.jetbrains.kotlin.fir.expressions.impl.FirReturnExpressionImpl               : loaded 2 times (x 122B)
Class org.jetbrains.kotlin.com.google.common.collect.RegularImmutableList             : loaded 2 times (x 213B)
Class org.jetbrains.kotlin.fir.analysis.jvm.checkers.declaration.FirImplementationByDelegationWithDifferentGenericSignatureChecker: loaded 2 times (x 77B)
Class org.jetbrains.kotlin.load.kotlin.SignatureBuildingComponents                    : loaded 2 times (x 71B)
Class org.jetbrains.kotlin.fir.analysis.jvm.checkers.declaration.FirAccidentalOverrideClashChecker: loaded 2 times (x 77B)
Class org.jetbrains.kotlin.fir.analysis.checkers.expression.FirVisibilityQualifierChecker: loaded 2 times (x 77B)
Class org.jetbrains.kotlin.fir.analysis.checkers.declaration.FirNonMemberFunctionsChecker: loaded 2 times (x 77B)
Class org.jetbrains.kotlin.fir.resolve.providers.impl.FirProviderImpl                 : loaded 2 times (x 86B)
Class org.jetbrains.kotlin.metadata.ProtoBuf$Type$Argument                            : loaded 2 times (x 110B)
Class org.jetbrains.kotlin.fir.java.enhancement.JavaCompilerRequiredAnnotationEnhancementProvider: loaded 2 times (x 72B)
Class org.jetbrains.kotlin.psi.KtThrowExpression                                      : loaded 2 times (x 438B)
Class org.jetbrains.kotlin.psi.KtImportDirective                                      : loaded 2 times (x 459B)
Class [Lorg.jetbrains.kotlin.psi.KtModifierListOwnerStub;                             : loaded 2 times (x 69B)
Class org.jetbrains.kotlin.resolve.checkers.RequireKotlinAnnotationValueChecker       : loaded 2 times (x 77B)
Class org.jetbrains.kotlin.container.DslKt                                            : loaded 2 times (x 71B)
Class org.jetbrains.kotlin.fir.analysis.FirDefaultOverridesBackwardCompatibilityHelper: loaded 2 times (x 74B)
Class org.jetbrains.kotlin.types.model.DynamicTypeMarker                              : loaded 2 times (x 70B)
Class org.jetbrains.kotlin.resolve.calls.inference.components.ConstraintIncorporator  : loaded 2 times (x 72B)
Class org.jetbrains.kotlin.com.intellij.psi.PsiClassOwner                             : loaded 2 times (x 70B)
Class org.jetbrains.kotlin.backend.common.extensions.IrGenerationExtension$Companion  : loaded 2 times (x 72B)
Class org.jetbrains.kotlin.com.intellij.codeInsight.InferredAnnotationsManager        : loaded 2 times (x 74B)
Class [Lorg.jetbrains.kotlin.com.intellij.lang.jvm.types.JvmType;                     : loaded 2 times (x 69B)
Class org.jetbrains.kotlin.com.intellij.ide.plugins.KotlinK2ModeCompatibilityCheckerKt: loaded 2 times (x 71B)
Class org.jetbrains.kotlin.psi.KtEnumEntry                                            : loaded 2 times (x 1103B)
Class org.jetbrains.kotlin.com.intellij.ide.plugins.DescriptorListLoadingContext$1    : loaded 2 times (x 78B)
Class org.jetbrains.kotlin.com.intellij.util.messages.impl.SimpleMessageBusConnectionImpl: loaded 2 times (x 81B)
Class org.jetbrains.kotlin.com.intellij.psi.stubs.UpToDateStubIndexMismatch           : loaded 2 times (x 87B)
Class org.jetbrains.kotlin.com.intellij.model.psi.PsiExternalReferenceHost            : loaded 2 times (x 70B)
Class org.jetbrains.kotlin.com.intellij.openapi.vfs.VirtualFileManager                : loaded 2 times (x 82B)
Class [Lorg.jetbrains.kotlin.com.intellij.util.messages.impl.BusState;                : loaded 2 times (x 69B)
Class org.jetbrains.kotlin.com.intellij.util.messages.impl.MessageBusImpl             : loaded 2 times (x 97B)
Class org.jetbrains.kotlin.com.intellij.openapi.fileTypes.UnknownFileType             : loaded 2 times (x 80B)
Class org.jetbrains.kotlin.com.intellij.openapi.vfs.impl.jar.CoreJarFileSystem        : loaded 2 times (x 101B)
Class org.jetbrains.kotlin.com.intellij.util.containers.LockFreeCopyOnWriteArrayList  : loaded 2 times (x 199B)
Class org.jetbrains.kotlin.it.unimi.dsi.fastutil.objects.r                            : loaded 2 times (x 143B)
Class org.jetbrains.kotlin.backend.jvm.JvmLoweringPhasesKt$jvmLoweringPhases$3        : loaded 2 times (x 125B)
Class org.jetbrains.kotlin.backend.jvm.JvmLoweringPhasesKt$jvmFilePhases$44           : loaded 2 times (x 125B)
Class org.jetbrains.kotlin.ir.inline.InlineCallableReferenceToLambdaPhase             : loaded 2 times (x 259B)
Class org.jetbrains.kotlin.com.intellij.util.containers.RefHashMap                    : loaded 2 times (x 127B)
Class org.jetbrains.kotlin.psi.KtDynamicType                                          : loaded 2 times (x 506B)
Class org.jetbrains.kotlin.resolve.calls.checkers.EnumEntriesUnsupportedChecker       : loaded 2 times (x 74B)
Class org.jetbrains.kotlin.fir.declarations.FirDeclarationAttributes                  : loaded 2 times (x 82B)
Class kotlin.sequences.TakeWhileSequence                                              : loaded 2 times (x 75B)
Class com.google.gson.internal.bind.MapTypeAdapterFactory                             : loaded 2 times (x 75B)
Class com.google.gson.internal.bind.TypeAdapters$29                                   : loaded 2 times (x 76B)
Class com.google.gson.JsonNull                                                        : loaded 2 times (x 92B)
Class com.intellij.gradle.toolingExtension.impl.model.projectModel.GradleExternalProjectSerializationService$ReadContext: loaded 2 times (x 73B)
Class com.intellij.gradle.toolingExtension.impl.model.dependencyModel.DependencyWriteContext: loaded 2 times (x 72B)
Class org.gradle.tooling.model.ProjectModel                                           : loaded 2 times (x 70B)
Class kotlin.io.FileTreeWalk$FileTreeWalkIterator$TopDownDirectoryState               : loaded 2 times (x 74B)
Class com.google.common.base.Suppliers$NonSerializableMemoizingSupplier               : loaded 2 times (x 79B)
Class org.objectweb.asm.MethodWriter                                                  : loaded 2 times (x 106B)
Class com.google.common.collect.RegularImmutableMap$BucketOverflowException           : loaded 2 times (x 82B)
Class [Lcom.google.common.cache.Weigher;                                              : loaded 2 times (x 69B)
Class org.jetbrains.kotlin.fir.declarations.FirResolvedToPhaseState$Companion         : loaded 2 times (x 71B)
Class org.jetbrains.kotlin.fir.scopes.FirKotlinScopeProviderKt                        : loaded 2 times (x 71B)
Class org.jetbrains.kotlin.fir.types.CompilerConeAttributes$UnsafeVariance            : loaded 2 times (x 79B)
Class org.jetbrains.kotlin.fir.java.JavaTypeParameterStack$Companion$EMPTY$1          : loaded 2 times (x 80B)
Class org.jetbrains.kotlin.load.kotlin.KotlinJvmBinaryClass$MemberVisitor             : loaded 2 times (x 70B)
Class org.jetbrains.kotlin.fir.deserialization.FirTypeDeserializer                    : loaded 2 times (x 72B)
Class org.jetbrains.kotlin.it.unimi.dsi.fastutil.objects.s                            : loaded 2 times (x 280B)
Class org.jetbrains.kotlin.descriptors.java.JavaVisibilities$ProtectedStaticVisibility: loaded 2 times (x 79B)
Class org.jetbrains.kotlin.com.intellij.pom.java.JavaFeature                          : loaded 2 times (x 83B)
Class org.jetbrains.kotlin.fir.resolve.transformers.plugin.FirExpressionTransformerForAnnotationArguments: loaded 2 times (x 431B)
Class org.jetbrains.kotlin.fir.resolve.transformers.body.resolve.FirExpressionsResolveTransformer: loaded 2 times (x 431B)
Class org.jetbrains.kotlin.fir.resolve.dfa.cfg.FinallyBlockEnterNode                  : loaded 2 times (x 81B)
Class [Lorg.jetbrains.kotlin.fir.resolve.dfa.cfg.EnterNodeMarker;                     : loaded 2 times (x 69B)
Class org.jetbrains.kotlin.KtPsiSourceElement                                         : loaded 2 times (x 79B)
Class org.jetbrains.kotlin.com.google.common.collect.UnmodifiableListIterator         : loaded 2 times (x 95B)
Class org.jetbrains.kotlin.fir.lightTree.fir.PrimaryConstructor                       : loaded 2 times (x 72B)
Class org.jetbrains.kotlin.fir.expressions.FirAnnotationCall                          : loaded 2 times (x 163B)
Class org.jetbrains.kotlin.fir.expressions.FirWrappedExpression                       : loaded 2 times (x 117B)
Class org.jetbrains.kotlin.com.google.common.collect.RegularImmutableMap$KeySet       : loaded 2 times (x 152B)
Class org.jetbrains.kotlin.fir.analysis.jvm.checkers.expression.FirJavaAnnotationsChecker: loaded 2 times (x 77B)
Class org.jetbrains.kotlin.fir.analysis.jvm.checkers.expression.FirLoopConditionJavaNullabilityWarningChecker: loaded 2 times (x 77B)
Class org.jetbrains.kotlin.fir.analysis.checkers.expression.FirUselessElvisChecker    : loaded 2 times (x 77B)
Class org.jetbrains.kotlin.fir.analysis.checkers.expression.FirCommonAtomicReferenceToPrimitiveCallChecker: loaded 2 times (x 78B)
Class org.jetbrains.kotlin.fir.analysis.checkers.syntax.FirTypeParameterSyntaxChecker : loaded 2 times (x 89B)
Class org.jetbrains.kotlin.fir.analysis.checkers.declaration.FirReifiedTypeParameterChecker: loaded 2 times (x 77B)
Class org.jetbrains.kotlin.fir.analysis.checkers.declaration.FirEnumCompanionInEnumConstructorCallChecker: loaded 2 times (x 77B)
Class org.jetbrains.kotlin.fir.analysis.checkers.config.ComposedLanguageVersionSettingsCheckers: loaded 2 times (x 73B)
Class org.jetbrains.kotlin.fir.resolve.providers.impl.FirQualifierResolverImpl        : loaded 2 times (x 74B)
Class org.jetbrains.kotlin.fir.java.deserialization.OptionalAnnotationClassesProvider : loaded 2 times (x 88B)
Class org.jetbrains.kotlin.resolve.scopes.receivers.Receiver                          : loaded 2 times (x 70B)
Class org.jetbrains.kotlin.container.CacheKt                                          : loaded 2 times (x 71B)
Class org.jetbrains.kotlin.resolve.calls.checkers.EnumEntryVsCompanionPriorityCallChecker: loaded 2 times (x 74B)
Class org.jetbrains.kotlin.psi.stubs.KotlinPlaceHolderWithTextStub                    : loaded 2 times (x 70B)
Class org.jetbrains.kotlin.fir.scopes.impl.FirDeclaredMemberScopeProvider             : loaded 2 times (x 72B)
Class org.jetbrains.kotlin.serialization.deserialization.MetadataPartProvider         : loaded 2 times (x 70B)
Class org.jetbrains.kotlin.cli.common.GroupedKtSources                                : loaded 2 times (x 72B)
Class org.jetbrains.kotlin.cli.jvm.compiler.JavaLanguageLevelKt$EntriesMappings       : loaded 2 times (x 71B)
Class org.jetbrains.kotlin.fir.extensions.FirStatusTransformerExtension               : loaded 2 times (x 86B)
Class org.jetbrains.kotlin.metadata.ProtoBuf$Modality$1                               : loaded 2 times (x 74B)
Class org.jetbrains.kotlin.resolve.extensions.ExtraImportsProviderExtension           : loaded 2 times (x 70B)
Class org.jetbrains.kotlin.com.intellij.psi.impl.source.DummyHolderFactory$DefaultFactory: loaded 2 times (x 87B)
Class org.jetbrains.kotlin.com.intellij.util.containers.ConcurrentWeakValueHashMap    : loaded 2 times (x 149B)
Class org.jetbrains.kotlin.com.intellij.psi.scope.processor.FilterScopeProcessor      : loaded 2 times (x 82B)
Class org.jetbrains.kotlin.com.intellij.lang.jvm.types.JvmReferenceType               : loaded 2 times (x 70B)
Class org.jetbrains.kotlin.com.intellij.psi.search.GlobalSearchScope$LazyFilesScope   : loaded 2 times (x 105B)
Class org.jetbrains.kotlin.com.intellij.psi.impl.PsiDocumentManagerBase$3             : loaded 2 times (x 84B)
Class org.jetbrains.kotlin.com.intellij.psi.impl.smartPointers.SmartPointerManagerImpl: loaded 2 times (x 81B)
Class org.jetbrains.kotlin.com.intellij.openapi.util.LowMemoryWatcher$LowMemoryWatcherType: loaded 2 times (x 79B)
Class org.jetbrains.kotlin.com.intellij.psi.impl.JavaClassSupersImpl                  : loaded 2 times (x 73B)
Class [Lorg.jetbrains.kotlin.com.fasterxml.aalto.in.PName;                            : loaded 2 times (x 69B)
Class org.jetbrains.kotlin.fir.analysis.checkers.expression.FirIncompatibleProjectionsOnTypeArgumentChecker: loaded 2 times (x 77B)
Class org.jetbrains.kotlin.com.intellij.psi.impl.compiled.ClsCustomNavigationPolicy   : loaded 2 times (x 70B)
Class org.jetbrains.kotlin.com.intellij.openapi.util.NotNullLazyValue$1               : loaded 2 times (x 77B)
Class org.jetbrains.kotlin.com.intellij.psi.presentation.java.MethodPresentationProvider: loaded 2 times (x 74B)
Class org.jetbrains.kotlin.fir.analysis.checkers.expression.FirKotlinActualAnnotationHasNoEffectInKotlinExpressionChecker$CallableReference: loaded 2 times (x 77B)
Class [Lorg.jetbrains.kotlin.com.intellij.lang.Language;                              : loaded 2 times (x 69B)
Class org.jetbrains.kotlin.com.intellij.openapi.application.impl.ApplicationInfoImpl  : loaded 2 times (x 74B)
Class org.jetbrains.kotlin.com.intellij.openapi.vfs.impl.jar.CoreJarHandler           : loaded 2 times (x 84B)
Class org.jetbrains.kotlin.backend.jvm.JvmLoweringPhasesKt$jvmLoweringPhases$4        : loaded 2 times (x 125B)
Class org.jetbrains.kotlin.backend.jvm.lower.ObjectClassLowering                      : loaded 2 times (x 84B)
Class org.jetbrains.kotlin.backend.jvm.JvmLoweringPhasesKt$jvmFilePhases$45           : loaded 2 times (x 125B)
Class org.jetbrains.kotlin.fir.analysis.checkers.type.FirDefinitelyNotNullableChecker : loaded 2 times (x 77B)
Class org.jetbrains.kotlin.com.intellij.openapi.util.ObjectNode$ListNodeChildren      : loaded 2 times (x 78B)
Class org.jetbrains.kotlin.com.intellij.reference.SoftReference                       : loaded 2 times (x 82B)
Class org.jetbrains.kotlin.cli.pipeline.PipelineArtifact                              : loaded 2 times (x 71B)
Class org.jetbrains.kotlin.fir.references.FirNamedReference                           : loaded 2 times (x 88B)
Class org.jetbrains.kotlin.parsing.KotlinParsing$3                                    : loaded 2 times (x 112B)
Class org.jetbrains.kotlin.fir.expressions.FirLiteralExpression                       : loaded 2 times (x 120B)
Class org.jetbrains.kotlin.fir.declarations.impl.FirDefaultPropertyAccessor           : loaded 2 times (x 240B)
Class org.jetbrains.plugins.gradle.model.GradleConfiguration                          : loaded 2 times (x 70B)
Class com.amazon.ion.impl.bin.utf8.Utf8StringEncoderPool                              : loaded 2 times (x 74B)
Class com.amazon.ion.impl._Private_IonSystem                                          : loaded 2 times (x 70B)
Class com.amazon.ion.BufferConfiguration$OversizedValueHandler                        : loaded 2 times (x 70B)
Class com.android.ide.common.gradle.Version$Companion$ParseState$EMPTY                : loaded 2 times (x 74B)
Class com.google.common.collect.ImmutableMultimap$1                                   : loaded 2 times (x 82B)
Class org.jetbrains.kotlin.fir.scopes.impl.FirTypeIntersectionScopeContext            : loaded 2 times (x 72B)
Class org.jetbrains.kotlin.metadata.jvm.JvmProtoBuf$1                                 : loaded 2 times (x 71B)
Class org.jetbrains.kotlin.com.intellij.psi.impl.compiled.ClsAnnotationParameterListImpl: loaded 2 times (x 410B)
Class org.jetbrains.kotlin.com.intellij.lang.LighterAST                               : loaded 2 times (x 76B)
Class org.jetbrains.kotlin.load.java.structure.JavaWildcardType                       : loaded 2 times (x 70B)
Class org.jetbrains.kotlin.metadata.ProtoBuf$VersionRequirement                       : loaded 2 times (x 116B)
Class org.jetbrains.kotlin.fir.caches.FirCacheWithPostComputeKt                       : loaded 2 times (x 71B)
Class org.jetbrains.kotlin.fir.resolve.calls.tower.TowerResolveManager                : loaded 2 times (x 72B)
Class [Lorg.jetbrains.kotlin.fir.resolve.dfa.cfg.TryExpressionExitNode;               : loaded 2 times (x 69B)
Class org.jetbrains.kotlin.fir.visitors.FirDefaultTransformer                         : loaded 2 times (x 385B)
Class org.jetbrains.kotlin.com.google.common.collect.IndexedImmutableSet$1            : loaded 2 times (x 213B)
Class org.jetbrains.kotlin.fir.declarations.FirPropertyBodyResolveState               : loaded 2 times (x 79B)
Class org.jetbrains.kotlin.fir.ContainingScriptKey                                    : loaded 2 times (x 71B)
Class org.jetbrains.kotlin.parsing.TokenStreamPattern                                 : loaded 2 times (x 70B)
Class org.jetbrains.kotlin.fir.analysis.checkers.declaration.FirConstructorAllowedChecker: loaded 2 times (x 77B)
Class org.jetbrains.kotlin.fir.analysis.checkers.declaration.FirOuterClassArgumentsRequiredChecker: loaded 2 times (x 77B)
Class org.jetbrains.kotlin.fir.analysis.checkers.declaration.FirMultipleDefaultsInheritedFromSupertypesChecker: loaded 2 times (x 78B)
Class [Lorg.jetbrains.kotlin.fir.analysis.checkers.MppCheckerKind;                    : loaded 2 times (x 69B)
Class org.jetbrains.kotlin.cli.common.SessionConstructionUtils$prepareSessions$sessionConfigurator$1: loaded 2 times (x 75B)
Class org.jetbrains.kotlin.fir.resolve.providers.FirCachedSymbolNamesProvider         : loaded 2 times (x 88B)
Class org.jetbrains.kotlin.fir.resolve.substitution.AbstractConeSubstitutor$Companion : loaded 2 times (x 71B)
Class org.jetbrains.kotlin.fir.java.enhancement.FirAnnotationTypeQualifierResolver    : loaded 2 times (x 77B)
Class org.jetbrains.kotlin.psi.KtLambdaArgument                                       : loaded 2 times (x 471B)
Class [Lorg.jetbrains.kotlin.psi.KtExpression;                                        : loaded 2 times (x 69B)
Class org.jetbrains.kotlin.KtNodeType                                                 : loaded 2 times (x 76B)
Class org.jetbrains.kotlin.resolve.AnnotationsKt                                      : loaded 2 times (x 71B)
Class org.jetbrains.kotlin.fir.types.CompilerConeAttributes                           : loaded 2 times (x 71B)
Class org.jetbrains.kotlin.fir.types.ConeTypeConstructorMarker                        : loaded 2 times (x 70B)
Class org.jetbrains.kotlin.load.kotlin.PackageAndMetadataPartProvider                 : loaded 2 times (x 70B)
Class org.jetbrains.kotlin.resolve.jvm.KotlinJavaPsiFacade$1                          : loaded 2 times (x 78B)
Class org.jetbrains.kotlin.fir.extensions.FirDeclarationGenerationExtension           : loaded 2 times (x 85B)
Class [Lorg.jetbrains.kotlin.com.intellij.psi.search.GlobalSearchScope;               : loaded 2 times (x 69B)
Class org.jetbrains.kotlin.com.intellij.psi.util.CachedValuesManager                  : loaded 2 times (x 82B)
Class org.jetbrains.kotlin.com.fasterxml.aalto.in.ByteSourceBootstrapper              : loaded 2 times (x 85B)
Class org.jetbrains.kotlin.com.intellij.ide.plugins.ReadModuleContext                 : loaded 2 times (x 70B)
Class org.jetbrains.kotlin.com.intellij.openapi.util.NotNullLazyValue$2               : loaded 2 times (x 77B)
Class org.jetbrains.kotlin.com.intellij.psi.PsiQualifiedNamedElement                  : loaded 2 times (x 70B)
Class org.jetbrains.kotlin.com.intellij.openapi.fileTypes.LanguageFileType            : loaded 2 times (x 90B)
Class org.jetbrains.kotlin.com.intellij.diagnostic.PluginException                    : loaded 2 times (x 85B)
Class org.jetbrains.kotlin.com.intellij.psi.impl.source.CharTableImpl                 : loaded 2 times (x 76B)
Class org.jetbrains.kotlin.com.intellij.util.Java11Shim                               : loaded 2 times (x 80B)
Class [Lorg.jetbrains.kotlin.com.intellij.openapi.extensions.ExtensionPoint$Kind;     : loaded 2 times (x 69B)
Class org.jetbrains.kotlin.com.intellij.util.pico.DefaultPicoContainer$InstanceComponentAdapter: loaded 2 times (x 77B)
Class org.jetbrains.kotlin.com.intellij.util.messages.impl.CompositeMessageBusKt      : loaded 2 times (x 71B)
Class org.jetbrains.kotlin.ir.declarations.IrModuleFragment                           : loaded 2 times (x 98B)
Class org.jetbrains.kotlin.backend.jvm.JvmLoweringPhasesKt$jvmLoweringPhases$5        : loaded 2 times (x 125B)
Class org.jetbrains.kotlin.backend.jvm.JvmLoweringPhasesKt$jvmFilePhases$46           : loaded 2 times (x 125B)
Class org.jetbrains.kotlin.cli.jvm.plugins.PluginCliParser                            : loaded 2 times (x 71B)
Class org.jetbrains.kotlin.storage.LockBasedStorageManager                            : loaded 2 times (x 108B)
Class [Lorg.jetbrains.kotlin.config.ExplicitApiMode;                                  : loaded 2 times (x 69B)
Class org.jetbrains.kotlin.it.unimi.dsi.fastutil.ints.AbstractInt2ObjectMap           : loaded 2 times (x 188B)
Class org.jetbrains.kotlin.config.phaser.BeforeOrAfter                                : loaded 2 times (x 79B)
Class org.jetbrains.kotlin.diagnostics.impl.BaseDiagnosticsCollector$RawReporter      : loaded 2 times (x 70B)
Class org.jetbrains.kotlin.fir.declarations.FirEnumEntry                              : loaded 2 times (x 189B)
Class org.jetbrains.kotlin.fir.expressions.FirSafeCallExpression                      : loaded 2 times (x 122B)
Class com.google.gson.internal.bind.DefaultDateTypeAdapter$DateType$1                 : loaded 2 times (x 73B)
Class com.amazon.ion.IonDecimal                                                       : loaded 2 times (x 70B)
Class org.jetbrains.plugins.gradle.model.tests.ExternalTestsModel                     : loaded 2 times (x 70B)
Class [Lorg.jetbrains.kotlin.fir.resolve.FirTowerDataMode;                            : loaded 2 times (x 69B)
Class org.jetbrains.kotlin.fir.resolve.calls.overloads.ConeIntegerOperatorConflictResolver: loaded 2 times (x 72B)
Class com.android.ide.common.repository.AgpVersion$Companion$WhenMappings             : loaded 2 times (x 71B)
Class org.gradle.tooling.model.idea.IdeaLanguageLevel                                 : loaded 2 times (x 70B)
Class org.gradle.tooling.internal.adapter.ProtocolToModelAdapter$SafeMethodInvoker    : loaded 2 times (x 76B)
Class org.gradle.tooling.internal.adapter.WeakIdentityHashMap$WeakKey                 : loaded 2 times (x 79B)
Class org.gradle.internal.exceptions.DefaultMultiCauseException                       : loaded 2 times (x 95B)
Class com.google.common.collect.AbstractIterator$State                                : loaded 2 times (x 79B)
Class com.google.common.collect.ImmutableMultimap$2                                   : loaded 2 times (x 81B)
Class com.google.common.reflect.Types$JavaVersion$1                                   : loaded 2 times (x 83B)
Class com.google.common.collect.RegularImmutableBiMap                                 : loaded 2 times (x 149B)
Class com.google.common.cache.LocalCache$ValueReference                               : loaded 2 times (x 70B)
Class org.jetbrains.kotlin.it.unimi.dsi.fastutil.objects.Object2IntOpenHashMap$i      : loaded 2 times (x 76B)
Class org.jetbrains.kotlin.com.intellij.psi.stubs.StubSpine                           : loaded 2 times (x 80B)
Class org.jetbrains.kotlin.one.util.streamex.StreamEx                                 : loaded 2 times (x 215B)
Class org.jetbrains.kotlin.com.intellij.psi.impl.compiled.FirstPassData$TypeInfoInnerClassEntry: loaded 2 times (x 72B)
Class org.jetbrains.kotlin.com.intellij.psi.impl.java.stubs.PsiAnnotationStub         : loaded 2 times (x 70B)
Class org.jetbrains.kotlin.com.intellij.psi.stubs.EmptyStubSerializer                 : loaded 2 times (x 70B)
Class org.jetbrains.kotlin.metadata.deserialization.VersionRequirement$Companion$WhenMappings: loaded 2 times (x 71B)
Class [Lorg.jetbrains.kotlin.load.java.typeEnhancement.TypeComponentPosition;         : loaded 2 times (x 69B)
Class org.jetbrains.kotlin.utils.SmartList$SingletonIteratorBase                      : loaded 2 times (x 81B)
Class org.jetbrains.kotlin.fir.declarations.FirValueClassRepresentationKt             : loaded 2 times (x 71B)
Class org.jetbrains.kotlin.mpp.TypeParameterSymbolMarker                              : loaded 2 times (x 70B)
Class org.jetbrains.kotlin.descriptors.SourceElement$1                                : loaded 2 times (x 74B)
Class org.jetbrains.kotlin.fir.resolve.providers.impl.AbstractFirBuiltinSymbolProvider$BuiltInsPackageFragmentWrapper$special$$inlined$createCache$1: loaded 2 times (x 75B)
Class [Lorg.jetbrains.kotlin.fir.resolve.dfa.cfg.TailrecExitNodeMarker;               : loaded 2 times (x 69B)
Class [Lorg.jetbrains.kotlin.fir.resolve.dfa.cfg.ExitNodeMarker;                      : loaded 2 times (x 69B)
Class [Lorg.jetbrains.kotlin.com.intellij.psi.PsiFile;                                : loaded 2 times (x 69B)
Class org.jetbrains.kotlin.fir.expressions.FirComponentCall                           : loaded 2 times (x 183B)
Class org.jetbrains.kotlin.fir.references.builder.FirResolvedNamedReferenceBuilder    : loaded 2 times (x 72B)
Class org.jetbrains.kotlin.fir.analysis.checkers.declaration.FirSuspendAnonymousFunctionChecker: loaded 2 times (x 77B)
Class org.jetbrains.kotlin.fir.analysis.checkers.declaration.FirPropertyInitializationChecker: loaded 2 times (x 77B)
Class org.jetbrains.kotlin.fir.analysis.checkers.declaration.FirExplicitBackingFieldsUnsupportedChecker: loaded 2 times (x 77B)
Class org.jetbrains.kotlin.fir.analysis.checkers.declaration.FirNameConflictsTracker  : loaded 2 times (x 73B)
Class org.jetbrains.kotlin.fir.resolve.FirQualifierResolver                           : loaded 2 times (x 73B)
Class org.jetbrains.kotlin.fir.deserialization.MetadataBasedAnnotationDeserializer    : loaded 2 times (x 87B)
Class org.jetbrains.kotlin.builtins.functions.FunctionTypeKindKt                      : loaded 2 times (x 71B)
Class org.jetbrains.kotlin.types.model.TypeSubstitutorMarker                          : loaded 2 times (x 70B)
Class org.jetbrains.kotlin.psi.KtWhenCondition                                        : loaded 2 times (x 376B)
Class org.jetbrains.kotlin.psi.KtPostfixExpression                                    : loaded 2 times (x 502B)
Class org.jetbrains.kotlin.psi.KtStringTemplateEntryWithExpression                    : loaded 2 times (x 445B)
Class org.jetbrains.kotlin.psi.stubs.impl.KotlinTypeBean                              : loaded 2 times (x 70B)
Class [Lorg.jetbrains.kotlin.psi.KtDeclarationContainer;                              : loaded 2 times (x 69B)
Class org.jetbrains.kotlin.resolve.checkers.CyclicAnnotationsChecker                  : loaded 2 times (x 74B)
Class org.jetbrains.kotlin.descriptors.annotations.Annotated                          : loaded 2 times (x 70B)
Class org.jetbrains.kotlin.fir.types.ConeClassifierLookupTag                          : loaded 2 times (x 74B)
Class org.jetbrains.kotlin.cli.common.localfs.KotlinLocalVirtualFile                  : loaded 2 times (x 154B)
Class org.jetbrains.kotlin.resolve.jvm.KotlinJavaPsiFacade$2                          : loaded 2 times (x 77B)
Class org.jetbrains.kotlin.com.intellij.openapi.util.io.FileUtilRt                    : loaded 2 times (x 71B)
Class org.jetbrains.kotlin.com.intellij.psi.impl.PsiConstantEvaluationHelperImpl      : loaded 2 times (x 74B)
Class org.jetbrains.kotlin.asJava.classes.KtUltraLightSupport                         : loaded 2 times (x 70B)
Class org.jetbrains.kotlin.com.intellij.openapi.util.RecursionGuard$StackStamp        : loaded 2 times (x 70B)
Class [Lorg.jetbrains.kotlin.com.intellij.psi.PsiAnnotationOwner;                     : loaded 2 times (x 69B)
Class org.jetbrains.kotlin.com.intellij.psi.TypeAnnotationProvider$Static             : loaded 2 times (x 75B)
Class org.jetbrains.kotlin.com.intellij.lang.java.parser.BasicJavaParserUtil$ParserWrapper: loaded 2 times (x 70B)
Class org.jetbrains.kotlin.com.intellij.openapi.project.DumbService                   : loaded 2 times (x 77B)
Class org.jetbrains.kotlin.com.intellij.psi.util.JavaClassSupers                      : loaded 2 times (x 73B)
Class org.jetbrains.kotlin.com.intellij.psi.PsiClass                                  : loaded 2 times (x 70B)
Class org.jetbrains.kotlin.com.intellij.psi.JavaDirectoryService                      : loaded 2 times (x 85B)
Class org.jetbrains.kotlin.com.intellij.psi.impl.source.javadoc.PsiDocTagValueImpl    : loaded 2 times (x 449B)
Class org.jetbrains.kotlin.com.intellij.psi.impl.source.tree.PsiPlainTextImpl         : loaded 2 times (x 360B)
Class [Lorg.jetbrains.kotlin.com.intellij.openapi.util.UserDataHolderEx;              : loaded 2 times (x 69B)
Class org.jetbrains.kotlin.com.intellij.platform.diagnostic.telemetry.TelemetryManagerKt: loaded 2 times (x 71B)
Class org.jetbrains.kotlin.com.intellij.util.messages.impl.MessageBusEx               : loaded 2 times (x 70B)
Class org.jetbrains.kotlin.com.intellij.openapi.util.registry.EarlyAccessRegistryManagerKt$lazyMap$1: loaded 2 times (x 78B)
Class org.jetbrains.kotlin.fir.resolve.transformers.plugin.AbstractFirCompilerRequiredAnnotationsResolveTransformer: loaded 2 times (x 393B)
Class org.jetbrains.kotlin.backend.common.lower.InitializersCleanupLowering           : loaded 2 times (x 88B)
Class org.jetbrains.kotlin.backend.jvm.JvmLoweringPhasesKt$jvmFilePhases$47           : loaded 2 times (x 125B)
Class org.jetbrains.kotlin.backend.jvm.JvmLoweringPhasesKt$jvmFilePhases$10           : loaded 2 times (x 125B)
Class org.jetbrains.kotlin.fir.scopes.impl.DefaultImportPriority$LOW                  : loaded 2 times (x 80B)
Class org.jetbrains.kotlin.config.JvmAnalysisFlags$Delegates$JvmDefaultModeNullByDefault: loaded 2 times (x 71B)
Class org.jetbrains.kotlin.backend.common.phaser.CompositePhase                       : loaded 2 times (x 76B)
Class [Lkotlin.reflect.jvm.internal.impl.builtins.functions.FunctionClassKind;        : loaded 2 times (x 69B)
Class org.jetbrains.kotlin.fir.deserialization.PackagePartsCacheData                  : loaded 2 times (x 72B)
Class org.jetbrains.kotlin.platform.TargetPlatformKt                                  : loaded 2 times (x 71B)
Class org.jetbrains.kotlin.platform.SimplePlatform                                    : loaded 2 times (x 75B)
Class org.jetbrains.kotlin.load.kotlin.FileBasedKotlinClass$OuterAndInnerName         : loaded 2 times (x 72B)
Class org.jetbrains.kotlin.fir.scopes.impl.FirGeneratedScopesKt                       : loaded 2 times (x 71B)
Class org.jetbrains.kotlin.cli.common.CLICompiler$Companion                           : loaded 2 times (x 71B)
Class org.jetbrains.kotlin.fir.expressions.builder.FirAnnotationBuilder               : loaded 2 times (x 84B)
Class com.google.gson.internal.LazilyParsedNumber                                     : loaded 2 times (x 78B)
Class com.amazon.ion.impl.bin.IonRawBinaryWriter$StreamCloseMode                      : loaded 2 times (x 79B)
Class com.amazon.ion.impl._Private_IonBinaryWriterBuilder$Mutable                     : loaded 2 times (x 115B)
Class com.intellij.gradle.toolingExtension.impl.model.projectModel.GradleExternalProjectSerializationService: loaded 2 times (x 77B)
Class org.jetbrains.kotlin.load.kotlin.KotlinClassFinder$Result$ClassFileContent      : loaded 2 times (x 72B)
Class com.android.builder.model.v2.ide.ProjectInfo                                    : loaded 2 times (x 70B)
Class org.gradle.tooling.model.HierarchicalElement                                    : loaded 2 times (x 70B)
Class com.google.common.hash.PrimitiveSink                                            : loaded 2 times (x 70B)
Class com.google.common.reflect.Types$JavaVersion$2                                   : loaded 2 times (x 83B)
Class com.google.common.reflect.Types                                                 : loaded 2 times (x 71B)
Class com.google.common.collect.Hashing                                               : loaded 2 times (x 71B)
Class com.google.common.base.PatternCompiler                                          : loaded 2 times (x 70B)
Class com.google.common.util.concurrent.AbstractFuture$Failure                        : loaded 2 times (x 72B)
Class com.google.common.base.Equivalence$Equals                                       : loaded 2 times (x 82B)
Class org.jetbrains.kotlin.fir.scopes.impl.FirNestedClassifierScopeWithSubstitutionKt : loaded 2 times (x 71B)
Class org.jetbrains.kotlin.com.intellij.psi.impl.compiled.ClsArrayInitializerMemberValueImpl: loaded 2 times (x 465B)
Class org.jetbrains.kotlin.com.intellij.psi.impl.compiled.ModuleStubBuildingVisitor   : loaded 2 times (x 89B)
Class org.jetbrains.kotlin.com.intellij.util.containers.ConcurrentWeakValueHashMap$MyWeakReference: loaded 2 times (x 84B)
Class org.jetbrains.kotlin.fir.expressions.ExplicitTypeArgumentIfMadeFlexibleSyntheticallyTypeAttribute: loaded 2 times (x 80B)
Class org.jetbrains.kotlin.fir.java.deserialization.JvmBinaryAnnotationDeserializerKt$loadMemberAnnotations$1$MemberAnnotationVisitor: loaded 2 times (x 78B)
Class org.jetbrains.kotlin.fir.declarations.ValueClassesUtilsKt                       : loaded 2 times (x 71B)
Class org.jetbrains.kotlin.builtins.jvm.JavaToKotlinClassMap                          : loaded 2 times (x 71B)
Class org.jetbrains.kotlin.metadata.ProtoBuf$Expression$1                             : loaded 2 times (x 144B)
Class org.jetbrains.kotlin.fir.types.ConeTypeUtilsKt                                  : loaded 2 times (x 71B)
Class org.jetbrains.kotlin.fir.declarations.utils.FirDeclarationUtilKt                : loaded 2 times (x 71B)
Class org.jetbrains.kotlin.fir.declarations.FirDeclarationOrigin$Java                 : loaded 2 times (x 72B)
Class org.jetbrains.kotlin.fir.symbols.FirLazyDeclarationResolverKt$lazyResolveToPhase$1: loaded 2 times (x 125B)
Class org.jetbrains.kotlin.resolve.jvm.KotlinJavaPsiFacade$3                          : loaded 2 times (x 71B)
Class org.jetbrains.kotlin.fir.caches.NullableMap$NullValue                           : loaded 2 times (x 71B)
Class org.jetbrains.kotlin.load.java.structure.impl.source.JavaElementPsiSourceWithFixedPsi: loaded 2 times (x 74B)
Class org.jetbrains.kotlin.fir.resolve.transformers.WhenOnEnumExhaustivenessChecker   : loaded 2 times (x 73B)
Class org.jetbrains.kotlin.kotlinx.collections.immutable.implementations.persistentOrderedMap.PersistentOrderedMap: loaded 2 times (x 156B)
Class org.jetbrains.kotlin.fir.resolve.dfa.cfg.ScriptEnterNode                        : loaded 2 times (x 84B)
Class org.jetbrains.kotlin.fir.resolve.transformers.FirSupertypeResolverVisitor       : loaded 2 times (x 236B)
Class org.jetbrains.kotlin.fir.lightTree.fir.DestructuringEntry                       : loaded 2 times (x 72B)
Class org.jetbrains.kotlin.fir.expressions.builder.FirAbstractWhenBranchBuilder       : loaded 2 times (x 70B)
Class org.jetbrains.kotlin.types.ConstantValueKind$Null                               : loaded 2 times (x 72B)
Class org.jetbrains.kotlin.fir.declarations.builder.FirValueParameterBuilder          : loaded 2 times (x 109B)
Class org.jetbrains.kotlin.KtFakeSourceElementKind$GeneratedLambdaLabel               : loaded 2 times (x 72B)
Class org.jetbrains.kotlin.fir.declarations.builder.FirPrimaryConstructorBuilder      : loaded 2 times (x 157B)
Class org.jetbrains.kotlin.fir.analysis.jvm.checkers.declaration.FirUpperBoundsChecker: loaded 2 times (x 77B)
Class org.jetbrains.kotlin.fir.analysis.checkers.expression.FirLogicExpressionTypeChecker: loaded 2 times (x 77B)
Class org.jetbrains.kotlin.fir.analysis.checkers.declaration.FirImplementationMismatchChecker$Regular: loaded 2 times (x 78B)
Class org.jetbrains.kotlin.fir.analysis.checkers.declaration.FirImplicitNothingReturnTypeChecker: loaded 2 times (x 77B)
Class [Lorg.jetbrains.kotlin.fir.analysis.checkers.type.FirTypeChecker;               : loaded 2 times (x 69B)
Class org.jetbrains.kotlin.load.java.JavaClassFinderImplKt                            : loaded 2 times (x 71B)
Class org.jetbrains.kotlin.fir.deserialization.AbstractFirDeserializedSymbolProvider  : loaded 2 times (x 88B)
Class org.jetbrains.kotlin.fir.declarations.FirResolveStateKt                         : loaded 2 times (x 71B)
Class [Lorg.jetbrains.kotlin.descriptors.Modality;                                    : loaded 2 times (x 69B)
Class org.jetbrains.kotlin.fir.extensions.FirExtension$Factory                        : loaded 2 times (x 70B)
Class org.jetbrains.kotlin.fir.extensions.FirExtensionRegistrar$ExtensionRegistrarContext: loaded 2 times (x 72B)
Class org.jetbrains.kotlin.psi.KtThisExpression                                       : loaded 2 times (x 438B)
Class org.jetbrains.kotlin.com.intellij.psi.impl.source.SubstrateRef                  : loaded 2 times (x 76B)
Class org.jetbrains.kotlin.psi.stubs.elements.KtConstantExpressionElementType         : loaded 2 times (x 100B)
Class org.jetbrains.kotlin.resolve.checkers.ExplicitApiDeclarationChecker$Companion   : loaded 2 times (x 71B)
Class org.jetbrains.kotlin.resolve.checkers.DelegationChecker                         : loaded 2 times (x 74B)
Class [Lorg.jetbrains.kotlin.types.model.KotlinTypeMarker;                            : loaded 2 times (x 69B)
Class org.jetbrains.kotlin.load.java.structure.JavaMethod                             : loaded 2 times (x 70B)
Class org.jetbrains.kotlin.com.intellij.ide.plugins.PluginDescriptorLoader            : loaded 2 times (x 71B)
Class org.jetbrains.kotlin.com.intellij.openapi.util.NotNullLazyValue$4               : loaded 2 times (x 77B)
Class org.jetbrains.kotlin.com.intellij.openapi.util.NotNullLazyValue                 : loaded 2 times (x 77B)
Class org.jetbrains.kotlin.com.intellij.psi.compiled.ClassFileDecompilers$Full        : loaded 2 times (x 77B)
Class org.jetbrains.kotlin.com.intellij.psi.impl.source.tree.java.PsiFragmentImpl     : loaded 2 times (x 608B)
Class org.jetbrains.kotlin.com.intellij.psi.impl.source.tree.OwnBufferLeafPsiElement  : loaded 2 times (x 305B)
Class org.jetbrains.kotlin.com.intellij.lang.MetaLanguage                             : loaded 2 times (x 109B)
Class org.jetbrains.kotlin.com.intellij.codeInsight.highlighting.PassRunningAssert    : loaded 2 times (x 72B)
Class org.jetbrains.kotlin.com.intellij.openapi.util.registry.RegistryValueListener   : loaded 2 times (x 70B)
Class org.jetbrains.kotlin.backend.jvm.JvmLoweringPhasesKt$jvmLoweringPhases$7        : loaded 2 times (x 80B)
Class org.jetbrains.kotlin.backend.jvm.lower.AddContinuationLowering                  : loaded 2 times (x 80B)
Class org.jetbrains.kotlin.backend.jvm.JvmLoweringPhasesKt$jvmFilePhases$48           : loaded 2 times (x 125B)
Class org.jetbrains.kotlin.backend.jvm.JvmLoweringPhasesKt$jvmFilePhases$11           : loaded 2 times (x 125B)
Class org.jetbrains.kotlin.cli.common.arguments.JavaTypeEnhancementStateParser        : loaded 2 times (x 72B)
Class kotlin.reflect.jvm.internal.KProperty0Impl                                      : loaded 2 times (x 128B)
Class org.jetbrains.kotlin.load.java.structure.impl.classFiles.PlainJavaWildcardType  : loaded 2 times (x 98B)
Class org.jetbrains.kotlin.fir.types.ParameterNameTypeAttribute                       : loaded 2 times (x 80B)
Class org.jetbrains.org.objectweb.asm.TypeReference                                   : loaded 2 times (x 80B)
Class com.google.gson.stream.JsonReader                                               : loaded 2 times (x 97B)
Class com.amazon.ion.impl.bin.IonRawBinaryWriter$PatchPoint                           : loaded 2 times (x 73B)
Class com.amazon.ion.IonBlob                                                          : loaded 2 times (x 70B)
Class com.amazon.ion.IonLob                                                           : loaded 2 times (x 70B)
Class com.amazon.ion.IonSequence                                                      : loaded 2 times (x 70B)
Class org.jetbrains.plugins.gradle.tooling.serialization.ExternalTestsSerializationService: loaded 2 times (x 77B)
Class org.jetbrains.kotlin.com.intellij.psi.impl.cache.TypeAnnotationContainer        : loaded 2 times (x 80B)
Class org.jetbrains.kotlin.fir.scopes.ScopesKt                                        : loaded 2 times (x 71B)
Class com.android.builder.model.v2.dsl.DependenciesInfo                               : loaded 2 times (x 70B)
Class org.jetbrains.kotlin.fir.extensions.FirTypeAttributeExtensionKt                 : loaded 2 times (x 71B)
Class com.google.common.collect.ByFunctionOrdering                                    : loaded 2 times (x 115B)
Class org.gradle.internal.time.Time                                                   : loaded 2 times (x 71B)
Class org.objectweb.asm.Label                                                         : loaded 2 times (x 73B)
Class org.objectweb.asm.CurrentFrame                                                  : loaded 2 times (x 73B)
Class org.objectweb.asm.ClassTooLargeException                                        : loaded 2 times (x 83B)
Class com.google.common.reflect.Types$JavaVersion$3                                   : loaded 2 times (x 83B)
Class org.gradle.internal.classloader.FilteringClassLoader                            : loaded 2 times (x 105B)
Class org.jetbrains.kotlin.fir.scopes.impl.FirDefaultStarImportingScope$processClassifiersByNameWithSubstitutionFromBothLevelsConditionally$2: loaded 2 times (x 80B)
Class org.jetbrains.kotlin.load.java.structure.impl.classFiles.PlainJavaEnumValueAnnotationArgument: loaded 2 times (x 80B)
Class org.jetbrains.kotlin.io.vavr.Function1                                          : loaded 2 times (x 70B)
Class org.jetbrains.kotlin.fir.declarations.FirValueClassRepresentationKey            : loaded 2 times (x 71B)
Class org.jetbrains.kotlin.metadata.ProtoBuf$ExpressionOrBuilder                      : loaded 2 times (x 70B)
Class org.jetbrains.kotlin.fir.resolve.CodeFragmentContextDataKey                     : loaded 2 times (x 71B)
Class org.jetbrains.kotlin.fir.declarations.IsHiddenEverywhereBesideSuperCalls        : loaded 2 times (x 71B)
Class org.jetbrains.kotlin.fir.symbols.FirLazyDeclarationResolverKt                   : loaded 2 times (x 71B)
Class org.jetbrains.kotlin.fir.resolve.transformers.body.resolve.FirImplicitAwareBodyResolveTransformer: loaded 2 times (x 475B)
Class org.jetbrains.kotlin.fir.resolve.inference.FirInferenceSession$Companion        : loaded 2 times (x 71B)
Class org.jetbrains.kotlin.fir.expressions.FirStringConcatenationCall                 : loaded 2 times (x 135B)
Class org.jetbrains.kotlin.fir.declarations.utils.DanglingTypeConstraintsKey          : loaded 2 times (x 71B)
Class org.jetbrains.kotlin.fir.references.impl.FirPropertyFromParameterResolvedNamedReference: loaded 2 times (x 90B)
Class org.jetbrains.kotlin.KtFakeSourceElementKind$WhenGeneratedSubject               : loaded 2 times (x 72B)
Class org.jetbrains.kotlin.fir.expressions.FirWhileLoop                               : loaded 2 times (x 130B)
Class org.jetbrains.kotlin.fir.expressions.builder.FirVariableAssignmentBuilder       : loaded 2 times (x 76B)
Class org.jetbrains.kotlin.fir.builder.CalleeAndReceiver                              : loaded 2 times (x 72B)
Class org.jetbrains.kotlin.parsing.AbstractKotlinParsing$AtSet                        : loaded 2 times (x 78B)
Class org.jetbrains.kotlin.fir.analysis.checkers.config.FirOptInLanguageVersionSettingsChecker: loaded 2 times (x 72B)
Class [Lorg.jetbrains.kotlin.fir.analysis.checkers.type.FirFunctionalTypeParameterSyntaxChecker;: loaded 2 times (x 69B)
Class org.jetbrains.kotlin.fir.analysis.checkers.declaration.FirEnumClassSimpleChecker: loaded 2 times (x 77B)
Class org.jetbrains.kotlin.fir.FirModuleVisibilityChecker$Standard                    : loaded 2 times (x 73B)
Class org.jetbrains.kotlin.fir.java.deserialization.OptionalAnnotationClassesProvider$Companion: loaded 2 times (x 71B)
Class org.jetbrains.kotlin.fir.declarations.FirResolvePhase                           : loaded 2 times (x 79B)
Class org.jetbrains.kotlin.fir.resolve.providers.impl.FirBuiltinSyntheticFunctionInterfaceProvider: loaded 2 times (x 85B)
Class [Lorg.jetbrains.kotlin.metadata.ProtoBuf$Type$Argument$Projection;              : loaded 2 times (x 69B)
Class org.jetbrains.kotlin.com.intellij.util.containers.ConcurrentWeakKeySoftValueHashMap$WeakKey: loaded 2 times (x 87B)
Class org.jetbrains.kotlin.com.intellij.util.containers.ConcurrentWeakKeySoftValueHashMap$SoftValue: loaded 2 times (x 87B)
Class org.jetbrains.kotlin.resolve.calls.checkers.ReifiedTypeParameterSubstitutionChecker: loaded 2 times (x 75B)
Class org.jetbrains.kotlin.com.intellij.psi.tree.IElementType$TombstoneElementType    : loaded 2 times (x 75B)
Class org.jetbrains.kotlin.psi.KtLabelReferenceExpression                             : loaded 2 times (x 569B)
Class [Lorg.jetbrains.kotlin.psi.KtStatementExpression;                               : loaded 2 times (x 69B)
Class org.jetbrains.kotlin.psi.stubs.KotlinStubWithFqName                             : loaded 2 times (x 70B)
Class org.jetbrains.kotlin.fir.types.ConeDynamicType$Companion                        : loaded 2 times (x 71B)
Class org.jetbrains.kotlin.metadata.jvm.deserialization.ModuleMappingKt               : loaded 2 times (x 71B)
Class [Lorg.jetbrains.kotlin.com.intellij.lang.jvm.JvmElement;                        : loaded 2 times (x 69B)
Class org.jetbrains.kotlin.com.intellij.core.CorePsiDocumentManager                   : loaded 2 times (x 133B)
Class org.jetbrains.kotlin.com.intellij.psi.PsiElementFinder                          : loaded 2 times (x 87B)
Class org.jetbrains.kotlin.load.kotlin.KotlinBinaryClassCache$cache$1                 : loaded 2 times (x 83B)
Class org.jetbrains.kotlin.com.fasterxml.aalto.in.AttributeCollector                  : loaded 2 times (x 72B)
Class org.jetbrains.kotlin.org.codehaus.stax2.XMLStreamLocation2                      : loaded 2 times (x 70B)
Class org.jetbrains.kotlin.org.codehaus.stax2.ri.typed.ValueDecoderFactory$BooleanDecoder: loaded 2 times (x 81B)
Class org.jetbrains.kotlin.com.intellij.psi.PsiField                                  : loaded 2 times (x 70B)
Class org.jetbrains.kotlin.com.intellij.psi.impl.PsiSubstitutorFactoryImpl            : loaded 2 times (x 74B)
Class org.jetbrains.kotlin.com.intellij.psi.javadoc.PsiSnippetAttributeValue          : loaded 2 times (x 70B)
Class org.jetbrains.kotlin.com.intellij.psi.impl.source.tree.LazyParseableElement     : loaded 2 times (x 226B)
Class org.jetbrains.kotlin.com.intellij.core.CoreEncodingRegistry                     : loaded 2 times (x 74B)
Class org.jetbrains.kotlin.com.intellij.util.keyFMap.KeyFMap                          : loaded 2 times (x 70B)
Class org.jetbrains.kotlin.cli.jvm.compiler.EnvironmentConfigFiles                    : loaded 2 times (x 79B)
Class org.jetbrains.kotlin.backend.jvm.JvmLoweringPhasesKt$jvmLoweringPhases$8        : loaded 2 times (x 125B)
Class org.jetbrains.kotlin.backend.jvm.lower.RenameFieldsLowering                     : loaded 2 times (x 84B)
Class org.jetbrains.kotlin.backend.jvm.JvmLoweringPhasesKt$jvmFilePhases$49           : loaded 2 times (x 125B)
Class org.jetbrains.kotlin.backend.jvm.lower.StaticCallableReferenceLowering          : loaded 2 times (x 344B)
Class org.jetbrains.kotlin.backend.jvm.JvmLoweringPhasesKt$jvmFilePhases$12           : loaded 2 times (x 125B)
Class org.jetbrains.kotlin.cli.common.messages.MessageCollector$Companion$NONE$1      : loaded 2 times (x 76B)
Class org.jetbrains.kotlin.it.unimi.dsi.fastutil.objects.ReferenceSet                 : loaded 2 times (x 70B)
Class com.google.common.base.Equivalence$Identity                                     : loaded 2 times (x 82B)
Class org.jetbrains.kotlin.config.MavenComparableVersion$Item                         : loaded 2 times (x 70B)
Class com.google.common.base.PairwiseEquivalence                                      : loaded 2 times (x 83B)
Class com.google.gson.internal.reflect.ReflectionHelper$RecordSupportedHelper         : loaded 2 times (x 78B)
Class com.amazon.ion.system.IonTextWriterBuilder                                      : loaded 2 times (x 98B)
Class com.amazon.ion.impl.bin.IonManagedBinaryWriter$ImportedSymbolResolverMode$1$1$1 : loaded 2 times (x 76B)
Class com.amazon.ion.impl._Private_LocalSymbolTableFactory                            : loaded 2 times (x 70B)
Class org.jetbrains.plugins.gradle.tooling.serialization.AnnotationProcessingModelSerializationService: loaded 2 times (x 77B)
Class com.google.common.collect.RegularImmutableMap$KeySet                            : loaded 2 times (x 152B)
Class com.android.builder.model.v2.ide.ViewBindingOptions                             : loaded 2 times (x 70B)
Class com.android.ide.common.gradle.Version$Companion$ParseState$NUMERIC              : loaded 2 times (x 74B)
Class com.android.ide.gradle.model.dependencies.DeclaredDependencies                  : loaded 2 times (x 70B)
Class com.google.common.collect.RangeGwtSerializationDependencies                     : loaded 2 times (x 71B)
Class com.android.ide.common.repository.AgpVersion$PreviewKind                        : loaded 2 times (x 79B)
Class com.android.builder.model.v2.models.ProjectGraph                                : loaded 2 times (x 70B)
Class com.google.common.collect.Maps$IteratorBasedAbstractMap                         : loaded 2 times (x 125B)
Class org.objectweb.asm.Frame                                                         : loaded 2 times (x 73B)
Class org.objectweb.asm.MethodVisitor                                                 : loaded 2 times (x 105B)
Class com.google.common.reflect.Types$JavaVersion$4                                   : loaded 2 times (x 83B)
Class com.google.common.cache.LocalCache$EntryFactory$1                               : loaded 2 times (x 83B)
Class [Lcom.google.common.cache.RemovalListener;                                      : loaded 2 times (x 69B)
Class org.jetbrains.kotlin.resolve.deprecation.CommonDeprecationUtilsKt               : loaded 2 times (x 71B)
Class org.jetbrains.kotlin.com.intellij.psi.stubs.StubList$ChildrenStorage            : loaded 2 times (x 79B)
Class org.jetbrains.kotlin.com.intellij.psi.impl.java.stubs.JavaStubElementTypes$10   : loaded 2 times (x 115B)
Class org.jetbrains.kotlin.fir.types.ConeTypeProjectionKt                             : loaded 2 times (x 71B)
Class org.jetbrains.kotlin.types.ConstantValueKind$Int                                : loaded 2 times (x 72B)
Class org.jetbrains.org.objectweb.asm.MethodWriter                                    : loaded 2 times (x 106B)
Class org.jetbrains.kotlin.fir.scopes.impl.FirDeclaredMemberScopeProviderKt           : loaded 2 times (x 71B)
Class org.jetbrains.kotlin.metadata.jvm.JvmProtoBuf$JvmPropertySignature$1            : loaded 2 times (x 144B)
Class org.jetbrains.kotlin.fir.FirPrivateVisibleFromDifferentModuleExtension          : loaded 2 times (x 73B)
Class org.jetbrains.kotlin.fir.resolve.TypeResolutionConfiguration                    : loaded 2 times (x 72B)
Class org.jetbrains.kotlin.fir.resolve.transformers.plugin.AbstractFirSpecificAnnotationResolveTransformer: loaded 2 times (x 409B)
Class org.jetbrains.kotlin.fir.resolve.transformers.body.resolve.FirImplicitTypeBodyResolveProcessor: loaded 2 times (x 76B)
Class org.jetbrains.kotlin.fir.resolve.calls.tower.TowerGroupKind                     : loaded 2 times (x 76B)
Class org.jetbrains.kotlin.fir.resolve.transformers.StatusComputationSession$StatusComputationStatus: loaded 2 times (x 79B)
Class org.jetbrains.kotlin.fir.expressions.impl.FirFunctionCallImpl                   : loaded 2 times (x 199B)
Class org.jetbrains.kotlin.fir.references.impl.FirExplicitThisReference               : loaded 2 times (x 94B)
Class org.jetbrains.kotlin.load.java.SpecialGenericSignatures$TypeSafeBarrierDescription: loaded 2 times (x 80B)
Class org.jetbrains.kotlin.fir.analysis.checkers.expression.FirSuperReferenceChecker  : loaded 2 times (x 77B)
Class org.jetbrains.kotlin.util.NullableArrayMapAccessor                              : loaded 2 times (x 74B)
Class org.jetbrains.kotlin.fir.analysis.checkers.type.TypeCheckers                    : loaded 2 times (x 76B)
Class org.jetbrains.kotlin.fir.declarations.impl.FirRegularClassImpl                  : loaded 2 times (x 174B)
Class org.jetbrains.kotlin.name.JvmStandardClassIds$Java                              : loaded 2 times (x 71B)
Class org.jetbrains.kotlin.container.ConstructorInfo                                  : loaded 2 times (x 72B)
Class org.jetbrains.kotlin.resolve.calls.checkers.UnderscoreUsageChecker              : loaded 2 times (x 74B)
Class org.jetbrains.kotlin.descriptors.ConstructorDescriptor                          : loaded 2 times (x 70B)
Class org.jetbrains.kotlin.descriptors.ValidateableDescriptor                         : loaded 2 times (x 70B)
Class [Lorg.jetbrains.kotlin.psi.KtSimpleNameStringTemplateEntry;                     : loaded 2 times (x 69B)
Class org.jetbrains.kotlin.com.intellij.psi.tree.IReparseableElementType              : loaded 2 times (x 94B)
Class org.jetbrains.kotlin.metadata.ProtoBuf$EnumEntryOrBuilder                       : loaded 2 times (x 70B)
Class org.jetbrains.kotlin.com.intellij.openapi.util.KeyedExtensionCollector$MyExtensionPointListener: loaded 2 times (x 79B)
Class org.jetbrains.kotlin.com.intellij.psi.impl.file.PsiPackageBase                  : loaded 2 times (x 420B)
Class org.jetbrains.kotlin.com.intellij.psi.impl.source.tree.TreeElementVisitor       : loaded 2 times (x 73B)
Class org.jetbrains.kotlin.org.codehaus.stax2.ri.typed.ValueDecoderFactory$IntDecoder : loaded 2 times (x 81B)
Class org.jetbrains.plugins.gradle.tooling.serialization.internal.IdeaProjectSerializationService$ReadContext: loaded 2 times (x 72B)
Class org.jetbrains.kotlin.com.intellij.psi.PsiNameIdentifierOwner                    : loaded 2 times (x 70B)
Class org.jetbrains.kotlin.com.intellij.openapi.extensions.SortingException           : loaded 2 times (x 82B)
Class org.jetbrains.kotlin.com.intellij.lexer.EmptyLexer                              : loaded 2 times (x 84B)
Class [Lorg.jetbrains.kotlin.com.intellij.openapi.util.UserDataHolder;                : loaded 2 times (x 69B)
Class org.jetbrains.kotlin.com.intellij.util.ConcurrentLongObjectHashMap$TreeBin      : loaded 2 times (x 78B)
Class org.jetbrains.kotlin.com.intellij.util.messages.impl.MessageBusConnectionImpl   : loaded 2 times (x 87B)
Class org.jetbrains.kotlin.com.intellij.psi.FileTypeFileViewProviders                 : loaded 2 times (x 90B)
Class org.jetbrains.kotlin.backend.jvm.JvmLoweringPhasesKt$jvmLoweringPhases$9        : loaded 2 times (x 125B)
Class org.jetbrains.kotlin.backend.jvm.ir.IrInlineReferenceLocator                    : loaded 2 times (x 163B)
Class org.jetbrains.kotlin.backend.jvm.JvmLoweringPhasesKt$jvmFilePhases$13           : loaded 2 times (x 125B)
Class org.jetbrains.kotlin.backend.common.ClassLoweringPass                           : loaded 2 times (x 70B)
Class org.jetbrains.kotlin.load.java.JavaNullabilityAnnotationsStatus$Companion       : loaded 2 times (x 71B)
Class com.amazon.ion.impl.bin.IonManagedBinaryWriter$UserState$1                      : loaded 2 times (x 85B)
Class com.google.gson.internal.bind.ObjectTypeAdapter$1                               : loaded 2 times (x 76B)
Class com.google.gson.Gson$FutureTypeAdapter                                          : loaded 2 times (x 76B)
Class com.google.gson.internal.bind.JsonAdapterAnnotationTypeAdapterFactory           : loaded 2 times (x 75B)
Class com.amazon.ion.impl.lite.IonNullLite                                            : loaded 2 times (x 175B)
Class org.jetbrains.plugins.gradle.model.DependencyAccessorsModel                     : loaded 2 times (x 70B)
Class [Lcom.intellij.openapi.externalSystem.model.project.dependencies.ResolutionState;: loaded 2 times (x 69B)
Class gnu.trove.TObjectIntHashMap                                                     : loaded 2 times (x 109B)
Class com.google.common.collect.RangeSet                                              : loaded 2 times (x 70B)
Class com.google.common.reflect.Types$JavaVersion$5                                   : loaded 2 times (x 71B)
Class [Lcom.google.common.reflect.Types$ClassOwnership;                               : loaded 2 times (x 69B)
Class com.google.common.cache.LocalCache$EntryFactory$2                               : loaded 2 times (x 83B)
Class org.jetbrains.kotlin.com.intellij.psi.PsiJavaModule                             : loaded 2 times (x 70B)
Class org.jetbrains.kotlin.com.intellij.lang.jvm.annotation.JvmAnnotationAttribute    : loaded 2 times (x 70B)
Class org.jetbrains.kotlin.com.intellij.psi.impl.java.stubs.JavaStubElementTypes$11   : loaded 2 times (x 115B)
Class [Lorg.jetbrains.kotlin.com.intellij.psi.PsiDocCommentOwner;                     : loaded 2 times (x 69B)
Class org.jetbrains.kotlin.com.intellij.util.containers.NotNullList                   : loaded 2 times (x 209B)
Class org.jetbrains.kotlin.load.java.structure.JavaArrayAnnotationArgument            : loaded 2 times (x 70B)
Class org.jetbrains.kotlin.fir.types.ConeDefinitelyNotNullType                        : loaded 2 times (x 80B)
Class org.jetbrains.kotlin.fir.declarations.FirDeclarationOrigin$Java$Library         : loaded 2 times (x 72B)
Class org.jetbrains.kotlin.fir.java.enhancement.FirEmptyJavaAnnotationList            : loaded 2 times (x 222B)
Class org.jetbrains.kotlin.io.vavr.collection.Foldable                                : loaded 2 times (x 70B)
Class org.jetbrains.kotlin.fir.deserialization.FirConstDeserializerKt                 : loaded 2 times (x 71B)
Class org.jetbrains.kotlin.fir.declarations.SimpleDeprecatedProvider                  : loaded 2 times (x 73B)
Class org.jetbrains.kotlin.serialization.deserialization.ProtoEnumFlags$WhenMappings  : loaded 2 times (x 71B)
Class org.jetbrains.kotlin.fir.scopes.ListStorageFirScope                             : loaded 2 times (x 79B)
Class org.jetbrains.kotlin.fir.declarations.FirResolvedImport                         : loaded 2 times (x 96B)
Class org.jetbrains.kotlin.fir.resolve.transformers.WhenOnBooleanExhaustivenessChecker: loaded 2 times (x 73B)
Class org.jetbrains.kotlin.fir.resolve.transformers.mpp.FirExpectActualMatchingContextImpl: loaded 2 times (x 520B)
Class org.jetbrains.kotlin.fir.expressions.impl.FirContinueExpressionImpl             : loaded 2 times (x 120B)
Class org.jetbrains.kotlin.psi.psiUtil.PsiUtilsKt                                     : loaded 2 times (x 71B)
Class org.jetbrains.kotlin.com.google.common.collect.AbstractIndexedListIterator      : loaded 2 times (x 96B)
Class org.jetbrains.kotlin.fir.declarations.FirAnonymousFunction                      : loaded 2 times (x 227B)
Class org.jetbrains.kotlin.fir.declarations.FirDeclarationDataRegistry                : loaded 2 times (x 73B)
Class org.jetbrains.kotlin.progress.CompilationCanceledStatus                         : loaded 2 times (x 70B)
Class org.jetbrains.kotlin.fir.analysis.jvm.checkers.expression.FirWhenConditionJavaNullabilityWarningChecker: loaded 2 times (x 77B)
Class org.jetbrains.kotlin.fir.analysis.checkers.expression.FirAssignmentOperatorCallChecker: loaded 2 times (x 77B)
Class org.jetbrains.kotlin.fir.analysis.checkers.declaration.FirAnnotationClassDeclarationChecker: loaded 2 times (x 77B)
Class org.jetbrains.kotlin.fir.analysis.checkers.LanguageVersionSettingsCheckers      : loaded 2 times (x 73B)
Class org.jetbrains.kotlin.fir.resolve.providers.impl.FirLibrarySessionProvider       : loaded 2 times (x 86B)
Class org.jetbrains.kotlin.fir.resolve.providers.FirSymbolNamesProviderWithoutCallables: loaded 2 times (x 82B)
Class org.jetbrains.kotlin.fir.resolve.FirJavaSyntheticNamesProvider                  : loaded 2 times (x 74B)
Class org.jetbrains.kotlin.resolve.checkers.DeclarationCheckerContext                 : loaded 2 times (x 78B)
Class org.jetbrains.kotlin.resolve.lazy.AbsentDescriptorHandler                       : loaded 2 times (x 70B)
Class [Lorg.jetbrains.kotlin.psi.KtClassLikeDeclaration;                              : loaded 2 times (x 69B)
Class org.jetbrains.kotlin.resolve.calls.checkers.SynchronizedByValueChecker          : loaded 2 times (x 74B)
Class org.jetbrains.kotlin.fir.types.ConeKotlinType                                   : loaded 2 times (x 75B)
Class org.jetbrains.kotlin.cli.jvm.compiler.PsiBasedProjectFileSearchScope            : loaded 2 times (x 78B)
Class org.jetbrains.kotlin.fir.session.environment.AbstractProjectEnvironment         : loaded 2 times (x 70B)
Class [Lorg.jetbrains.kotlin.com.intellij.lang.jvm.JvmPackage;                        : loaded 2 times (x 69B)
Class org.jetbrains.kotlin.codegen.extensions.ClassFileFactoryFinalizerExtension      : loaded 2 times (x 70B)
Class org.jetbrains.kotlin.com.intellij.util.containers.SoftKeySoftValueHashMap$ValueReference: loaded 2 times (x 80B)
Class org.jetbrains.kotlin.com.intellij.openapi.util.RecursionManager$CalculationStack: loaded 2 times (x 72B)
Class org.jetbrains.kotlin.com.intellij.psi.PsiAnnotationOwner                        : loaded 2 times (x 70B)
Class org.jetbrains.kotlin.com.fasterxml.aalto.in.ReaderScanner                       : loaded 2 times (x 124B)
Class org.jetbrains.kotlin.com.fasterxml.aalto.in.ByteBasedScanner                    : loaded 2 times (x 126B)
Class org.jetbrains.kotlin.com.intellij.psi.PsiJvmModifiersOwner                      : loaded 2 times (x 70B)
Class org.jetbrains.kotlin.com.intellij.util.messages.impl.ToDirectChildrenMessagePublisher: loaded 2 times (x 76B)
Class org.jetbrains.kotlin.com.intellij.openapi.command.impl.CoreCommandProcessor$1   : loaded 2 times (x 80B)
Class org.jetbrains.kotlin.com.intellij.psi.stubs.ManyProjectsStubIndexMismatch       : loaded 2 times (x 87B)
Class org.jetbrains.kotlin.com.intellij.psi.PsiReferenceProviderBean                  : loaded 2 times (x 86B)
Class org.jetbrains.kotlin.com.intellij.psi.impl.source.resolve.reference.ReferenceProvidersRegistry: loaded 2 times (x 74B)
Class org.jetbrains.kotlin.com.intellij.psi.impl.ReparseableASTNode                   : loaded 2 times (x 70B)
Class org.jetbrains.kotlin.com.intellij.openapi.application.ModalityState             : loaded 2 times (x 72B)
Class org.jetbrains.kotlin.org.picocontainer.MutablePicoContainer                     : loaded 2 times (x 70B)
Class org.jetbrains.kotlin.com.intellij.lang.Language                                 : loaded 2 times (x 107B)
Class org.jetbrains.kotlin.backend.jvm.lower.AnonymousObjectSuperConstructorLowering  : loaded 2 times (x 353B)
Class org.jetbrains.kotlin.backend.jvm.JvmLoweringPhasesKt$jvmFilePhases$14           : loaded 2 times (x 125B)
Class org.jetbrains.kotlin.load.java.ReportLevel                                      : loaded 2 times (x 79B)
Class org.jetbrains.kotlin.com.intellij.openapi.util.ObjectNode                       : loaded 2 times (x 72B)
Class kotlin.reflect.jvm.internal.KClassImpl$Data$allStaticMembers$2                  : loaded 2 times (x 79B)
Class org.jetbrains.kotlin.config.ReturnValueCheckerMode                              : loaded 2 times (x 79B)
Class org.jetbrains.kotlin.backend.jvm.lower.JvmInventNamesForLocalClasses            : loaded 2 times (x 85B)
Class com.google.gson.internal.bind.NumberTypeAdapter                                 : loaded 2 times (x 74B)
Class com.amazon.ion.impl.lite.IonClobLite                                            : loaded 2 times (x 220B)
Class com.amazon.ion.impl._Private_ValueFactory                                       : loaded 2 times (x 70B)
Class com.amazon.ion.impl.bin.IonRawBinaryWriter$PreallocationMode$1                  : loaded 2 times (x 82B)
Class [Lcom.amazon.ion.impl.bin._Private_IonManagedBinaryWriterBuilder$AllocatorMode; : loaded 2 times (x 69B)
Class org.jetbrains.kotlin.idea.gradleTooling.KotlinMPPGradleModel                    : loaded 2 times (x 70B)
Class com.intellij.gradle.toolingExtension.impl.model.dependencyDownloadPolicyModel.GradleDependencyDownloadPolicy: loaded 2 times (x 70B)
Class org.gradle.tooling.model.BuildIdentifier                                        : loaded 2 times (x 70B)
Class org.objectweb.asm.ModuleWriter                                                  : loaded 2 times (x 82B)
Class com.google.common.collect.ImmutableMapEntrySet$RegularEntrySet                  : loaded 2 times (x 152B)
Class com.google.common.cache.LocalCache$EntryFactory$3                               : loaded 2 times (x 83B)
Class com.google.common.base.Ticker$1                                                 : loaded 2 times (x 72B)
Class com.google.common.collect.Maps$BiMapConverter                                   : loaded 2 times (x 90B)
Class [Lorg.jetbrains.kotlin.com.intellij.psi.PsiReference;                           : loaded 2 times (x 69B)
Class org.jetbrains.kotlin.com.intellij.psi.impl.cache.TypeInfo$RefTypeInfo           : loaded 2 times (x 80B)
Class org.jetbrains.org.objectweb.asm.RecordComponentVisitor                          : loaded 2 times (x 77B)
Class org.jetbrains.kotlin.com.intellij.psi.impl.java.stubs.JavaStubElementTypes$12   : loaded 2 times (x 115B)
Class org.jetbrains.kotlin.com.intellij.psi.impl.java.stubs.JavaAnnotationParameterListType: loaded 2 times (x 126B)
Class org.jetbrains.kotlin.com.intellij.psi.impl.java.stubs.JavaModuleElementType     : loaded 2 times (x 115B)
Class org.jetbrains.kotlin.com.intellij.openapi.extensions.impl.ExtensionPointImpl$iterator$2: loaded 2 times (x 79B)
Class org.jetbrains.kotlin.load.java.structure.JavaConstructor                        : loaded 2 times (x 70B)
Class [Lorg.jetbrains.kotlin.fir.java.FirJavaTypeConversionMode;                      : loaded 2 times (x 69B)
Class org.jetbrains.kotlin.fir.expressions.builder.FirExpressionStubBuilder           : loaded 2 times (x 76B)
Class org.jetbrains.kotlin.fir.declarations.impl.FirConstructedClassTypeParameterRefImpl: loaded 2 times (x 97B)
Class [Lorg.jetbrains.kotlin.metadata.ProtoBuf$Expression$ConstantValue;              : loaded 2 times (x 69B)
Class org.jetbrains.kotlin.metadata.ProtoBuf$Effect                                   : loaded 2 times (x 113B)
Class org.jetbrains.kotlin.fir.types.FunctionalTypeUtilsKt                            : loaded 2 times (x 71B)
Class org.jetbrains.kotlin.fir.util.MultimapKt                                        : loaded 2 times (x 71B)
Class org.jetbrains.kotlin.fir.resolve.transformers.contracts.FirAbstractContractResolveTransformerDispatcher: loaded 2 times (x 476B)
Class org.jetbrains.kotlin.fir.resolve.transformers.body.resolve.FirAbstractBodyResolveTransformer: loaded 2 times (x 395B)
Class org.jetbrains.kotlin.fir.extensions.FirSupertypeGenerationExtensionKt           : loaded 2 times (x 71B)
Class org.jetbrains.kotlin.fir.resolve.transformers.FirImportResolveProcessor         : loaded 2 times (x 76B)
Class org.jetbrains.kotlin.KtFakeSourceElementKind$ImplicitUnit$ForEmptyLambda        : loaded 2 times (x 72B)
Class org.jetbrains.kotlin.fir.FirFunctionTypeParameter                               : loaded 2 times (x 89B)
Class org.jetbrains.kotlin.mpp.ValueParameterSymbolMarker                             : loaded 2 times (x 70B)
Class org.jetbrains.kotlin.fir.declarations.builder.FirVariableBuilder                : loaded 2 times (x 70B)
Class org.jetbrains.kotlin.fir.types.FirUserTypeRef                                   : loaded 2 times (x 106B)
Class org.jetbrains.kotlin.it.unimi.dsi.fastutil.ints.IntArrayList$b                  : loaded 2 times (x 346B)
Class org.jetbrains.kotlin.com.intellij.openapi.vfs.CharsetToolkit                    : loaded 2 times (x 72B)
Class org.jetbrains.kotlin.fir.analysis.jvm.checkers.expression.FirInterfaceDefaultMethodCallChecker: loaded 2 times (x 77B)
Class org.jetbrains.kotlin.fir.analysis.jvm.checkers.declaration.FirValueParameterJavaNullabilityWarningChecker: loaded 2 times (x 77B)
Class org.jetbrains.kotlin.fir.analysis.checkers.expression.FirReifiedChecker         : loaded 2 times (x 77B)
Class [Lorg.jetbrains.kotlin.fir.declarations.FirDeclarationOrigin;                   : loaded 2 times (x 69B)
Class org.jetbrains.kotlin.fir.expressions.FirQualifiedAccessExpression               : loaded 2 times (x 154B)
Class org.jetbrains.kotlin.fir.analysis.checkers.declaration.FirRequiresOptInOnExpectChecker: loaded 2 times (x 77B)
Class org.jetbrains.kotlin.fir.declarations.FirSimpleFunction                         : loaded 2 times (x 219B)
Class org.jetbrains.kotlin.fir.extensions.FirFunctionTypeKindExtension$Companion      : loaded 2 times (x 71B)
Class org.jetbrains.kotlin.fir.java.enhancement.EnhancedForWarningConeSubstitutor     : loaded 2 times (x 76B)
Class [Lorg.jetbrains.kotlin.resolve.checkers.ClassifierUsageChecker;                 : loaded 2 times (x 69B)
Class org.jetbrains.kotlin.resolve.calls.checkers.SelfCallInNestedObjectConstructorChecker: loaded 2 times (x 74B)
Class [Lorg.jetbrains.kotlin.com.intellij.psi.PsiLanguageInjectionHost;               : loaded 2 times (x 69B)
Class org.jetbrains.kotlin.psi.KtDoubleColonExpression                                : loaded 2 times (x 70B)
Class [Lorg.jetbrains.kotlin.psi.KtFunctionType;                                      : loaded 2 times (x 69B)
Class org.jetbrains.kotlin.psi.stubs.KotlinBackingFieldStub                           : loaded 2 times (x 70B)
Class org.jetbrains.kotlin.psi.stubs.elements.KtPropertyAccessorElementType           : loaded 2 times (x 103B)
Class org.jetbrains.kotlin.container.ComponentRegistry                                : loaded 2 times (x 72B)
Class org.jetbrains.kotlin.fir.scopes.impl.FirDynamicMembersStorage$special$$inlined$createCache$1: loaded 2 times (x 75B)
Class org.jetbrains.kotlin.fir.types.impl.FirImplicitNullableNothingTypeRef           : loaded 2 times (x 107B)
Class org.jetbrains.kotlin.types.model.AnnotationMarker                               : loaded 2 times (x 70B)
Class org.jetbrains.kotlin.fir.caches.FirCache                                        : loaded 2 times (x 73B)
Class org.jetbrains.kotlin.cli.jvm.compiler.JavaLanguageLevelKt                       : loaded 2 times (x 71B)
Class org.jetbrains.kotlin.resolve.diagnostics.DiagnosticSuppressor                   : loaded 2 times (x 70B)
Class org.jetbrains.kotlin.com.intellij.psi.util.CachedValue                          : loaded 2 times (x 70B)
Class org.jetbrains.kotlin.backend.common.lower.SharedVariablesLowering               : loaded 2 times (x 85B)
Class org.jetbrains.kotlin.com.intellij.ide.plugins.PluginDescriptorLoader$loadForCoreEnv$1: loaded 2 times (x 95B)
Class org.jetbrains.kotlin.com.intellij.openapi.components.Service                    : loaded 2 times (x 70B)
Class org.jetbrains.kotlin.com.intellij.psi.impl.source.tree.JavaASTFactory           : loaded 2 times (x 75B)
Class org.jetbrains.kotlin.it.unimi.dsi.fastutil.doubles.Double2ObjectFunction        : loaded 2 times (x 70B)
Class org.jetbrains.kotlin.com.intellij.psi.impl.source.resolve.reference.TrackingReferenceRegistrar: loaded 2 times (x 80B)
Class org.jetbrains.kotlin.com.intellij.psi.impl.source.tree.TreeElement              : loaded 2 times (x 195B)
Class org.jetbrains.kotlin.com.intellij.openapi.extensions.impl.ExtensionsAreaImpl    : loaded 2 times (x 82B)
Class org.jetbrains.kotlin.com.intellij.util.messages.impl.BusState                   : loaded 2 times (x 79B)
Class org.jetbrains.kotlin.com.intellij.util.messages.MessageBus                      : loaded 2 times (x 70B)
Class org.jetbrains.kotlin.backend.jvm.lower.GenerateJvmDefaultCompatibilityBridges   : loaded 2 times (x 85B)
Class org.jetbrains.kotlin.backend.jvm.JvmLoweringPhasesKt$jvmFilePhases$15           : loaded 2 times (x 125B)
Class org.jetbrains.kotlin.backend.common.lower.KotlinNothingValueExceptionLowering   : loaded 2 times (x 86B)
Class org.jetbrains.kotlin.storage.LockBasedStorageManager$NotValue                   : loaded 2 times (x 79B)
Class org.jetbrains.kotlin.diagnostics.impl.PendingDiagnosticsCollectorWithSuppress   : loaded 2 times (x 78B)
Class org.jetbrains.kotlin.com.google.common.collect.Maps$BiMapConverter              : loaded 2 times (x 90B)
Class org.jetbrains.kotlin.it.unimi.dsi.fastutil.objects.z                            : loaded 2 times (x 99B)
Class org.jetbrains.kotlin.it.unimi.dsi.fastutil.objects.Reference2ObjectMap          : loaded 2 times (x 70B)
Class org.jetbrains.kotlin.it.unimi.dsi.fastutil.objects.Reference2ObjectFunction     : loaded 2 times (x 70B)
Class org.jetbrains.kotlin.cli.common.PropertiesKt                                    : loaded 2 times (x 71B)
Class org.jetbrains.kotlin.util.PerformanceManagerImpl                                : loaded 2 times (x 74B)
Class org.jetbrains.kotlin.backend.jvm.JvmLoweringPhasesKt$jvmLoweringPhases$14       : loaded 2 times (x 125B)
Class com.google.gson.ToNumberPolicy$1                                                : loaded 2 times (x 83B)
Class [Lcom.google.gson.FieldNamingStrategy;                                          : loaded 2 times (x 69B)
Class com.google.gson.internal.Excluder                                               : loaded 2 times (x 75B)
Class com.amazon.ion.IonInt                                                           : loaded 2 times (x 70B)
Class com.amazon.ion.impl.bin.IonRawBinaryWriter$PreallocationMode$2                  : loaded 2 times (x 82B)
Class org.jetbrains.kotlin.idea.gradleTooling.PrepareKotlinIdeImportTaskModel         : loaded 2 times (x 70B)
Class org.jetbrains.kotlin.cli.common.CreatePhaseConfigKt                             : loaded 2 times (x 71B)
Class com.android.builder.model.v2.ide.VectorDrawablesOptions                         : loaded 2 times (x 70B)
Class com.google.common.cache.LocalCache$EntryFactory$4                               : loaded 2 times (x 83B)
Class com.google.common.collect.ImmutableSet$Builder                                  : loaded 2 times (x 85B)
Class org.jetbrains.kotlin.types.model.CaptureStatus                                  : loaded 2 times (x 79B)
Class org.jetbrains.kotlin.com.intellij.psi.impl.compiled.AnnotationTextCollector     : loaded 2 times (x 79B)
Class org.jetbrains.kotlin.com.intellij.psi.stubs.StubBase                            : loaded 2 times (x 136B)
Class org.jetbrains.kotlin.com.intellij.psi.PsiMethodReferenceExpression              : loaded 2 times (x 70B)
Class org.jetbrains.kotlin.com.intellij.psi.impl.java.stubs.JavaStubElementTypes$13   : loaded 2 times (x 115B)
Class org.jetbrains.kotlin.com.intellij.util.Processors$1                             : loaded 2 times (x 77B)
Class org.jetbrains.kotlin.com.intellij.psi.util.CachedValueProfiler$GlobalContext    : loaded 2 times (x 72B)
Class org.jetbrains.kotlin.com.intellij.openapi.util.registry.Registry$1              : loaded 2 times (x 77B)
Class org.jetbrains.kotlin.load.java.structure.impl.classFiles.JavaPlainType          : loaded 2 times (x 88B)
Class org.jetbrains.kotlin.fir.types.CustomAnnotationTypeAttribute                    : loaded 2 times (x 80B)
Class org.jetbrains.kotlin.fir.java.deserialization.JvmClassFileBasedSymbolProvider$WhenMappings: loaded 2 times (x 71B)
Class org.jetbrains.kotlin.com.intellij.lang.java.parser.BasicJavaParser              : loaded 2 times (x 78B)
Class org.jetbrains.kotlin.fir.resolve.dfa.cfg.ClassEnterNode                         : loaded 2 times (x 84B)
Class org.jetbrains.kotlin.fir.expressions.impl.FirAugmentedAssignmentImpl            : loaded 2 times (x 119B)
Class org.jetbrains.kotlin.fir.expressions.builder.FirComparisonExpressionBuilder     : loaded 2 times (x 84B)
Class [Lorg.jetbrains.kotlin.parsing.KotlinParsing$ParseEnumEntryResult;              : loaded 2 times (x 69B)
Class org.jetbrains.kotlin.com.google.common.math.MathPreconditions                   : loaded 2 times (x 71B)
Class [Lorg.jetbrains.kotlin.types.Variance;                                          : loaded 2 times (x 69B)
Class org.jetbrains.kotlin.fir.declarations.FirDeclarationDataKey                     : loaded 2 times (x 71B)
Class org.jetbrains.kotlin.fir.expressions.builder.FirAnnotationCallBuilder           : loaded 2 times (x 92B)
Class org.jetbrains.kotlin.com.intellij.lang.LighterASTTokenNode                      : loaded 2 times (x 70B)
Class org.jetbrains.kotlin.it.unimi.dsi.fastutil.a                                    : loaded 2 times (x 70B)
Class org.jetbrains.kotlin.fir.analysis.checkers.expression.FirReceiverAccessBeforeSuperCallChecker: loaded 2 times (x 77B)
Class org.jetbrains.kotlin.mpp.PropertySymbolMarker                                   : loaded 2 times (x 70B)
Class org.jetbrains.kotlin.fir.analysis.checkers.declaration.FirAnonymousFunctionTypeParametersChecker: loaded 2 times (x 77B)
Class org.jetbrains.kotlin.fir.analysis.checkers.declaration.FirContextualPropertyWithBackingFieldChecker: loaded 2 times (x 77B)
Class org.jetbrains.kotlin.fir.expressions.FirBlock                                   : loaded 2 times (x 121B)
Class org.jetbrains.kotlin.fir.analysis.checkers.declaration.FirModifierChecker       : loaded 2 times (x 77B)
Class org.jetbrains.kotlin.descriptors.Visibility                                     : loaded 2 times (x 79B)
Class org.jetbrains.kotlin.fir.resolve.providers.impl.FirCloneableSymbolProvider      : loaded 2 times (x 81B)
Class org.jetbrains.kotlin.protobuf.RopeByteString$RopeInputStream                    : loaded 2 times (x 92B)
Class org.jetbrains.kotlin.builtins.functions.FunctionTypeKind$KFunction              : loaded 2 times (x 77B)
Class org.jetbrains.kotlin.resolve.calls.checkers.UnitConversionCallChecker           : loaded 2 times (x 74B)
Class org.jetbrains.kotlin.psi.stubs.elements.KtAnnotationEntryElementType            : loaded 2 times (x 104B)
Class org.jetbrains.kotlin.container.ComponentStorageState                            : loaded 2 times (x 79B)
Class org.jetbrains.kotlin.fir.scopes.impl.FirDynamicMembersStorage$special$$inlined$createCache$2: loaded 2 times (x 75B)
Class org.jetbrains.kotlin.fir.types.ConeTypeProjection                               : loaded 2 times (x 72B)
Class org.jetbrains.kotlin.fir.types.impl.FirImplicitBuiltinTypeRef                   : loaded 2 times (x 107B)
Class org.jetbrains.kotlin.protobuf.CodedInputStream                                  : loaded 2 times (x 72B)
Class org.jetbrains.org.objectweb.asm.Context                                         : loaded 2 times (x 72B)
Class org.jetbrains.kotlin.cli.jvm.compiler.jarfs.FastJarVirtualFile                  : loaded 2 times (x 155B)
Class org.jetbrains.kotlin.com.intellij.openapi.util.Couple                           : loaded 2 times (x 72B)
Class org.jetbrains.kotlin.cli.jvm.compiler.ClasspathRootsResolver                    : loaded 2 times (x 72B)
Class org.jetbrains.kotlin.resolve.extensions.SyntheticResolveExtension$Companion     : loaded 2 times (x 72B)
Class org.jetbrains.kotlin.com.intellij.psi.JavaElementVisitor                        : loaded 2 times (x 204B)
Class org.jetbrains.kotlin.com.intellij.core.CoreLanguageLevelProjectExtension        : loaded 2 times (x 74B)
Class org.jetbrains.kotlin.com.intellij.psi.impl.source.PsiImmediateClassType         : loaded 2 times (x 119B)
Class org.jetbrains.kotlin.com.intellij.psi.PsiClassType$Stub                         : loaded 2 times (x 119B)
Class org.jetbrains.kotlin.com.intellij.psi.search.GlobalSearchScope$FilesScope       : loaded 2 times (x 105B)
Class org.jetbrains.kotlin.com.intellij.psi.PsiFileFactory                            : loaded 2 times (x 82B)
Class org.jetbrains.kotlin.com.intellij.psi.impl.PsiToDocumentSynchronizer            : loaded 2 times (x 84B)
Class org.jetbrains.kotlin.kotlinx.collections.immutable.implementations.immutableMap.PersistentHashMap$Companion: loaded 2 times (x 71B)
Class org.jetbrains.kotlin.com.intellij.util.containers.FastUtilHashingStrategies     : loaded 2 times (x 71B)
Class org.jetbrains.kotlin.com.intellij.psi.PsiSubstitutorFactory                     : loaded 2 times (x 74B)
Class org.jetbrains.kotlin.com.intellij.openapi.extensions.LoadingOrder$Orderable     : loaded 2 times (x 70B)
Class org.jetbrains.kotlin.kotlinx.collections.immutable.implementations.immutableSet.PersistentHashSet: loaded 2 times (x 204B)
Class [Lorg.jetbrains.kotlin.com.intellij.util.containers.ConcurrentLongObjectMap$LongEntry;: loaded 2 times (x 69B)
Class org.jetbrains.kotlin.com.intellij.util.ConcurrentLongObjectHashMap$Node         : loaded 2 times (x 77B)
Class org.jetbrains.kotlin.com.intellij.pom.Navigatable                               : loaded 2 times (x 70B)
Class org.jetbrains.kotlin.com.intellij.openapi.vfs.impl.VirtualFileManagerImpl$LoggingListener: loaded 2 times (x 93B)
Class org.jetbrains.kotlin.com.intellij.util.keyFMap.DebugFMap                        : loaded 2 times (x 80B)
Class org.jetbrains.kotlin.cli.jvm.compiler.legacy.pipeline.JvmCompilerPipelineKt     : loaded 2 times (x 71B)
Class org.jetbrains.kotlin.backend.jvm.lower.JvmExpectDeclarationRemover              : loaded 2 times (x 350B)
Class org.jetbrains.kotlin.backend.jvm.lower.JvmMultiFieldValueClassLowering          : loaded 2 times (x 367B)
Class org.jetbrains.kotlin.backend.jvm.JvmLoweringPhasesKt$jvmFilePhases$16           : loaded 2 times (x 125B)
Class org.jetbrains.kotlin.com.intellij.ide.plugins.PathResolver                      : loaded 2 times (x 70B)
Class org.jetbrains.kotlin.utils.WrappedValues$WrappedProcessCanceledException        : loaded 2 times (x 82B)
Class org.jetbrains.kotlin.config.AnalysisFlag$Delegates$WarningLevelMap              : loaded 2 times (x 71B)
Class org.jetbrains.kotlin.cli.pipeline.PipelinePhaseKt                               : loaded 2 times (x 71B)
Class org.jetbrains.kotlin.com.google.common.collect.ImmutableEnumMap                 : loaded 2 times (x 126B)
Class kotlin.reflect.jvm.internal.impl.builtins.functions.FunctionClassKind           : loaded 2 times (x 80B)
Class kotlin.reflect.jvm.internal.KCallableImpl$_parameters$1                         : loaded 2 times (x 79B)
Class org.jetbrains.kotlin.progress.ProgressIndicatorAndCompilationCanceledStatus     : loaded 2 times (x 71B)
Class com.google.gson.internal.ReflectionAccessFilterHelper                           : loaded 2 times (x 71B)
Class com.google.gson.internal.reflect.ReflectionHelper$RecordHelper                  : loaded 2 times (x 75B)
Class com.google.gson.ToNumberPolicy$2                                                : loaded 2 times (x 83B)
Class com.amazon.ion.impl.bin.IonRawBinaryWriter$PreallocationMode$3                  : loaded 2 times (x 82B)
Class com.android.ide.gradle.model.GradlePluginModel                                  : loaded 2 times (x 70B)
Class com.android.builder.model.v2.ide.Edge                                           : loaded 2 times (x 70B)
Class com.google.common.collect.ReverseOrdering                                       : loaded 2 times (x 115B)
Class com.android.builder.model.v2.models.VariantDependenciesFlatList                 : loaded 2 times (x 70B)
Class org.gradle.tooling.model.build.JavaEnvironment                                  : loaded 2 times (x 70B)
Class com.google.common.cache.LocalCache$EntryFactory$5                               : loaded 2 times (x 83B)
Class org.jetbrains.kotlin.fir.scopes.FirIntersectionScopeOverrideChecker             : loaded 2 times (x 77B)
Class org.jetbrains.kotlin.com.intellij.util.containers.ConcurrentIntObjectHashMap$CounterCell: loaded 2 times (x 71B)
Class org.jetbrains.kotlin.com.intellij.psi.impl.java.stubs.JavaStubElementTypes$14   : loaded 2 times (x 115B)
Class org.jetbrains.kotlin.com.intellij.psi.impl.java.stubs.JavaClassInitializerElementType: loaded 2 times (x 126B)
Class org.jetbrains.kotlin.fir.java.deserialization.AnnotationsLoader$loadAnnotation$1: loaded 2 times (x 89B)
Class org.jetbrains.kotlin.fir.java.deserialization.JvmBinaryAnnotationDeserializerKt : loaded 2 times (x 71B)
Class org.jetbrains.kotlin.metadata.ProtoBuf$1                                        : loaded 2 times (x 71B)
Class org.jetbrains.kotlin.fir.resolve.transformers.SupertypeComputationStatus        : loaded 2 times (x 71B)
Class org.jetbrains.kotlin.utils.WrappedValues$ThrowableWrapper                       : loaded 2 times (x 72B)
Class org.jetbrains.kotlin.com.intellij.psi.tree.ParentAwareTokenSet                  : loaded 2 times (x 72B)
Class org.jetbrains.kotlin.fir.resolve.transformers.plugin.FirDeclarationsResolveTransformerForAnnotationArguments: loaded 2 times (x 422B)
Class org.jetbrains.kotlin.fir.resolve.calls.tower.TowerGroup$Companion               : loaded 2 times (x 71B)
Class org.jetbrains.kotlin.fir.resolve.dfa.cfg.ExitSafeCallNode                       : loaded 2 times (x 81B)
Class org.jetbrains.kotlin.fir.expressions.FirCheckedSafeCallSubject                  : loaded 2 times (x 117B)
Class [Lorg.jetbrains.kotlin.fir.expressions.FirFunctionCallOrigin;                   : loaded 2 times (x 69B)
Class org.jetbrains.kotlin.fir.expressions.FirArrayLiteral                            : loaded 2 times (x 133B)
Class org.jetbrains.kotlin.types.ConstantValueKind$String                             : loaded 2 times (x 72B)
Class org.jetbrains.kotlin.com.intellij.lang.impl.PsiBuilderImpl$MyTreeStructure$1    : loaded 2 times (x 80B)
Class [Lorg.jetbrains.kotlin.parsing.KotlinParsing$AnnotationParsingMode;             : loaded 2 times (x 69B)
Class org.jetbrains.kotlin.fir.analysis.jvm.checkers.expression.FirJvmPolymorphicSignatureCallChecker: loaded 2 times (x 77B)
Class org.jetbrains.kotlin.fir.types.FirTypeProjectionWithVariance                    : loaded 2 times (x 89B)
Class org.jetbrains.kotlin.fir.analysis.jvm.checkers.expression.FirJavaGenericVarianceViolationTypeChecker: loaded 2 times (x 77B)
Class org.jetbrains.kotlin.fir.analysis.checkers.expression.FirGenericQualifierOnConstructorCallChecker: loaded 2 times (x 77B)
Class org.jetbrains.kotlin.fir.analysis.checkers.declaration.FirOptionalExpectationDeclarationChecker: loaded 2 times (x 77B)
Class org.jetbrains.kotlin.fir.scopes.FirOverrideCheckerKt                            : loaded 2 times (x 71B)
Class org.jetbrains.kotlin.container.ClassTraversalCache                              : loaded 2 times (x 71B)
Class org.jetbrains.kotlin.psi.stubs.KotlinPlaceHolderStub                            : loaded 2 times (x 70B)
Class org.jetbrains.kotlin.psi.stubs.KotlinCallableStubBase                           : loaded 2 times (x 70B)
Class org.jetbrains.kotlin.resolve.checkers.ExpectActualClassifiersAreInBetaChecker   : loaded 2 times (x 74B)
Class org.jetbrains.kotlin.container.ComponentContainer                               : loaded 2 times (x 70B)
Class org.jetbrains.kotlin.fir.scopes.impl.FirDynamicMembersStorage$special$$inlined$createCache$3: loaded 2 times (x 75B)
Class org.jetbrains.kotlin.mpp.DeclarationSymbolMarker                                : loaded 2 times (x 70B)
Class org.jetbrains.kotlin.com.fasterxml.aalto.in.ByteBasedPNameFactory               : loaded 2 times (x 71B)
Class org.jetbrains.kotlin.util.ArrayMapImpl$Companion                                : loaded 2 times (x 71B)
Class org.jetbrains.kotlin.protobuf.MessageLite$Builder                               : loaded 2 times (x 70B)
Class org.jetbrains.kotlin.com.intellij.openapi.vfs.VfsUtilCore                       : loaded 2 times (x 71B)
Class org.jetbrains.kotlin.com.intellij.openapi.util.io.FileUtil$1                    : loaded 2 times (x 77B)
Class org.jetbrains.kotlin.com.intellij.openapi.util.io.FileUtilRt$SymlinkResolver    : loaded 2 times (x 70B)
Class org.jetbrains.kotlin.fir.extensions.FirAnalysisHandlerExtension$Companion       : loaded 2 times (x 72B)
Class org.jetbrains.kotlin.resolve.extensions.AssignResolutionAltererExtension$Companion: loaded 2 times (x 72B)
Class org.jetbrains.kotlin.com.intellij.psi.impl.source.JavaDummyHolderFactory        : loaded 2 times (x 87B)
Class org.jetbrains.kotlin.com.intellij.util.containers.HashSetInterner               : loaded 2 times (x 75B)
Class org.jetbrains.kotlin.com.intellij.psi.impl.GeneratedMarkerVisitor               : loaded 2 times (x 77B)
Class org.jetbrains.kotlin.com.intellij.openapi.vfs.VirtualFileFilter$1               : loaded 2 times (x 75B)
Class org.jetbrains.kotlin.com.fasterxml.aalto.in.PName1                              : loaded 2 times (x 79B)
Class org.jetbrains.kotlin.com.fasterxml.aalto.UncheckedStreamException               : loaded 2 times (x 82B)
Class org.jetbrains.kotlin.com.intellij.platform.diagnostic.telemetry.TelemetryManager$Companion: loaded 2 times (x 71B)
Class org.jetbrains.kotlin.kotlinx.collections.immutable.implementations.immutableList.UtilsKt: loaded 2 times (x 71B)
Class org.jetbrains.kotlin.cli.jvm.compiler.CliCompilerUtilsKt                        : loaded 2 times (x 71B)
Class org.jetbrains.kotlin.backend.jvm.lower.ApiVersionIsAtLeastEvaluationLowering    : loaded 2 times (x 256B)
Class org.jetbrains.kotlin.backend.jvm.lower.ReplaceNumberToCharCallSitesLowering     : loaded 2 times (x 344B)
Class org.jetbrains.kotlin.backend.jvm.JvmLoweringPhasesKt$jvmFilePhases$17           : loaded 2 times (x 125B)
Class org.jetbrains.kotlin.config.JVMAssertionsMode$Companion                         : loaded 2 times (x 71B)
Class kotlin.reflect.jvm.internal.KClassImpl$Data$simpleName$2                        : loaded 2 times (x 79B)
Class org.jetbrains.kotlin.com.intellij.psi.impl.file.PsiDirectoryFactory             : loaded 2 times (x 76B)
Class [Lorg.jetbrains.kotlin.com.intellij.lang.jvm.JvmAnnotation;                     : loaded 2 times (x 69B)
Class kotlin.jvm.internal.ByteCompanionObject                                         : loaded 2 times (x 71B)
Class org.jetbrains.kotlin.com.intellij.core.CoreJavaFileManager                      : loaded 2 times (x 86B)
Class org.jetbrains.plugins.gradle.model.GradleExtension                              : loaded 2 times (x 70B)
Class com.google.gson.internal.bind.ReflectiveTypeAdapterFactory$FieldsData           : loaded 2 times (x 72B)
Class com.google.gson.ToNumberPolicy$3                                                : loaded 2 times (x 83B)
Class com.amazon.ion.impl.lite.IonDecimalLite                                         : loaded 2 times (x 188B)
Class com.amazon.ion.IonBufferConfiguration$Builder                                   : loaded 2 times (x 78B)
Class com.android.builder.model.v2.ide.SourceSetContainer                             : loaded 2 times (x 70B)
Class org.gradle.internal.time.Timer                                                  : loaded 2 times (x 70B)
Class com.google.common.cache.LocalCache$EntryFactory$6                               : loaded 2 times (x 83B)
Class org.gradle.internal.installation.CurrentGradleInstallationLocator               : loaded 2 times (x 71B)
Class org.jetbrains.kotlin.fir.java.deserialization.AnnotationsLoader$loadAnnotationMethodDefaultValue$1: loaded 2 times (x 89B)
Class org.jetbrains.kotlin.com.intellij.util.containers.ConcurrentIntObjectHashMap$ForwardingNode: loaded 2 times (x 77B)
Class org.jetbrains.kotlin.com.intellij.psi.impl.java.stubs.impl.PsiClassReferenceListStubImpl: loaded 2 times (x 157B)
Class org.jetbrains.kotlin.com.intellij.psi.impl.compiled.ClsEnumConstantImpl         : loaded 2 times (x 1419B)
Class org.jetbrains.kotlin.com.intellij.psi.PsiRecordComponent                        : loaded 2 times (x 70B)
Class org.jetbrains.kotlin.com.intellij.psi.impl.java.stubs.JavaStubElementTypes$15   : loaded 2 times (x 115B)
Class org.jetbrains.kotlin.load.java.structure.impl.classFiles.BinaryJavaTypeParameter: loaded 2 times (x 95B)
Class org.jetbrains.kotlin.load.kotlin.KotlinJvmBinaryClass$MethodAnnotationVisitor   : loaded 2 times (x 70B)
Class org.jetbrains.kotlin.fir.expressions.impl.FirAnnotationImpl                     : loaded 2 times (x 127B)
Class org.jetbrains.kotlin.fir.scopes.impl.FirGeneratedClassNestedClassifierScope     : loaded 2 times (x 85B)
Class org.jetbrains.kotlin.fir.java.deserialization.MemberAnnotations                 : loaded 2 times (x 72B)
Class org.jetbrains.kotlin.load.kotlin.FacadeClassSource                              : loaded 2 times (x 70B)
Class org.jetbrains.kotlin.metadata.ProtoBuf$VersionRequirement$Level$1               : loaded 2 times (x 74B)
Class org.jetbrains.kotlin.fir.resolve.FirOuterClassManager                           : loaded 2 times (x 72B)
Class [Lorg.jetbrains.kotlin.fir.resolve.dfa.cfg.WhenExitNode;                        : loaded 2 times (x 69B)
Class org.jetbrains.kotlin.fir.references.builder.FirDelegateFieldReferenceBuilder    : loaded 2 times (x 72B)
Class org.jetbrains.kotlin.com.google.common.collect.RegularImmutableBiMap$Inverse    : loaded 2 times (x 143B)
Class org.jetbrains.kotlin.fir.declarations.FirImport                                 : loaded 2 times (x 91B)
Class org.jetbrains.kotlin.com.intellij.lang.impl.PsiBuilderImpl$MyTreeStructure$2    : loaded 2 times (x 80B)
Class org.jetbrains.kotlin.com.google.common.collect.ImmutableMap$1                   : loaded 2 times (x 81B)
Class org.jetbrains.kotlin.it.unimi.dsi.fastutil.ints.AbstractIntSet                  : loaded 2 times (x 215B)
Class org.jetbrains.kotlin.lexer.KotlinLexerException                                 : loaded 2 times (x 82B)
Class org.jetbrains.kotlin.fir.pipeline.FirUtilsKt                                    : loaded 2 times (x 71B)
Class org.jetbrains.kotlin.fir.analysis.checkers.expression.FirMultiDollarInterpolationChecker: loaded 2 times (x 79B)
Class org.jetbrains.kotlin.fir.analysis.checkers.expression.FirUnnecessarySafeCallChecker: loaded 2 times (x 77B)
Class org.jetbrains.kotlin.fir.analysis.checkers.expression.FirExpressionAnnotationChecker: loaded 2 times (x 77B)
Class org.jetbrains.kotlin.fir.analysis.checkers.declaration.FirOptInAnnotationClassChecker: loaded 2 times (x 77B)
Class org.jetbrains.kotlin.fir.analysis.checkers.declaration.FirContextParametersDeclarationChecker: loaded 2 times (x 77B)
Class org.jetbrains.kotlin.protobuf.FieldSet$1                                        : loaded 2 times (x 71B)
Class org.jetbrains.kotlin.fir.analysis.checkers.FirIdentityLessPlatformDeterminer$Default: loaded 2 times (x 72B)
Class org.jetbrains.kotlin.resolve.BindingTrace                                       : loaded 2 times (x 70B)
Class [Lorg.jetbrains.kotlin.psi.KtCollectionLiteralExpression;                       : loaded 2 times (x 69B)
Class [Lorg.jetbrains.kotlin.psi.KtValueArgumentName;                                 : loaded 2 times (x 69B)
Class [Lorg.jetbrains.kotlin.psi.KtIntersectionType;                                  : loaded 2 times (x 69B)
Class org.jetbrains.kotlin.psi.stubs.KotlinAnnotationUseSiteTargetStub                : loaded 2 times (x 70B)
Class org.jetbrains.kotlin.psi.stubs.elements.KtModifierListElementType               : loaded 2 times (x 103B)
Class org.jetbrains.kotlin.psi.stubs.elements.KtParameterElementType                  : loaded 2 times (x 104B)
Class org.jetbrains.kotlin.resolve.checkers.TrailingCommaDeclarationChecker           : loaded 2 times (x 74B)
Class org.jetbrains.kotlin.metadata.builtins.BuiltInsProtoBuf                         : loaded 2 times (x 71B)
Class org.jetbrains.kotlin.util.AttributeArrayOwner                                   : loaded 2 times (x 82B)
Class org.jetbrains.kotlin.load.java.structure.JavaAnnotationOwner                    : loaded 2 times (x 70B)
Class [Lorg.jetbrains.kotlin.cli.jvm.modules.CoreJrtVirtualFile;                      : loaded 2 times (x 69B)
Class org.jetbrains.kotlin.com.intellij.psi.impl.IsConstantExpressionVisitor          : loaded 2 times (x 205B)
Class org.jetbrains.kotlin.cli.jvm.compiler.KotlinCliJavaFileManagerImpl$Companion    : loaded 2 times (x 71B)
Class org.jetbrains.kotlin.com.intellij.psi.PsiPolyVariantReference                   : loaded 2 times (x 70B)
Class org.jetbrains.kotlin.com.intellij.psi.impl.PsiElementFactoryImpl                : loaded 2 times (x 259B)
Class org.jetbrains.kotlin.com.intellij.util.LocalTimeCounter                         : loaded 2 times (x 71B)
Class org.jetbrains.kotlin.com.intellij.openapi.vfs.VirtualFileFilter$2               : loaded 2 times (x 75B)
Class org.jetbrains.kotlin.com.fasterxml.aalto.in.PName2                              : loaded 2 times (x 79B)
Class [Lorg.jetbrains.kotlin.com.intellij.lang.jvm.JvmModifiersOwner;                 : loaded 2 times (x 69B)
Class org.jetbrains.kotlin.resolve.jvm.modules.JavaModuleInfo$Exports                 : loaded 2 times (x 72B)
Class org.jetbrains.kotlin.com.intellij.psi.PsiTypeParameterListOwner                 : loaded 2 times (x 70B)
Class org.jetbrains.kotlin.com.intellij.psi.PsiLiteralValue                           : loaded 2 times (x 70B)
Class org.jetbrains.kotlin.com.intellij.lexer.DummyLexer                              : loaded 2 times (x 84B)
Class org.jetbrains.kotlin.com.intellij.util.containers.Stack                         : loaded 2 times (x 213B)
Class org.jetbrains.kotlin.com.intellij.openapi.editor.impl.event.DocumentEventImpl   : loaded 2 times (x 86B)
Class org.jetbrains.kotlin.com.intellij.util.keyFMap.EmptyFMap                        : loaded 2 times (x 79B)
Class org.jetbrains.kotlin.backend.jvm.lower.JvmInlineCallableReferenceToLambdaWithDefaultsPhase: loaded 2 times (x 261B)
Class org.jetbrains.kotlin.backend.jvm.lower.SerializeIrPhase                         : loaded 2 times (x 80B)
Class org.jetbrains.kotlin.backend.jvm.JvmLoweringPhasesKt$jvmFilePhases$18           : loaded 2 times (x 125B)
Class org.jetbrains.kotlin.compiler.plugin.PluginCliOptionProcessingException         : loaded 2 times (x 82B)
Class org.jetbrains.kotlin.com.google.common.collect.Platform                         : loaded 2 times (x 71B)
Class org.jetbrains.kotlin.com.google.common.collect.AbstractMapBasedMultimap$WrappedCollection: loaded 2 times (x 124B)
Class org.jetbrains.kotlin.cli.common.messages.GroupingMessageCollector               : loaded 2 times (x 81B)
Class org.jetbrains.kotlin.cli.pipeline.jvm.JvmCliPipeline                            : loaded 2 times (x 76B)
Class org.jetbrains.kotlin.cli.jvm.index.JvmDependenciesDynamicCompoundIndex          : loaded 2 times (x 77B)
Class com.google.gson.ToNumberPolicy$4                                                : loaded 2 times (x 83B)
Class [Lcom.amazon.ion.impl.bin.IonRawBinaryWriter$ContainerType;                     : loaded 2 times (x 69B)
Class [Lorg.jetbrains.kotlin.fir.extensions.FirExtensionRegistrarAdapter;             : loaded 2 times (x 69B)
Class com.android.builder.model.v2.ide.LintOptions                                    : loaded 2 times (x 70B)
Class org.gradle.tooling.internal.adapter.ProtocolToModelAdapter$ViewGraphDetails     : loaded 2 times (x 72B)
Class org.gradle.tooling.model.idea.IdeaProject                                       : loaded 2 times (x 70B)
Class org.gradle.tooling.model.DomainObjectSet                                        : loaded 2 times (x 70B)
Class kotlin.coroutines.jvm.internal.SpillingKt                                       : loaded 2 times (x 71B)
Class com.google.common.collect.ImmutableMultimap$Builder                             : loaded 2 times (x 86B)
Class com.google.common.collect.Maps$KeySet                                           : loaded 2 times (x 137B)
Class com.google.common.collect.ImmutableSet$EmptySetBuilderImpl                      : loaded 2 times (x 76B)
Class com.google.common.cache.LocalCache$EntryFactory$7                               : loaded 2 times (x 83B)
Class org.gradle.internal.service.DefaultServiceLocator                               : loaded 2 times (x 83B)
Class org.jetbrains.kotlin.fir.java.enhancement.FirEnhancedSymbolsStorage$special$$inlined$createCache$1: loaded 2 times (x 75B)
Class org.jetbrains.kotlin.com.intellij.psi.impl.java.stubs.PsiRecordComponentStub    : loaded 2 times (x 70B)
Class org.jetbrains.kotlin.com.intellij.psi.impl.java.stubs.JavaStubElementTypes$16   : loaded 2 times (x 115B)
Class org.jetbrains.kotlin.com.intellij.psi.impl.source.BasicJavaElementType$ExpressionThinCodeFragmentElementType: loaded 2 times (x 88B)
Class org.jetbrains.kotlin.com.intellij.psi.impl.file.PsiDirectoryImpl                : loaded 2 times (x 565B)
Class org.jetbrains.kotlin.load.java.typeEnhancement.TypeComponentPositionKt          : loaded 2 times (x 71B)
Class org.jetbrains.kotlin.load.java.structure.impl.classFiles.BinaryJavaValueParameter: loaded 2 times (x 94B)
Class org.jetbrains.kotlin.io.vavr.collection.HashArrayMappedTrieModule$LeafNode      : loaded 2 times (x 109B)
Class org.jetbrains.kotlin.load.kotlin.MemberSignature$Companion                      : loaded 2 times (x 71B)
Class org.jetbrains.kotlin.fir.types.ProjectionKind                                   : loaded 2 times (x 79B)
Class org.jetbrains.kotlin.load.kotlin.KotlinClassFinderKt                            : loaded 2 times (x 71B)
Class org.jetbrains.kotlin.fir.resolve.ResolveUtilsKt                                 : loaded 2 times (x 71B)
Class org.jetbrains.kotlin.cli.jvm.compiler.KotlinCliJavaFileManagerImplKt            : loaded 2 times (x 71B)
Class org.jetbrains.kotlin.fir.resolve.calls.tower.TowerGroupKind$Last                : loaded 2 times (x 76B)
Class org.jetbrains.kotlin.fir.resolve.dfa.FirLocalVariableAssignmentAnalyzer$Companion: loaded 2 times (x 71B)
Class org.jetbrains.kotlin.fir.resolve.transformers.ReturnTypeCalculatorForFullBodyResolve$Companion: loaded 2 times (x 71B)
Class org.jetbrains.kotlin.fir.resolve.SupertypeSupplier$Default                      : loaded 2 times (x 73B)
Class org.jetbrains.kotlin.fir.declarations.utils.SourceElementKey                    : loaded 2 times (x 71B)
Class org.jetbrains.kotlin.fir.declarations.builder.FirFileBuilder                    : loaded 2 times (x 76B)
Class org.jetbrains.kotlin.fir.lightTree.fir.modifier.TypeProjectionModifierList      : loaded 2 times (x 73B)
Class org.jetbrains.kotlin.parsing.FirstBefore                                        : loaded 2 times (x 84B)
Class org.jetbrains.kotlin.KtSourceFileLinesMappingFromLineStartOffsets               : loaded 2 times (x 84B)
Class org.jetbrains.kotlin.fir.analysis.jvm.checkers.expression.FirJvmModuleAccessibilityQualifiedAccessChecker: loaded 2 times (x 77B)
Class org.jetbrains.kotlin.fir.analysis.checkers.syntax.FirWhenGuardChecker           : loaded 2 times (x 89B)
Class org.jetbrains.kotlin.fir.analysis.checkers.expression.FirNamedVarargChecker     : loaded 2 times (x 77B)
Class org.jetbrains.kotlin.fir.analysis.checkers.expression.FirDeprecationChecker     : loaded 2 times (x 77B)
Class org.jetbrains.kotlin.fir.analysis.checkers.declaration.FirFunInterfaceDeclarationChecker$ForExpectClass: loaded 2 times (x 78B)
Class org.jetbrains.kotlin.fir.analysis.checkers.declaration.FirAnyDeprecationChecker : loaded 2 times (x 77B)
Class org.jetbrains.kotlin.fir.FirNameConflictsTrackerComponent                       : loaded 2 times (x 72B)
Class org.jetbrains.kotlin.fir.analysis.checkers.type.TypeCheckers$Companion$EMPTY$1  : loaded 2 times (x 76B)
Class org.jetbrains.kotlin.fir.resolve.providers.impl.FirCachingCompositeSymbolProvider: loaded 2 times (x 82B)
Class org.jetbrains.kotlin.fir.declarations.FirCallableDeclaration                    : loaded 2 times (x 139B)
Class org.jetbrains.kotlin.protobuf.SmallSortedMap$Entry                              : loaded 2 times (x 88B)
Class [Lorg.jetbrains.kotlin.psi.KtNameReferenceExpression;                           : loaded 2 times (x 69B)
Class org.jetbrains.kotlin.psi.KtSecondaryConstructor                                 : loaded 2 times (x 1274B)
Class [Lorg.jetbrains.kotlin.psi.KtTypeParameterListOwner;                            : loaded 2 times (x 69B)
Class org.jetbrains.kotlin.resolve.calls.checkers.DeprecatedCallChecker               : loaded 2 times (x 74B)
Class org.jetbrains.kotlin.resolve.PlatformConfiguratorBase                           : loaded 2 times (x 80B)
Class org.jetbrains.kotlin.fir.scopes.FirContainingNamesAwareScope                    : loaded 2 times (x 81B)
Class org.jetbrains.kotlin.metadata.ProtoBuf$Package$1                                : loaded 2 times (x 144B)
Class org.jetbrains.kotlin.metadata.ProtoBuf$Annotation$Argument$Value$Type           : loaded 2 times (x 82B)
Class org.jetbrains.kotlin.load.kotlin.PackagePartProvider                            : loaded 2 times (x 70B)
Class org.jetbrains.kotlin.fir.extensions.FirReplSnippetResolveExtension              : loaded 2 times (x 78B)
Class org.jetbrains.kotlin.fir.extensions.FirAssignExpressionAltererExtension         : loaded 2 times (x 76B)
Class org.jetbrains.kotlin.metadata.ProtoBuf$Class$Kind$1                             : loaded 2 times (x 74B)
Class org.jetbrains.kotlin.extensions.TypeAttributeTranslatorExtension$Companion      : loaded 2 times (x 72B)
Class org.jetbrains.kotlin.extensions.TypeAttributeTranslatorExtension                : loaded 2 times (x 70B)
Class org.jetbrains.kotlin.extensions.ProcessSourcesBeforeCompilingExtension$Companion: loaded 2 times (x 72B)
Class org.jetbrains.kotlin.extensions.PreprocessedVirtualFileFactoryExtension         : loaded 2 times (x 70B)
Class org.jetbrains.kotlin.com.intellij.core.CoreJavaCodeStyleManager$1CancelException: loaded 2 times (x 82B)
Class org.jetbrains.kotlin.com.intellij.lang.jvm.JvmAnnotation                        : loaded 2 times (x 70B)
Class org.jetbrains.kotlin.com.intellij.lang.jvm.facade.JvmElementProvider            : loaded 2 times (x 70B)
Class org.jetbrains.kotlin.psi.stubs.elements.KtFileElementType                       : loaded 2 times (x 111B)
Class org.jetbrains.kotlin.com.fasterxml.aalto.in.PName3                              : loaded 2 times (x 79B)
Class org.jetbrains.kotlin.com.fasterxml.aalto.in.MergedStream                        : loaded 2 times (x 92B)
Class org.jetbrains.kotlin.com.intellij.ide.plugins.DataLoader                        : loaded 2 times (x 70B)
Class org.jetbrains.kotlin.metadata.ProtoBuf$TypeParameter$Variance$1                 : loaded 2 times (x 74B)
Class org.jetbrains.kotlin.com.intellij.ide.plugins.PluginXmlPathResolver$Companion   : loaded 2 times (x 71B)
Class org.jetbrains.kotlin.com.intellij.util.io.DataOutputStream                      : loaded 2 times (x 105B)
Class org.jetbrains.kotlin.kotlinx.collections.immutable.implementations.immutableSet.TrieNode: loaded 2 times (x 72B)
Class org.jetbrains.kotlin.com.intellij.lang.PsiBuilder                               : loaded 2 times (x 70B)
Class org.jetbrains.kotlin.com.intellij.openapi.extensions.PluginAware                : loaded 2 times (x 70B)
Class org.jetbrains.kotlin.com.intellij.openapi.vfs.VirtualFilePropertyEvent          : loaded 2 times (x 80B)
Class org.jetbrains.kotlin.cli.jvm.compiler.KotlinCoreApplicationEnvironmentMode$Production: loaded 2 times (x 71B)
Class org.jetbrains.kotlin.backend.jvm.lower.JvmIrValidationAfterLoweringPhase        : loaded 2 times (x 77B)
Class org.jetbrains.kotlin.backend.jvm.lower.JvmInlineClassLowering                   : loaded 2 times (x 367B)
Class org.jetbrains.kotlin.backend.jvm.JvmLoweringPhasesKt$jvmFilePhases$19           : loaded 2 times (x 125B)
Class org.jetbrains.kotlin.backend.common.BodyLoweringPass                            : loaded 2 times (x 70B)
Class org.jetbrains.kotlin.compiler.plugin.CliOptionsKt                               : loaded 2 times (x 71B)
Class [Lorg.jetbrains.kotlin.storage.LockBasedStorageManager$NotValue;                : loaded 2 times (x 69B)
Class org.jetbrains.kotlin.it.unimi.dsi.fastutil.ints.Int2ObjectMap$FastEntrySet      : loaded 2 times (x 70B)
Class org.jetbrains.kotlin.cli.pipeline.PerformanceNotifications$TranslationToIrFinished: loaded 2 times (x 77B)
Class org.jetbrains.kotlin.fir.symbols.FirLazyResolveForbiddenException               : loaded 2 times (x 82B)
Class org.jetbrains.kotlin.fir.scopes.FirLookupDefaultStarImportsInSourcesSettingHolder$Companion: loaded 2 times (x 71B)
Class org.jetbrains.kotlin.resolve.checkers.InlineParameterChecker                    : loaded 2 times (x 74B)
Class org.jetbrains.kotlin.name.FqName$Companion                                      : loaded 2 times (x 71B)
Class kotlin.properties.ObservableProperty                                            : loaded 2 times (x 83B)
Class com.google.gson.internal.sql.SqlTypesSupport                                    : loaded 2 times (x 71B)
Class com.google.gson.Gson                                                            : loaded 2 times (x 72B)
Class com.amazon.ion.impl.bin.utf8.Utf8StringEncoder$Result                           : loaded 2 times (x 74B)
Class com.amazon.ion.impl.bin.utf8.Pool$Allocator                                     : loaded 2 times (x 70B)
Class com.amazon.ion.IonText                                                          : loaded 2 times (x 70B)
Class com.amazon.ion.impl.SymbolTokenImpl                                             : loaded 2 times (x 81B)
Class com.amazon.ion.SubstituteSymbolTableException                                   : loaded 2 times (x 84B)
Class com.android.builder.model.v2.ide.BasicArtifact                                  : loaded 2 times (x 70B)
Class com.google.common.collect.ComparisonChain$InactiveComparisonChain               : loaded 2 times (x 80B)
Class org.jetbrains.kotlin.lexer.KtTokens                                             : loaded 2 times (x 70B)
Class org.gradle.util.GradleVersion                                                   : loaded 2 times (x 81B)
Class com.google.common.collect.Maps$EntrySet                                         : loaded 2 times (x 136B)
Class com.google.common.collect.ImmutableMultimap$EntryCollection                     : loaded 2 times (x 128B)
Class com.google.common.cache.LocalCache$EntryFactory$8                               : loaded 2 times (x 83B)
Class org.gradle.internal.installation.CurrentGradleInstallation                      : loaded 2 times (x 73B)
Class org.jetbrains.kotlin.psi.stubs.elements.KtImportDirectiveElementType            : loaded 2 times (x 103B)
Class org.jetbrains.kotlin.com.intellij.util.containers.ConcurrentSoftKeySoftValueHashMap$SoftKey: loaded 2 times (x 88B)
Class org.jetbrains.kotlin.load.java.structure.impl.JavaElementCollectionFromPsiArrayUtil: loaded 2 times (x 71B)
Class org.jetbrains.kotlin.com.intellij.psi.impl.compiled.FirstPassData$RegularClassEntry: loaded 2 times (x 72B)
Class org.jetbrains.kotlin.com.intellij.psi.impl.java.stubs.PsiClassReferenceListStub : loaded 2 times (x 70B)
Class org.jetbrains.kotlin.builtins.functions.FunctionTypeKindExtractor$KindWithArity : loaded 2 times (x 72B)
Class org.jetbrains.kotlin.load.java.structure.JavaTypeParameter                      : loaded 2 times (x 70B)
Class org.jetbrains.kotlin.load.java.structure.JavaClassifierType                     : loaded 2 times (x 70B)
Class [Lorg.jetbrains.kotlin.fir.deserialization.AbstractAnnotationDeserializer$CallableKind;: loaded 2 times (x 69B)
Class org.jetbrains.kotlin.fir.resolve.substitution.ConeSubstitutor$Empty             : loaded 2 times (x 74B)
Class org.jetbrains.kotlin.fir.resolve.inference.InferenceComponentsKt                : loaded 2 times (x 71B)
Class org.jetbrains.kotlin.fir.resolve.transformers.FirWhenExhaustivenessTransformer  : loaded 2 times (x 386B)
Class org.jetbrains.kotlin.fir.resolve.transformers.body.resolve.FirAbstractBodyResolveTransformer$BodyResolveTransformerComponents: loaded 2 times (x 98B)
Class org.jetbrains.kotlin.types.ConstantValueKind$Long                               : loaded 2 times (x 72B)
Class org.jetbrains.kotlin.fir.expressions.builder.FirCatchBuilder                    : loaded 2 times (x 72B)
Class org.jetbrains.kotlin.fir.declarations.utils.IsReferredViaField                  : loaded 2 times (x 71B)
Class org.jetbrains.kotlin.fir.declarations.impl.FirResolvedDeclarationStatusWithLazyEffectiveVisibility: loaded 2 times (x 197B)
Class org.jetbrains.kotlin.fir.FirNameConflictsTrackerComponentKt                     : loaded 2 times (x 71B)
Class org.jetbrains.kotlin.fir.lightTree.fir.modifier.ModifierFlag                    : loaded 2 times (x 79B)
Class org.jetbrains.kotlin.parsing.SemanticWhitespaceAwarePsiBuilderImpl              : loaded 2 times (x 150B)
Class org.jetbrains.kotlin.fir.analysis.jvm.checkers.declaration.FirJvmRecordChecker  : loaded 2 times (x 77B)
Class org.jetbrains.kotlin.fir.analysis.checkers.declaration.FirInlineClassDeclarationChecker: loaded 2 times (x 77B)
Class org.jetbrains.kotlin.fir.analysis.checkers.declaration.FirDelegateFieldTypeMismatchChecker: loaded 2 times (x 77B)
Class org.jetbrains.kotlin.fir.analysis.checkers.declaration.FirFunctionParameterChecker: loaded 2 times (x 77B)
Class org.jetbrains.kotlin.fir.resolve.transformers.mpp.FirExpectActualMatchingContextImpl$Factory: loaded 2 times (x 74B)
Class org.jetbrains.kotlin.name.CallableId$Companion                                  : loaded 2 times (x 71B)
Class org.jetbrains.kotlin.diagnostics.UnboundDiagnostic                              : loaded 2 times (x 70B)
Class org.jetbrains.kotlin.psi.KtBreakExpression                                      : loaded 2 times (x 437B)
Class [Lorg.jetbrains.kotlin.psi.KtFunctionTypeReceiver;                              : loaded 2 times (x 69B)
Class org.jetbrains.kotlin.psi.KtNullableType                                         : loaded 2 times (x 510B)
Class org.jetbrains.kotlin.psi.stubs.KotlinTypeAliasStub                              : loaded 2 times (x 70B)
Class [Lorg.jetbrains.kotlin.psi.KtProperty;                                          : loaded 2 times (x 69B)
Class org.jetbrains.kotlin.mpp.ClassifierSymbolMarker                                 : loaded 2 times (x 70B)
Class org.jetbrains.kotlin.types.model.SimpleTypeMarker                               : loaded 2 times (x 70B)
Class org.jetbrains.kotlin.fir.resolve.providers.impl.FirExtensionSyntheticFunctionInterfaceProvider: loaded 2 times (x 85B)
Class org.jetbrains.kotlin.metadata.ProtoBuf$Annotation$ArgumentOrBuilder             : loaded 2 times (x 70B)
Class org.jetbrains.kotlin.protobuf.FieldSet$FieldDescriptorLite                      : loaded 2 times (x 70B)
Class org.jetbrains.kotlin.protobuf.AbstractMessageLite                               : loaded 2 times (x 98B)
Class org.jetbrains.kotlin.psi.stubs.KotlinImportAliasStub                            : loaded 2 times (x 70B)
Class [Lorg.jetbrains.kotlin.it.unimi.dsi.fastutil.e;                                 : loaded 2 times (x 69B)
Class org.jetbrains.kotlin.load.java.structure.JavaNamedElement                       : loaded 2 times (x 70B)
Class org.jetbrains.kotlin.cli.common.extensions.ShellExtension$Companion             : loaded 2 times (x 72B)
Class org.jetbrains.kotlin.extensions.CompilerConfigurationExtension                  : loaded 2 times (x 70B)
Class org.jetbrains.kotlin.com.intellij.psi.impl.source.resolve.PsiResolveHelperImpl$1: loaded 2 times (x 112B)
Class [Lorg.jetbrains.kotlin.com.intellij.psi.PsiType;                                : loaded 2 times (x 69B)
Class org.jetbrains.kotlin.com.intellij.psi.search.impl.VirtualFileEnumerationAware   : loaded 2 times (x 70B)
Class org.jetbrains.kotlin.com.intellij.psi.impl.PsiCachedValuesFactory               : loaded 2 times (x 78B)
Class org.jetbrains.kotlin.com.intellij.openapi.util.StackOverflowPreventedException  : loaded 2 times (x 82B)
Class org.jetbrains.kotlin.com.intellij.openapi.vfs.VirtualFileFilter                 : loaded 2 times (x 70B)
Class org.jetbrains.kotlin.psi.stubs.KotlinEnumEntrySuperclassReferenceExpressionStub : loaded 2 times (x 70B)
Class org.jetbrains.kotlin.psi.KtLiteralStringTemplateEntry                           : loaded 2 times (x 444B)
Class [Lorg.jetbrains.kotlin.psi.KtLiteralStringTemplateEntry;                        : loaded 2 times (x 69B)
Class org.jetbrains.kotlin.diagnostics.Diagnostic                                     : loaded 2 times (x 70B)
Class org.jetbrains.kotlin.com.intellij.psi.PsiVariable                               : loaded 2 times (x 70B)
Class [Lorg.jetbrains.kotlin.com.intellij.openapi.util.UserDataHolderBase;            : loaded 2 times (x 69B)
Class org.jetbrains.kotlin.com.intellij.psi.stubs.StubTreeLoader                      : loaded 2 times (x 81B)
Class org.jetbrains.kotlin.com.intellij.openapi.editor.event.DocumentEvent            : loaded 2 times (x 82B)
Class org.jetbrains.kotlin.com.intellij.openapi.extensions.ExtensionNotApplicableException: loaded 2 times (x 82B)
Class org.jetbrains.kotlin.backend.jvm.lower.InterfaceLowering                        : loaded 2 times (x 349B)
Class org.jetbrains.kotlin.it.unimi.dsi.fastutil.e                                    : loaded 2 times (x 70B)
Class org.jetbrains.kotlin.descriptors.SourceElement                                  : loaded 2 times (x 70B)
Class com.google.gson.Gson$1                                                          : loaded 2 times (x 76B)
Class com.amazon.ion.impl.bin.IonManagedBinaryWriter$ImportDescriptor                 : loaded 2 times (x 76B)
Class com.amazon.ion.SymbolTable                                                      : loaded 2 times (x 70B)
Class org.jetbrains.plugins.gradle.javaModel.JavaGradleManifestModel                  : loaded 2 times (x 70B)
Class org.jetbrains.plugins.gradle.tooling.serialization.GradleExtensionsSerializationService$WriteContext: loaded 2 times (x 72B)
Class com.intellij.gradle.toolingExtension.impl.model.taskModel.GradleTaskSerialisationService$Companion: loaded 2 times (x 71B)
Class org.jetbrains.kotlin.fir.java.FirJavaVisibilityChecker                          : loaded 2 times (x 73B)
Class org.jetbrains.kotlin.fir.declarations.impl.FirResolvedDeclarationStatusImpl$Companion: loaded 2 times (x 71B)
Class org.gradle.tooling.internal.adapter.ProtocolToModelAdapter$MethodInvocationCache$MethodInvocationKey: loaded 2 times (x 73B)
Class com.google.common.cache.CacheLoader$1                                           : loaded 2 times (x 75B)
Class org.gradle.util.internal.GUtil                                                  : loaded 2 times (x 71B)
Class org.jetbrains.kotlin.com.intellij.psi.JavaResolveResult                         : loaded 2 times (x 70B)
Class org.jetbrains.kotlin.com.intellij.psi.impl.file.PsiBinaryFileImpl               : loaded 2 times (x 713B)
Class org.jetbrains.kotlin.com.intellij.psi.impl.PsiElementFinderImpl$1               : loaded 2 times (x 78B)
Class org.jetbrains.kotlin.com.intellij.psi.impl.PsiCachedValue                       : loaded 2 times (x 85B)
Class org.jetbrains.kotlin.load.java.typeEnhancement.NullabilityQualifierWithMigrationStatus: loaded 2 times (x 72B)
Class org.jetbrains.kotlin.io.vavr.control.Option$None                                : loaded 2 times (x 139B)
Class [Lorg.jetbrains.org.objectweb.asm.Label;                                        : loaded 2 times (x 69B)
Class org.jetbrains.kotlin.fir.deserialization.FirConstDeserializer                   : loaded 2 times (x 73B)
Class org.jetbrains.kotlin.metadata.jvm.JvmProtoBuf$StringTableTypes$Record           : loaded 2 times (x 119B)
Class org.jetbrains.kotlin.load.java.structure.JavaElementsKt                         : loaded 2 times (x 71B)
Class org.jetbrains.kotlin.com.intellij.pom.java.JavaFeature$1                        : loaded 2 times (x 83B)
Class org.jetbrains.kotlin.com.intellij.psi.impl.source.tree.JavaDocElementType       : loaded 2 times (x 70B)
Class [Lorg.jetbrains.kotlin.fir.declarations.FirVariable;                            : loaded 2 times (x 69B)
Class [Lorg.jetbrains.kotlin.fir.declarations.FirCallableDeclaration;                 : loaded 2 times (x 69B)
Class org.jetbrains.kotlin.it.unimi.dsi.fastutil.Arrays                               : loaded 2 times (x 71B)
Class org.jetbrains.kotlin.kotlinx.collections.immutable.implementations.immutableList.PersistentVectorMutableIterator: loaded 2 times (x 103B)
Class org.jetbrains.kotlin.load.java.SpecialGenericSignatures$Companion$NameAndSignature: loaded 2 times (x 72B)
Class org.jetbrains.kotlin.fir.declarations.FirPropertyAccessor                       : loaded 2 times (x 221B)
Class org.jetbrains.kotlin.fir.analysis.checkers.declaration.FirUpperBoundViolatedDeclarationChecker: loaded 2 times (x 77B)
Class org.jetbrains.kotlin.resolve.calls.checkers.UselessElvisCallChecker             : loaded 2 times (x 74B)
Class org.jetbrains.kotlin.kdoc.lexer.KDocTokens$1                                    : loaded 2 times (x 84B)
Class org.jetbrains.kotlin.psi.KtModifierListOwnerStub                                : loaded 2 times (x 581B)
Class org.jetbrains.kotlin.fir.scopes.impl.FirIntersectionOverrideStorage             : loaded 2 times (x 72B)
Class org.jetbrains.kotlin.fir.types.TypeComponentsKt                                 : loaded 2 times (x 71B)
Class org.jetbrains.kotlin.types.model.TypeSystemOptimizationContext                  : loaded 2 times (x 70B)
Class org.jetbrains.kotlin.fir.extensions.FirPredicateBasedProvider                   : loaded 2 times (x 76B)
Class org.jetbrains.kotlin.fir.FirExceptionHandler                                    : loaded 2 times (x 73B)
Class org.jetbrains.kotlin.fir.session.FirJvmSessionFactory                           : loaded 2 times (x 77B)
Class org.jetbrains.kotlin.protobuf.FieldSet                                          : loaded 2 times (x 72B)
Class org.jetbrains.kotlin.psi.KtFile                                                 : loaded 2 times (x 944B)
Class [Lorg.jetbrains.kotlin.cli.jvm.index.JavaRoot$RootType;                         : loaded 2 times (x 69B)
Class org.jetbrains.kotlin.com.intellij.psi.impl.source.DummyHolder                   : loaded 2 times (x 724B)
Class org.jetbrains.kotlin.com.intellij.util.containers.ConcurrentWeakKeySoftValueHashMap$KeyReference: loaded 2 times (x 70B)
Class org.jetbrains.kotlin.com.intellij.psi.JavaRecursiveElementWalkingVisitor        : loaded 2 times (x 207B)
Class org.jetbrains.kotlin.com.intellij.psi.impl.source.resolve.PsiResolveHelperImpl$2: loaded 2 times (x 112B)
Class org.jetbrains.kotlin.fir.analysis.checkers.declaration.DeclarationCheckers      : loaded 2 times (x 96B)
Class org.jetbrains.kotlin.descriptors.EffectiveVisibility$PrivateInClass             : loaded 2 times (x 75B)
Class org.jetbrains.kotlin.fir.analysis.checkers.declaration.FirPackageConflictsWithClassifierChecker: loaded 2 times (x 77B)
Class org.jetbrains.kotlin.kotlinx.collections.immutable.PersistentList               : loaded 2 times (x 70B)
Class org.jetbrains.kotlin.backend.jvm.JvmLoweringPhasesKt$jvmLoweringPhases$10       : loaded 2 times (x 125B)
Class org.jetbrains.kotlin.cli.jvm.JvmArgumentsKt                                     : loaded 2 times (x 71B)
Class org.jetbrains.kotlin.KtFakeSourceElementKind$DataClassGeneratedMembers          : loaded 2 times (x 72B)
Class org.jetbrains.kotlin.storage.LockBasedStorageManager$ExceptionHandlingStrategy$1: loaded 2 times (x 74B)
Class org.jetbrains.kotlin.storage.MemoizedFunctionToNullable                         : loaded 2 times (x 70B)
Class org.jetbrains.kotlin.cli.pipeline.jvm.JvmFir2IrPipelinePhase                    : loaded 2 times (x 82B)
Class org.jetbrains.kotlin.platform.TargetPlatformVersion                             : loaded 2 times (x 70B)
Class org.jetbrains.kotlin.fir.analysis.checkers.expression.FirParenthesizedLhsVariableAssignmentChecker: loaded 2 times (x 77B)
Class org.jetbrains.kotlin.fir.analysis.checkers.expression.FirReturnSyntaxAndLabelChecker: loaded 2 times (x 77B)
Class com.google.gson.Gson$2                                                          : loaded 2 times (x 76B)
Class [Lcom.amazon.ion.impl.bin.IonManagedBinaryWriter$SymbolState;                   : loaded 2 times (x 69B)
Class com.amazon.ion.impl._Private_IonWriterBase                                      : loaded 2 times (x 162B)
Class com.amazon.ion.system.IonSystemBuilder                                          : loaded 2 times (x 75B)
Class com.amazon.ion.IonCatalog                                                       : loaded 2 times (x 70B)
Class com.intellij.gradle.toolingExtension.impl.model.utilTurnOffDefaultTasksModel.TurnOffDefaultTasks: loaded 2 times (x 70B)
Class com.intellij.gradle.toolingExtension.impl.model.sourceSetModel.GradleSourceSetSerialisationService$SourceSetModelReadContext: loaded 2 times (x 72B)
Class com.android.utils.StringHelper                                                  : loaded 2 times (x 71B)
Class com.google.common.cache.AbstractCache$StatsCounter                              : loaded 2 times (x 70B)
Class org.jetbrains.kotlin.descriptors.ValueClassRepresentation                       : loaded 2 times (x 74B)
Class org.jetbrains.kotlin.fir.scopes.impl.FirNestedClassifierScopeWithSubstitution   : loaded 2 times (x 82B)
Class org.jetbrains.kotlin.com.intellij.util.IdempotenceChecker                       : loaded 2 times (x 71B)
Class org.jetbrains.kotlin.com.intellij.psi.impl.java.stubs.impl.PsiModifierListStubImpl: loaded 2 times (x 151B)
Class org.jetbrains.kotlin.com.intellij.psi.PsiLargeBinaryFile                        : loaded 2 times (x 70B)
Class org.jetbrains.kotlin.fir.deserialization.AbstractFirDeserializedSymbolProvider$ClassMetadataFindResult$NoMetadata: loaded 2 times (x 72B)
Class org.jetbrains.kotlin.fir.declarations.builder.FirTypeParameterBuilder           : loaded 2 times (x 76B)
Class org.jetbrains.kotlin.fir.resolve.transformers.SupertypeComputationStatus$Computed: loaded 2 times (x 72B)
Class org.jetbrains.kotlin.fir.declarations.DeprecationUtilsKt                        : loaded 2 times (x 71B)
Class org.jetbrains.kotlin.fir.scopes.FirLookupDefaultStarImportsInSourcesSettingHolderKt: loaded 2 times (x 71B)
Class org.jetbrains.kotlin.com.intellij.lang.java.parser.JavaParser                   : loaded 2 times (x 86B)
Class org.jetbrains.kotlin.fir.resolve.transformers.FirConstantEvaluationTransformerAdapter: loaded 2 times (x 386B)
Class org.jetbrains.kotlin.fir.resolve.calls.tower.TowerResolveManager$1              : loaded 2 times (x 125B)
Class org.jetbrains.kotlin.fir.util.Multimap                                          : loaded 2 times (x 70B)
Class org.jetbrains.kotlin.fir.resolve.transformers.StatusComputationSession          : loaded 2 times (x 72B)
Class org.jetbrains.kotlin.fir.expressions.FirBreakExpression                         : loaded 2 times (x 119B)
Class org.jetbrains.kotlin.KtFakeSourceElementKind$IndexedAssignmentCoercionBlock     : loaded 2 times (x 72B)
Class [Lorg.jetbrains.kotlin.fir.types.ConeStarProjection;                            : loaded 2 times (x 69B)
Class org.jetbrains.kotlin.fir.declarations.FirAnonymousInitializer                   : loaded 2 times (x 122B)
Class org.jetbrains.kotlin.KtRealPsiSourceElement                                     : loaded 2 times (x 79B)
Class org.jetbrains.kotlin.fir.expressions.builder.FirAnonymousFunctionExpressionBuilder: loaded 2 times (x 84B)
Class org.jetbrains.kotlin.fir.HasNoEnumEntriesKey                                    : loaded 2 times (x 71B)
Class org.jetbrains.kotlin.it.unimi.dsi.fastutil.ints.IntArrays                       : loaded 2 times (x 71B)
Class org.jetbrains.kotlin.fir.analysis.jvm.checkers.expression.FirJvmAtomicReferenceArrayToPrimitiveCallChecker: loaded 2 times (x 78B)
Class org.jetbrains.kotlin.fir.analysis.checkers.type.FirUnsupportedModifiersInFunctionTypeParameterChecker: loaded 2 times (x 90B)
Class org.jetbrains.kotlin.fir.analysis.checkers.type.FirUnsupportedDefaultValueInFunctionTypeParameterChecker: loaded 2 times (x 90B)
Class org.jetbrains.kotlin.fir.analysis.checkers.type.FirDeprecatedTypeChecker        : loaded 2 times (x 77B)
Class org.jetbrains.kotlin.fir.analysis.checkers.expression.FirOptInAnnotationCallChecker: loaded 2 times (x 77B)
Class org.jetbrains.kotlin.fir.analysis.checkers.declaration.FirPropertyFieldTypeChecker: loaded 2 times (x 77B)
Class org.jetbrains.kotlin.fir.analysis.checkers.declaration.FirConflictsDeclarationChecker: loaded 2 times (x 77B)
Class org.jetbrains.kotlin.load.java.JavaClassFinder                                  : loaded 2 times (x 70B)
Class org.jetbrains.kotlin.fir.declarations.builder.FirTypeParametersOwnerBuilder     : loaded 2 times (x 70B)
Class org.jetbrains.kotlin.fir.analysis.checkers.type.FirOptInUsageTypeRefChecker     : loaded 2 times (x 77B)
Class org.jetbrains.kotlin.metadata.builtins.BuiltInsBinaryVersion                    : loaded 2 times (x 74B)
Class org.jetbrains.kotlin.fir.java.FirSyntheticPropertiesStorage$special$$inlined$createCache$1: loaded 2 times (x 75B)
Class org.jetbrains.kotlin.resolve.calls.checkers.InfixCallChecker                    : loaded 2 times (x 74B)
Class [Lorg.jetbrains.kotlin.psi.KtStringTemplateExpression;                          : loaded 2 times (x 69B)
Class org.jetbrains.kotlin.psi.KtTypeCodeFragmentType                                 : loaded 2 times (x 84B)
Class org.jetbrains.kotlin.kdoc.lexer.KDocTokens$2                                    : loaded 2 times (x 84B)
Class org.jetbrains.kotlin.resolve.calls.checkers.InlineCheckerWrapper                : loaded 2 times (x 75B)
Class org.jetbrains.kotlin.resolve.checkers.DeprecatedSinceKotlinAnnotationChecker    : loaded 2 times (x 74B)
Class org.jetbrains.kotlin.psi.KtNamedFunction                                        : loaded 2 times (x 1345B)
Class org.jetbrains.kotlin.resolve.checkers.LocalVariableTypeParametersChecker        : loaded 2 times (x 74B)
Class org.jetbrains.kotlin.psi.KtNamedDeclaration                                     : loaded 2 times (x 70B)
Class org.jetbrains.kotlin.load.java.SpecialGenericSignatures                         : loaded 2 times (x 71B)
Class org.jetbrains.kotlin.metadata.ProtoBuf$Annotation$Argument$Value$Type$1         : loaded 2 times (x 74B)
Class org.jetbrains.kotlin.metadata.ProtoBuf$TypeOrBuilder                            : loaded 2 times (x 70B)
Class org.jetbrains.kotlin.metadata.ProtoBuf$TypeTableOrBuilder                       : loaded 2 times (x 70B)
Class org.jetbrains.kotlin.metadata.ProtoBuf$Package                                  : loaded 2 times (x 129B)
Class org.jetbrains.kotlin.load.kotlin.MetadataFinderFactory                          : loaded 2 times (x 70B)
Class org.jetbrains.kotlin.com.intellij.util.text.ImmutableCharSequence               : loaded 2 times (x 90B)
Class org.jetbrains.kotlin.com.intellij.openapi.util.Pair                             : loaded 2 times (x 72B)
Class org.jetbrains.kotlin.resolve.jvm.KotlinJavaPsiFacade$KotlinPsiElementFinderWrapperImpl: loaded 2 times (x 82B)
Class [Lorg.jetbrains.kotlin.metadata.ProtoBuf$MemberKind;                            : loaded 2 times (x 69B)
Class org.jetbrains.kotlin.com.intellij.psi.PsiElementFactory                         : loaded 2 times (x 70B)
Class org.jetbrains.kotlin.com.intellij.testFramework.LightVirtualFileBase$MyVirtualFileSystem: loaded 2 times (x 101B)
Class org.jetbrains.kotlin.fir.session.StructuredProvidersKt                          : loaded 2 times (x 71B)
Class org.jetbrains.kotlin.com.intellij.lexer.LexerPosition                           : loaded 2 times (x 70B)
Class org.jetbrains.kotlin.com.intellij.lang.impl.PsiBuilderImpl$Node                 : loaded 2 times (x 70B)
Class org.jetbrains.kotlin.com.intellij.psi.stubs.BinaryFileStubBuilder$CompositeBinaryFileStubBuilder: loaded 2 times (x 70B)
Class org.jetbrains.kotlin.com.intellij.openapi.util.UserDataHolderBase               : loaded 2 times (x 95B)
Class org.jetbrains.kotlin.backend.jvm.JvmLoweringPhasesKt$jvmLoweringPhases$11       : loaded 2 times (x 125B)
Class org.jetbrains.kotlin.backend.jvm.lower.StaticDefaultFunctionLowering            : loaded 2 times (x 344B)
Class org.jetbrains.kotlin.backend.common.IrElementTransformerVoidWithContext         : loaded 2 times (x 345B)
Class org.jetbrains.kotlin.com.intellij.openapi.application.PathManager               : loaded 2 times (x 71B)
Class org.jetbrains.kotlin.cli.pipeline.AbstractConfigurationPhase$setupCommonConfiguration$1: loaded 2 times (x 125B)
Class org.jetbrains.kotlin.parsing.KotlinParsing$2                                    : loaded 2 times (x 78B)
Class org.jetbrains.kotlin.fir.types.FirUnresolvedTypeRef                             : loaded 2 times (x 104B)
Class com.google.gson.internal.bind.ReflectiveTypeAdapterFactory$BoundField           : loaded 2 times (x 75B)
Class com.google.gson.Gson$3                                                          : loaded 2 times (x 75B)
Class com.intellij.gradle.toolingExtension.impl.model.sourceSetModel.GradleSourceSetSerialisationService$SourceSetModelWriteContext: loaded 2 times (x 72B)
Class org.jetbrains.kotlin.fir.expressions.builder.FirSuperReceiverExpressionBuilder  : loaded 2 times (x 101B)
Class com.android.builder.model.v2.dsl.BuildType                                      : loaded 2 times (x 70B)
Class org.jetbrains.kotlin.fir.expressions.builder.FirCheckNotNullCallBuilder         : loaded 2 times (x 84B)
Class org.gradle.tooling.internal.adapter.WeakIdentityHashMap                         : loaded 2 times (x 76B)
Class org.gradle.tooling.GradleConnectionException                                    : loaded 2 times (x 83B)
Class org.gradle.tooling.internal.adapter.ProtocolToModelAdapter$1                    : loaded 2 times (x 75B)
Class org.gradle.tooling.internal.adapter.ProtocolToModelAdapter$ViewDecoration       : loaded 2 times (x 70B)
Class com.google.common.reflect.Types$TypeVariableImpl                                : loaded 2 times (x 72B)
Class org.gradle.internal.installation.GradleInstallation                             : loaded 2 times (x 75B)
Class org.jetbrains.kotlin.resolve.calls.mpp.ExpectActualMatchingContext              : loaded 2 times (x 70B)
Class org.jetbrains.kotlin.com.intellij.util.containers.ConcurrentIntObjectHashMap$TreeNode: loaded 2 times (x 78B)
Class org.jetbrains.kotlin.com.intellij.psi.PsiProvidesStatement                      : loaded 2 times (x 70B)
Class org.jetbrains.kotlin.com.intellij.psi.impl.compiled.StubBuildingVisitor         : loaded 2 times (x 90B)
Class org.jetbrains.kotlin.com.intellij.psi.util.CachedValueProvider$Result           : loaded 2 times (x 72B)
Class org.jetbrains.kotlin.fir.java.enhancement.JavaTypeUtilsKt                       : loaded 2 times (x 71B)
Class org.jetbrains.kotlin.fir.java.JavaUtilsKt                                       : loaded 2 times (x 71B)
Class org.jetbrains.kotlin.metadata.deserialization.ProtoTypeTableUtilKt              : loaded 2 times (x 71B)
Class [Lorg.jetbrains.kotlin.resolve.jvm.NotFoundPackagesCachingStrategy$CacheType;   : loaded 2 times (x 69B)
Class org.jetbrains.kotlin.com.intellij.psi.JavaTokenType                             : loaded 2 times (x 70B)
Class org.jetbrains.kotlin.fir.resolve.calls.tower.TowerGroupKind$Member              : loaded 2 times (x 76B)
Class org.jetbrains.kotlin.fir.resolve.dfa.FirLocalVariableAssignmentAnalyzer         : loaded 2 times (x 72B)
Class org.jetbrains.kotlin.fir.resolve.transformers.contracts.FirContractResolveProcessor: loaded 2 times (x 76B)
Class org.jetbrains.kotlin.fir.expressions.impl.FirTypeOperatorCallImpl               : loaded 2 times (x 141B)
Class org.jetbrains.kotlin.fir.expressions.FirEqualityOperatorCall                    : loaded 2 times (x 134B)
Class org.jetbrains.kotlin.com.google.common.collect.RegularImmutableSet              : loaded 2 times (x 149B)
Class org.jetbrains.kotlin.fir.lightTree.converter.LightTreeRawFirExpressionBuilder   : loaded 2 times (x 103B)
Class [Lorg.jetbrains.kotlin.com.intellij.lang.LighterASTNode;                        : loaded 2 times (x 69B)
Class [Lorg.jetbrains.kotlin.com.google.common.collect.AbstractMapEntry;              : loaded 2 times (x 69B)
Class org.jetbrains.kotlin.fir.analysis.jvm.checkers.expression.FirJvmProtectedInSuperClassCompanionCallChecker: loaded 2 times (x 77B)
Class org.jetbrains.kotlin.fir.analysis.jvm.checkers.declaration.FirOverrideJavaNullabilityWarningChecker: loaded 2 times (x 78B)
Class [Lorg.jetbrains.kotlin.builtins.PrimitiveType;                                  : loaded 2 times (x 69B)
Class org.jetbrains.kotlin.fir.analysis.checkers.declaration.FirMethodOfAnyImplementedInInterfaceChecker: loaded 2 times (x 77B)
Class org.jetbrains.kotlin.fir.analysis.checkers.declaration.FirFunctionReturnChecker : loaded 2 times (x 77B)
Class org.jetbrains.kotlin.fir.analysis.checkers.type.ComposedTypeCheckers            : loaded 2 times (x 76B)
Class org.jetbrains.kotlin.fir.analysis.checkers.declaration.DeclarationCheckers$Companion$EMPTY$1: loaded 2 times (x 96B)
Class [Lorg.jetbrains.kotlin.fir.FirSessionComponent;                                 : loaded 2 times (x 69B)
Class org.jetbrains.kotlin.container.ContainerKt                                      : loaded 2 times (x 71B)
Class org.jetbrains.kotlin.resolve.calls.checkers.ResultTypeWithNullableOperatorsChecker: loaded 2 times (x 74B)
Class org.jetbrains.kotlin.psi.KtContainerNodeForControlStructureBody                 : loaded 2 times (x 376B)
Class org.jetbrains.kotlin.psi.KtDeclarationImpl                                      : loaded 2 times (x 645B)
Class org.jetbrains.kotlin.psi.KtBlockStringTemplateEntry                             : loaded 2 times (x 445B)
Class org.jetbrains.kotlin.psi.stubs.KotlinClassLiteralExpressionStub                 : loaded 2 times (x 70B)
Class org.jetbrains.kotlin.fir.scopes.impl.FirSynthesizedStorage$special$$inlined$createCache$1: loaded 2 times (x 75B)
Class org.jetbrains.kotlin.fir.resolve.FirDefaultParametersResolver                   : loaded 2 times (x 71B)
Class org.jetbrains.kotlin.types.TypeCheckerState                                     : loaded 2 times (x 76B)
Class org.jetbrains.kotlin.resolve.calls.inference.components.ResultTypeResolver      : loaded 2 times (x 72B)
Class org.jetbrains.kotlin.fir.FirElementWithResolveState                             : loaded 2 times (x 89B)
Class kotlin.reflect.jvm.internal.KPackageImpl$data$1                                 : loaded 2 times (x 79B)
Class org.jetbrains.kotlin.fir.types.impl.FirImplicitCharTypeRef                      : loaded 2 times (x 107B)
Class org.jetbrains.kotlin.fir.types.impl.FirImplicitUIntTypeRef                      : loaded 2 times (x 107B)
Class org.jetbrains.kotlin.platform.jvm.JvmPlatforms$CompatJvmPlatform                : loaded 2 times (x 124B)
Class org.jetbrains.kotlin.resolve.JvmCompilerDeserializationConfiguration            : loaded 2 times (x 85B)
Class org.jetbrains.kotlin.fir.scopes.jvm.JvmMappedScope$FirMappedSymbolStorage$special$$inlined$createCache$1: loaded 2 times (x 75B)
Class org.jetbrains.kotlin.resolve.jvm.modules.JavaModule$Automatic                   : loaded 2 times (x 80B)
Class org.jetbrains.kotlin.cli.jvm.modules.JavaModuleGraph$module$1                   : loaded 2 times (x 125B)
Class [Lorg.jetbrains.kotlin.com.intellij.psi.PsiCheckedRenameElement;                : loaded 2 times (x 69B)
Class [Lorg.jetbrains.kotlin.com.intellij.psi.PsiNamedElement;                        : loaded 2 times (x 69B)
Class org.jetbrains.kotlin.load.java.structure.impl.source.JavaFixedElementSourceFactory: loaded 2 times (x 79B)
Class org.jetbrains.kotlin.resolve.AdditionalAnnotationChecker                        : loaded 2 times (x 70B)
Class org.jetbrains.kotlin.cli.jvm.compiler.CliLightClassGenerationSupport            : loaded 2 times (x 77B)
Class org.jetbrains.kotlin.asJava.LightClassGenerationSupport                         : loaded 2 times (x 76B)
Class org.jetbrains.kotlin.com.intellij.core.CoreJavaCodeStyleManager                 : loaded 2 times (x 97B)
Class kotlinx.coroutines.internal.ThreadContextKt$updateState$1                       : loaded 2 times (x 78B)
Class org.jetbrains.kotlin.com.intellij.openapi.progress.impl.CoreProgressManager$CheckCanceledBehavior: loaded 2 times (x 79B)
Class org.jetbrains.kotlin.com.intellij.psi.stubs.CoreStubTreeLoader                  : loaded 2 times (x 81B)
Class org.jetbrains.kotlin.com.intellij.util.containers.ConcurrentFactoryMap$2        : loaded 2 times (x 148B)
Class org.jetbrains.kotlin.backend.jvm.JvmLoweringPhasesKt$jvmLoweringPhases$12       : loaded 2 times (x 125B)
Class org.jetbrains.kotlin.backend.jvm.lower.JvmLocalClassPopupLowering               : loaded 2 times (x 87B)
Class org.jetbrains.kotlin.config.LanguageFeature$State                               : loaded 2 times (x 82B)
Class org.jetbrains.kotlin.cli.pipeline.AbstractConfigurationPhase                    : loaded 2 times (x 85B)
Class org.jetbrains.kotlin.it.unimi.dsi.fastutil.objects.Object2ObjectMap             : loaded 2 times (x 70B)
Class org.jetbrains.kotlin.cli.pipeline.PipelineStepException                         : loaded 2 times (x 82B)
Class kotlin.collections.ReversedList                                                 : loaded 2 times (x 207B)
Class com.google.gson.internal.bind.DefaultDateTypeAdapter$1                          : loaded 2 times (x 75B)
Class com.google.gson.Gson$4                                                          : loaded 2 times (x 76B)
Class com.google.gson.internal.ConstructorConstructor                                 : loaded 2 times (x 72B)
Class com.amazon.ion.impl._Private_RecyclingQueue$Recycler                            : loaded 2 times (x 70B)
Class com.amazon.ion.impl.lite.ContainerlessContext                                   : loaded 2 times (x 80B)
Class org.jetbrains.plugins.gradle.tooling.serialization.GradleExtensionsSerializationService$ReadContext: loaded 2 times (x 72B)
Class com.google.common.collect.ForwardingCollection                                  : loaded 2 times (x 130B)
Class com.google.common.collect.LexicographicalOrdering                               : loaded 2 times (x 115B)
Class org.gradle.tooling.internal.adapter.MethodInvoker                               : loaded 2 times (x 70B)
Class com.google.common.collect.Iterables                                             : loaded 2 times (x 71B)
Class org.jetbrains.kotlin.one.util.streamex.UnorderedCancellableSpliterator          : loaded 2 times (x 91B)
Class org.jetbrains.kotlin.com.intellij.psi.impl.java.stubs.JavaTypeParameterElementType: loaded 2 times (x 115B)
Class org.jetbrains.kotlin.com.intellij.openapi.util.RecursionManager$StackFrame      : loaded 2 times (x 72B)
Class org.jetbrains.kotlin.metadata.jvm.JvmProtoBuf$StringTableTypes$Record$Operation : loaded 2 times (x 82B)
Class org.jetbrains.kotlin.util.PerformanceManagerKt                                  : loaded 2 times (x 71B)
Class org.jetbrains.kotlin.com.google.common.collect.Sets$ImprovedAbstractSet         : loaded 2 times (x 135B)
Class org.jetbrains.kotlin.fir.resolve.transformers.body.resolve.FirDeclarationsResolveTransformer: loaded 2 times (x 422B)
Class org.jetbrains.kotlin.resolve.calls.results.SpecificityComparisonCallbacks       : loaded 2 times (x 70B)
Class [Lorg.jetbrains.kotlin.com.intellij.openapi.diagnostic.Attachment;              : loaded 2 times (x 69B)
Class org.jetbrains.kotlin.fir.expressions.impl.FirVariableAssignmentImpl             : loaded 2 times (x 119B)
Class org.jetbrains.kotlin.fir.expressions.impl.FirAnonymousFunctionExpressionImpl    : loaded 2 times (x 122B)
Class org.jetbrains.kotlin.KtFakeSourceElementKind$ReceiverFromType                   : loaded 2 times (x 72B)
Class org.jetbrains.kotlin.fir.declarations.builder.FirAnonymousFunctionBuilder       : loaded 2 times (x 124B)
Class org.jetbrains.kotlin.parsing.KotlinParsing$1                                    : loaded 2 times (x 78B)
Class org.jetbrains.kotlin.fir.analysis.jvm.checkers.expression.FirJvmInconsistentOperatorFromJavaCallChecker: loaded 2 times (x 77B)
Class org.jetbrains.kotlin.fir.analysis.checkers.expression.FirBreakOrContinueJumpsAcrossFunctionBoundaryChecker: loaded 2 times (x 77B)
Class org.jetbrains.kotlin.fir.analysis.checkers.expression.FirAssignmentTypeMismatchChecker: loaded 2 times (x 77B)
Class org.jetbrains.kotlin.fir.analysis.checkers.expression.FirParenthesizedLhsSetOperatorChecker: loaded 2 times (x 77B)
Class org.jetbrains.kotlin.fir.symbols.impl.FirSyntheticPropertyAccessorSymbol        : loaded 2 times (x 79B)
Class kotlin.reflect.jvm.internal.pcollections.ConsPStack$Itr                         : loaded 2 times (x 82B)
Class org.jetbrains.kotlin.metadata.ProtoBuf$Annotation$Builder                       : loaded 2 times (x 136B)
Class org.jetbrains.kotlin.container.DefaultImplementation                            : loaded 2 times (x 70B)
Class org.jetbrains.kotlin.psi.KtUnaryExpression                                      : loaded 2 times (x 502B)
Class org.jetbrains.kotlin.resolve.PlatformConfiguratorBaseKt                         : loaded 2 times (x 71B)
Class org.jetbrains.kotlin.fir.scopes.jvm.JvmMappedScope$FirMappedSymbolStorage       : loaded 2 times (x 72B)
Class [Lorg.jetbrains.kotlin.fir.resolve.dfa.cfg.ExitSafeCallNode;                    : loaded 2 times (x 69B)
Class org.jetbrains.kotlin.cli.jvm.compiler.ClasspathRootsResolver$Companion          : loaded 2 times (x 71B)
Class org.jetbrains.kotlin.cli.jvm.modules.CliJavaModuleFinder                        : loaded 2 times (x 75B)
Class org.jetbrains.kotlin.com.intellij.DynamicBundle$1                               : loaded 2 times (x 78B)
Class org.jetbrains.kotlin.com.intellij.psi.PsiCaseLabelElement                       : loaded 2 times (x 70B)
Class org.jetbrains.kotlin.com.intellij.util.containers.ConcurrentFactoryMap$3        : loaded 2 times (x 148B)
Class org.jetbrains.kotlin.fir.declarations.builder.FirConstructedClassTypeParameterRefBuilder: loaded 2 times (x 72B)
Class org.jetbrains.kotlin.fir.declarations.RequireKotlinProvider                     : loaded 2 times (x 73B)
Class org.jetbrains.kotlin.com.intellij.psi.compiled.ClassFileDecompilers$Decompiler  : loaded 2 times (x 70B)
Class org.jetbrains.kotlin.com.intellij.psi.impl.file.PsiPackageImplementationHelper  : loaded 2 times (x 77B)
Class [Lorg.jetbrains.kotlin.com.intellij.psi.PsiTarget;                              : loaded 2 times (x 69B)
Class org.jetbrains.kotlin.com.intellij.openapi.fileTypes.PlainTextParserDefinition   : loaded 2 times (x 95B)
Class org.jetbrains.kotlin.com.intellij.psi.impl.source.tree.PlainTextASTFactory      : loaded 2 times (x 74B)
Class org.jetbrains.kotlin.com.intellij.util.containers.ConcurrentLongObjectMap       : loaded 2 times (x 70B)
Class org.jetbrains.kotlin.io.opentelemetry.api.trace.TracerProvider                  : loaded 2 times (x 70B)
Class org.jetbrains.kotlin.com.intellij.core.CoreApplicationEnvironment$1             : loaded 2 times (x 324B)
Class [Lorg.jetbrains.kotlin.com.intellij.lang.jvm.JvmTypeParametersOwner;            : loaded 2 times (x 69B)
Class org.jetbrains.kotlin.backend.jvm.JvmLoweringPhasesKt$jvmLoweringPhases$13       : loaded 2 times (x 125B)
Class org.jetbrains.kotlin.backend.jvm.lower.RecordEnclosingMethodsLowering           : loaded 2 times (x 80B)
Class org.jetbrains.kotlin.backend.common.lower.DefaultParameterCleaner               : loaded 2 times (x 88B)
Class org.jetbrains.kotlin.backend.jvm.lower.RemapObjectFieldAccesses                 : loaded 2 times (x 344B)
Class org.jetbrains.kotlin.com.intellij.util.containers.IntKeyWeakValueHashMap$MyReference: loaded 2 times (x 79B)
Class kotlin.reflect.jvm.internal.impl.builtins.functions.FunctionClassKind$Companion : loaded 2 times (x 71B)
Class org.jetbrains.kotlin.com.intellij.util.containers.ConcurrentIntObjectHashMap$ReservationNode: loaded 2 times (x 77B)
Class kotlin.collections.ReversedList$listIterator$1                                  : loaded 2 times (x 94B)
Class com.google.gson.ReflectionAccessFilter$FilterResult                             : loaded 2 times (x 79B)
Class com.google.gson.Gson$5                                                          : loaded 2 times (x 76B)
Class gnu.trove.PrimeFinder                                                           : loaded 2 times (x 71B)
Class com.amazon.ion.UnexpectedEofException                                           : loaded 2 times (x 84B)
Class com.amazon.ion.IonSexp                                                          : loaded 2 times (x 70B)
Class com.amazon.ion.ReadOnlyValueException                                           : loaded 2 times (x 84B)
Class com.amazon.ion.impl._Private_LocalSymbolTable                                   : loaded 2 times (x 70B)
Class com.amazon.ion.BufferConfiguration$DataHandler                                  : loaded 2 times (x 70B)
Class com.amazon.ion.impl._Private_IonBinaryWriterBuilder                             : loaded 2 times (x 115B)
Class org.jetbrains.plugins.gradle.tooling.serialization.RepositoriesModelSerializationService$WriteContext: loaded 2 times (x 72B)
Class com.android.ide.gradle.model.LegacyAndroidGradlePluginProperties                : loaded 2 times (x 70B)
Class com.android.ide.common.gradle.Part                                              : loaded 2 times (x 77B)
Class org.jetbrains.plugins.gradle.tooling.serialization.internal.IdeaProjectSerializationService: loaded 2 times (x 77B)
Class org.gradle.tooling.model.gradle.GradleScript                                    : loaded 2 times (x 70B)

---------------  S Y S T E M  ---------------

OS:
 Windows 11 , 64 bit Build 26100 (10.0.26100.8521)
OS uptime: 0 days 1:19 hours
Hyper-V role detected

CPU: total 8 (initial active 8) (4 cores per cpu, 2 threads per core) family 6 model 142 stepping 12 microcode 0xde, cx8, cmov, fxsr, ht, mmx, 3dnowpref, sse, sse2, sse3, ssse3, sse4.1, sse4.2, popcnt, lzcnt, tsc, tscinvbit, avx, avx2, aes, erms, clmul, bmi1, bmi2, adx, fma, vzeroupper, clflush, clflushopt, hv, rdtscp, f16c
Processor Information for the first 8 processors :
  Max Mhz: 1800, Current Mhz: 1600, Mhz Limit: 1584

Memory: 4k page, system-wide physical 8039M (619M free)
TotalPageFile size 14693M (AvailPageFile size 103M)
current process WorkingSet (physical memory assigned to process): 1132M, peak: 1334M
current process commit charge ("private bytes"): 1846M, peak: 2429M

vm_info: OpenJDK 64-Bit Server VM (21.0.10+-14961533-b1163.108) for windows-amd64 JRE (21.0.10+-14961533-b1163.108), built on 2026-03-02T19:58:50Z by "builder" with MS VC++ 16.10 / 16.11 (VS2019)

END.
