#
# There is insufficient memory for the Java Runtime Environment to continue.
# Native memory allocation (mmap) failed to map 65536 bytes. Error detail: Failed to commit metaspace.
# Possible reasons:
#   The system is out of physical RAM or swap space
#   This process is running with CompressedOops enabled, and the Java Heap may be blocking the growth of the native heap
# Possible solutions:
#   Reduce memory load on the system
#   Increase physical memory or swap space
#   Check if swap backing store is full
#   Decrease Java heap size (-Xmx/-Xms)
#   Decrease number of Java threads
#   Decrease Java thread stack sizes (-Xss)
#   Set larger code cache with -XX:ReservedCodeCacheSize=
#   JVM is running with Zero Based Compressed Oops mode in which the Java heap is
#     placed in the first 32GB address space. The Java Heap base address is the
#     maximum limit for the native heap growth. Please use -XX:HeapBaseMinAddress
#     to set the Java Heap base and to place the Java Heap above 32GB virtual address.
# This output file may be truncated or incomplete.
#
#  Out of Memory Error (virtualSpaceNode.cpp:113), pid=15236, tid=9112
#
# JRE version: OpenJDK Runtime Environment (21.0.10) (build 21.0.10+-14961533-b1163.108)
# Java VM: OpenJDK 64-Bit Server VM (21.0.10+-14961533-b1163.108, mixed mode, tiered, compressed oops, compressed class ptrs, g1 gc, windows-amd64)
# No core dump will be written. Minidumps are not enabled by default on client versions of Windows
#

---------------  S U M M A R Y ------------

Command Line: --add-opens=java.base/java.lang=ALL-UNNAMED --add-opens=java.base/java.lang.invoke=ALL-UNNAMED --add-opens=java.base/java.util=ALL-UNNAMED --add-opens=java.prefs/java.util.prefs=ALL-UNNAMED --add-exports=jdk.compiler/com.sun.tools.javac.api=ALL-UNNAMED --add-exports=jdk.compiler/com.sun.tools.javac.util=ALL-UNNAMED --add-opens=java.base/java.util=ALL-UNNAMED --add-opens=java.prefs/java.util.prefs=ALL-UNNAMED --add-opens=java.base/java.nio.charset=ALL-UNNAMED --add-opens=java.base/java.net=ALL-UNNAMED --add-opens=java.base/java.util.concurrent=ALL-UNNAMED --add-opens=java.base/java.util.concurrent.atomic=ALL-UNNAMED --add-opens=java.xml/javax.xml.namespace=ALL-UNNAMED --add-opens=java.base/java.time=ALL-UNNAMED -Xmx4g -Dfile.encoding=UTF-8 -Duser.country=CO -Duser.language=es -Duser.variant -javaagent:D:\Dev\caches\Gradle\wrapper\dists\gradle-9.4.1-bin\arn2x92ynaizyzdaamcbpbhtj\gradle-9.4.1\lib\agents\gradle-instrumentation-agent-9.4.1.jar org.gradle.launcher.daemon.bootstrap.GradleDaemon 9.4.1

Host: Intel(R) Core(TM) i5-8265U CPU @ 1.60GHz, 8 cores, 7G,  Windows 11 , 64 bit Build 26100 (10.0.26100.8521)
Time: Thu Jun  4 22:30:28 2026 Hora est. Pacífico, Sudamérica elapsed time: 7215.549291 seconds (0d 2h 0m 15s)

---------------  T H R E A D  ---------------

Current thread (0x000001624fec3430):  JavaThread "pool-30-thread-1"        [_thread_in_vm, id=9112, stack(0x00000013d9a00000,0x00000013d9b00000) (1024K)]

Stack: [0x00000013d9a00000,0x00000013d9b00000]
Native frames: (J=compiled Java code, j=interpreted, Vv=VM code, C=native code)
V  [jvm.dll+0x6d78a9]
V  [jvm.dll+0x8665b3]
V  [jvm.dll+0x868bde]
V  [jvm.dll+0x8692c3]
V  [jvm.dll+0x280ee6]
V  [jvm.dll+0x86146e]
V  [jvm.dll+0x67add5]
V  [jvm.dll+0x1e4911]
V  [jvm.dll+0x1e46de]
V  [jvm.dll+0x67d728]
V  [jvm.dll+0x67d562]
V  [jvm.dll+0x67b7ce]
V  [jvm.dll+0x3c2b6f]
V  [jvm.dll+0x20e6cb]
V  [jvm.dll+0x5b7fa1]
V  [jvm.dll+0x7df903]
V  [jvm.dll+0x7dfa4b]
V  [jvm.dll+0x4730c7]
V  [jvm.dll+0x478a18]
C  [java.dll+0x17ec]

Java frames: (J=compiled Java code, j=interpreted, Vv=VM code)
J 898  java.lang.ClassLoader.defineClass1(Ljava/lang/ClassLoader;Ljava/lang/String;[BIILjava/security/ProtectionDomain;Ljava/lang/String;)Ljava/lang/Class; java.base@21.0.10 (0 bytes) @ 0x00000162215bd991 [0x00000162215bd8c0+0x00000000000000d1]
J 69467 c2 java.net.URLClassLoader$1.run()Ljava/lang/Object; java.base@21.0.10 (5 bytes) @ 0x00000162230c6f1c [0x00000162230c5a60+0x00000000000014bc]
J 10814 c2 java.net.URLClassLoader.findClass(Ljava/lang/String;)Ljava/lang/Class; java.base@21.0.10 (47 bytes) @ 0x0000016221a4eb68 [0x0000016221a4eaa0+0x00000000000000c8]
J 12743 c2 java.lang.ClassLoader.loadClass(Ljava/lang/String;Z)Ljava/lang/Class; java.base@21.0.10 (121 bytes) @ 0x0000016221d7f944 [0x0000016221d7f600+0x0000000000000344]
J 3496 c2 java.lang.ClassLoader.loadClass(Ljava/lang/String;)Ljava/lang/Class; java.base@21.0.10 (7 bytes) @ 0x000001622164f3ec [0x000001622164f3a0+0x000000000000004c]
v  ~StubRoutines::call_stub 0x0000016220fc100d
j  org.jetbrains.kotlin.psi.stubs.elements.KtEnumEntrySuperClassReferenceExpressionElementType.<init>(Ljava/lang/String;)V+8
j  org.jetbrains.kotlin.psi.stubs.elements.KtStubElementTypes.<clinit>()V+544
v  ~StubRoutines::call_stub 0x0000016220fc100d
j  org.jetbrains.kotlin.KtNodeTypes.<clinit>()V+13
v  ~StubRoutines::call_stub 0x0000016220fc100d
j  org.jetbrains.kotlin.lexer.KtTokens.<clinit>()V+3490
v  ~StubRoutines::call_stub 0x0000016220fc100d
j  org.jetbrains.kotlin.resolve.calls.checkers.DeprecatedCallChecker.<clinit>()V+20
v  ~StubRoutines::call_stub 0x0000016220fc100d
j  org.jetbrains.kotlin.resolve.PlatformConfiguratorBaseKt.<clinit>()V+438
v  ~StubRoutines::call_stub 0x0000016220fc100d
j  org.jetbrains.kotlin.resolve.PlatformConfiguratorBase.platformSpecificContainer$lambda$0(Lorg/jetbrains/kotlin/resolve/PlatformConfiguratorBase;Lorg/jetbrains/kotlin/container/StorageComponentContainer;)Lkotlin/Unit;+7
j  org.jetbrains.kotlin.resolve.PlatformConfiguratorBase$$Lambda+0x0000000801890990.invoke(Ljava/lang/Object;)Ljava/lang/Object;+8
j  org.jetbrains.kotlin.container.DslKt.composeContainer(Ljava/lang/String;Lorg/jetbrains/kotlin/container/StorageComponentContainer;Lkotlin/jvm/functions/Function1;)Lorg/jetbrains/kotlin/container/StorageComponentContainer;+24
j  org.jetbrains.kotlin.container.DslKt.composeContainer$default(Ljava/lang/String;Lorg/jetbrains/kotlin/container/StorageComponentContainer;Lkotlin/jvm/functions/Function1;ILjava/lang/Object;)Lorg/jetbrains/kotlin/container/StorageComponentContainer;+11
j  org.jetbrains.kotlin.resolve.PlatformConfiguratorBase.<init>(Lorg/jetbrains/kotlin/types/DynamicTypesSettings;Ljava/util/List;Ljava/util/List;Ljava/util/List;Ljava/util/List;Ljava/util/List;Ljava/util/List;Ljava/util/List;Lorg/jetbrains/kotlin/resolve/IdentifierChecker;Lorg/jetbrains/kotlin/resolve/OverloadFilter;Lorg/jetbrains/kotlin/builtins/PlatformToKotlinClassMapper;Lorg/jetbrains/kotlin/builtins/PlatformSpecificCastChecker;Lorg/jetbrains/kotlin/resolve/lazy/DelegationFilter;Lorg/jetbrains/kotlin/resolve/OverridesBackwardCompatibilityHelper;Lorg/jetbrains/kotlin/resolve/DeclarationReturnTypeSanitizer;)V+161
j  org.jetbrains.kotlin.resolve.PlatformConfiguratorBase.<init>(Lorg/jetbrains/kotlin/types/DynamicTypesSettings;Ljava/util/List;Ljava/util/List;Ljava/util/List;Ljava/util/List;Ljava/util/List;Ljava/util/List;Ljava/util/List;Lorg/jetbrains/kotlin/resolve/IdentifierChecker;Lorg/jetbrains/kotlin/resolve/OverloadFilter;Lorg/jetbrains/kotlin/builtins/PlatformToKotlinClassMapper;Lorg/jetbrains/kotlin/builtins/PlatformSpecificCastChecker;Lorg/jetbrains/kotlin/resolve/lazy/DelegationFilter;Lorg/jetbrains/kotlin/resolve/OverridesBackwardCompatibilityHelper;Lorg/jetbrains/kotlin/resolve/DeclarationReturnTypeSanitizer;ILkotlin/jvm/internal/DefaultConstructorMarker;)V+209
j  org.jetbrains.kotlin.analyzer.common.CommonPlatformConfigurator.<init>()V+20
j  org.jetbrains.kotlin.analyzer.common.CommonPlatformConfigurator.<clinit>()V+4
v  ~StubRoutines::call_stub 0x0000016220fc100d
j  org.jetbrains.kotlin.analyzer.common.CommonPlatformAnalyzerServices.<clinit>()V+10
v  ~StubRoutines::call_stub 0x0000016220fc100d
j  org.jetbrains.kotlin.fir.session.ComponentsContainersKt.registerDefaultComponents(Lorg/jetbrains/kotlin/fir/FirSession;)V+109
j  org.jetbrains.kotlin.fir.session.FirJvmSessionFactory.registerLibrarySessionComponents(Lorg/jetbrains/kotlin/fir/FirSession;Lorg/jetbrains/kotlin/fir/session/FirJvmSessionFactory$LibraryContext;)V+13
j  org.jetbrains.kotlin.fir.session.FirJvmSessionFactory.registerLibrarySessionComponents(Lorg/jetbrains/kotlin/fir/FirSession;Ljava/lang/Object;)V+6
j  org.jetbrains.kotlin.fir.session.FirAbstractSessionFactory.createSharedLibrarySession(Lorg/jetbrains/kotlin/name/Name;Ljava/lang/Object;Lorg/jetbrains/kotlin/fir/java/FirProjectSessionProvider;Lorg/jetbrains/kotlin/config/LanguageVersionSettings;Ljava/util/List;Lkotlin/jvm/functions/Function4;)Lorg/jetbrains/kotlin/fir/FirSession;+80
j  org.jetbrains.kotlin.fir.session.FirJvmSessionFactory.createSharedLibrarySession(Lorg/jetbrains/kotlin/name/Name;Lorg/jetbrains/kotlin/fir/java/FirProjectSessionProvider;Lorg/jetbrains/kotlin/fir/session/environment/AbstractProjectEnvironment;Ljava/util/List;Lorg/jetbrains/kotlin/fir/session/environment/AbstractProjectFileSearchScope;Lorg/jetbrains/kotlin/load/kotlin/PackagePartProvider;Lorg/jetbrains/kotlin/config/LanguageVersionSettings;Lorg/jetbrains/kotlin/fir/session/FirSharableJavaComponents;)Lorg/jetbrains/kotlin/fir/FirSession;+79
j  org.jetbrains.kotlin.cli.pipeline.jvm.JvmFrontendPipelinePhase.prepareJvmSessions(Ljava/util/List;Lorg/jetbrains/kotlin/name/Name;Lorg/jetbrains/kotlin/config/CompilerConfiguration;Lorg/jetbrains/kotlin/cli/jvm/compiler/VfsBasedProjectEnvironment;Lorg/jetbrains/kotlin/fir/session/environment/AbstractProjectFileSearchScope;Lorg/jetbrains/kotlin/fir/DependencyListForCliModule;Lkotlin/jvm/functions/Function1;Lkotlin/jvm/functions/Function1;Lkotlin/jvm/functions/Function2;Lkotlin/jvm/functions/Function1;)Ljava/util/List;+390
j  org.jetbrains.kotlin.cli.pipeline.jvm.JvmFrontendPipelinePhase.executePhase(Lorg/jetbrains/kotlin/cli/pipeline/ConfigurationPipelineArtifact;)Lorg/jetbrains/kotlin/cli/pipeline/jvm/JvmFrontendPipelineArtifact;+821
j  org.jetbrains.kotlin.cli.pipeline.jvm.JvmFrontendPipelinePhase.executePhase(Lorg/jetbrains/kotlin/cli/pipeline/PipelineArtifact;)Lorg/jetbrains/kotlin/cli/pipeline/PipelineArtifact;+5
j  org.jetbrains.kotlin.cli.pipeline.PipelinePhase.phaseBody(Lorg/jetbrains/kotlin/cli/pipeline/PipelineContext;Lorg/jetbrains/kotlin/cli/pipeline/PipelineArtifact;)Lorg/jetbrains/kotlin/cli/pipeline/PipelineArtifact;+14
j  org.jetbrains.kotlin.cli.pipeline.PipelinePhase.phaseBody(Lorg/jetbrains/kotlin/config/LoggingContext;Ljava/lang/Object;)Ljava/lang/Object;+9
j  org.jetbrains.kotlin.config.phaser.NamedCompilerPhase.invoke(Lorg/jetbrains/kotlin/config/phaser/PhaseConfig;Lorg/jetbrains/kotlin/config/phaser/PhaserState;Lorg/jetbrains/kotlin/config/LoggingContext;Ljava/lang/Object;)Ljava/lang/Object;+304
j  org.jetbrains.kotlin.backend.common.phaser.CompositePhase.invoke(Lorg/jetbrains/kotlin/config/phaser/PhaseConfig;Lorg/jetbrains/kotlin/config/phaser/PhaserState;Lorg/jetbrains/kotlin/config/LoggingContext;Ljava/lang/Object;)Ljava/lang/Object;+87
j  org.jetbrains.kotlin.config.phaser.CompilerPhaseKt.invokeToplevel(Lorg/jetbrains/kotlin/config/phaser/CompilerPhase;Lorg/jetbrains/kotlin/config/phaser/PhaseConfig;Lorg/jetbrains/kotlin/config/LoggingContext;Ljava/lang/Object;)Ljava/lang/Object;+35
j  org.jetbrains.kotlin.cli.pipeline.AbstractCliPipeline.runPhasedPipeline(Lorg/jetbrains/kotlin/cli/pipeline/ArgumentsPipelineArtifact;)Lorg/jetbrains/kotlin/cli/common/ExitCode;+79
j  org.jetbrains.kotlin.cli.pipeline.AbstractCliPipeline.execute(Lorg/jetbrains/kotlin/cli/common/arguments/CommonCompilerArguments;Lorg/jetbrains/kotlin/config/Services;Lorg/jetbrains/kotlin/cli/common/messages/MessageCollector;)Lorg/jetbrains/kotlin/cli/common/ExitCode;+169
j  org.jetbrains.kotlin.cli.jvm.K2JVMCompiler.doExecutePhased(Lorg/jetbrains/kotlin/cli/common/arguments/K2JVMCompilerArguments;Lorg/jetbrains/kotlin/config/Services;Lorg/jetbrains/kotlin/cli/common/messages/MessageCollector;)Lorg/jetbrains/kotlin/cli/common/ExitCode;+35
j  org.jetbrains.kotlin.cli.jvm.K2JVMCompiler.doExecutePhased(Lorg/jetbrains/kotlin/cli/common/arguments/CommonCompilerArguments;Lorg/jetbrains/kotlin/config/Services;Lorg/jetbrains/kotlin/cli/common/messages/MessageCollector;)Lorg/jetbrains/kotlin/cli/common/ExitCode;+7
j  org.jetbrains.kotlin.cli.common.CLICompiler.execImpl(Lorg/jetbrains/kotlin/cli/common/messages/MessageCollector;Lorg/jetbrains/kotlin/config/Services;Lorg/jetbrains/kotlin/cli/common/arguments/CommonCompilerArguments;)Lorg/jetbrains/kotlin/cli/common/ExitCode;+17
j  org.jetbrains.kotlin.cli.common.CLICompiler.exec(Lorg/jetbrains/kotlin/cli/common/messages/MessageCollector;Lorg/jetbrains/kotlin/config/Services;Lorg/jetbrains/kotlin/cli/common/arguments/CommonCompilerArguments;)Lorg/jetbrains/kotlin/cli/common/ExitCode;+88
j  org.jetbrains.kotlin.cli.common.CLICompiler.exec(Ljava/io/PrintStream;Lorg/jetbrains/kotlin/config/Services;Lorg/jetbrains/kotlin/cli/common/messages/MessageRenderer;[Ljava/lang/String;)Lorg/jetbrains/kotlin/cli/common/ExitCode;+259
j  org.jetbrains.kotlin.cli.common.CLICompiler.execAndOutputXml(Ljava/io/PrintStream;Lorg/jetbrains/kotlin/config/Services;[Ljava/lang/String;)Lorg/jetbrains/kotlin/cli/common/ExitCode;+31
j  java.lang.invoke.DirectMethodHandle$Holder.invokeSpecial(Ljava/lang/Object;Ljava/lang/Object;Ljava/lang/Object;Ljava/lang/Object;Ljava/lang/Object;)Ljava/lang/Object;+16 java.base@21.0.10
j  java.lang.invoke.LambdaForm$MH+0x00000008007c4400.invoke(Ljava/lang/Object;Ljava/lang/Object;Ljava/lang/Object;Ljava/lang/Object;Ljava/lang/Object;)Ljava/lang/Object;+93 java.base@21.0.10
J 60296 c2 java.lang.reflect.Method.invoke(Ljava/lang/Object;[Ljava/lang/Object;)Ljava/lang/Object; java.base@21.0.10 (108 bytes) @ 0x0000016222007c84 [0x0000016222007500+0x0000000000000784]
j  org.jetbrains.kotlin.compilerRunner.GradleKotlinCompilerWork.compileInProcessImpl(Lorg/jetbrains/kotlin/cli/common/messages/MessageCollector;)Lorg/jetbrains/kotlin/cli/common/ExitCode;+324
j  org.jetbrains.kotlin.compilerRunner.GradleKotlinCompilerWork.access$compileInProcessImpl(Lorg/jetbrains/kotlin/compilerRunner/GradleKotlinCompilerWork;Lorg/jetbrains/kotlin/cli/common/messages/MessageCollector;)Lorg/jetbrains/kotlin/cli/common/ExitCode;+2
j  org.jetbrains.kotlin.compilerRunner.GradleKotlinCompilerWork$compileInProcess$future$1.call()Lorg/jetbrains/kotlin/cli/common/ExitCode;+11
j  org.jetbrains.kotlin.compilerRunner.GradleKotlinCompilerWork$compileInProcess$future$1.call()Ljava/lang/Object;+1
J 175201 c2 java.util.concurrent.FutureTask.run()V java.base@21.0.10 (123 bytes) @ 0x0000016222571108 [0x0000016222570b80+0x0000000000000588]
J 95280 c1 java.util.concurrent.ThreadPoolExecutor.runWorker(Ljava/util/concurrent/ThreadPoolExecutor$Worker;)V java.base@21.0.10 (187 bytes) @ 0x000001621dc7f0d4 [0x000001621dc7e740+0x0000000000000994]
j  java.util.concurrent.ThreadPoolExecutor$Worker.run()V+5 java.base@21.0.10
J 160757 c1 java.lang.Thread.run()V java.base@21.0.10 (23 bytes) @ 0x000001621bf4f874 [0x000001621bf4f660+0x0000000000000214]
v  ~StubRoutines::call_stub 0x0000016220fc100d

Compiled method (n/a) 7216350  898     n 0       java.lang.ClassLoader::defineClass1 (native)
 total in heap  [0x00000162215bd710,0x00000162215bdca8] = 1432
 relocation     [0x00000162215bd870,0x00000162215bd8a8] = 56
 main code      [0x00000162215bd8c0,0x00000162215bdca1] = 993
 stub code      [0x00000162215bdca1,0x00000162215bdca8] = 7

[Constant Pool (empty)]

[MachCode]
[Entry Point]
  # {method} {0x0000016231025040} 'defineClass1' '(Ljava/lang/ClassLoader;Ljava/lang/String;[BIILjava/security/ProtectionDomain;Ljava/lang/String;)Ljava/lang/Class;' in 'java/lang/ClassLoader'
  # parm0:    rdx:rdx   = 'java/lang/ClassLoader'
  # parm1:    r8:r8     = 'java/lang/String'
  # parm2:    r9:r9     = '[B'
  # parm3:    rdi       = int
  # parm4:    rsi       = int
  # parm5:    rcx:rcx   = 'java/security/ProtectionDomain'
  # parm6:    [sp+0xa0]   = 'java/lang/String'  (sp of caller)
  0x00000162215bd8c0: 448b 5208 | 49bb 0000 | 0000 0800 | 0000 4d03 | d349 3bc2 | 0f84 0600 

  0x00000162215bd8d8: ;   {runtime_call ic_miss_stub}
  0x00000162215bd8d8: 0000 e9a1 | 0ea5 ff90 
[Verified Entry Point]
  0x00000162215bd8e0: 8984 2400 | 80ff ff55 | 488b ec48 | 81ec 9000 | 0000 6690 | 4181 7f20 | 6500 0000 

  0x00000162215bd8fc: ;   {runtime_call StubRoutines (final stubs)}
  0x00000162215bd8fc: 7405 e8dd | d9a3 ff48 | 837d 1000 | 488d 4510 | 480f 4445 | 1048 8944 | 2440 4889 | 4c24 7048 
  0x00000162215bd91c: 83f9 0048 | 8d44 2470 | 480f 4444 | 2470 4889 | 4424 3848 | 8974 2430 | 4889 7c24 | 284c 894c 
  0x00000162215bd93c: 2458 4983 | f900 488d | 4424 5848 | 0f44 4424 | 5848 8944 | 2420 4c89 | 4424 5049 | 83f8 004c 
  0x00000162215bd95c: 8d4c 2450 | 4c0f 444c | 2450 4889 | 5424 4848 | 83fa 004c | 8d44 2448 | 4c0f 4444 

  0x00000162215bd978: ;   {oop(a 'java/lang/Class'{0x0000000700646d40} = 'java/lang/ClassLoader')}
  0x00000162215bd978: 2448 49be | 406d 6400 | 0700 0000 | 4c89 7424 | 784c 8d74 | 2478 498b | d6c5 f877 

  0x00000162215bd994: ;   {internal_word}
  0x00000162215bd994: 49ba 91d9 | 5b21 6201 | 0000 4d89 | 97a8 0300 | 0049 89a7 | a003 0000 

  0x00000162215bd9ac: ;   {external_word}
  0x00000162215bd9ac: 49ba a8fa | b708 fd7f | 0000 4180 | 3a00 0f84 | 4e00 0000 | 5241 5041 

  0x00000162215bd9c4: ;   {metadata({method} {0x0000016231025040} 'defineClass1' '(Ljava/lang/ClassLoader;Ljava/lang/String;[BIILjava/security/ProtectionDomain;Ljava/lang/String;)Ljava/lang/Class;' in 'java/lang/ClassLoader')}
  0x00000162215bd9c4: 5148 ba38 | 5002 3162 | 0100 0049 | 8bcf 4883 | ec20 40f6 | c40f 0f84 | 1900 0000 | 4883 ec08 
  0x00000162215bd9e4: ;   {runtime_call}
  0x00000162215bd9e4: 48b8 30e9 | 7108 fd7f | 0000 ffd0 | 4883 c408 | e90c 0000 

  0x00000162215bd9f8: ;   {runtime_call}
  0x00000162215bd9f8: 0048 b830 | e971 08fd | 7f00 00ff | d048 83c4 | 2041 5941 | 585a 498d | 8fc0 0300 | 0041 c787 
  0x00000162215bda18: 4c04 0000 | 0400 0000 

  0x00000162215bda20: ;   {runtime_call}
  0x00000162215bda20: 48b8 ac16 | fa07 fd7f | 0000 ffd0 | c5f8 7741 | c787 4c04 | 0000 0500 | 0000 f083 | 4424 c000 
  0x00000162215bda40: 493b af50 | 0400 000f | 870e 0000 | 0041 83bf | 4804 0000 | 000f 842b | 0000 00c5 | f877 4889 
  0x00000162215bda60: 45f8 498b | cf4c 8be4 | 4883 ec20 | 4883 e4f0 

  0x00000162215bda70: ;   {runtime_call}
  0x00000162215bda70: 48b8 e01e | 3d08 fd7f | 0000 ffd0 | 498b e44d | 33e4 488b | 45f8 41c7 | 874c 0400 | 0008 0000 
  0x00000162215bda90: 0041 83bf | c804 0000 | 020f 84d5 

  0x00000162215bda9c: ;   {external_word}
  0x00000162215bda9c: 0100 0049 | baa8 fab7 | 08fd 7f00 | 0041 803a | 000f 844c | 0000 0048 

  0x00000162215bdab4: ;   {metadata({method} {0x0000016231025040} 'defineClass1' '(Ljava/lang/ClassLoader;Ljava/lang/String;[BIILjava/security/ProtectionDomain;Ljava/lang/String;)Ljava/lang/Class;' in 'java/lang/ClassLoader')}
  0x00000162215bdab4: 8945 f848 | ba38 5002 | 3162 0100 | 0049 8bcf | 4883 ec20 | 40f6 c40f | 0f84 1900 | 0000 4883 
  0x00000162215bdad4: ;   {runtime_call}
  0x00000162215bdad4: ec08 48b8 | 30e9 7108 | fd7f 0000 | ffd0 4883 | c408 e90c 

  0x00000162215bdae8: ;   {runtime_call}
  0x00000162215bdae8: 0000 0048 | b830 e971 | 08fd 7f00 | 00ff d048 | 83c4 2048 | 8b45 f849 | c787 a003 | 0000 0000 
  0x00000162215bdb08: 0000 49c7 | 87a8 0300 | 0000 0000 | 00c5 f877 | 4885 c00f | 8430 0100 | 00a8 030f | 8508 0000 
  0x00000162215bdb28: 0048 8b00 | e920 0100 | 00a8 010f | 8509 0000 | 0048 8b40 | fee9 0f01 | 0000 488b | 40ff 4180 
  0x00000162215bdb48: 7f40 000f | 8400 0100 | 0048 83f8 | 000f 84f6 | 0000 0049 | 8b4f 2848 | 83f9 000f | 8414 0000 
  0x00000162215bdb68: 0048 83e9 | 0849 894f | 2849 034f | 3848 8901 | e9d4 0000 | 0048 83ec | 7048 8904 | 2448 894c 
  0x00000162215bdb88: 2408 4889 | 5424 104c | 8944 2418 | 4c89 4c24 | 204c 8954 | 2428 4c89 | 5c24 30c5 | fb11 4424 
  0x00000162215bdba8: 40c5 fb11 | 4c24 48c5 | fb11 5424 | 50c5 fb11 | 5c24 58c5 | fb11 6424 | 60c5 fb11 | 6c24 6849 
  0x00000162215bdbc8: 8bd7 488b | c848 83ec | 2040 f6c4 | 0f0f 8419 | 0000 0048 

  0x00000162215bdbdc: ;   {runtime_call}
  0x00000162215bdbdc: 83ec 0848 | b800 2a30 | 08fd 7f00 | 00ff d048 | 83c4 08e9 | 0c00 0000 

  0x00000162215bdbf4: ;   {runtime_call}
  0x00000162215bdbf4: 48b8 002a | 3008 fd7f | 0000 ffd0 | 4883 c420 | c5fb 106c | 2468 c5fb | 1064 2460 | c5fb 105c 
  0x00000162215bdc14: 2458 c5fb | 1054 2450 | c5fb 104c | 2448 c5fb | 1044 2440 | 4c8b 5c24 | 304c 8b54 | 2428 4c8b 
  0x00000162215bdc34: 4c24 204c | 8b44 2418 | 488b 5424 | 1048 8b4c | 2408 488b | 0424 4883 | c470 c5f8 | 7749 8b8f 
  0x00000162215bdc54: 3004 0000 | c781 0001 | 0000 0000 | 0000 c949 | 837f 0800 | 0f85 0100 

  0x00000162215bdc6c: ;   {runtime_call StubRoutines (initial stubs)}
  0x00000162215bdc6c: 0000 c3e9 | 8c32 a0ff | c5f8 7748 | 8945 f84c | 8be4 4883 | ec20 4883 

  0x00000162215bdc84: ;   {runtime_call}
  0x00000162215bdc84: e4f0 48b8 | 8020 7208 | fd7f 0000 | ffd0 498b | e44d 33e4 | 488b 45f8 | e9fe fdff | fff4 f4f4 
  0x00000162215bdca4: f4f4 f4f4 
[/MachCode]


Compiled method (c2) 7216366 69467       4       java.net.URLClassLoader$1::run (5 bytes)
 total in heap  [0x00000162230c5390,0x00000162230ce7f0] = 37984
 relocation     [0x00000162230c54f0,0x00000162230c5a50] = 1376
 main code      [0x00000162230c5a60,0x00000162230cb2b0] = 22608
 stub code      [0x00000162230cb2b0,0x00000162230cb498] = 488
 oops           [0x00000162230cb498,0x00000162230cb4d8] = 64
 metadata       [0x00000162230cb4d8,0x00000162230cb9b8] = 1248
 scopes data    [0x00000162230cb9b8,0x00000162230cd528] = 7024
 scopes pcs     [0x00000162230cd528,0x00000162230cdf88] = 2656
 dependencies   [0x00000162230cdf88,0x00000162230ce0e0] = 344
 handler table  [0x00000162230ce0e0,0x00000162230ce6f8] = 1560
 nul chk table  [0x00000162230ce6f8,0x00000162230ce7f0] = 248

[Constant Pool (empty)]

[MachCode]
[Entry Point]
  # {method} {0x00000162316d7b68} 'run' '()Ljava/lang/Object;' in 'java/net/URLClassLoader$1'
  #           [sp+0x100]  (sp of caller)
  0x00000162230c5a60: 448b 5208 | 49bb 0000 | 0000 0800 | 0000 4d03 | d349 3bc2 

  0x00000162230c5a74: ;   {runtime_call ic_miss_stub}
  0x00000162230c5a74: 0f85 068d | f4fd 6690 | 0f1f 4000 
[Verified Entry Point]
  0x00000162230c5a80: 8984 2400 | 80ff ff55 | 4881 ecf0 | 0000 0090 | 4181 7f20 | 6500 0000 | 0f85 0558 | 0000 4889 
  0x00000162230c5aa0: 5424 5844 | 8b4a 0c47 | 0fbe 54cc | 1045 85d2 | 0f85 163a | 0000 478b | 5ccc 140f | 1f44 0000 
  0x00000162230c5ac0: ; implicit exception: dispatches to 0x00000162230ca8b0
  0x00000162230c5ac0: 478b 44dc | 0c4b 8d3c | cc45 85c0 | 0f86 7e04 | 0000 458b | d041 ffca | 0f1f 8400 | 0000 0000 
  0x00000162230c5ae0: 453b d00f | 838f 3500 | 0041 8d70 | fd4b 8d14 | dc43 807c | dc10 2e0f | 8418 1900 | 0066 6690 
  0x00000162230c5b00: 83fe 010f | 8e9b 3500 | 00bd 0100 | 0000 b801 | 0000 0041 | 8bc8 2bcd | 83c1 fd33 | db3b f50f 
  0x00000162230c5b20: 4ccb 81f9 | a00f 0000 | 41bd a00f | 0000 410f | 47cd 03cd | 458b ea44 | 8bf6 eb06 | 0f1f 4000 
  0x00000162230c5b40: 8beb 4863 | dd44 0fbe | 541a 1041 | 83fa 2e0f | 845a 0100 | 0044 0fbe | 541a 110f | 1f44 0000 
  0x00000162230c5b60: 4183 fa2e | 0f84 3e01 | 0000 440f | be54 1a12 

  0x00000162230c5b70: ;   {no_reloc}
  0x00000162230c5b70: 4183 fa2e | 0f84 3201 | 0000 440f | be54 1a13 | 4183 fa2e | 0f84 1b01 | 0000 8d5d | 043b d97c 
  0x00000162230c5b90: af49 8bb7 | 5804 0000 | 83c5 0348 

  0x00000162230c5b9c: ; ImmutableOopMap {r11=NarrowOop r9=NarrowOop rcx=Oop rdi=Oop rdx=Oop [88]=Oop }
                      ;*if_icmpne {reexecute=1 rethrow=0 return_oop=0}
                      ; - (reexecute) java.lang.StringLatin1::replace@28
                      ; - java.lang.String::replace@18
                      ; - java.net.URLClassLoader$1::run@8
                      ; - java.net.URLClassLoader$1::run@1
  0x00000162230c5b9c: 8b4c 2458 

  0x00000162230c5ba0: ;   {poll}
  0x00000162230c5ba0: 8506 413b | de0f 8d79 | 0300 008b | eb45 8bd5 | 418b f6e9 | 5bff ffff | 0f1f 8400 | 0000 0000 
  0x00000162230c5bc0: 8944 244c | 4863 4424 | 4c44 0fbe | 5c02 1045 | 885c 0510 | 440f be44 | 0211 4588 | 4405 118b 
  0x00000162230c5be0: 4424 4c83 | c002 3bc1 | 7cd6 4d8b | 9f58 0400 

  0x00000162230c5bf0: ; ImmutableOopMap {r9=NarrowOop rdi=Oop rdx=Oop rsi=NarrowOop r13=Oop [88]=Oop }
                      ;*goto {reexecute=1 rethrow=0 return_oop=0}
                      ; - (reexecute) java.lang.StringLatin1::replace@76
                      ; - java.lang.String::replace@18
                      ; - java.net.URLClassLoader$1::run@8
                      ; - java.net.URLClassLoader$1::run@1
                      ;   {poll}
  0x00000162230c5bf0: 0041 8503 | 413b c20f | 8c95 0000 | 0044 8bde | 458b c63b | c57d 1b90 | 4863 c844 | 0fbe 540a 
  0x00000162230c5c10: 1045 8854 | 0d10 8bd8 | ffc3 3bdd | 7d04 8bc3 | ebe6 498b | cd41 3be8 | 0f8d a802 | 0000 413b 
  0x00000162230c5c30: e80f 83c9 | 3400 0044 | 8b54 2434 | 0f1f 4000 | 453b d00f | 83b7 3400 | 0044 8bcd | 41ff c14c 
  0x00000162230c5c50: 63d5 460f | be5c 1210 | 0f1f 8400 | 0000 0000 | 4183 fb2e | 0f84 d016 | 0000 4688 | 5c11 1044 
  0x00000162230c5c70: 8bd5 41ff | c245 3bd1 | 7d05 418b | eaeb d090 | 443b 5424 | 480f 8d1a | 0200 00ff | c5e9 b801 
  0x00000162230c5c90: 0000 8944 | 244c 448b | de45 8bc6 | 0f1f 4000 | e9df 0000 | 0083 c502 | ffc5 eb03 | 83c5 0245 
  0x00000162230c5cb0: 8bd5 418b | f68b c866 | 0f1f 8400 | 0000 0000 | 413b e80f | 8d87 0200 | 0041 81f8 | 0000 1000 
  0x00000162230c5cd0: 0f87 0f2a | 0000 894c | 244c 8974 | 2448 4489 | 5424 3449 | 8b8f b801 | 0000 4d63 | d049 83c2 
  0x00000162230c5cf0: ;   {no_reloc}
  0x00000162230c5cf0: 1749 83e2 | f848 8bd9 | 4903 da0f | 1f44 0000 | 493b 9fc8 | 0100 000f | 83e5 2900 | 0049 899f 
  0x00000162230c5d10: b801 0000 | 0f0d 8bc0 | 0000 0048 | c701 0100 | 0000 0f0d | 8b00 0100 

  0x00000162230c5d28: ;   {metadata({type array byte})}
  0x00000162230c5d28: 00c7 4108 | c80a 0400 | 4489 410c | 0f0d 8b40 | 0100 000f | 0d8b 8001 | 0000 85ed | 0f8e dbfe 
  0x00000162230c5d48: ffff 448b | d541 ffca | 453b d00f | 8397 3700 | 000f 1f80 | 0000 0000 | 4585 c00f | 8687 3700 
  0x00000162230c5d68: 004c 8be9 | 430f be5c | dc10 8859 | 1041 83fa | 010f 8e9d | 3700 00bb | d007 0000 | 8bcd 2b4c 
  0x00000162230c5d88: 244c ffc9 | 33f6 443b | 5424 4c0f | 4cce 81f9 | d007 0000 | 0f47 cb03 | 4c24 4c41 | 8bf3 458b 
  0x00000162230c5da8: f0e9 16fe | ffff 41bb | 2f00 0000 | 0f1f 8400 | 0000 0000 | 6666 6690 | 4688 5c11 | 1246 0fbe 
  0x00000162230c5dc8: 5c12 1341 | 83fb 2e0f | 8457 0000 | 0046 885c | 1113 83c5 | 0466 6690 | 413b e90f | 8d4b 0000 
  0x00000162230c5de8: 004c 63d5 | 460f be5c | 1210 4183 | fb2e 7424 | 4688 5c11 | 1046 0fbe | 5c12 1141 | 83fb 2e74 
  0x00000162230c5e08: 1b46 885c | 1111 460f | be5c 1212 | 4183 fb2e | 75a6 eb92 | 41bb 2f00 | 0000 ebd4 | 41bb 2f00 
  0x00000162230c5e28: ;   {no_reloc}
  0x00000162230c5e28: 0000 ebdd | 41bb 2f00 | 0000 eba1 | 4d8b 9758 

  0x00000162230c5e38: ; ImmutableOopMap {rcx=Oop rdi=Oop rdx=Oop [88]=Oop }
                      ;*goto {reexecute=1 rethrow=0 return_oop=0}
                      ; - (reexecute) java.lang.StringLatin1::replace@113
                      ; - java.lang.String::replace@18
                      ; - java.net.URLClassLoader$1::run@8
                      ; - java.net.URLClassLoader$1::run@1
                      ;   {poll}
  0x00000162230c5e38: 0400 0041 | 8502 6690 | 3b6c 2448 | 0f8d 5e00 | 0000 458b | c844 2bcd | 4183 c1fd | 8b5c 2448 
  0x00000162230c5e58: 4533 d23b | dd45 0f4c | ca41 81f9 | a00f 0000 | 41bb a00f | 0000 450f | 47cb 4403 | cde9 6fff 
  0x00000162230c5e78: ffff 42c6 | 4405 102e | 42c6 4405 | 1163 42c6 | 4405 126c | 42c6 4405 | 1361 42c6 | 4405 1473 
  0x00000162230c5e98: 42c6 4405 | 1573 6690 | e9bd 0100 | 0041 8bea | 413b e87d | 2966 6690 | 4c63 d546 | 0fbe 4c12 
  0x00000162230c5eb8: 100f 1f80 | 0000 0000 | 4183 f92e | 0f84 4015 | 0000 4688 | 4c11 10ff | c541 3be8 | 7cda 4d8b 
  0x00000162230c5ed8: 87b8 0100 | 004d 8bd0 | 4983 c218 | 4d3b 97c8 | 0100 000f | 8360 2800 | 004d 8997 | b801 0000 
  0x00000162230c5ef8: 410f 0d8a | c000 0000 | 49c7 0001 

  0x00000162230c5f04: ;   {metadata('java/lang/String')}
  0x00000162230c5f04: 0000 0041 | c740 0890 | 2004 0045 | 8960 0c4d | 8960 104c | 8bd9 49c1 | eb03 4589 | 5814 eb36 
  0x00000162230c5f24: 458b d541 | 8bf6 8bc8 | 413b d87d | 1f66 6690 | 0fbe 6c1a | 100f 1f80 | 0000 0000 | 83fd 2e0f 
  0x00000162230c5f44: 8481 2d00 | 00ff c341 | 3bd8 7ce4 | 498b cb48 | c1e1 034c | 8bc7 448b | 510c 6690 | 4585 d20f 
  0x00000162230c5f64: 86e6 1300 | 0041 0fbe | 5810 c442 | 62f7 ca49 | 63f1 83fb | 010f 84e9 | 3500 0090 | 4585 c90f 
  0x00000162230c5f84: 8c9c 3500 | 0048 8d46 | 068b e885 | ed0f 8cb5 | 3500 004c | 8bd8 49c1 | fb20 458b | dbc4 6221 
  0x00000162230c5fa4: f7dd 4585 | db0f 8ce1 | 3500 0041 | 81fb 0000 | 1000 0f87 | f730 0000 | 4963 fb90 | 4181 fb00 
  0x00000162230c5fc4: 0010 000f | 876d 2500 | 0049 8baf | b801 0000 | 4883 c717 | 4883 e7f8 | 488b d548 | 03d7 493b 
  0x00000162230c5fe4: 97c8 0100 | 000f 834b | 2500 0049 | 8997 b801 | 0000 0f0d | 8ac0 0000 | 0048 c745 | 0001 0000 
  0x00000162230c6004: ;   {no_reloc}
  0x00000162230c6004: 000f 0d8a | 0001 0000 

  0x00000162230c600c: ;   {metadata({type array byte})}
  0x00000162230c600c: c745 08c8 | 0a04 0044 | 895d 0c0f | 0d8a 4001 | 0000 0f0d | 8a80 0100 | 0041 8d79 | 0644 3bdf 
  0x00000162230c602c: 0f82 8930 | 0000 4d63 | c145 85c9 | 0f8e 3cfe | ffff 42c6 | 4405 1573 | 42c6 4405 | 1473 42c6 
  0x00000162230c604c: 4405 1361 | 42c6 4405 | 126c 42c6 | 4405 1163 | 42c6 4405 | 102e 488b | d548 83c2 | 1048 8bf9 
  0x00000162230c606c: 4883 c710 | 85db 0f85 | 5c25 0000 | 0f1f 8400 | 0000 0000 | 453b da0f | 8257 3000 | 0045 85d2 
  0x00000162230c608c: 761e 4d63 | c248 8bcf | c5f8 7749 | bac0 92ff | 2062 0100 | 0041 ffd2 

  0x00000162230c60a4: ;   {other}
  0x00000162230c60a4: 0f1f 8400 | 0000 0000 | 4d8b 87b8 | 0100 004d | 8bd0 4983 | c218 660f | 1f44 0000 | 4d3b 97c8 
  0x00000162230c60c4: 0100 000f | 83e5 2400 | 004d 8997 | b801 0000 | 410f 0d8a | c000 0000 | 49c7 0001 

  0x00000162230c60e0: ;   {metadata('java/lang/String')}
  0x00000162230c60e0: 0000 0041 | c740 0890 | 2004 0045 | 8960 0c4d | 8960 104c | 8bdd 49c1 | eb03 4589 | 5814 4c8b 
  0x00000162230c6100: 5424 5845 | 8b5a 1047 | 8b54 dc54 | 4585 d20f | 8441 2f00 | 004b 8d14 | d445 33c9 

  0x00000162230c611c: ;   {optimized virtual_call}
  0x00000162230c611c: c5f8 77e8 

  0x00000162230c6120: ; ImmutableOopMap {[88]=Oop }
                      ;*invokevirtual getResource {reexecute=0 rethrow=0 return_oop=1}
                      ; - java.net.URLClassLoader$1::run@26
                      ; - java.net.URLClassLoader$1::run@1
  0x00000162230c6120: dcac a2fe 

  0x00000162230c6124: ;   {other}
  0x00000162230c6124: 0f1f 8400 | 940d 0003 | 488b f048 | 85c0 7507 | 33c0 e9e6 | 1100 004c | 8b54 2458 | 458b 5a10 
  0x00000162230c6144: 4489 5c24 | 3045 8b52 | 0c44 8994 | 2498 0000 | 0045 85db | 0f84 ce2f | 0000 c5f8 | 7749 ba20 
  0x00000162230c6164: 256b 08fd | 7f00 0041 

  0x00000162230c616c: ;   {other}
  0x00000162230c616c: ffd2 0f1f | 8400 0000 | 0000 4889 | 4424 4044 | 8b9c 2498 | 0000 0043 | 8b44 dc14 

  0x00000162230c6188: ; implicit exception: dispatches to 0x00000162230ca918
  0x00000162230c6188: 418b 54c4 | 0c45 8bd3 | 470f be5c | d410 c4e2 | 22f7 ea44 | 8bc5 41ff | c845 85db | 0f85 fb34 
  0x00000162230c61a8: 0000 448b | da41 ffcb | 453b d845 | 0f4f d849 | 8d0c c44f | 8d04 d490 | 4585 db0f | 8c88 1200 
  0x00000162230c61c8: 0045 33d2 | 4c89 9424 | 9000 0000 | 0f1f 8400 | 0000 0000 | 6666 6690 | 443b da0f | 833c 2800 
  0x00000162230c61e8: 0042 807c | 1910 2e74 | 1b4d 8b8f | 5804 0000 | 41ff cb4c 

  0x00000162230c61fc: ; ImmutableOopMap {r10=Oop r8=Oop rcx=Oop rsi=Oop rax=NarrowOop [48]=NarrowOop [88]=Oop [152]=NarrowOop }
                      ;*goto {reexecute=1 rethrow=0 return_oop=0}
                      ; - (reexecute) java.lang.StringLatin1::lastIndexOf@35
                      ; - java.lang.String::lastIndexOf@13
                      ; - java.lang.String::lastIndexOf@8
                      ; - java.net.URLClassLoader::defineClass@7
                      ; - java.net.URLClassLoader$1::run@43
                      ; - java.net.URLClassLoader$1::run@1
                      ;   {poll}
  0x00000162230c61fc: 8bd6 4185 | 0145 85db | 7dda 41bb | ffff ffff | 448b 5608 

  0x00000162230c6210: ;   {metadata('jdk/internal/loader/URLClassPath$JarLoader$2')}
  0x00000162230c6210: 4181 fac0 | 7f09 000f | 8517 3000 | 004c 8bd6 | 458b 4a20 

  0x00000162230c6224: ; implicit exception: dispatches to 0x00000162230ca944
  0x00000162230c6224: 478b 6ccc | 1c41 83fb | ff0f 84c9 | 3400 0045 | 85db 0f8c | b92a 0000 | 0f1f 4000 | 443b dd0f 
  0x00000162230c6244: 8ff7 3400 | 0044 3bdd | 0f84 f310 | 0000 4585 | db0f 8419 | 1200 0049 | 8b9f b801 | 0000 4c8b 
  0x00000162230c6264: cb49 83c1 | 184d 3b8f | c801 0000 | 0f83 c925 | 0000 4d89 | 8fb8 0100 | 0041 0f0d | 89c0 0000 
  0x00000162230c6284: 0048 c703 | 0100 0000 

  0x00000162230c628c: ;   {metadata('java/lang/String')}
  0x00000162230c628c: c743 0890 | 2004 0044 | 8963 0c4c | 8963 1049 | 8d7c c410 | 443b da0f | 85f1 0000 | 004c 63da 
  0x00000162230c62ac: 81fa 0000 | 1000 0f87 | 1327 0000 | 4889 7c24 | 6848 895c | 2460 4489 | 6c24 504c | 8954 2448 
  0x00000162230c62cc: 4c89 4424 | 3848 8be9 | 448b f289 | 4424 2c48 | 8974 2420 | 498b 9fb8 | 0100 004c | 895c 2470 
  0x00000162230c62ec: 4983 c317 | 4983 e3f8 | 4c8b d34d | 03d3 660f | 1f44 0000 | 4d3b 97c8 | 0100 000f | 83eb 2600 
  0x00000162230c630c: 004d 8997 | b801 0000 | 410f 0d8a | c000 0000 | 48c7 0301 | 0000 0041 | 0f0d 8a00 

  0x00000162230c6328: ;   {metadata({type array byte})}
  0x00000162230c6328: 0100 00c7 | 4308 c80a | 0400 8953 | 0c41 0f0d | 8a40 0100 | 0041 0f0d | 8a80 0100 | 0048 8bd3 
  0x00000162230c6348: 4883 c210 | 4c8b 4424 | 7049 83c0 | 0749 c1e8 | 0348 8b4c | 2468 c5f8 | 7749 ba60 | 99ff 2062 
  0x00000162230c6368: 0100 0041 

  0x00000162230c636c: ;   {other}
  0x00000162230c636c: ffd2 0f1f | 8400 0000 | 0000 4c8b | db48 8b74 | 2420 4c8b | 4424 384c | 8b54 2448 | 448b 6c24 
  0x00000162230c638c: 5048 8b5c | 2460 4d8b | f3e9 0001 | 0000 660f | 1f44 0000 | 4181 fb00 | 0010 000f | 8757 3400 
  0x00000162230c63ac: 004d 63cb | 413b d38b | ea41 0f4f | eb0f 1f80 | 0000 0000 | 3bd5 0f82 | b034 0000 | 443b dd0f 
  0x00000162230c63cc: 82a7 3400 | 0049 83c1 | 1749 8bc1 | 4883 e0f8 | 0f1f 4000 | 4181 fb00 | 0010 000f | 872f 2500 
  0x00000162230c63ec: 004d 8bb7 | b801 0000 | 498b d648 | 03d0 660f | 1f44 0000 | 493b 97c8 | 0100 000f | 830f 2500 
  0x00000162230c640c: 0049 8997 | b801 0000 | 0f0d 8ac0 | 0000 0049 | c706 0100 | 0000 0f0d | 8a00 0100 

  0x00000162230c6428: ;   {metadata({type array byte})}
  0x00000162230c6428: 0041 c746 | 08c8 0a04 | 0045 895e | 0c0f 0d8a | 4001 0000 | 0f0d 8a80 | 0100 0049 | 8bd6 4883 
  0x00000162230c6448: c210 49c1 | e903 85ed | 0f84 b633 | 0000 413b | eb0f 8cd1 | 1600 004c | 8bdf 488b | eb49 8bfa 
  0x00000162230c6468: 498b d848 | 83c0 f048 | c1e8 034c | 8bc0 498b | cbc5 f877 | 49ba 6099 | ff20 6201 | 0000 41ff 
  0x00000162230c6488: ;   {other}
  0x00000162230c6488: d20f 1f84 | 0000 0000 | 004c 8bc3 | 4c8b d748 | 8bdd 660f | 1f44 0000 | 4180 7f40 | 000f 8565 
  0x00000162230c64a8: 1000 004d | 8bce 49c1 | e903 4489 | 4b14 4c8b | db4d 8bce | 4d33 cb49 | c1e9 154d | 85c9 7421 
  0x00000162230c64c8: 49c1 eb09 | 48b9 0000 | dc25 6201 | 0000 4903 | cb0f 1f80 | 0000 0000 | 8039 020f | 855e 1000 
  0x00000162230c64e8: 0044 8863 | 1048 895c 

  0x00000162230c64f0: ;   {oop(a 'java/lang/Class'{0x0000000700cff1a8} = 'jdk/internal/access/SharedSecrets')}
  0x00000162230c64f0: 2470 49bb | a8f1 cf00 | 0700 0000 | 458b 9bd4 | 0000 0043 | 8b4c dc08 | 418b 5a20 

  0x00000162230c650c: ; implicit exception: dispatches to 0x00000162230ca984
  0x00000162230c650c: 458b 4cdc 

  0x00000162230c6510: ;   {metadata('java/util/jar/JavaUtilJarAccessImpl')}
  0x00000162230c6510: 1881 f998 | ec08 000f | 8557 2d00 | 0066 6690 | 4585 c90f | 8423 2c00 | 004f 8d1c | cc48 8d9c 
  0x00000162230c6530: 24d0 0000 | 0049 8b03 | a802 0f85 | 2300 0000 | 4883 c801 | 4889 03f0 | 490f b11b | 0f84 3700 
  0x00000162230c6550: 0000 482b | c448 2507 | f0ff ff48 | 8903 e924 | 0000 0048 | 8bc8 4833 | c0f0 4c0f | b179 3e48 
  0x00000162230c6570: c703 0300 | 0000 7411 | 4c3b f875 | 1548 ff81 | 8600 0000 | 4833 c075 | 0949 ff87 | 5005 0000 
  0x00000162230c6590: 33c0 0f85 | 242d 0000 | 4489 4c24 | 344c 895c | 2438 4489 | 6c24 504c | 8954 2448 | 4c89 4424 
  0x00000162230c65b0: 2048 8974 | 2460 498b | d349 8beb 

  0x00000162230c65bc: ;   {optimized virtual_call}
  0x00000162230c65bc: c5f8 77e8 

  0x00000162230c65c0: ; ImmutableOopMap {rbp=Oop [32]=Oop [48]=NarrowOop [52]=NarrowOop [56]=Oop [72]=Oop [80]=NarrowOop [88]=Oop [96]=Oop [112]=Oop [152]=NarrowOop }
                      ;*invokevirtual maybeInstantiateVerifier {reexecute=0 rethrow=0 return_oop=0}
                      ; - java.util.jar.JarFile::ensureInitialization@1
                      ; - java.util.jar.JavaUtilJarAccessImpl::ensureInitialization@1
                      ; - jdk.internal.loader.URLClassPath$JarLoader$2::getManifest@10
                      ; - java.net.URLClassLoader::defineClass@34
                      ; - java.net.URLClassLoader$1::run@43
                      ; - java.net.URLClassLoader$1::run@1
  0x00000162230c65c0: 5ca8 f4ff 

  0x00000162230c65c4: ;   {other}
  0x00000162230c65c4: 0f1f 8400 | 3412 0005 | 448b 5424 | 3447 3b64 | d430 0f85 | 8910 0000 | 4c8b 5c24 | 3848 8d84 
  0x00000162230c65e4: 24d0 0000 | 0048 8338 | 000f 8479 | 0000 004d | 8b13 41f6 | c202 0f84 | 6200 0000 | 4983 ba86 
  0x00000162230c6604: 0000 0000 | 7409 49ff | 8a86 0000 | 00eb 4b49 | 8b82 9600 | 0000 490b | 828e 0000 | 0075 0a49 
  0x00000162230c6624: c742 3e00 | 0000 00eb | 3d49 83ba | 9e00 0000 | 0074 2248 | 33c0 49c7 | 423e 0000 | 0000 f083 
  0x00000162230c6644: 0424 0049 | 83ba 9e00 | 0000 0075 | 0df0 4d0f | b17a 3e75 | 0583 c801 | eb0c a800 | eb08 4c8b 
  0x00000162230c6664: 10f0 4d0f | b113 750a | 49ff 8f50 | 0500 0045 | 33d2 0f85 | a32c 0000 | 4c8b 4424 | 4845 8b50 
  0x00000162230c6684: 2043 8b6c | d418 458b 

  0x00000162230c668c: ;   {metadata('java/util/jar/JarFile')}
  0x00000162230c668c: 5cec 0841 | 81fb 78e7 | 0800 0f85 | ae2c 0000 | 4c89 4424 | 2849 8d14 | ec66 6690 

  0x00000162230c66a8: ;   {optimized virtual_call}
  0x00000162230c66a8: c5f8 77e8 

  0x00000162230c66ac: ; ImmutableOopMap {[32]=Oop [40]=Oop [48]=NarrowOop [80]=NarrowOop [88]=Oop [96]=Oop [112]=Oop [152]=NarrowOop }
                      ;*invokevirtual getManifestFromReference {reexecute=0 rethrow=0 return_oop=1}
                      ; - java.util.jar.JarFile::getManifest@1
                      ; - jdk.internal.loader.URLClassPath$JarLoader$2::getManifest@22
                      ; - java.net.URLClassLoader::defineClass@34
                      ; - java.net.URLClassLoader$1::run@43
                      ; - java.net.URLClassLoader$1::run@1
  0x00000162230c66ac: 7026 9aff 

  0x00000162230c66b0: ;   {other}
  0x00000162230c66b0: 0f1f 8400 | 2013 0006 | 4889 4424 | 3844 8b54 | 2450 49c1 | e203 4c89 | 5424 4844 | 8b5c 2430 
  0x00000162230c66d0: 4f8d 14dc | 4c89 5424 | 6849 8bd2 | 4c8b 4424 | 704c 8bc8 | 488b 7c24 | 4866 6690 

  0x00000162230c66ec: ;   {optimized virtual_call}
  0x00000162230c66ec: c5f8 77e8 

  0x00000162230c66f0: ; ImmutableOopMap {[32]=Oop [40]=Oop [48]=NarrowOop [56]=Oop [72]=Oop [80]=NarrowOop [88]=Oop [96]=Oop [104]=Oop [112]=Oop [152]=NarrowOop }
                      ;*invokevirtual getAndVerifyPackage {reexecute=0 rethrow=0 return_oop=1}
                      ; - java.net.URLClassLoader::defineClass@46
                      ; - java.net.URLClassLoader$1::run@43
                      ; - java.net.URLClassLoader$1::run@1
  0x00000162230c66f0: ac61 f4ff 

  0x00000162230c66f4: ;   {other}
  0x00000162230c66f4: 0f1f 8400 | 6413 0007 | 0f1f 4000 | 4885 c00f | 84b3 0c00 | 0044 8b54 | 2430 4f8d | 04d4 4c8b 
  0x00000162230c6714: 6c24 2848 | 8d9c 24d0 | 0000 0049 | 8b45 00a8 | 020f 8524 | 0000 0048 | 83c8 0148 | 8903 f049 
  0x00000162230c6734: 0fb1 5d00 | 0f84 3700 | 0000 482b | c448 2507 | f0ff ff48 | 8903 e924 | 0000 004c | 8bd8 4833 
  0x00000162230c6754: c0f0 4d0f | b17b 3e48 | c703 0300 | 0000 7411 | 4c3b f875 | 1549 ff83 | 8600 0000 | 4833 c075 
  0x00000162230c6774: 0949 ff87 | 5005 0000 | 33c0 6690 | 0f85 f22b | 0000 453b | 650c 0f85 | 0602 0000 | 458b 4d20 
  0x00000162230c6794: ; implicit exception: dispatches to 0x00000162230cabb0
  0x00000162230c6794: 478b 4ccc | 1845 8b5d | 1c66 6690 | 4585 c90f | 8447 2e00 | 004b 8d3c | cc48 8d9c | 24d8 0000 
  0x00000162230c67b4: 0048 8b07 | a802 0f85 | 2300 0000 | 4883 c801 | 4889 03f0 | 480f b11f | 0f84 3700 | 0000 482b 
  0x00000162230c67d4: c448 2507 | f0ff ff48 | 8903 e924 | 0000 0048 | 8bc8 4833 | c0f0 4c0f | b179 3e48 

  0x00000162230c67f0: ;   {no_reloc}
  0x00000162230c67f0: c703 0300 | 0000 7411 | 4c3b f875 | 1548 ff81 | 8600 0000 | 4833 c075 | 0949 ff87 | 5005 0000 
  0x00000162230c6810: 33c0 0f85 | 082e 0000 | 0f1f 8400 | 0000 0000 | 4585 db0f | 8441 3300 | 0048 897c | 2468 4489 
  0x00000162230c6830: 5c24 3844 | 894c 2434 | 4c89 4424 | 284c 896c | 2448 4489 | 5424 3048 | 8bd7 488b | ef66 6690 
  0x00000162230c6850: ;   {optimized virtual_call}
  0x00000162230c6850: c5f8 77e8 

  0x00000162230c6854: ; ImmutableOopMap {rbp=Oop [32]=Oop [40]=Oop [48]=NarrowOop [52]=NarrowOop [56]=NarrowOop [72]=Oop [80]=NarrowOop [88]=Oop [96]=Oop [104]=Oop [152]=NarrowOop }
                      ;*invokevirtual maybeInstantiateVerifier {reexecute=0 rethrow=0 return_oop=0}
                      ; - java.util.jar.JarFile::getInputStream@9
                      ; - jdk.internal.loader.URLClassPath$JarLoader$2::getInputStream@11
                      ; - jdk.internal.loader.Resource::cachedInputStream@9
                      ; - jdk.internal.loader.Resource::getByteBuffer@1
                      ; - java.net.URLClassLoader::defineClass@132
                      ; - java.net.URLClassLoader$1::run@43
                      ; - java.net.URLClassLoader$1::run@1
  0x00000162230c6854: c8a5 f4ff 

  0x00000162230c6858: ;   {other}
  0x00000162230c6858: 0f1f 8400 | c814 0008 | 448b 4424 | 384f 8d0c | c444 8b54 | 2434 473b | 64d4 300f | 858c 1500 
  0x00000162230c6878: 0048 8bd5 | 4d8b c14c | 8b54 2448 | 498b ea90 

  0x00000162230c6888: ;   {optimized virtual_call}
  0x00000162230c6888: c5f8 77e8 

  0x00000162230c688c: ; ImmutableOopMap {rbp=Oop [32]=Oop [40]=Oop [48]=NarrowOop [72]=Oop [80]=NarrowOop [88]=Oop [96]=Oop [104]=Oop [152]=NarrowOop }
                      ;*invokespecial getInputStream {reexecute=0 rethrow=0 return_oop=1}
                      ; - java.util.jar.JarFile::getInputStream@21
                      ; - jdk.internal.loader.URLClassPath$JarLoader$2::getInputStream@11
                      ; - jdk.internal.loader.Resource::cachedInputStream@9
                      ; - jdk.internal.loader.Resource::getByteBuffer@1
                      ; - java.net.URLClassLoader::defineClass@132
                      ; - java.net.URLClassLoader$1::run@43
                      ; - java.net.URLClassLoader$1::run@1
  0x00000162230c688c: 70c1 a9fe 

  0x00000162230c6890: ;   {other}
  0x00000162230c6890: 0f1f 8400 | 0015 0009 | 488b d84c | 8b5c 2468 | 488d 8424 | d800 0000 | 4883 3800 | 0f84 7900 
  0x00000162230c68b0: 0000 4d8b | 1341 f6c2 | 020f 8462 | 0000 0049 | 83ba 8600 | 0000 0074 | 0949 ff8a | 8600 0000 
  0x00000162230c68d0: eb4b 498b | 8296 0000 | 0049 0b82 | 8e00 0000 | 750a 49c7 | 423e 0000 | 0000 eb3d | 4983 ba9e 
  0x00000162230c68f0: 0000 0000 | 7422 4833 | c049 c742 | 3e00 0000 | 00f0 8304 | 2400 4983 | ba9e 0000 | 0000 750d 
  0x00000162230c6910: f04d 0fb1 | 7a3e 7505 | 83c8 01eb | 0ca8 00eb | 084c 8b10 | f04d 0fb1 | 1375 0a49 | ff8f 5005 
  0x00000162230c6930: 0000 4533 | d20f 853e | 2d00 000f | 1f44 0000 | 4180 7f40 | 000f 85ca | 1000 004c | 8b6c 2448 
  0x00000162230c6950: 4d8b d54c | 8bc3 49c1 | e803 4589 | 450c 4c8b | db4d 33da | 49c1 eb15 | 4d85 db74 | 1f48 85db 
  0x00000162230c6970: 741a 49c1 | ea09 48b9 | 0000 dc25 | 6201 0000 | 4903 ca80 | 3902 0f85 | c710 0000 

  0x00000162230c698c: ;   {no_reloc}
  0x00000162230c698c: 448b 5424 | 304c 8b44 | 2428 4c8b | 5c24 6041 | 8b6b 0c48 | 8d84 24d0 | 0000 0048 | 8338 000f 
  0x00000162230c69ac: 847b 0000 | 004d 8b5d | 0041 f6c3 | 020f 8462 | 0000 0049 | 83bb 8600 | 0000 0074 | 0949 ff8b 
  0x00000162230c69cc: 8600 0000 | eb4b 498b | 8396 0000 | 0049 0b83 | 8e00 0000 | 750a 49c7 | 433e 0000 | 0000 eb3e 
  0x00000162230c69ec: 4983 bb9e | 0000 0000 | 7422 4833 | c049 c743 | 3e00 0000 | 00f0 8304 | 2400 4983 | bb9e 0000 
  0x00000162230c6a0c: 0000 750d | f04d 0fb1 | 7b3e 7505 | 83c8 01eb | 0da8 00eb | 094c 8b18 | f04d 0fb1 | 5d00 750a 
  0x00000162230c6a2c: 49ff 8f50 | 0500 0045 | 33db 0f85 | 7229 0000 | 0f1f 4000 

  0x00000162230c6a40: ; implicit exception: dispatches to 0x00000162230caa24
  0x00000162230c6a40: 458b 4cec 

  0x00000162230c6a44: ;   {metadata('sun/nio/ByteBuffered')}
  0x00000162230c6a44: 0848 b818 | 8a09 0008 | 0000 0048 | be00 0000 | 0008 0000 | 0049 03f1 | 4c8b 5e20 | 4c3b d80f 
  0x00000162230c6a64: 8423 2700 | 0048 33ff | 4c8b 9ea0 | 0000 0049 | 8bd3 48c1 | e230 0f89 | 2100 0000 | f348 0fb8 
  0x00000162230c6a84: d248 8b5e | 2848 3b04 | d374 1549 | 0fba e310 | 730b 49c1 

  0x00000162230c6a98: ;   {runtime_call StubRoutines (compiler stubs)}
  0x00000162230c6a98: cb0f e838 | b9f6 fdeb | 0348 ffc7 | 4885 ff0f | 84df 2600 | 004c 8944 | 2438 498b | ed44 8954 
  0x00000162230c6ab8: 2430 498b | d566 6690 

  0x00000162230c6ac0: ;   {optimized virtual_call}
  0x00000162230c6ac0: c5f8 77e8 

  0x00000162230c6ac4: ; ImmutableOopMap {rbp=Oop [32]=Oop [48]=NarrowOop [56]=Oop [80]=NarrowOop [88]=Oop [96]=Oop [152]=NarrowOop }
                      ;*invokevirtual getBytes {reexecute=0 rethrow=0 return_oop=1}
                      ; - java.net.URLClassLoader::defineClass@179
                      ; - java.net.URLClassLoader$1::run@43
                      ; - java.net.URLClassLoader$1::run@1
  0x00000162230c6ac4: 98b2 90fe 

  0x00000162230c6ac8: ;   {other}
  0x00000162230c6ac8: 0f1f 8400 | 3817 000a | 4889 4424 | 488b 6d1c 

  0x00000162230c6ad8: ; implicit exception: dispatches to 0x00000162230caa50
  0x00000162230c6ad8: 458b 54ec | 0866 6690 

  0x00000162230c6ae0: ;   {metadata('java/util/jar/JarFile$JarFileEntry')}
  0x00000162230c6ae0: 4181 faa8 | 4e09 000f | 85f8 2800 | 004d 8d04 | ec45 8b58 | 6445 85db | 0f84 ba26 | 0000 498b 
  0x00000162230c6b00: e84b 8d14 | dc66 6690 

  0x00000162230c6b08: ;   {optimized virtual_call}
  0x00000162230c6b08: c5f8 77e8 

  0x00000162230c6b0c: ; ImmutableOopMap {rbp=Oop [32]=Oop [48]=NarrowOop [56]=Oop [72]=Oop [80]=NarrowOop [88]=Oop [96]=Oop [152]=NarrowOop }
                      ;*invokevirtual maybeInstantiateVerifier {reexecute=0 rethrow=0 return_oop=0}
                      ; - java.util.jar.JarFile$JarFileEntry::getCodeSigners@4
                      ; - jdk.internal.loader.URLClassPath$JarLoader$2::getCodeSigners@4
                      ; - java.net.URLClassLoader::defineClass@185
                      ; - java.net.URLClassLoader$1::run@43
                      ; - java.net.URLClassLoader$1::run@1
  0x00000162230c6b0c: 10a3 f4ff 

  0x00000162230c6b10: ;   {other}
  0x00000162230c6b10: 0f1f 8400 | 8017 000b | 4c8b d545 | 8b42 5c90 | 4585 c00f | 8540 1900 | 0045 8b5a | 6443 8b6c 
  0x00000162230c6b30: dc30 85ed | 0f85 9718 | 0000 4533 | db4d 8b8f | b801 0000 | 4d8b d149 | 83c2 284d | 3b97 c801 
  0x00000162230c6b50: 0000 0f83 | 2d1c 0000 | 4d89 97b8 | 0100 0041 | 0f0d 8ac0 | 0000 0049 | c701 0100 

  0x00000162230c6b6c: ;   {metadata('java/security/CodeSource')}
  0x00000162230c6b6c: 0000 41c7 | 4108 185b | 0500 4589 | 610c 4d89 | 6110 4d89 | 6118 4d89 | 6120 448b | 4424 5045 
  0x00000162230c6b8c: 8941 0c45 | 85c0 0f84 | f82b 0000 | 498b e94c | 895c 2428 | 4b8d 14c4 

  0x00000162230c6ba4: ;   {static_call}
  0x00000162230c6ba4: c5f8 77e8 

  0x00000162230c6ba8: ; ImmutableOopMap {rbp=Oop [32]=Oop [40]=Oop [48]=NarrowOop [56]=Oop [72]=Oop [88]=Oop [96]=Oop [152]=NarrowOop }
                      ;*invokestatic urlNoFragString {reexecute=0 rethrow=0 return_oop=1}
                      ; - java.security.CodeSource::<init>@30
                      ; - java.net.URLClassLoader::defineClass@198
                      ; - java.net.URLClassLoader$1::run@43
                      ; - java.net.URLClassLoader$1::run@1
  0x00000162230c6ba8: 34ed 53fe 

  0x00000162230c6bac: ;   {other}
  0x00000162230c6bac: 0f1f 8400 | 1c18 000c | 488b d866 | 0f1f 8400 | 0000 0000 | 4180 7f40 | 000f 85ba | 0800 0048 
  0x00000162230c6bcc: 8bfd 4c8b | db49 c1eb | 0344 895f | 204c 8bd3 | 4c8b df4d | 33d3 49c1 | ea15 4d85 | d274 1f48 
  0x00000162230c6bec: 85db 741a | 49c1 eb09 | 48b9 0000 | dc25 6201 | 0000 4903 | cb80 3902 | 0f85 b508 | 0000 4c8b 
  0x00000162230c6c0c: 4424 284d | 85c0 0f85 | ed0f 0000 | c5f8 7749 | ba20 256b | 08fd 7f00 | 0041 ffd2 

  0x00000162230c6c28: ;   {other}
  0x00000162230c6c28: 0f1f 8400 | 0000 0000 | 4c8b c04c | 2b44 2440 

  0x00000162230c6c38: ;   {oop(a 'jdk/internal/perf/PerfCounter'{0x0000000700cff190})}
  0x00000162230c6c38: 49bb 90f1 | cf00 0700 | 0000 488d | 9c24 d000 | 0000 498b | 03a8 020f | 8523 0000 | 0048 83c8 
  0x00000162230c6c58: 0148 8903 | f049 0fb1 | 1b0f 8437 | 0000 0048 | 2bc4 4825 | 07f0 ffff | 4889 03e9 | 2400 0000 
  0x00000162230c6c78: 4c8b d048 | 33c0 f04d | 0fb1 7a3e | 48c7 0303 | 0000 0074 | 114c 3bf8 | 7515 49ff | 8286 0000 
  0x00000162230c6c98: 0048 33c0 | 7509 49ff | 8750 0500 | 0033 c00f | 8557 2700 

  0x00000162230c6cac: ;   {oop(a 'jdk/internal/perf/PerfCounter'{0x0000000700cff190})}
  0x00000162230c6cac: 0049 ba90 | f1cf 0007 | 0000 0045 | 8b5a 100f | 1f44 0000 

  0x00000162230c6cc0: ; implicit exception: dispatches to 0x00000162230caa7c
  0x00000162230c6cc0: 438b 6cdc | 2485 ed0f | 8507 2b00 | 0043 8b6c | dc1c 85ed | 0f8c 6327 | 0000 660f | 1f44 0000 
  0x00000162230c6ce0: 85ed 0f84 | 0425 0000 | 4f8b 54dc | 104d 0102 

  0x00000162230c6cf0: ;   {oop(a 'jdk/internal/perf/PerfCounter'{0x0000000700cff190})}
  0x00000162230c6cf0: 49bb 90f1 | cf00 0700 | 0000 488d | 8424 d000 | 0000 4883 | 3800 0f84 | 7900 0000 | 4d8b 1341 
  0x00000162230c6d10: f6c2 020f | 8462 0000 | 0049 83ba | 8600 0000 | 0074 0949 | ff8a 8600 | 0000 eb4b | 498b 8296 
  0x00000162230c6d30: 0000 0049 | 0b82 8e00 | 0000 750a | 49c7 423e | 0000 0000 | eb3d 4983 | ba9e 0000 | 0000 7422 
  0x00000162230c6d50: 4833 c049 | c742 3e00 | 0000 00f0 | 8304 2400 | 4983 ba9e | 0000 0000 | 750d f04d | 0fb1 7a3e 
  0x00000162230c6d70: 7505 83c8 | 01eb 0ca8 | 00eb 084c | 8b10 f04d | 0fb1 1375 | 0a49 ff8f | 5005 0000 | 4533 d20f 
  0x00000162230c6d90: 85d7 2600 | 004c 8b44 | 2448 458b | 580c 4d8b | 8fb8 0100 | 004d 8bd1 | 4983 c210 | 4d3b 97c8 
  0x00000162230c6db0: 0100 000f | 83f6 1900 | 004d 8997 | b801 0000 | 410f 0d8a | c000 0000 | 49c7 0101 

  0x00000162230c6dcc: ;   {metadata('java/security/SecureClassLoader$CodeSourceKey')}
  0x00000162230c6dcc: 0000 0041 | c741 0858 | 9309 0045 | 8961 0c4c | 8bd7 49c1 | ea03 4589 | 510c 498b | 9fb8 0100 
  0x00000162230c6dec: 008b 4c24 | 3041 8b6c | cc50 4c8b | d349 83c2 | 1066 6690 | 4d3b 97c8 | 0100 000f | 83e0 1900 
  0x00000162230c6e0c: 004d 8997 | b801 0000 | 410f 0d8a | c000 0000 | 48c7 0301 

  0x00000162230c6e20: ;   {metadata('java/security/SecureClassLoader$1')}
  0x00000162230c6e20: 0000 00c7 | 4308 9895 | 0900 4489 | 630c 894b | 0c45 8b54 | ec08 6666 | 0f1f 8400 | 0000 0000 
  0x00000162230c6e40: ;   {metadata('java/util/concurrent/ConcurrentHashMap')}
  0x00000162230c6e40: 4181 fa70 | 6305 000f | 8551 2600 | 0044 895c | 242c 4c89 | 4424 4089 | 4c24 5049 | 8d14 ec4d 
  0x00000162230c6e60: 8bc1 4c8b | cb66 6690 

  0x00000162230c6e68: ;   {optimized virtual_call}
  0x00000162230c6e68: c5f8 77e8 

  0x00000162230c6e6c: ; ImmutableOopMap {[32]=Oop [56]=Oop [64]=Oop [80]=NarrowOop [88]=Oop [96]=Oop [152]=NarrowOop }
                      ;*invokeinterface computeIfAbsent {reexecute=0 rethrow=0 return_oop=1}
                      ; - java.security.SecureClassLoader::getProtectionDomain@28
                      ; - java.security.SecureClassLoader::defineClass@9
                      ; - java.net.URLClassLoader::defineClass@220
                      ; - java.net.URLClassLoader$1::run@43
                      ; - java.net.URLClassLoader$1::run@1
  0x00000162230c6e6c: 5063 03ff 

  0x00000162230c6e70: ;   {other}
  0x00000162230c6e70: 0f1f 8400 | e01a 000d 

  0x00000162230c6e78: ; implicit exception: dispatches to 0x00000162230caae4
  0x00000162230c6e78: 448b 5808 | 0f1f 4000 

  0x00000162230c6e80: ;   {metadata('java/security/ProtectionDomain')}
  0x00000162230c6e80: 4181 fb78 | 4604 000f | 8553 3900 | 004c 8bc8 | 488b 5424 | 384c 8b44 | 2420 6690 

  0x00000162230c6e9c: ;   {optimized virtual_call}
  0x00000162230c6e9c: c5f8 77e8 

  0x00000162230c6ea0: ; ImmutableOopMap {[32]=Oop [56]=Oop [64]=Oop [80]=NarrowOop [88]=Oop [96]=Oop [152]=NarrowOop }
                      ;*invokevirtual preDefineClass {reexecute=0 rethrow=0 return_oop=1}
                      ; - java.lang.ClassLoader::defineClass@4
                      ; - java.security.SecureClassLoader::defineClass@12
                      ; - java.net.URLClassLoader::defineClass@220
                      ; - java.net.URLClassLoader$1::run@43
                      ; - java.net.URLClassLoader$1::run@1
  0x00000162230c6ea0: dc0f f4ff 

  0x00000162230c6ea4: ;   {other}
  0x00000162230c6ea4: 0f1f 8400 | 141b 000e 

  0x00000162230c6eac: ; implicit exception: dispatches to 0x00000162230caafc
  0x00000162230c6eac: 448b 5810 

  0x00000162230c6eb0: ; implicit exception: dispatches to 0x00000162230cac20
  0x00000162230c6eb0: 438b 6cdc | 0c85 ed0f | 847a 1900 | 0045 8b54 | ec38 4585 | d20f 8451 | 2300 0048 | 8944 2430 
  0x00000162230c6ed0: 4b8d 14d4 | 4d8d 04ec 

  0x00000162230c6ed8: ;   {optimized virtual_call}
  0x00000162230c6ed8: c5f8 77e8 

  0x00000162230c6edc: ; ImmutableOopMap {[32]=Oop [48]=Oop [56]=Oop [64]=Oop [80]=NarrowOop [88]=Oop [96]=Oop }
                      ;*invokevirtual toExternalForm {reexecute=0 rethrow=0 return_oop=1}
                      ; - java.net.URL::toExternalForm@5
                      ; - java.net.URL::toString@1
                      ; - java.lang.ClassLoader::defineClassSourceLocation@22
                      ; - java.lang.ClassLoader::defineClass@12
                      ; - java.security.SecureClassLoader::defineClass@12
                      ; - java.net.URLClassLoader::defineClass@220
                      ; - java.net.URLClassLoader$1::run@43
                      ; - java.net.URLClassLoader$1::run@1
  0x00000162230c6edc: c051 69fe 

  0x00000162230c6ee0: ;   {other}
  0x00000162230c6ee0: 0f1f 8400 | 501b 000f | 4c8b d048 | 8b44 2430 | 4889 4424 | 4848 8b54 | 2438 4c8b | 4424 204c 
  0x00000162230c6f00: 8b4c 2440 | 33ff 8b74 | 242c 488b | c84c 8914 | 2466 6690 

  0x00000162230c6f14: ;   {static_call}
  0x00000162230c6f14: c5f8 77e8 

  0x00000162230c6f18: ; ImmutableOopMap {[56]=Oop [72]=Oop [80]=NarrowOop [88]=Oop [96]=Oop }
                      ;*invokestatic defineClass1 {reexecute=0 rethrow=0 return_oop=1}
                      ; - java.lang.ClassLoader::defineClass@27
                      ; - java.security.SecureClassLoader::defineClass@12
                      ; - java.net.URLClassLoader::defineClass@220
                      ; - java.net.URLClassLoader$1::run@43
                      ; - java.net.URLClassLoader$1::run@1
  0x00000162230c6f18: c469 4ffe 

  0x00000162230c6f1c: ;   {other}
  0x00000162230c6f1c: 0f1f 8400 | 8c1b 0010 | 488b d844 | 8b50 3c45 | 85d2 7418 | 4f8d 04d4 | 49ba 0000 | dc25 6201 
  0x00000162230c6f3c: 0000 4c89 | 5424 78e9 | 8403 0000 | 4c8b 5010 

  0x00000162230c6f4c: ; implicit exception: dispatches to 0x00000162230cab64
  0x00000162230c6f4c: 458b 5a08 | 4585 db0f | 8c63 2600 | 0044 8b50 | 2c66 6690 | 4585 d20f | 84bc 0400 | 004b 8d04 
  0x00000162230c6f6c: d444 8b48 | 1443 8b54 | cc0c 440f | be50 10c4 | 622a f7da | 418b cbff | c945 85d2 | 0f85 c529 
  0x00000162230c6f8c: 0000 4b8d | 2ccc 448b | d241 ffca | 443b d144 | 0f4f d190 | 4585 d20f | 8cbc 0400 | 0049 be00 
  0x00000162230c6fac: 00dc 2562 | 0100 0066 | 0f1f 8400 | 0000 0000 | 6666 6690 | 443b d20f | 836e 1c00 | 0042 807c 
  0x00000162230c6fcc: 1510 2e74 | 1a49 8bbf | 5804 0000 

  0x00000162230c6fd8: ; ImmutableOopMap {r9=NarrowOop rbx=Oop rax=Oop rbp=Oop [56]=Oop [72]=Oop [80]=NarrowOop [88]=Oop [96]=Oop }
                      ;*goto {reexecute=1 rethrow=0 return_oop=0}
                      ; - (reexecute) java.lang.StringLatin1::lastIndexOf@35
                      ; - java.lang.String::lastIndexOf@13
                      ; - java.lang.String::lastIndexOf@8
                      ; - java.lang.Class::getPackageName@47
                      ; - java.lang.ClassLoader::postDefineClass@2
                      ; - java.lang.ClassLoader::defineClass@37
                      ; - java.security.SecureClassLoader::defineClass@12
                      ; - java.net.URLClassLoader::defineClass@220
                      ; - java.net.URLClassLoader$1::run@43
                      ; - java.net.URLClassLoader$1::run@1
                      ;   {poll}
  0x00000162230c6fd8: 41ff ca85 | 0766 6690 | 4585 d27d | db41 baff | ffff ff41 | 83fa ff0f | 84d0 2900 | 0045 85d2 
  0x00000162230c6ff8: 0f8c 051f | 0000 6690 | 453b d30f | 8ff7 2900 | 0045 3bd3 | 0f84 eb03 | 0000 4585 | d20f 84aa 
  0x00000162230c7018: 0500 0049 | 8bb7 b801 | 0000 4c8b | de49 83c3 | 184d 3b9f | c801 0000 | 0f83 9118 | 0000 4d89 
  0x00000162230c7038: 9fb8 0100 | 0041 0f0d | 8bc0 0000 | 0048 c706 | 0100 0000 

  0x00000162230c704c: ;   {metadata('java/lang/String')}
  0x00000162230c704c: c746 0890 | 2004 0044 | 8966 0c4c | 8966 104f | 8d5c cc10 | c4c1 f96e | c344 3bd2 | 0f85 9d00 
  0x00000162230c706c: 0000 4c63 | c281 fa00 | 0010 000f | 875e 1a00 | 0049 8bbf | b801 0000 | 4d8d 5017 | 4983 e2f8 
  0x00000162230c708c: 4c8b df4d | 03da 4d3b | 9fc8 0100 | 000f 833c | 1a00 004d | 899f b801 | 0000 410f | 0d8b c000 
  0x00000162230c70ac: 0000 48c7 | 0701 0000 | 0041 0f0d | 8b00 0100 

  0x00000162230c70bc: ;   {metadata({type array byte})}
  0x00000162230c70bc: 00c7 4708 | c80a 0400 | 8957 0c41 | 0f0d 8b40 | 0100 0041 | 0f0d 8b80 | 0100 0048 | 8bd7 4883 
  0x00000162230c70dc: c210 4983 | c007 49c1 | e803 c4e1 | f97e c1c5 | f877 49ba | 6099 ff20 | 6201 0000 

  0x00000162230c70f8: ;   {other}
  0x00000162230c70f8: 41ff d20f | 1f84 0000 | 0000 004c | 8bef e9ee | 0000 0041 | 81fa 0000 | 1000 0f87 | 4429 0000 
  0x00000162230c7118: 4963 c241 | 3bd2 448b | da45 0f4f | da44 895c | 2434 413b | d30f 829e | 2900 0045 | 3bd3 0f82 
  0x00000162230c7138: 9529 0000 | 4883 c017 | 4c8b c049 | 83e0 f841 | 81fa 0000 | 1000 0f87 | 1019 0000 | 4d8b afb8 
  0x00000162230c7158: 0100 004d | 8bdd 4d03 | d84d 3b9f | c801 0000 | 0f83 f618 | 0000 4d89 | 9fb8 0100 | 0041 0f0d 
  0x00000162230c7178: 8bc0 0000 | 0049 c745 | 0001 0000 | 0041 0f0d | 8b00 0100 

  0x00000162230c718c: ;   {metadata({type array byte})}
  0x00000162230c718c: 0041 c745 | 08c8 0a04 | 0045 8955 | 0c41 0f0d | 8b40 0100 | 0041 0f0d | 8b80 0100 | 004d 8bdd 
  0x00000162230c71ac: 4983 c310 | 48c1 e803 | 8b6c 2434 | 0f1f 8400 | 0000 0000 | 85ed 0f84 | 9d28 0000 | 413b ea0f 
  0x00000162230c71cc: 8c94 0b00 | 0049 83c0 | f049 c1e8 | 03c4 e1f9 | 7ec1 498b | d3c5 f877 | 49ba 6099 | ff20 6201 
  0x00000162230c71ec: 0000 41ff 

  0x00000162230c71f0: ;   {other}
  0x00000162230c71f0: d20f 1f84 | 0000 0000 | 000f 1f80 | 0000 0000 | 4180 7f40 | 000f 859a | 0800 004c | 8bd6 4d8b 
  0x00000162230c7210: c549 c1e8 | 0344 8946 | 144d 8bdd | 4d33 da49 | c1eb 154d | 85db 7421 | 49c1 ea09 | 48b9 0000 
  0x00000162230c7230: dc25 6201 | 0000 4903 | ca0f 1f80 | 0000 0000 | 8039 020f | 8596 0800 | 0044 8866 | 104c 8974 
  0x00000162230c7250: 2478 488b | d648 895c | 2420 488b | 6c24 3890 

  0x00000162230c7260: ;   {optimized virtual_call}
  0x00000162230c7260: c5f8 77e8 

  0x00000162230c7264: ; ImmutableOopMap {rbp=Oop [32]=Oop [56]=Oop [72]=Oop [80]=NarrowOop [88]=Oop [96]=Oop }
                      ;*invokevirtual intern {reexecute=0 rethrow=0 return_oop=1}
                      ; - java.lang.Class::getPackageName@65
                      ; - java.lang.ClassLoader::postDefineClass@2
                      ; - java.lang.ClassLoader::defineClass@37
                      ; - java.security.SecureClassLoader::defineClass@12
                      ; - java.net.URLClassLoader::defineClass@220
                      ; - java.net.URLClassLoader$1::run@43
                      ; - java.net.URLClassLoader$1::run@1
  0x00000162230c7264: f878 4bfe 

  0x00000162230c7268: ;   {other}
  0x00000162230c7268: 0f1f 8400 | d81e 0012 | 488b f841 | 807f 4000 | 0f85 5603 | 0000 488b | 5c24 204c | 8bdf 49c1 
  0x00000162230c7288: eb03 4489 | 5b3c 4c8b | d34c 8bdf | 4d33 da49 | c1eb 150f | 1f44 0000 | 4d85 db74 | 2448 85ff 
  0x00000162230c72a8: 741f 49c1 | ea09 48b9 | 0000 dc25 | 6201 0000 | 4903 ca0f | 1f44 0000 | 8039 020f | 854a 0300 
  0x00000162230c72c8: 004c 8bc7 | 448b 5330 | 4889 5c24 | 284d 8bca | 49c1 e103 | 488b 5424 | 3866 6690 

  0x00000162230c72e4: ;   {optimized virtual_call}
  0x00000162230c72e4: c5f8 77e8 

  0x00000162230c72e8: ; ImmutableOopMap {[40]=Oop [56]=Oop [72]=Oop [80]=NarrowOop [88]=Oop [96]=Oop }
                      ;*invokevirtual getNamedPackage {reexecute=0 rethrow=0 return_oop=1}
                      ; - java.lang.ClassLoader::postDefineClass@9
                      ; - java.lang.ClassLoader::defineClass@37
                      ; - java.security.SecureClassLoader::defineClass@12
                      ; - java.net.URLClassLoader::defineClass@220
                      ; - java.net.URLClassLoader$1::run@43
                      ; - java.net.URLClassLoader$1::run@1
  0x00000162230c72e8: 947f f4ff 

  0x00000162230c72ec: ;   {other}
  0x00000162230c72ec: 0f1f 8400 | 5c1f 0013 | 4c8b 5424 | 4845 8b42 | 1066 6690 

  0x00000162230c7300: ; implicit exception: dispatches to 0x00000162230cac40
  0x00000162230c7300: 478b 4cc4 | 1445 85c9 | 0f85 b703 | 0000 478b | 5cc4 1045 | 85db 0f85 | 5704 0000 | 488b 4424 
  0x00000162230c7320: 28c5 f877 | 4881 c4f0 | 0000 005d 

  0x00000162230c732c: ;   {poll_return}
  0x00000162230c732c: 493b a750 | 0400 000f | 8754 3f00 | 00c3 41bb | 2f00 0000 | e925 e9ff | ff4c 8944 | 2470 e9a3 
  0x00000162230c734c: f1ff ff49 | 8b87 b801 | 0000 4c8b | d049 83c2 | 1866 6690 | 4d3b 97c8 | 0100 000f | 8364 1900 
  0x00000162230c736c: 004d 8997 | b801 0000 | 410f 0d8a | c000 0000 | 48c7 0001 

  0x00000162230c7380: ;   {metadata('java/lang/String')}
  0x00000162230c7380: 0000 00c7 | 4008 9020 | 0400 4489 | 600c 4489 

  0x00000162230c7390: ;   {oop([B{0x0000000700930e68})}
  0x00000162230c7390: 6010 c740 | 14cd 6112 

  0x00000162230c7398: ;   {oop(".class"{0x0000000700930e50})}
  0x00000162230c7398: e049 ba50 | 0e93 0007 | 0000 0045 | 8b42 0c44 | 8940 0c45 | 0fb6 5211 | 4488 5011 | 4c8b c0e9 
  0x00000162230c73b8: 42ed ffff 

  0x00000162230c73bc: ;   {metadata('java/lang/IllegalArgumentException')}
  0x00000162230c73bc: 48bd b8f8 | 0700 0800 | 0000 4c8b | 5424 384d | 85d2 0f84 | bf12 0000 | 488b 5424 | 684c 8b44 
  0x00000162230c73dc: 2470 4d8b | ca48 8b7c | 2448 6690 

  0x00000162230c73e8: ;   {optimized virtual_call}
  0x00000162230c73e8: c5f8 77e8 

  0x00000162230c73ec: ; ImmutableOopMap {[32]=Oop [40]=Oop [48]=NarrowOop [56]=Oop [72]=Oop [80]=NarrowOop [88]=Oop [96]=Oop [112]=Oop [152]=NarrowOop }
                      ;*invokevirtual definePackage {reexecute=0 rethrow=0 return_oop=1}
                      ; - java.net.URLClassLoader::defineClass@64
                      ; - java.net.URLClassLoader$1::run@43
                      ; - java.net.URLClassLoader$1::run@1
  0x00000162230c73ec: 90d5 b0ff 

  0x00000162230c73f0: ;   {other}
  0x00000162230c73f0: 0f1f 8400 | 6020 0014 | e90c f3ff | ff4c 8974 | 2478 488b | f0e9 48fe | ffff 41b9 | 2f00 0000 
  0x00000162230c7410: e9b5 eaff | ff33 edb9 | 0100 0000 | 0f1f 4000 | e992 e8ff | ff48 8be8 | 488b d090 

  0x00000162230c742c: ;   {optimized virtual_call}
  0x00000162230c742c: c5f8 77e8 

  0x00000162230c7430: ; ImmutableOopMap {rbp=Oop [56]=Oop [72]=Oop [80]=NarrowOop [88]=Oop [96]=Oop }
                      ;*invokevirtual initClassName {reexecute=0 rethrow=0 return_oop=1}
                      ; - java.lang.Class::getName@14
                      ; - java.lang.Class::getPackageName@40
                      ; - java.lang.ClassLoader::postDefineClass@2
                      ; - java.lang.ClassLoader::defineClass@37
                      ; - java.security.SecureClassLoader::defineClass@12
                      ; - java.net.URLClassLoader::defineClass@220
                      ; - java.net.URLClassLoader$1::run@43
                      ; - java.net.URLClassLoader$1::run@1
  0x00000162230c7430: 2cb7 4dfe 

  0x00000162230c7434: ;   {other}
  0x00000162230c7434: 0f1f 8400 | a420 0015 | 0f1f 4000 | 4885 c00f | 84fc 2d00 | 0048 8bdd | e91c fbff | ff45 33d2 
  0x00000162230c7454: 4c89 9424 | 9000 0000 | 0f1f 4000 | e9a1 edff | ff49 be00 | 00dc 2562 | 0100 00e9 | 71fb ffff 
  0x00000162230c7474: ;   {oop(""{0x000000070063adb0})}
  0x00000162230c7474: 48bb b0ad | 6300 0700 | 0000 6690 | e968 f0ff | ff48 8bfd | 448b 5720 | 4585 d20f | 8439 f7ff 
  0x00000162230c7494: ff4d 8b5f | 2849 8bca | 48c1 e103 | 4d85 db0f | 8433 2200 | 004d 8b57 | 384b 894c | 1af8 4983 
  0x00000162230c74b4: c3f8 4d89 | 5f28 e90f | f7ff ff4d | 8b57 584d | 8b5f 48f0 | 8344 24c0 | 0080 3900 | 0f84 34f7 
  0x00000162230c74d4: ffff 4488 | 214d 85db | 7520 498b | d7c5 f877 | 49ba e029 | 3008 fd7f | 0000 41ff 

  0x00000162230c74f0: ;   {other}
  0x00000162230c74f0: d20f 1f84 | 0000 0000 | 00e9 0cf7 | ffff 4b89 | 4c1a f849 | 83c3 f84d | 895f 48e9 | faf6 ffff 
  0x00000162230c7510: 448b 5b14 | 4585 db0f | 848e efff | ff4d 8b4f | 2849 8bcb | 48c1 e103 | 4d85 c90f | 8493 2300 
  0x00000162230c7530: 004d 8b5f | 384b 894c | 0bf8 4983 | c1f8 4d89 | 4f28 e964 | efff ff4d | 8b5f 584d | 8b4f 48f0 
  0x00000162230c7550: 8344 24c0 | 0080 3900 | 0f84 8bef | ffff 4488 | 214d 85c9 | 7548 4889 | 5c24 3844 | 896c 2434 
  0x00000162230c7570: 4c89 5424 | 284c 8944 | 2420 498b | d7c5 f877 | 49ba e029 | 3008 fd7f | 0000 41ff 

  0x00000162230c758c: ;   {other}
  0x00000162230c758c: d20f 1f84 | 0000 0000 | 004c 8b44 | 2420 4c8b | 5424 2844 | 8b6c 2434 | 488b 5c24 | 38e9 3bef 
  0x00000162230c75ac: ffff 4b89 | 4c0b f849 | 83c1 f84d | 894f 480f | 1f44 0000 | e924 efff 

  0x00000162230c75c4: ;   {oop(""{0x000000070063adb0})}
  0x00000162230c75c4: ff48 beb0 | ad63 0007 | 0000 00e9 | 79fc ffff | 488b 5c24 | 2044 8b53 | 3c66 6690 | 4585 d20f 
  0x00000162230c75e4: 849a fcff | ff4d 8b5f | 2849 8bca | 48c1 e103 | 4d85 db0f | 84a7 2300 | 004d 8b57 | 384b 894c 
  0x00000162230c7604: 1af8 4983 | c3f8 4d89 | 5f28 e970 | fcff ff4d | 8b57 584d | 8b5f 48f0 | 8344 24c0 | 0080 3900 
  0x00000162230c7624: 0f84 9ffc | ffff 4488 | 214d 85db | 7520 498b | d7c5 f877 | 49ba e029 | 3008 fd7f | 0000 41ff 
  0x00000162230c7644: ;   {other}
  0x00000162230c7644: d20f 1f84 | 0000 0000 | 00e9 77fc | ffff 4b89 | 4c1a f849 | 83c3 f84d | 895f 4890 | e964 fcff 
  0x00000162230c7664: ff47 0fb6 | 5cd4 1145 | 85db 0f85 | 68ef ffff | 8b6c 2434 

  0x00000162230c7678: ;   {static_call}
  0x00000162230c7678: c5f8 77e8 

  0x00000162230c767c: ; ImmutableOopMap {rbp=NarrowOop [32]=Oop [48]=NarrowOop [56]=Oop [72]=Oop [80]=NarrowOop [88]=Oop [96]=Oop [112]=Oop [152]=NarrowOop }
                      ;*invokestatic beginInit {reexecute=0 rethrow=0 return_oop=1}
                      ; - java.util.jar.JarFile::ensureInitialization@31
                      ; - java.util.jar.JavaUtilJarAccessImpl::ensureInitialization@1
                      ; - jdk.internal.loader.URLClassPath$JarLoader$2::getManifest@10
                      ; - java.net.URLClassLoader::defineClass@34
                      ; - java.net.URLClassLoader$1::run@43
                      ; - java.net.URLClassLoader$1::run@1
  0x00000162230c767c: 007a f4fd 

  0x00000162230c7680: ;   {other}
  0x00000162230c7680: 0f1f 8400 | f022 0016 | 4889 4424 | 6848 8b54 | 2438 6690 

  0x00000162230c7694: ;   {optimized virtual_call}
  0x00000162230c7694: c5f8 77e8 

  0x00000162230c7698: ; ImmutableOopMap {rbp=NarrowOop [32]=Oop [48]=NarrowOop [56]=Oop [72]=Oop [80]=NarrowOop [88]=Oop [96]=Oop [104]=Oop [112]=Oop [152]=NarrowOop }
                      ;*invokevirtual initializeVerifier {reexecute=0 rethrow=0 return_oop=0}
                      ; - java.util.jar.JarFile::ensureInitialization@36
                      ; - java.util.jar.JavaUtilJarAccessImpl::ensureInitialization@1
                      ; - jdk.internal.loader.URLClassPath$JarLoader$2::getManifest@10
                      ; - java.net.URLClassLoader::defineClass@34
                      ; - java.net.URLClassLoader$1::run@43
                      ; - java.net.URLClassLoader$1::run@1
  0x00000162230c7698: e473 f4fd 

  0x00000162230c769c: ;   {other}
  0x00000162230c769c: 0f1f 8400 | 0c23 0017 | 41c6 44ec | 1101 488b | 5424 6890 

  0x00000162230c76b0: ;   {static_call}
  0x00000162230c76b0: c5f8 77e8 

  0x00000162230c76b4: ; ImmutableOopMap {[32]=Oop [48]=NarrowOop [56]=Oop [72]=Oop [80]=NarrowOop [88]=Oop [96]=Oop [112]=Oop [152]=NarrowOop }
                      ;*invokestatic endInit {reexecute=0 rethrow=0 return_oop=0}
                      ; - java.util.jar.JarFile::ensureInitialization@45
                      ; - java.util.jar.JavaUtilJarAccessImpl::ensureInitialization@1
                      ; - jdk.internal.loader.URLClassPath$JarLoader$2::getManifest@10
                      ; - java.net.URLClassLoader::defineClass@34
                      ; - java.net.URLClassLoader$1::run@43
                      ; - java.net.URLClassLoader$1::run@1
  0x00000162230c76b4: c879 f4fd 

  0x00000162230c76b8: ;   {other}
  0x00000162230c76b8: 0f1f 8400 | 2823 0018 | e917 efff | ff43 8b5c | cc0c 478b | 5ccc 084b | 8d2c cc4c | 63c3 49c1 
  0x00000162230c76d8: e002 660f | 1f44 0000 | 81fb 0000 | 0400 0f87 | aa2a 0000 | 498b 87b8 | 0100 004d | 8d50 1749 
  0x00000162230c76f8: 83e2 f848 | 8bc8 4903 | ca49 3b8f | c801 0000 | 0f83 882a | 0000 4989 | 8fb8 0100 | 000f 0d89 
  0x00000162230c7718: c000 0000 | 48c7 0001 | 0000 0044 | 8958 0889 | 580c 0f0d | 8900 0100 | 000f 0d89 | 4001 0000 
  0x00000162230c7738: 0f0d 8980 | 0100 0048 | 8bf8 4b8d | 4ccc 1048 | 8bd7 4883 | c210 4983 | c007 49c1 | e803 c5f8 
  0x00000162230c7758: 7749 ba60 | 99ff 2062 | 0100 0041 

  0x00000162230c7764: ;   {other}
  0x00000162230c7764: ffd2 0f1f | 8400 0000 | 0000 e984 | 0200 0049 | 8b87 b801 | 0000 4c8b | d049 83c2 | 184b 8d0c 
  0x00000162230c7784: c44d 3b97 | c801 0000 | 0f83 e82b | 0000 4d89 | 97b8 0100 | 0041 0f0d | 8ac0 0000 | 0048 c700 
  0x00000162230c77a4: 0100 0000 

  0x00000162230c77a8: ;   {metadata('java/util/ArrayList')}
  0x00000162230c77a8: c740 0810 | 7e05 0044 | 8960 0c44 | 8960 1043 | 8b7c dc0c 

  0x00000162230c77bc: ;   {oop(a 'java/lang/Object'[0] {0x000000070064e380})}
  0x00000162230c77bc: c740 1470 | 9c0c e04c | 8bc8 85ff | 0f86 a500 | 0000 4533 | d2eb 1766 | 0f1f 8400 | 0000 0000 
  0x00000162230c77dc: 6666 6690 | 488b 4c24 | 204c 8b4c | 2430 438b | 7cdc 0c44 | 3bd7 0f83 | 2d2c 0000 | 49c1 e303 
  0x00000162230c77fc: 478b 5c93 | 1043 8b5c | dc10 458b | 5cdc 1044 | 8954 2440 | 4c89 4c24 | 3048 894c | 2420 418b 
  0x00000162230c781c: e84d 8bc3 | 49c1 e003 | 498b d190 

  0x00000162230c7828: ;   {optimized virtual_call}
  0x00000162230c7828: c5f8 77e8 

  0x00000162230c782c: ; ImmutableOopMap {rbp=NarrowOop [32]=Oop [40]=Oop [48]=Oop [56]=Oop [80]=NarrowOop [88]=Oop [96]=Oop }
                      ;*invokevirtual addAll {reexecute=0 rethrow=0 return_oop=0}
                      ; - java.security.CodeSource::getCertificates@57
                      ; - java.lang.ClassLoader::postDefineClass@24
                      ; - java.lang.ClassLoader::defineClass@37
                      ; - java.security.SecureClassLoader::defineClass@12
                      ; - java.net.URLClassLoader::defineClass@220
                      ; - java.net.URLClassLoader$1::run@43
                      ; - java.net.URLClassLoader$1::run@1
  0x00000162230c782c: 5072 f4fd 

  0x00000162230c7830: ;   {other}
  0x00000162230c7830: 0f1f 8400 | a024 0019 | 4d8b 8f58 | 0400 0044 | 8bc5 478b | 5cc4 1044 | 8b54 2440 

  0x00000162230c784c: ; ImmutableOopMap {r11=NarrowOop r8=NarrowOop [32]=Oop [40]=Oop [48]=Oop [56]=Oop [80]=NarrowOop [88]=Oop [96]=Oop }
                      ;*goto {reexecute=1 rethrow=0 return_oop=0}
                      ; - (reexecute) java.security.CodeSource::getCertificates@64
                      ; - java.lang.ClassLoader::postDefineClass@24
                      ; - java.lang.ClassLoader::defineClass@37
                      ; - java.security.SecureClassLoader::defineClass@12
                      ; - java.net.URLClassLoader::defineClass@220
                      ; - java.net.URLClassLoader$1::run@43
                      ; - java.net.URLClassLoader$1::run@1
                      ;   {poll}
  0x00000162230c784c: 41ff c241 | 8501 438b | 4cdc 0c66 | 0f1f 8400 | 0000 0000 | 443b d10f | 8c77 ffff | ff48 8b4c 
  0x00000162230c786c: 2420 4c8b | 4c24 3049 | 8b87 b801 | 0000 4c8b | d049 83c2 | 104d 3b97 | c801 0000 | 0f83 282b 
  0x00000162230c788c: 0000 4d89 | 97b8 0100 | 0041 0f0d | 8ac0 0000 | 0048 c700 | 0100 0000 | 410f 0d8a | 0001 0000 
  0x00000162230c78ac: ;   {metadata('java/security/cert/Certificate'[])}
  0x00000162230c78ac: c740 08d8 | 0803 0041 | 0f0d 8a40 | 0100 0044 | 8960 0c41 | 0f0d 8a80 | 0100 0044 | 8944 2434 
  0x00000162230c78cc: 488b e94c | 894c 2420 | 4c8b c048 | 8b54 2420 

  0x00000162230c78dc: ;   {optimized virtual_call}
  0x00000162230c78dc: c5f8 77e8 

  0x00000162230c78e0: ; ImmutableOopMap {rbp=Oop [40]=Oop [52]=NarrowOop [56]=Oop [80]=NarrowOop [88]=Oop [96]=Oop }
                      ;*invokevirtual toArray {reexecute=0 rethrow=0 return_oop=1}
                      ; - java.security.CodeSource::getCertificates@73
                      ; - java.lang.ClassLoader::postDefineClass@24
                      ; - java.lang.ClassLoader::defineClass@37
                      ; - java.security.SecureClassLoader::defineClass@12
                      ; - java.net.URLClassLoader::defineClass@220
                      ; - java.net.URLClassLoader$1::run@43
                      ; - java.net.URLClassLoader$1::run@1
  0x00000162230c78e0: 9c71 f4fd 

  0x00000162230c78e4: ;   {other}
  0x00000162230c78e4: 0f1f 8400 | 5425 001b | 488b d844 | 8b58 0866 | 0f1f 8400 | 0000 0000 | 6666 6690 

  0x00000162230c7900: ;   {metadata('java/security/cert/Certificate'[])}
  0x00000162230c7900: 4181 fbd8 | 0803 000f | 85f7 2e00 | 0041 807f | 4000 0f85 | d627 0000 | 8b7c 2434 | 4c8b d54c 
  0x00000162230c7920: 8bc3 49c1 | e803 4589 | 44fc 144c | 8bdb 4d33 | da49 c1eb | 154d 85db | 7416 49c1 | ea09 4c8b 
  0x00000162230c7940: 4424 784d | 03c2 4180 | 3802 0f85 | e327 0000 | 8b4b 0c44 | 8b53 084c | 63c9 49c1 | e102 6690 
  0x00000162230c7960: 81f9 0000 | 0400 0f87 | 792a 0000 | 498b 87b8 | 0100 004d | 8d59 1749 | 83e3 f84c | 8bc0 4d03 
  0x00000162230c7980: c34d 3b87 | c801 0000 | 0f83 572a | 0000 4d89 | 87b8 0100 | 0041 0f0d | 88c0 0000 | 0048 c700 
  0x00000162230c79a0: 0100 0000 | 4489 5008 | 8948 0c41 | 0f0d 8800 | 0100 0041 | 0f0d 8840 | 0100 0041 | 0f0d 8880 
  0x00000162230c79c0: 0100 0048 | 8bf8 488b | cb48 83c1 | 1048 8bd7 | 4883 c210 | 4983 c107 | 49c1 e903 | 4d8b c1c5 
  0x00000162230c79e0: f877 49ba | 6099 ff20 | 6201 0000 

  0x00000162230c79ec: ;   {other}
  0x00000162230c79ec: 41ff d20f | 1f84 0000 | 0000 0048 | 8b54 2428 | 4c8b c790 

  0x00000162230c7a00: ;   {optimized virtual_call}
  0x00000162230c7a00: c5f8 77e8 

  0x00000162230c7a04: ; ImmutableOopMap {[40]=Oop [88]=Oop [96]=Oop }
                      ;*invokevirtual setSigners {reexecute=0 rethrow=0 return_oop=0}
                      ; - java.lang.ClassLoader::setSigners@2
                      ; - java.lang.ClassLoader::postDefineClass@35
                      ; - java.lang.ClassLoader::defineClass@37
                      ; - java.security.SecureClassLoader::defineClass@12
                      ; - java.net.URLClassLoader::defineClass@220
                      ; - java.net.URLClassLoader$1::run@43
                      ; - java.net.URLClassLoader$1::run@1
  0x00000162230c7a04: 7870 f4fd 

  0x00000162230c7a08: ;   {other}
  0x00000162230c7a08: 0f1f 8400 | 7826 001c | e907 f9ff | ff4c 8b6c | 2448 458b | 550c 6690 | 4585 d20f | 8427 efff 
  0x00000162230c7a28: ff4d 8b5f | 2849 8bca | 48c1 e103 | 4d85 db0f | 84e7 2000 | 004d 8b57 | 384b 894c | 1af8 4983 
  0x00000162230c7a48: c3f8 4d89 | 5f28 e9fd | eeff ff4d | 8b57 484d | 8b5f 58f0 | 8344 24c0 | 0080 3900 | 0f84 22ef 
  0x00000162230c7a68: ffff 4488 | 214d 85d2 | 7520 498b | d7c5 f877 | 49ba e029 | 3008 fd7f | 0000 41ff 

  0x00000162230c7a84: ;   {other}
  0x00000162230c7a84: d20f 1f84 | 0000 0000 | 00e9 faee | ffff 4b89 | 4c13 f849 | 83c2 f84d | 8957 4890 | e9e7 eeff 
  0x00000162230c7aa4: ff44 8b56 | 1445 85d2 | 0f84 59f7 | ffff 4d8b | 5f28 498b | ca48 c1e1 | 0366 6690 | 4d85 db0f 
  0x00000162230c7ac4: 8481 2000 | 004d 8b57 | 384b 894c | 1af8 4983 | c3f8 4d89 | 5f28 e92c | f7ff ff4d | 8b57 484d 
  0x00000162230c7ae4: 8b5f 58f0 | 8344 24c0 | 0080 3900 | 0f84 53f7 | ffff 4488 | 214d 85d2 | 7520 498b | d7c5 f877 
  0x00000162230c7b04: 49ba e029 | 3008 fd7f | 0000 41ff 

  0x00000162230c7b10: ;   {other}
  0x00000162230c7b10: d20f 1f84 | 0000 0000 | 00e9 2bf7 | ffff 4b89 | 4c13 f849 | 83c2 f84d | 8957 48e9 | 19f7 ffff 
  0x00000162230c7b30: c4e1 f96e | c248 8bd7 | 4889 5c24 | 4844 896c | 2434 4c89 | 5424 384c | 8944 2428 | 4c63 c54d 
  0x00000162230c7b50: 8d50 104d | 8bda 4983 | e3f8 498b | fe49 03fb | 49c1 ea03 | 4d2b ca49 | 8bc9 4833 | c048 83f9 
  0x00000162230c7b70: 087f 1048 | ffc9 784f | 4889 04cf | 48ff c97d | f7eb 44c5 | f5ef c9e9 | 0d00 0000 | c5fe 7f0f 
  0x00000162230c7b90: c5fe 7f4f | 2048 83c7 | 4048 83e9 | 087d ed48 | 83c1 047c | 0cc5 fe7f | 0f48 83c7 | 2048 83e9 
  0x00000162230c7bb0: 0448 83c1 | 047e 1048 | ffc9 c5f9 | d60f 4883 | c708 48ff | c97d f348 | 8bca c4e1 | f97e c2c5 
  0x00000162230c7bd0: f877 49ba | c092 ff20 | 6201 0000 

  0x00000162230c7bdc: ;   {other}
  0x00000162230c7bdc: 41ff d20f | 1f84 0000 | 0000 004c | 8b44 2428 | 4c8b 5424 | 3844 8b6c | 2434 488b | 5c24 480f 
  0x00000162230c7bfc: 1f44 0000 | e995 e8ff | ff41 8b48 | 0c4c 63c9 | 49c1 e102 | 81f9 0000 | 0400 0f87 | f125 0000 
  0x00000162230c7c1c: 498b 9fb8 | 0100 004d | 8d51 1749 | 83e2 f84c | 8bdb 4d03 | da4d 3b9f | c801 0000 | 0f83 cf25 
  0x00000162230c7c3c: 0000 4d89 | 9fb8 0100 | 0041 0f0d | 8bc0 0000 | 0048 c703 | 0100 0000 | 410f 0d8b | 0001 0000 
  0x00000162230c7c5c: ;   {metadata('java/security/CodeSigner'[])}
  0x00000162230c7c5c: c743 0828 | 993e 0089 | 4b0c 410f | 0d8b 4001 | 0000 410f | 0d8b 8001 | 0000 4c89 | 4424 5048 
  0x00000162230c7c7c: 897c 2468 | 498b e948 | 8b4c 2450 | 4883 c110 | 488b d348 | 83c2 104c | 8d55 0749 | c1ea 034d 
  0x00000162230c7c9c: 8bc2 c5f8 | 7749 ba60 | 99ff 2062 | 0100 0041 

  0x00000162230c7cac: ;   {other}
  0x00000162230c7cac: ffd2 0f1f | 8400 0000 | 0000 6666 | 0f1f 8400 | 0000 0000 | 4180 7f40 | 000f 854b | 1c00 0048 
  0x00000162230c7ccc: 8b7c 2468 | 4c8b db49 | c1eb 0344 | 895f 104c | 8bd7 4c8b | db4d 33da | 49c1 eb15 | 4d85 db0f 
  0x00000162230c7cec: 8427 efff | ff49 c1ea | 0948 b900 | 00dc 2562 | 0100 0049 | 03ca 8039 | 020f 840d | efff ff4d 
  0x00000162230c7d0c: 8b57 584d | 8b5f 48f0 | 8344 24c0 | 000f 1f80 | 0000 0000 | 8039 000f | 84ef eeff | ff44 8821 
  0x00000162230c7d2c: 4d85 db75 | 2049 8bd7 | c5f8 7749 | bae0 2930 | 08fd 7f00 | 0041 ffd2 

  0x00000162230c7d44: ;   {other}
  0x00000162230c7d44: 0f1f 8400 | 0000 0000 | e9c7 eeff | ff4b 894c | 1af8 4983 | c3f8 4d89 | 5f48 6690 | e9b3 eeff 
  0x00000162230c7d64: ff4c 63c5 | 4d8d 5010 | 4d8b ca49 | 83e1 f849 | 8bfd 4903 | f949 c1ea | 0349 2bc2 | 488b c848 
  0x00000162230c7d84: 33c0 4883 | f908 7f10 | 48ff c978 | 4f48 8904 | cf48 ffc9 | 7df7 eb44 | c5f5 efc9 | e90d 0000 
  0x00000162230c7da4: 00c5 fe7f | 0fc5 fe7f | 4f20 4883 | c740 4883 | e908 7ded | 4883 c104 | 7c0c c5fe | 7f0f 4883 
  0x00000162230c7dc4: c720 4883 | e904 4883 | c104 7e10 | 48ff c9c5 | f9d6 0f48 | 83c7 0848 | ffc9 7df3 | c4e1 f97e 
  0x00000162230c7de4: c149 8bd3 | c5f8 7749 | bac0 92ff | 2062 0100 | 0041 ffd2 

  0x00000162230c7df8: ;   {other}
  0x00000162230c7df8: 0f1f 8400 | 0000 0000 | e9f4 f3ff | ff47 0fb6 | 5cd4 1145 | 85db 0f84 | 310d 0000 | 4489 5424 
  0x00000162230c7e18: 544c 894c | 2438 418b | e848 8b54 | 2468 4d8b | c166 6690 

  0x00000162230c7e2c: ;   {optimized virtual_call}
  0x00000162230c7e2c: c5f8 77e8 

  0x00000162230c7e30: ; ImmutableOopMap {rbp=NarrowOop [32]=Oop [40]=Oop [48]=NarrowOop [56]=Oop [72]=Oop [80]=NarrowOop [84]=NarrowOop [88]=Oop [96]=Oop [104]=Oop [152]=NarrowOop }
                      ;*invokevirtual verifiableEntry {reexecute=0 rethrow=0 return_oop=1}
                      ; - java.util.jar.JarFile::getInputStream@56
                      ; - jdk.internal.loader.URLClassPath$JarLoader$2::getInputStream@11
                      ; - jdk.internal.loader.Resource::cachedInputStream@9
                      ; - jdk.internal.loader.Resource::getByteBuffer@1
                      ; - java.net.URLClassLoader::defineClass@132
                      ; - java.net.URLClassLoader$1::run@43
                      ; - java.net.URLClassLoader$1::run@1
  0x00000162230c7e30: 4c6c f4fd 

  0x00000162230c7e34: ;   {other}
  0x00000162230c7e34: 0f1f 8400 | a42a 001d | 4c8b d890 | 4885 c00f | 8447 0d00 | 0049 8b87 | b801 0000 | 4c8b d049 
  0x00000162230c7e54: 83c2 2066 | 0f1f 8400 | 0000 0000 | 4d3b 97c8 | 0100 000f | 83ef 2300 | 004d 8997 | b801 0000 
  0x00000162230c7e74: 410f 0d8a | c000 0000 | 48c7 0001 

  0x00000162230c7e80: ;   {metadata('java/util/jar/JarVerifier$VerifierStream')}
  0x00000162230c7e80: 0000 00c7 | 4008 e899 | aa01 4489 | 600c 4c89 | 6010 4c89 | 6018 4c89 | 5c24 704c | 8bd0 4c89 
  0x00000162230c7ea0: 5424 7848 | 8b54 2468 

  0x00000162230c7ea8: ;   {optimized virtual_call}
  0x00000162230c7ea8: c5f8 77e8 

  0x00000162230c7eac: ; ImmutableOopMap {rbp=NarrowOop [32]=Oop [40]=Oop [48]=NarrowOop [56]=Oop [72]=Oop [80]=NarrowOop [84]=NarrowOop [88]=Oop [96]=Oop [104]=Oop [112]=Oop [120]=Oop [152]=NarrowOop }
                      ;*invokevirtual getManifestFromReference {reexecute=0 rethrow=0 return_oop=1}
                      ; - java.util.jar.JarFile::getInputStream@71
                      ; - jdk.internal.loader.URLClassPath$JarLoader$2::getInputStream@11
                      ; - jdk.internal.loader.Resource::cachedInputStream@9
                      ; - jdk.internal.loader.Resource::getByteBuffer@1
                      ; - java.net.URLClassLoader::defineClass@132
                      ; - java.net.URLClassLoader$1::run@43
                      ; - java.net.URLClassLoader$1::run@1
  0x00000162230c7eac: d06b f4fd 

  0x00000162230c7eb0: ;   {other}
  0x00000162230c7eb0: 0f1f 8400 | 202b 001e | 4889 8424 | 8000 0000 | 488b 5424 | 684c 8b44 | 2438 6690 

  0x00000162230c7ecc: ;   {optimized virtual_call}
  0x00000162230c7ecc: c5f8 77e8 

  0x00000162230c7ed0: ; ImmutableOopMap {[32]=Oop [40]=Oop [48]=NarrowOop [72]=Oop [80]=NarrowOop [84]=NarrowOop [88]=Oop [96]=Oop [104]=Oop [112]=Oop [120]=Oop [128]=Oop [152]=NarrowOop }
                      ;*invokespecial getInputStream {reexecute=0 rethrow=0 return_oop=1}
                      ; - java.util.jar.JarFile::getInputStream@77
                      ; - jdk.internal.loader.URLClassPath$JarLoader$2::getInputStream@11
                      ; - jdk.internal.loader.Resource::cachedInputStream@9
                      ; - jdk.internal.loader.Resource::getByteBuffer@1
                      ; - java.net.URLClassLoader::defineClass@132
                      ; - java.net.URLClassLoader$1::run@43
                      ; - java.net.URLClassLoader$1::run@1
  0x00000162230c7ed0: ac6b f4fd 

  0x00000162230c7ed4: ;   {other}
  0x00000162230c7ed4: 0f1f 8400 | 442b 001f | 448b 5c24 | 5447 8b4c | dc30 488b | d848 85c0 | 0f84 8927 | 0000 4180 
  0x00000162230c7ef4: 7f40 000f | 8571 1d00 | 004c 8b54 | 2478 4d8b | c248 8bcb | 48c1 e903 | 4189 4a0c | 498b e948 
  0x00000162230c7f14: c1e5 0348 | 8bcb 4933 | c848 c1e9 | 1548 85c9 | 7423 49c1 | e809 48b9 | 0000 dc25 | 6201 0000 
  0x00000162230c7f34: 4903 c866 | 0f1f 8400 | 0000 0000 | 8039 020f | 85f2 1e00 | 0041 807f | 4000 0f85 | 521d 0000 
  0x00000162230c7f54: 4589 4a18 | 4c8b c549 | 8bda 4c33 | c349 c1e8 | 154d 85c0 | 741f 4585 | c974 1a48 | c1eb 0948 
  0x00000162230c7f74: b900 00dc | 2562 0100 | 0048 03cb | 8039 020f | 855c 2000 | 0049 8b8f | b801 0000 | 4c8b c149 
  0x00000162230c7f94: 83c0 3066 | 0f1f 8400 | 0000 0000 | 4d3b 87c8 | 0100 000f | 83d8 2200 | 004d 8987 | b801 0000 
  0x00000162230c7fb4: 410f 0d88 | c000 0000 | 48c7 0101 

  0x00000162230c7fc0: ;   {metadata('sun/security/util/ManifestEntryVerifier')}
  0x00000162230c7fc0: 0000 00c7 | 4108 c0d2 | 0900 4489 | 610c 4c89 | 6110 4c89 | 6118 4c89 | 6120 4c89 | 6128 6690 
  0x00000162230c7fe0: ; implicit exception: dispatches to 0x00000162230caf28
  0x00000162230c7fe0: 478b 4ccc | 30c6 410c | 0149 8b87 | b801 0000 | 4c8b c049 | 83c0 3049 | 8be9 48c1 | e503 6690 
  0x00000162230c8000: 4d3b 87c8 | 0100 000f | 83f9 2200 | 004d 8987 | b801 0000 | 410f 0d88 | c000 0000 | 48c7 0001 
  0x00000162230c8020: ;   {metadata('java/util/HashMap')}
  0x00000162230c8020: 0000 00c7 | 4008 6065 | 0600 4489 | 600c 4c89 | 6010 4c89 | 6028 4489 | 5c24 544c | 8954 2438 
  0x00000162230c8040: 4889 4c24 | 7844 894c | 2434 4c8b | 9424 8000 | 0000 498b | fa48 c1ef | 034c 8b54 | 2478 498b 
  0x00000162230c8060: da48 c1eb | 0349 ba00 | 0000 0010 | 0000 004c | 8950 1848 | c740 2000 | 0040 3f4c | 8bd0 49c1 
  0x00000162230c8080: ea03 4c8b | 5c24 7845 | 8953 104c | 8bd0 4d33 | d349 c1ea | 154d 85d2 | 741a 49c1 | eb09 48b9 
  0x00000162230c80a0: 0000 dc25 | 6201 0000 | 4903 cb80 | 3902 0f85 | da1e 0000 | 4d8b 97b8 | 0100 004d | 8bda 4983 
  0x00000162230c80c0: c318 4d3b | 9fc8 0100 | 000f 83f8 | 2100 004d | 899f b801 | 0000 410f | 0d8b c000 | 0000 49c7 
  0x00000162230c80e0: 0201 0000 

  0x00000162230c80e4: ;   {metadata('java/util/ArrayList')}
  0x00000162230c80e4: 0041 c742 | 0810 7e05 | 0045 8962 | 0c45 8962 

  0x00000162230c80f4: ;   {oop(a 'java/lang/Object'[0] {0x000000070064e380})}
  0x00000162230c80f4: 1041 c742 | 1470 9c0c | e049 8bf2 | 4180 7f40 | 000f 8568 | 1c00 004c | 8bd6 4d8b | da49 c1eb 
  0x00000162230c8114: 034c 8b54 | 2478 4589 | 5a14 4c8b | de4d 33da | 49c1 eb15 | 4d85 db74 | 1c49 c1ea | 0948 b900 
  0x00000162230c8134: 00dc 2562 | 0100 0049 | 03ca 6690 | 8039 020f | 859f 1d00 | 004d 8b97 | b801 0000 | 4d8b da49 
  0x00000162230c8154: 83c3 1866 | 0f1f 8400 | 0000 0000 | 4d3b 9fc8 | 0100 000f | 83cc 2100 | 004d 899f | b801 0000 
  0x00000162230c8174: 410f 0d8b | c000 0000 | 49c7 0201 

  0x00000162230c8180: ;   {metadata('java/util/ArrayList')}
  0x00000162230c8180: 0000 0041 | c742 0810 | 7e05 0045 | 8962 0c45 

  0x00000162230c8190: ;   {oop(a 'java/lang/Object'[0] {0x000000070064e380})}
  0x00000162230c8190: 8962 1041 | c742 1470 | 9c0c e049 | 8bf2 6690 | 4180 7f40 | 000f 8508 | 1c00 004c | 8bd6 49c1 
  0x00000162230c81b0: ea03 4c8b | 5c24 7845 | 8953 184d | 8bd3 4c8b | de4d 33da | 49c1 eb15 | 4d85 db74 | 1c49 c1ea 
  0x00000162230c81d0: 0948 b900 | 00dc 2562 | 0100 0049 | 03ca 6690 | 8039 020f | 85ae 1c00 | 0041 807f | 4000 0f85 
  0x00000162230c81f0: 051b 0000 | 4c8b 5424 | 7844 8b44 | 2434 4589 | 4220 4c8b | d54c 8b5c | 2478 4d33 | d349 c1ea 
  0x00000162230c8210: 154d 85d2 | 741f 4585 | c074 1a49 | c1eb 0948 | b900 00dc | 2562 0100 | 0049 03cb | 8039 020f 
  0x00000162230c8230: 8510 1e00 | 0066 6666 | 0f1f 8400 | 0000 0000 | 4180 7f40 | 000f 85a8 | 1b00 004c | 8b44 2478 
  0x00000162230c8250: 4189 7824 | 4d8b d04c | 8b8c 2480 | 0000 004d | 8bd9 4d33 | da49 c1eb | 154d 85db | 741f 4d85 
  0x00000162230c8270: c974 1a49 | c1ea 0948 | b900 00dc | 2562 0100 | 0049 03ca | 8039 020f | 850a 1e00 | 0041 807f 
  0x00000162230c8290: ;   {no_reloc}
  0x00000162230c8290: 4000 0f85 | 9d1a 0000 | 488b 7c24 | 3889 5f1c | 4d8b d04c | 8bdf 4d33 | d349 c1ea | 154d 85d2 
  0x00000162230c82b0: 0f84 3b1a | 0000 49c1 | eb09 48b9 | 0000 dc25 | 6201 0000 | 4903 cb80 | 3902 0f85 | 691c 0000 
  0x00000162230c82d0: 4d8b c844 | 8b57 1866 | 0f1f 8400 | 0000 0000 | 4585 d20f | 8473 2100 | 0048 8bef | 4b8d 14d4 
  0x00000162230c82f0: 4c8b 4424 | 7066 6690 

  0x00000162230c82f8: ;   {optimized virtual_call}
  0x00000162230c82f8: c5f8 77e8 

  0x00000162230c82fc: ; ImmutableOopMap {rbp=Oop [32]=Oop [40]=Oop [48]=NarrowOop [72]=Oop [80]=NarrowOop [84]=NarrowOop [88]=Oop [96]=Oop [104]=Oop [112]=Oop [152]=NarrowOop }
                      ;*invokevirtual beginEntry {reexecute=0 rethrow=0 return_oop=0}
                      ; - java.util.jar.JarVerifier$VerifierStream::<init>@47
                      ; - java.util.jar.JarFile::getInputStream@84
                      ; - jdk.internal.loader.URLClassPath$JarLoader$2::getInputStream@11
                      ; - jdk.internal.loader.Resource::cachedInputStream@9
                      ; - jdk.internal.loader.Resource::getByteBuffer@1
                      ; - java.net.URLClassLoader::defineClass@132
                      ; - java.net.URLClassLoader$1::run@43
                      ; - java.net.URLClassLoader$1::run@1
  0x00000162230c82fc: 8067 f4fd 

  0x00000162230c8300: ;   {other}
  0x00000162230c8300: 0f1f 8400 | 702f 0020 | 4c8b 5424 | 704d 8b52 | 204c 8bdd | 4d89 5310 | 0f1f 8400 | 0000 0000 
  0x00000162230c8320: 4d85 d20f | 845f 0900 | 004c 8b44 | 2468 488d | 8424 d800 | 0000 4883 | 3800 0f84 | 7900 0000 
  0x00000162230c8340: 4d8b 1041 | f6c2 020f | 8462 0000 | 0049 83ba | 8600 0000 | 0074 0949 | ff8a 8600 | 0000 eb4b 
  0x00000162230c8360: 498b 8296 | 0000 0049 | 0b82 8e00 | 0000 750a | 49c7 423e | 0000 0000 | eb3d 4983 | ba9e 0000 
  0x00000162230c8380: 0000 7422 | 4833 c049 | c742 3e00 | 0000 00f0 | 8304 2400 | 4983 ba9e | 0000 0000 | 750d f04d 
  0x00000162230c83a0: 0fb1 7a3e | 7505 83c8 | 01eb 0ca8 | 00eb 084c | 8b10 f04d | 0fb1 1075 | 0a49 ff8f | 5005 0000 
  0x00000162230c83c0: 4533 d20f | 85db 2000 | 0049 8bdb | e96a e5ff | ff4c 8954 | 2428 498b | d266 6690 

  0x00000162230c83dc: ;   {optimized virtual_call}
  0x00000162230c83dc: c5f8 77e8 

  0x00000162230c83e0: ; ImmutableOopMap {rbp=NarrowOop [32]=Oop [40]=Oop [48]=NarrowOop [56]=Oop [72]=Oop [80]=NarrowOop [88]=Oop [96]=Oop [152]=NarrowOop }
                      ;*invokevirtual realEntry {reexecute=0 rethrow=0 return_oop=1}
                      ; - java.util.jar.JarFile$JarFileEntry::getCodeSigners@46
                      ; - jdk.internal.loader.URLClassPath$JarLoader$2::getCodeSigners@4
                      ; - java.net.URLClassLoader::defineClass@185
                      ; - java.net.URLClassLoader$1::run@43
                      ; - java.net.URLClassLoader$1::run@1
  0x00000162230c83e0: 9c66 f4fd 

  0x00000162230c83e4: ;   {other}
  0x00000162230c83e4: 0f1f 8400 | 5430 0021 | 498d 14ec | 4c8b c090 

  0x00000162230c83f4: ;   {optimized virtual_call}
  0x00000162230c83f4: c5f8 77e8 

  0x00000162230c83f8: ; ImmutableOopMap {[32]=Oop [40]=Oop [48]=NarrowOop [56]=Oop [72]=Oop [80]=NarrowOop [88]=Oop [96]=Oop [152]=NarrowOop }
                      ;*invokevirtual getCodeSigners {reexecute=0 rethrow=0 return_oop=1}
                      ; - java.util.jar.JarFile$JarFileEntry::getCodeSigners@49
                      ; - jdk.internal.loader.URLClassPath$JarLoader$2::getCodeSigners@4
                      ; - java.net.URLClassLoader::defineClass@185
                      ; - java.net.URLClassLoader$1::run@43
                      ; - java.net.URLClassLoader$1::run@1
  0x00000162230c83f8: 8466 f4fd 

  0x00000162230c83fc: ;   {other}
  0x00000162230c83fc: 0f1f 8400 | 6c30 0022 | 488b d841 | 807f 4000 | 0f85 c017 | 0000 488b | 7c24 284c | 8bcb 4d8b 
  0x00000162230c841c: c149 c1e8 | 0344 8947 | 5c4c 8bd7 | 4d8b d94d | 33da 49c1 | eb15 4d85 | db0f 8489 | 1700 000f 
  0x00000162230c843c: 1f44 0000 | 4d85 c90f | 84f1 e6ff | ff49 c1ea | 0948 b900 | 00dc 2562 | 0100 0049 | 03ca 660f 
  0x00000162230c845c: 1f44 0000 | 8039 020f | 85aa 1700 | 0043 8b5c | c40c 4f8d | 0cc4 4863 | cb48 c1e1 | 020f 1f80 
  0x00000162230c847c: 0000 0000 | 81fb 0000 | 0400 0f87 | 4f1d 0000 | 498b 87b8 | 0100 004c | 8d51 1749 | 83e2 f84c 
  0x00000162230c849c: 8bd8 4d03 | da4d 3b9f | c801 0000 | 0f83 2d1d | 0000 4d89 | 9fb8 0100 | 0041 0f0d | 8bc0 0000 
  0x00000162230c84bc: 0048 c700 | 0100 0000 | 410f 0d8b | 0001 0000 

  0x00000162230c84cc: ;   {metadata('java/security/CodeSigner'[])}
  0x00000162230c84cc: c740 0828 | 993e 0089 | 580c 410f | 0d8b 4001 | 0000 410f | 0d8b 8001 | 0000 4489 | 4424 2c49 
  0x00000162230c84ec: 8be9 4889 | 4c24 684c | 8bd0 448b | 5c24 2c4b | 8d4c dc10 | 498b d248 | 83c2 1049 | 8bda 4c8b 
  0x00000162230c850c: 5424 6849 | 83c2 0749 | c1ea 034d | 8bc2 c5f8 | 7749 ba60 | 99ff 2062 | 0100 0041 

  0x00000162230c8528: ;   {other}
  0x00000162230c8528: ffd2 0f1f | 8400 0000 | 0000 4c8b | dbe9 03e6 | ffff 4489 | 5c24 3c48 | 8974 2440 | 4489 4c24 
  0x00000162230c8548: 3889 5c24 | 3444 8954 | 2430 4c89 | 4424 2848 | 894c 2420 | 488b 6c24 

  0x00000162230c8560: ;   {metadata({type array byte})}
  0x00000162230c8560: 5848 bac8 | 0a04 0008 | 0000 0044 | 8b44 243c | 4889 4424 | 4866 6690 

  0x00000162230c8578: ;   {runtime_call _new_array_Java}
  0x00000162230c8578: c5f8 77e8 

  0x00000162230c857c: ; ImmutableOopMap {rbp=Oop [32]=Oop [40]=Oop [88]=Oop }
                      ;*invokevirtual allocateUninitializedArray0 {reexecute=0 rethrow=0 return_oop=1}
                      ; - jdk.internal.misc.Unsafe::allocateUninitializedArray@51
                      ; - java.lang.StringConcatHelper::newArray@33
                      ; - java.lang.StringConcatHelper::simpleConcat@61
                      ; - java.lang.String::concat@11
                      ; - java.net.URLClassLoader$1::run@13
                      ; - java.net.URLClassLoader$1::run@1
  0x00000162230c857c: 806e 00fe 

  0x00000162230c8580: ;   {other}
  0x00000162230c8580: 0f1f 8400 | f031 0023 | 4c8b 4424 | 2844 8b54 | 2430 8b5c | 2434 448b | 4c24 3848 | 8b74 2440 
  0x00000162230c85a0: 448b 5c24 | 3c48 8be8 | 488b 4c24 | 20e9 73da 

  0x00000162230c85b0: ;   {metadata('java/lang/String')}
  0x00000162230c85b0: ffff 48ba | 9020 0400 | 0800 0000 

  0x00000162230c85bc: ;   {runtime_call _new_instance_Java}
  0x00000162230c85bc: c5f8 77e8 

  0x00000162230c85c0: ; ImmutableOopMap {rbp=Oop [88]=Oop }
                      ;*new {reexecute=0 rethrow=0 return_oop=1}
                      ; - java.lang.StringConcatHelper::newString@6
                      ; - java.lang.StringConcatHelper::simpleConcat@90
                      ; - java.lang.String::concat@11
                      ; - java.net.URLClassLoader$1::run@13
                      ; - java.net.URLClassLoader$1::run@1
  0x00000162230c85c0: 3c6b 00fe 

  0x00000162230c85c4: ;   {other}
  0x00000162230c85c4: 0f1f 8400 | 3432 0024 | 4c8b c0e9 | 1fdb ffff | 478d 0c12 | 0f1f 8400 | 0000 0000 | 4585 c90f 
  0x00000162230c85e4: 8c27 1f00 | 0045 3bd9 | 0f82 1e1f | 0000 488b | f748 8bfa | 418b d28b | ca83 e10f | 83e2 f074 
  0x00000162230c8604: 1c48 8d34 | 1648 8d3c | 5748 f7da | c4e2 7d30 | 0416 c5fe | 7f04 5748 | 83c2 1075 | ef8b d183 
  0x00000162230c8624: e107 83e2 | f874 27c4 | e279 3006 | c5fa 7f07 | 4883 c608 | 4883 c710 | e911 0000 | 00c4 e279 
  0x00000162230c8644: 3004 16c5 | fa7f 0457 | 4883 c208 | 75ef 8bd1 | 83fa 047c | 19c5 f96e | 06c4 e279 | 30c0 c5f9 
  0x00000162230c8664: d607 4883 | ea04 4883 | c604 4883 | c708 85d2 | 7418 488d | 3416 488d | 3c57 48f7 | da0f b60c 
  0x00000162230c8684: 1666 890c | 5748 ffc2 | 75f3 e919 | daff ff48 | 8b54 2468 | 4c8b 4424 | 704c 8b8c | 2490 0000 
  0x00000162230c86a4: 0048 8bbc | 2490 0000 | 0048 8bb4 | 2490 0000 | 0048 8b8c | 2490 0000 | 004c 890c 

  0x00000162230c86c0: ;   {no_reloc}
  0x00000162230c86c0: 244c 894c | 2408 4c89 | 4c24 1090 

  0x00000162230c86cc: ;   {optimized virtual_call}
  0x00000162230c86cc: c5f8 77e8 

  0x00000162230c86d0: ; ImmutableOopMap {[32]=Oop [40]=Oop [48]=NarrowOop [72]=Oop [80]=NarrowOop [88]=Oop [96]=Oop [112]=Oop [152]=NarrowOop }
                      ;*invokevirtual definePackage {reexecute=0 rethrow=0 return_oop=1}
                      ; - java.net.URLClassLoader::defineClass@81
                      ; - java.net.URLClassLoader$1::run@43
                      ; - java.net.URLClassLoader$1::run@1
  0x00000162230c86d0: ac63 f4fd 

  0x00000162230c86d4: ;   {other}
  0x00000162230c86d4: 0f1f 8400 | 4433 0025 | 0f1f 4000 | e924 e0ff | ff44 8954 | 2434 8974 | 2448 894c | 244c 4889 
  0x00000162230c86f4: 5424 4048 | 897c 2438 | 4489 4424 | 3044 895c | 242c 4489 | 4c24 284c | 8b54 2458 | 4c89 5424 
  0x00000162230c8714: ;   {metadata({type array byte})}
  0x00000162230c8714: 2048 bac8 | 0a04 0008 | 0000 0090 

  0x00000162230c8720: ;   {runtime_call _new_array_Java}
  0x00000162230c8720: c5f8 77e8 

  0x00000162230c8724: ; ImmutableOopMap {[32]=Oop [40]=NarrowOop [44]=NarrowOop [56]=Oop [64]=Oop [88]=Oop }
                      ;*invokevirtual allocateUninitializedArray0 {reexecute=0 rethrow=0 return_oop=1}
                      ; - jdk.internal.misc.Unsafe::allocateUninitializedArray@51
                      ; - java.lang.StringConcatHelper::newArray@33
                      ; - java.lang.StringLatin1::replace@49
                      ; - java.lang.String::replace@18
                      ; - java.net.URLClassLoader$1::run@8
                      ; - java.net.URLClassLoader$1::run@1
  0x00000162230c8724: d86c 00fe 

  0x00000162230c8728: ;   {other}
  0x00000162230c8728: 0f1f 8400 | 9833 0026 | 448b 4c24 | 2844 8b5c | 242c 448b | 4424 3048 | 8b7c 2438 | 488b 5424 
  0x00000162230c8748: 4048 8bc8 | e9f1 d5ff 

  0x00000162230c8750: ;   {metadata('java/lang/String')}
  0x00000162230c8750: ff48 ba90 | 2004 0008 | 0000 0048 | 8bef 4889 | 4c24 3090 

  0x00000162230c8764: ;   {runtime_call _new_instance_Java}
  0x00000162230c8764: c5f8 77e8 

  0x00000162230c8768: ; ImmutableOopMap {rbp=Oop [48]=Oop [88]=Oop }
                      ;*new {reexecute=0 rethrow=0 return_oop=1}
                      ; - java.lang.StringLatin1::replace@116
                      ; - java.lang.String::replace@18
                      ; - java.net.URLClassLoader$1::run@8
                      ; - java.net.URLClassLoader$1::run@1
  0x00000162230c8768: 9469 00fe 

  0x00000162230c876c: ;   {other}
  0x00000162230c876c: 0f1f 8400 | dc33 0027 | 4c8b c048 | 8b4c 2430 | 0f1f 4000 | e992 d7ff | ff49 8beb 

  0x00000162230c8788: ;   {metadata('java/security/CodeSource')}
  0x00000162230c8788: 48ba 185b | 0500 0800 | 0000 6690 

  0x00000162230c8794: ;   {runtime_call _new_instance_Java}
  0x00000162230c8794: c5f8 77e8 

  0x00000162230c8798: ; ImmutableOopMap {rbp=Oop [32]=Oop [48]=NarrowOop [56]=Oop [72]=Oop [80]=NarrowOop [88]=Oop [96]=Oop [152]=NarrowOop }
                      ;*new {reexecute=0 rethrow=0 return_oop=1}
                      ; - java.net.URLClassLoader::defineClass@190
                      ; - java.net.URLClassLoader$1::run@43
                      ; - java.net.URLClassLoader$1::run@1
  0x00000162230c8798: 6469 00fe 

  0x00000162230c879c: ;   {other}
  0x00000162230c879c: 0f1f 8400 | 0c34 0028 | 4c8b dd4c | 8bc8 e9d7 | e3ff ff44 | 895c 2434 | 4889 7c24 | 2849 8be8 
  0x00000162230c87bc: ;   {metadata('java/security/SecureClassLoader$CodeSourceKey')}
  0x00000162230c87bc: 48ba 5893 | 0900 0800 | 0000 6690 

  0x00000162230c87c8: ;   {runtime_call _new_instance_Java}
  0x00000162230c87c8: c5f8 77e8 

  0x00000162230c87cc: ; ImmutableOopMap {rbp=Oop [32]=Oop [40]=Oop [48]=NarrowOop [56]=Oop [88]=Oop [96]=Oop [152]=NarrowOop }
                      ;*new {reexecute=0 rethrow=0 return_oop=1}
                      ; - java.security.SecureClassLoader::getProtectionDomain@6
                      ; - java.security.SecureClassLoader::defineClass@9
                      ; - java.net.URLClassLoader::defineClass@220
                      ; - java.net.URLClassLoader$1::run@43
                      ; - java.net.URLClassLoader$1::run@1
  0x00000162230c87cc: 3069 00fe 

  0x00000162230c87d0: ;   {other}
  0x00000162230c87d0: 0f1f 8400 | 4034 0029 | 4c8b c548 | 8b7c 2428 | 448b 5c24 | 344c 8bc8 | e9ee e5ff | ff4c 894c 
  0x00000162230c87f0: 2440 4489 | 5c24 2c4c | 8944 2430 | 894c 2428 

  0x00000162230c8800: ;   {metadata('java/security/SecureClassLoader$1')}
  0x00000162230c8800: 48ba 9895 | 0900 0800 | 0000 6690 

  0x00000162230c880c: ;   {runtime_call _new_instance_Java}
  0x00000162230c880c: c5f8 77e8 

  0x00000162230c8810: ; ImmutableOopMap {rbp=NarrowOop [32]=Oop [40]=NarrowOop [48]=Oop [56]=Oop [64]=Oop [88]=Oop [96]=Oop [152]=NarrowOop }
                      ;*new {reexecute=0 rethrow=0 return_oop=1}
                      ; - java.security.SecureClassLoader::getProtectionDomain@20
                      ; - java.security.SecureClassLoader::defineClass@9
                      ; - java.net.URLClassLoader::defineClass@220
                      ; - java.net.URLClassLoader$1::run@43
                      ; - java.net.URLClassLoader$1::run@1
  0x00000162230c8810: ec68 00fe 

  0x00000162230c8814: ;   {other}
  0x00000162230c8814: 0f1f 8400 | 8434 002a | 8b4c 2428 | 4c8b 4424 | 3044 8b5c | 242c 4c8b | 4c24 4048 | 8bd8 e9f7 
  0x00000162230c8834: e5ff ff45 | 33d2 e9b1 | e6ff ff44 | 896c 2468 | 4c89 5424 | 504c 8944 | 2448 4889 | 4c24 3844 
  0x00000162230c8854: 895c 2434 | 8954 242c | 8944 2428 | 448b 5424 | 3044 8954 | 2420 4889 

  0x00000162230c886c: ;   {metadata('java/lang/String')}
  0x00000162230c886c: 7424 6048 | ba90 2004 | 0008 0000 | 0066 6690 

  0x00000162230c887c: ;   {runtime_call _new_instance_Java}
  0x00000162230c887c: c5f8 77e8 

  0x00000162230c8880: ; ImmutableOopMap {[32]=NarrowOop [40]=NarrowOop [56]=Oop [72]=Oop [80]=Oop [88]=Oop [96]=Oop [104]=NarrowOop [152]=NarrowOop }
                      ;*new {reexecute=0 rethrow=0 return_oop=1}
                      ; - java.lang.StringLatin1::newString@7
                      ; - java.lang.String::substring@41
                      ; - java.net.URLClassLoader::defineClass@28
                      ; - java.net.URLClassLoader$1::run@43
                      ; - java.net.URLClassLoader$1::run@1
  0x00000162230c8880: 7c68 00fe 

  0x00000162230c8884: ;   {other}
  0x00000162230c8884: 0f1f 8400 | f434 002b | 4c8b c848 | 8b74 2460 | 448b 5c24 | 2044 895c | 2430 8b44 | 2428 8b54 
  0x00000162230c88a4: 242c 448b | 5c24 3448 | 8b4c 2438 | 4c8b 4424 | 484c 8b54 | 2450 448b | 6c24 6849 | 8bd9 e9d4 
  0x00000162230c88c4: d9ff ff44 | 8954 2440 | 8954 2434 | 4489 4c24 | 3048 895c | 2428 4c89 

  0x00000162230c88dc: ;   {metadata('java/lang/String')}
  0x00000162230c88dc: 7424 2048 | ba90 2004 | 0008 0000 | 0066 6690 

  0x00000162230c88ec: ;   {runtime_call _new_instance_Java}
  0x00000162230c88ec: c5f8 77e8 

  0x00000162230c88f0: ; ImmutableOopMap {rbp=Oop [40]=Oop [48]=NarrowOop [56]=Oop [72]=Oop [80]=NarrowOop [88]=Oop [96]=Oop }
                      ;*new {reexecute=0 rethrow=0 return_oop=1}
                      ; - java.lang.StringLatin1::newString@7
                      ; - java.lang.String::substring@41
                      ; - java.lang.Class::getPackageName@62
                      ; - java.lang.ClassLoader::postDefineClass@2
                      ; - java.lang.ClassLoader::defineClass@37
                      ; - java.security.SecureClassLoader::defineClass@12
                      ; - java.net.URLClassLoader::defineClass@220
                      ; - java.net.URLClassLoader$1::run@43
                      ; - java.net.URLClassLoader$1::run@1
  0x00000162230c88f0: 0c68 00fe 

  0x00000162230c88f4: ;   {other}
  0x00000162230c88f4: 0f1f 8400 | 6435 002c | 4c8b 7424 | 2048 8b5c | 2428 448b | 4c24 308b | 5424 3444 | 8b54 2440 
  0x00000162230c8914: 488b f0e9 | 3fe7 ffff | 4889 8424 | 8800 0000 | 4c89 8c24 | 8000 0000 | 4889 7c24 | 7848 895c 
  0x00000162230c8934: 2470 4489 | 6c24 3c4c | 8954 2468 | 4c89 4424 | 5044 895c | 2438 4c8b | 9424 9000 | 0000 4c89 
  0x00000162230c8954: 5424 2848 | 8974 2460 

  0x00000162230c895c: ;   {metadata({type array byte})}
  0x00000162230c895c: 48ba c80a | 0400 0800 | 0000 4889 | 4c24 4844 | 8b44 2438 

  0x00000162230c8970: ;   {runtime_call _new_array_nozero_Java}
  0x00000162230c8970: c5f8 77e8 

  0x00000162230c8974: ; ImmutableOopMap {[48]=NarrowOop [60]=NarrowOop [72]=Oop [120]=Derived_oop_[72] [80]=Oop [88]=Oop [96]=Oop [104]=Oop [112]=Oop [152]=NarrowOop }
                      ;*newarray {reexecute=0 rethrow=0 return_oop=1}
                      ; - java.util.Arrays::copyOfRangeByte@10
                      ; - java.util.Arrays::copyOfRange@13
                      ; - java.lang.StringLatin1::newString@16
                      ; - java.lang.String::substring@41
                      ; - java.net.URLClassLoader::defineClass@28
                      ; - java.net.URLClassLoader$1::run@43
                      ; - java.net.URLClassLoader$1::run@1
  0x00000162230c8974: 886d 00fe 

  0x00000162230c8978: ;   {other}
  0x00000162230c8978: 0f1f 8400 | e835 002d | 488b c848 | 8b74 2460 | 4c8b 5424 | 284c 8994 | 2490 0000 | 0044 8b5c 
  0x00000162230c8998: 2438 4c8b | 4424 504c | 8b54 2468 | 448b 6c24 | 3c48 8b5c | 2470 488b | 7c24 784c | 8b8c 2480 
  0x00000162230c89b8: 0000 0048 | 8b84 2488 | 0000 004c | 8bf1 e978 | daff ff48 | 8974 2420 | 8944 242c | 448b f248 
  0x00000162230c89d8: 8be9 4c89 | 4424 384c | 8954 2448 | 4489 6c24 | 5048 895c | 2460 4889 | 7c24 684c | 895c 2470 
  0x00000162230c89f8: ;   {metadata({type array byte})}
  0x00000162230c89f8: 48ba c80a | 0400 0800 | 0000 458b | c666 6690 

  0x00000162230c8a08: ;   {runtime_call _new_array_nozero_Java}
  0x00000162230c8a08: c5f8 77e8 

  0x00000162230c8a0c: ; ImmutableOopMap {rbp=Oop [104]=Derived_oop_rbp [32]=Oop [44]=NarrowOop [48]=NarrowOop [56]=Oop [72]=Oop [80]=NarrowOop [88]=Oop [96]=Oop [152]=NarrowOop }
                      ;*invokevirtual clone {reexecute=1 rethrow=0 return_oop=1}
                      ; - (reexecute) java.util.Arrays::copyOfRange@18
                      ; - java.lang.StringLatin1::newString@16
                      ; - java.lang.String::substring@41
                      ; - java.net.URLClassLoader::defineClass@28
                      ; - java.net.URLClassLoader$1::run@43
                      ; - java.net.URLClassLoader$1::run@1
  0x00000162230c8a0c: f06c 00fe 

  0x00000162230c8a10: ;   {other}
  0x00000162230c8a10: 0f1f 8400 | 8036 002e | 488b d80f | 1f44 0000 | e920 d9ff | ffba e4ff | ffff 488b | 6c24 5844 
  0x00000162230c8a30: 8b44 2430 | 4489 4424 | 2848 8974 | 2430 4c8b | 5424 404c | 8954 2438 | 4489 5c24 | 4089 4424 
  0x00000162230c8a50: 4c66 6690 

  0x00000162230c8a54: ;   {runtime_call UncommonTrapBlob}
  0x00000162230c8a54: c5f8 77e8 

  0x00000162230c8a58: ; ImmutableOopMap {rbp=Oop [40]=NarrowOop [48]=Oop [76]=NarrowOop [152]=NarrowOop }
                      ;*baload {reexecute=0 rethrow=0 return_oop=0}
                      ; - java.lang.StringLatin1::lastIndexOf@24
                      ; - java.lang.String::lastIndexOf@13
                      ; - java.lang.String::lastIndexOf@8
                      ; - java.net.URLClassLoader::defineClass@7
                      ; - java.net.URLClassLoader$1::run@43
                      ; - java.net.URLClassLoader$1::run@1
  0x00000162230c8a58: 24b9 f4fd 

  0x00000162230c8a5c: ;   {other}
  0x00000162230c8a5c: 0f1f 8400 | cc36 002f | 4c89 4424 | 7848 8944 | 2470 c5fb | 1144 2468 | 4889 7424 | 4044 8954 
  0x00000162230c8a7c: 2430 4889 | 5c24 284c | 8974 2420 

  0x00000162230c8a88: ;   {metadata({type array byte})}
  0x00000162230c8a88: 48ba c80a | 0400 0800 | 0000 458b | c266 6690 

  0x00000162230c8a98: ;   {runtime_call _new_array_nozero_Java}
  0x00000162230c8a98: c5f8 77e8 

  0x00000162230c8a9c: ; ImmutableOopMap {rbp=Oop [104]=Derived_oop_rbp [40]=Oop [56]=Oop [64]=Oop [72]=Oop [80]=NarrowOop [88]=Oop [96]=Oop }
                      ;*newarray {reexecute=0 rethrow=0 return_oop=1}
                      ; - java.util.Arrays::copyOfRangeByte@10
                      ; - java.util.Arrays::copyOfRange@13
                      ; - java.lang.StringLatin1::newString@16
                      ; - java.lang.String::substring@41
                      ; - java.lang.Class::getPackageName@62
                      ; - java.lang.ClassLoader::postDefineClass@2
                      ; - java.lang.ClassLoader::defineClass@37
                      ; - java.security.SecureClassLoader::defineClass@12
                      ; - java.net.URLClassLoader::defineClass@220
                      ; - java.net.URLClassLoader$1::run@43
                      ; - java.net.URLClassLoader$1::run@1
  0x00000162230c8a9c: 606c 00fe 

  0x00000162230c8aa0: ;   {other}
  0x00000162230c8aa0: 0f1f 8400 | 1037 0030 | 4c8b d84c | 8b74 2420 | 488b 5c24 | 2844 8b54 | 2430 488b | 7424 404c 
  0x00000162230c8ac0: 8b4c 2468 | 488b 4424 | 704c 8b44 | 2478 4d8b | ebc4 c1f9 | 6ec1 e9ce | e6ff ff4c | 8944 2440 
  0x00000162230c8ae0: c5fb 1144 | 2430 4889 | 7424 6844 | 8bd2 4489 | 4c24 5448 | 895c 2428 | 4c89 7424 

  0x00000162230c8afc: ;   {metadata({type array byte})}
  0x00000162230c8afc: 2048 bac8 | 0a04 0008 | 0000 0045 | 8bc2 6690 

  0x00000162230c8b0c: ;   {runtime_call _new_array_nozero_Java}
  0x00000162230c8b0c: c5f8 77e8 

  0x00000162230c8b10: ; ImmutableOopMap {rbp=Oop [48]=Derived_oop_rbp [40]=Oop [56]=Oop [72]=Oop [80]=NarrowOop [84]=NarrowOop [88]=Oop [96]=Oop [104]=Oop }
                      ;*invokevirtual clone {reexecute=1 rethrow=0 return_oop=1}
                      ; - (reexecute) java.util.Arrays::copyOfRange@18
                      ; - java.lang.StringLatin1::newString@16
                      ; - java.lang.String::substring@41
                      ; - java.lang.Class::getPackageName@62
                      ; - java.lang.ClassLoader::postDefineClass@2
                      ; - java.lang.ClassLoader::defineClass@37
                      ; - java.security.SecureClassLoader::defineClass@12
                      ; - java.net.URLClassLoader::defineClass@220
                      ; - java.net.URLClassLoader$1::run@43
                      ; - java.net.URLClassLoader$1::run@1
  0x00000162230c8b10: ec6b 00fe 

  0x00000162230c8b14: ;   {other}
  0x00000162230c8b14: 0f1f 8400 | 8437 0031 | 4c8b 7424 | 2048 8b5c | 2428 488b | 7424 684c | 8b5c 2430 | 4c8b 4424 
  0x00000162230c8b34: 4048 8bf8 | c4c1 f96e | c366 6690 | e992 e5ff | ff4c 894c | 2438 4489 | 4424 3441 | 8bea 488b 
  0x00000162230c8b54: 5424 6890 

  0x00000162230c8b58: ;   {optimized virtual_call}
  0x00000162230c8b58: c5f8 77e8 

  0x00000162230c8b5c: ; ImmutableOopMap {rbp=NarrowOop [32]=Oop [40]=Oop [48]=NarrowOop [52]=NarrowOop [56]=Oop [72]=Oop [80]=NarrowOop [88]=Oop [96]=Oop [104]=Oop [152]=NarrowOop }
                      ;*invokevirtual initializeVerifier {reexecute=0 rethrow=0 return_oop=0}
                      ; - java.util.jar.JarFile::getInputStream@33
                      ; - jdk.internal.loader.URLClassPath$JarLoader$2::getInputStream@11
                      ; - jdk.internal.loader.Resource::cachedInputStream@9
                      ; - jdk.internal.loader.Resource::getByteBuffer@1
                      ; - java.net.URLClassLoader::defineClass@132
                      ; - java.net.URLClassLoader$1::run@43
                      ; - java.net.URLClassLoader$1::run@1
  0x00000162230c8b5c: 205f f4fd 

  0x00000162230c8b60: ;   {other}
  0x00000162230c8b60: 0f1f 8400 | d037 0032 | 448b dd43 | c644 dc11 | 0147 3b64 | dc30 0f84 | f003 0000 | 4489 5c24 
  0x00000162230c8b80: 5444 8b44 | 2434 4c8b | 4c24 38e9 | 89f2 ffff | 4c8b 5c24 | 6848 8d84 | 24d8 0000 | 0048 8338 
  0x00000162230c8ba0: 000f 8479 | 0000 004d | 8b13 41f6 | c202 0f84 | 6200 0000 | 4983 ba86 | 0000 0000 | 7409 49ff 
  0x00000162230c8bc0: 8a86 0000 | 00eb 4b49 | 8b82 9600 | 0000 490b | 828e 0000 | 0075 0a49 | c742 3e00 | 0000 00eb 
  0x00000162230c8be0: 3d49 83ba | 9e00 0000 | 0074 2248 | 33c0 49c7 | 423e 0000 | 0000 f083 | 0424 0049 | 83ba 9e00 
  0x00000162230c8c00: 0000 0075 | 0df0 4d0f | b17a 3e75 | 0583 c801 | eb0c a800 | eb08 4c8b | 10f0 4d0f | b113 750a 
  0x00000162230c8c20: 49ff 8f50 | 0500 0045 | 33d2 0f85 | bc1a 0000 | 33db e904 | ddff ffba | e4ff ffff | 488b 6c24 
  0x00000162230c8c40: 584c 8b5c | 2460 4c89 | 5c24 2044 | 8b44 2450 | 4889 5c24 | 384c 8b5c | 2448 4c89 

  0x00000162230c8c5c: ;   {no_reloc}
  0x00000162230c8c5c: 5c24 4044 | 8944 2434 | 4889 5c24 | 4848 8944 | 2450 4489 | 5424 5c44 | 894c 2464 

  0x00000162230c8c78: ;   {runtime_call UncommonTrapBlob}
  0x00000162230c8c78: c5f8 77e8 

  0x00000162230c8c7c: ; ImmutableOopMap {rbp=Oop [32]=Oop [52]=NarrowOop [56]=Oop [64]=Oop [72]=Oop [80]=Oop [100]=NarrowOop }
                      ;*baload {reexecute=0 rethrow=0 return_oop=0}
                      ; - java.lang.StringLatin1::lastIndexOf@24
                      ; - java.lang.String::lastIndexOf@13
                      ; - java.lang.String::lastIndexOf@8
                      ; - java.lang.Class::getPackageName@47
                      ; - java.lang.ClassLoader::postDefineClass@2
                      ; - java.lang.ClassLoader::defineClass@37
                      ; - java.security.SecureClassLoader::defineClass@12
                      ; - java.net.URLClassLoader::defineClass@220
                      ; - java.net.URLClassLoader$1::run@43
                      ; - java.net.URLClassLoader$1::run@1
  0x00000162230c8c7c: 00b7 f4fd 

  0x00000162230c8c80: ;   {other}
  0x00000162230c8c80: 0f1f 8400 | f038 0033 | 418b 6b1c | 458b 5318 | 4585 d20f | 847e 1a00 | 004c 895c | 2438 4b8d 
  0x00000162230c8ca0: 14d4 4c8b | cd49 c1e1 | 0341 b8ff | ffff ff90 

  0x00000162230c8cb0: ;   {optimized virtual_call}
  0x00000162230c8cb0: c5f8 77e8 

  0x00000162230c8cb4: ; ImmutableOopMap {[32]=Oop [40]=Oop [48]=NarrowOop [56]=Oop [72]=Oop [80]=NarrowOop [88]=Oop [96]=Oop [104]=Oop [152]=NarrowOop }
                      ;*invokevirtual update {reexecute=0 rethrow=0 return_oop=0}
                      ; - java.util.jar.JarVerifier$VerifierStream::<init>@76
                      ; - java.util.jar.JarFile::getInputStream@84
                      ; - jdk.internal.loader.URLClassPath$JarLoader$2::getInputStream@11
                      ; - jdk.internal.loader.Resource::cachedInputStream@9
                      ; - jdk.internal.loader.Resource::getByteBuffer@1
                      ; - java.net.URLClassLoader::defineClass@132
                      ; - java.net.URLClassLoader$1::run@43
                      ; - java.net.URLClassLoader$1::run@1
  0x00000162230c8cb4: c85d f4fd 

  0x00000162230c8cb8: ;   {other}
  0x00000162230c8cb8: 0f1f 8400 | 2839 0034 | 4c8b 5c24 | 38e9 5ff6 | ffff 8beb | e9e6 cfff 

  0x00000162230c8cd0: ;   {metadata('java/lang/String')}
  0x00000162230c8cd0: ff48 ba90 | 2004 0008 | 0000 0048 | 8b6c 2458 

  0x00000162230c8ce0: ;   {runtime_call _new_instance_Java}
  0x00000162230c8ce0: c5f8 77e8 

  0x00000162230c8ce4: ; ImmutableOopMap {rbp=Oop [88]=Oop }
                      ;*new {reexecute=0 rethrow=0 return_oop=1}
                      ; - java.lang.StringConcatHelper::simpleConcat@17
                      ; - java.lang.String::concat@11
                      ; - java.net.URLClassLoader$1::run@13
                      ; - java.net.URLClassLoader$1::run@1
  0x00000162230c8ce4: 1864 00fe 

  0x00000162230c8ce8: ;   {other}
  0x00000162230c8ce8: 0f1f 8400 | 5839 0035 | e99d e6ff | ff44 896c | 243c 4c89 | 5424 488b | cd44 8b54 | 2430 4489 
  0x00000162230c8d08: 5424 2c48 | 8974 2460 | 4c89 4424 | 2044 895c 

  0x00000162230c8d18: ;   {oop(a 'jdk/internal/util/Preconditions$4'{0x0000000700cfb5a0})}
  0x00000162230c8d18: 2428 48ba | a0b5 cf00 | 0700 0000 | 4533 c045 | 8bcb 8bf9 | 894c 2468 

  0x00000162230c8d30: ;   {static_call}
  0x00000162230c8d30: c5f8 77e8 

  0x00000162230c8d34: ; ImmutableOopMap {[32]=Oop [44]=NarrowOop [60]=NarrowOop [72]=Oop [88]=Oop [96]=Oop [152]=NarrowOop }
                      ;*invokestatic outOfBoundsCheckFromToIndex {reexecute=0 rethrow=0 return_oop=1}
                      ; - jdk.internal.util.Preconditions::checkFromToIndex@18
                      ; - java.lang.String::checkBoundsBeginEnd@6
                      ; - java.lang.String::substring@8
                      ; - java.net.URLClassLoader::defineClass@28
                      ; - java.net.URLClassLoader$1::run@43
                      ; - java.net.URLClassLoader$1::run@1
  0x00000162230c8d34: 4863 f4fd 

  0x00000162230c8d38: ;   {other}
  0x00000162230c8d38: 0f1f 8400 | a839 0036 | 4885 c00f | 84ef 1900 | 0048 8bd0 | e9a2 0100 | 0048 8bd8 | 448b 5808 
  0x00000162230c8d58: 49ba 0000 | 0000 0800 | 0000 4d03 | d34d 8b52 

  0x00000162230c8d68: ;   {metadata('java/io/IOException')}
  0x00000162230c8d68: 4849 bb48 | e209 0008 | 0000 004d | 3bd3 0f84 | ec19 0000 | 4c8b 5c24 | 3848 8d84 | 24d0 0000 
  0x00000162230c8d88: 0048 8338 | 000f 8479 | 0000 004d | 8b13 41f6 | c202 0f84 | 6200 0000 | 4983 ba86 | 0000 0000 
  0x00000162230c8da8: 7409 49ff | 8a86 0000 | 00eb 4b49 | 8b82 9600 | 0000 490b | 828e 0000 | 0075 0a49 | c742 3e00 
  0x00000162230c8dc8: 0000 00eb | 3d49 83ba | 9e00 0000 | 0074 2248 | 33c0 49c7 | 423e 0000 | 0000 f083 | 0424 0049 
  0x00000162230c8de8: 83ba 9e00 | 0000 0075 | 0df0 4d0f | b17a 3e75 | 0583 c801 | eb0c a800 | eb08 4c8b | 10f0 4d0f 
  0x00000162230c8e08: b113 750a | 49ff 8f50 | 0500 0045 | 33d2 0f85 | 8419 0000 | eb03 488b | d844 8b5b | 0849 b800 
  0x00000162230c8e28: 0000 0008 | 0000 004d | 03c3 eb17 | 4c8b d049 | 8bda 458b | 5208 49b8 | 0000 0000 | 0800 0000 
  0x00000162230c8e48: 4d03 c24d 

  0x00000162230c8e4c: ;   {metadata('java/io/IOException')}
  0x00000162230c8e4c: 8b50 4849 | bb48 e209 | 0008 0000 | 000f 1f80 | 0000 0000 | 4d3b d30f | 848c 1600 | 004d 8b50 
  0x00000162230c8e6c: ;   {metadata('java/lang/ClassFormatError')}
  0x00000162230c8e6c: 5049 bbb0 | 3a3f 0008 | 0000 0066 | 0f1f 8400 | 0000 0000 | 4d3b d30f | 8567 0000 | 0048 8beb 
  0x00000162230c8e8c: 488b 5424 | 6090 c5f8 | 7748 b8ff | ffff ffff 

  0x00000162230c8e9c: ;   {virtual_call}
  0x00000162230c8e9c: ffff ffe8 

  0x00000162230c8ea0: ; ImmutableOopMap {rbp=Oop [96]=Oop }
                      ;*invokevirtual getDataError {reexecute=0 rethrow=0 return_oop=1}
                      ; - java.net.URLClassLoader$1::run@63
                      ; - java.net.URLClassLoader$1::run@1
  0x00000162230c8ea0: dc5e f4fd 

  0x00000162230c8ea4: ;   {other}
  0x00000162230c8ea4: 0f1f 8400 | 143b 0037 | 4885 c074 | 3748 8b54 | 2460 c5f8 | 7748 b8ff | ffff ffff 

  0x00000162230c8ec0: ;   {virtual_call}
  0x00000162230c8ec0: ffff ffe8 

  0x00000162230c8ec4: ; ImmutableOopMap {rbp=Oop }
                      ;*invokevirtual getDataError {reexecute=0 rethrow=0 return_oop=1}
                      ; - java.net.URLClassLoader$1::run@71
                      ; - java.net.URLClassLoader$1::run@1
  0x00000162230c8ec4: b85e f4fd 

  0x00000162230c8ec8: ;   {other}
  0x00000162230c8ec8: 0f1f 8400 | 383b 0038 | 488b d54c | 8bc0 6690 

  0x00000162230c8ed8: ;   {optimized virtual_call}
  0x00000162230c8ed8: c5f8 77e8 

  0x00000162230c8edc: ; ImmutableOopMap {rbp=Oop }
                      ;*invokevirtual addSuppressed {reexecute=0 rethrow=0 return_oop=0}
                      ; - java.net.URLClassLoader$1::run@74
                      ; - java.net.URLClassLoader$1::run@1
  0x00000162230c8edc: a05b f4fd 

  0x00000162230c8ee0: ;   {other}
  0x00000162230c8ee0: 0f1f 8400 | 503b 0039 | 488b d5eb | 0648 8bd8 | 488b d3c5 | f877 4881 | c4f0 0000 

  0x00000162230c8efc: ;   {runtime_call _rethrow_Java}
  0x00000162230c8efc: 005d e9fd | 8300 fe48 | 895c 2428 | 4c8b 4424 | 484c 8944 | 2430 4889 | 5c24 4048 | 8944 2448 
  0x00000162230c8f1c: 4489 5424 

  0x00000162230c8f20: ;   {oop(a 'jdk/internal/util/Preconditions$4'{0x0000000700cfb5a0})}
  0x00000162230c8f20: 5048 baa0 | b5cf 0007 | 0000 0045 | 33c0 458b | ca41 8bfb | 4489 5c24 | 5466 6690 

  0x00000162230c8f3c: ;   {static_call}
  0x00000162230c8f3c: c5f8 77e8 

  0x00000162230c8f40: ; ImmutableOopMap {[40]=Oop [48]=Oop [56]=Oop [64]=Oop [72]=Oop [88]=Oop [96]=Oop }
                      ;*invokestatic outOfBoundsCheckFromToIndex {reexecute=0 rethrow=0 return_oop=1}
                      ; - jdk.internal.util.Preconditions::checkFromToIndex@18
                      ; - java.lang.String::checkBoundsBeginEnd@6
                      ; - java.lang.String::substring@8
                      ; - java.lang.Class::getPackageName@62
                      ; - java.lang.ClassLoader::postDefineClass@2
                      ; - java.lang.ClassLoader::defineClass@37
                      ; - java.security.SecureClassLoader::defineClass@12
                      ; - java.net.URLClassLoader::defineClass@220
                      ; - java.net.URLClassLoader$1::run@43
                      ; - java.net.URLClassLoader$1::run@1
  0x00000162230c8f40: 3c61 f4fd 

  0x00000162230c8f44: ;   {other}
  0x00000162230c8f44: 0f1f 8400 | b43b 003a | 4885 c00f | 85f4 fdff | ffba f6ff | ffff 6690 

  0x00000162230c8f5c: ;   {runtime_call UncommonTrapBlob}
  0x00000162230c8f5c: c5f8 77e8 

  0x00000162230c8f60: ; ImmutableOopMap {[88]=Oop [96]=Oop }
                      ;*athrow {reexecute=1 rethrow=0 return_oop=0}
                      ; - (reexecute) jdk.internal.util.Preconditions::checkFromToIndex@21
                      ; - java.lang.String::checkBoundsBeginEnd@6
                      ; - java.lang.String::substring@8
                      ; - java.lang.Class::getPackageName@62
                      ; - java.lang.ClassLoader::postDefineClass@2
                      ; - java.lang.ClassLoader::defineClass@37
                      ; - java.security.SecureClassLoader::defineClass@12
                      ; - java.net.URLClassLoader::defineClass@220
                      ; - java.net.URLClassLoader$1::run@43
                      ; - java.net.URLClassLoader$1::run@1
  0x00000162230c8f60: 1cb4 f4fd 

  0x00000162230c8f64: ;   {other}
  0x00000162230c8f64: 0f1f 8400 | d43b 003b | 488b 5424 | 684c 8b44 | 2438 6690 

  0x00000162230c8f78: ;   {optimized virtual_call}
  0x00000162230c8f78: c5f8 77e8 

  0x00000162230c8f7c: ; ImmutableOopMap {[32]=Oop [40]=Oop [48]=NarrowOop [72]=Oop [80]=NarrowOop [88]=Oop [96]=Oop [104]=Oop [152]=NarrowOop }
                      ;*invokespecial getInputStream {reexecute=0 rethrow=0 return_oop=1}
                      ; - java.util.jar.JarFile::getInputStream@50
                      ; - jdk.internal.loader.URLClassPath$JarLoader$2::getInputStream@11
                      ; - jdk.internal.loader.Resource::cachedInputStream@9
                      ; - jdk.internal.loader.Resource::getByteBuffer@1
                      ; - java.net.URLClassLoader::defineClass@132
                      ; - java.net.URLClassLoader$1::run@43
                      ; - java.net.URLClassLoader$1::run@1
  0x00000162230c8f7c: 005b f4fd 

  0x00000162230c8f80: ;   {other}
  0x00000162230c8f80: 0f1f 8400 | f03b 003c | 488b d84c | 8b5c 2468 | 488d 8424 | d800 0000 | 4883 3800 | 0f84 7900 
  0x00000162230c8fa0: 0000 4d8b | 1341 f6c2 | 020f 8462 | 0000 0049 | 83ba 8600 | 0000 0074 | 0949 ff8a | 8600 0000 
  0x00000162230c8fc0: eb4b 498b | 8296 0000 | 0049 0b82 | 8e00 0000 | 750a 49c7 | 423e 0000 | 0000 eb3d | 4983 ba9e 
  0x00000162230c8fe0: 0000 0000 | 7422 4833 | c049 c742 | 3e00 0000 | 00f0 8304 | 2400 4983 | ba9e 0000 | 0000 750d 
  0x00000162230c9000: f04d 0fb1 | 7a3e 7505 | 83c8 01eb | 0ca8 00eb | 084c 8b10 | f04d 0fb1 | 1375 0a49 | ff8f 5005 
  0x00000162230c9020: 0000 4533 | d20f 8410 | d9ff ff49 | 8bcb 488d | 9424 d800 | 0000 4d8b | c7c5 f877 | 49ba b0d7 
  0x00000162230c9040: 7108 fd7f | 0000 41ff 

  0x00000162230c9048: ;   {other}
  0x00000162230c9048: d20f 1f84 | 0000 0000 | 00e9 e5d8 | ffff baf6 | ffff ff48 | 8b6c 2458 | 4c89 4424 | 2066 6690 
  0x00000162230c9068: ;   {runtime_call UncommonTrapBlob}
  0x00000162230c9068: c5f8 77e8 

  0x00000162230c906c: ; ImmutableOopMap {rbp=Oop [32]=Oop }
                      ;*invokevirtual getResource {reexecute=0 rethrow=0 return_oop=0}
                      ; - java.net.URLClassLoader$1::run@26
                      ; - java.net.URLClassLoader$1::run@1
  0x00000162230c906c: 10b3 f4fd 

  0x00000162230c9070: ;   {other}
  0x00000162230c9070: 0f1f 8400 | e03c 003d | ba76 ffff | ff48 8b6c | 2458 4489 | 4424 2444 | 894c 2428 | 4489 5c24 
  0x00000162230c9090: 2c66 6690 

  0x00000162230c9094: ;   {runtime_call UncommonTrapBlob}
  0x00000162230c9094: c5f8 77e8 

  0x00000162230c9098: ; ImmutableOopMap {rbp=Oop [40]=NarrowOop [44]=NarrowOop }
                      ;*if_icmpge {reexecute=1 rethrow=0 return_oop=0}
                      ; - (reexecute) java.lang.StringLatin1::replace@19
                      ; - java.lang.String::replace@18
                      ; - java.net.URLClassLoader$1::run@8
                      ; - java.net.URLClassLoader$1::run@1
  0x00000162230c9098: e4b2 f4fd 

  0x00000162230c909c: ;   {other}
  0x00000162230c909c: 0f1f 8400 | 0c3d 003e | bb01 0000 | 00b9 0100 | 0000 e979 | ceff ff49 | 63fb e904 | cfff ffba 
  0x00000162230c90bc: ccff ffff | 4c89 4424 | 2848 8974 | 2430 4489 | 4c24 4090 

  0x00000162230c90d0: ;   {runtime_call UncommonTrapBlob}
  0x00000162230c90d0: c5f8 77e8 

  0x00000162230c90d4: ; ImmutableOopMap {rbp=Oop [40]=Oop [88]=Oop }
                      ;*invokestatic arraycopy {reexecute=0 rethrow=0 return_oop=0}
                      ; - java.lang.String::getBytes@22
                      ; - java.lang.StringConcatHelper::prepend@21
                      ; - java.lang.StringConcatHelper::simpleConcat@71
                      ; - java.lang.String::concat@11
                      ; - java.net.URLClassLoader$1::run@13
                      ; - java.net.URLClassLoader$1::run@1
  0x00000162230c90d4: a8b2 f4fd 

  0x00000162230c90d8: ;   {other}
  0x00000162230c90d8: 0f1f 8400 | 483d 003f | bacc ffff | ff48 894c | 2428 4489 | 5424 3890 

  0x00000162230c90f0: ;   {runtime_call UncommonTrapBlob}
  0x00000162230c90f0: c5f8 77e8 

  0x00000162230c90f4: ; ImmutableOopMap {rbp=Oop [40]=Oop [88]=Oop }
                      ;*invokestatic arraycopy {reexecute=0 rethrow=0 return_oop=0}
                      ; - java.lang.String::getBytes@22
                      ; - java.lang.StringConcatHelper::prepend@21
                      ; - java.lang.StringConcatHelper::simpleConcat@81
                      ; - java.lang.String::concat@11
                      ; - java.net.URLClassLoader$1::run@13
                      ; - java.net.URLClassLoader$1::run@1
  0x00000162230c90f4: 88b2 f4fd 

  0x00000162230c90f8: ;   {other}
  0x00000162230c90f8: 0f1f 8400 | 683d 0040 | ba76 ffff | ff48 894c | 2430 4489 | 4424 3844 | 894c 243c | 4489 5c24 
  0x00000162230c9118: 4066 6690 

  0x00000162230c911c: ;   {runtime_call UncommonTrapBlob}
  0x00000162230c911c: c5f8 77e8 

  0x00000162230c9120: ; ImmutableOopMap {[48]=Oop [60]=NarrowOop [64]=NarrowOop [88]=Oop }
                      ;*if_icmpge {reexecute=1 rethrow=0 return_oop=0}
                      ; - (reexecute) java.lang.StringLatin1::replace@82
                      ; - java.lang.String::replace@18
                      ; - java.net.URLClassLoader$1::run@8
                      ; - java.net.URLClassLoader$1::run@1
  0x00000162230c9120: 5cb2 f4fd 

  0x00000162230c9124: ;   {other}
  0x00000162230c9124: 0f1f 8400 | 943d 0041 | baf6 ffff | ff48 8b6c | 2458 4889 | 4424 2890 

  0x00000162230c913c: ;   {runtime_call UncommonTrapBlob}
  0x00000162230c913c: c5f8 77e8 

  0x00000162230c9140: ; ImmutableOopMap {rbp=Oop [40]=Oop [152]=NarrowOop }
                      ;*invokevirtual defineClass {reexecute=0 rethrow=0 return_oop=0}
                      ; - java.net.URLClassLoader$1::run@43
                      ; - java.net.URLClassLoader$1::run@1
  0x00000162230c9140: 3cb2 f4fd 

  0x00000162230c9144: ;   {other}
  0x00000162230c9144: 0f1f 8400 | b43d 0042 | baf6 ffff | ff48 8b6c | 2458 4889 | 7424 2044 | 8b5c 2430 | 4489 5c24 
  0x00000162230c9164: 284c 8b5c | 2440 4c89 | 5c24 304c | 8954 2438 | 4489 6c24 | 4066 6690 

  0x00000162230c917c: ;   {runtime_call UncommonTrapBlob}
  0x00000162230c917c: c5f8 77e8 

  0x00000162230c9180: ; ImmutableOopMap {rbp=Oop [32]=Oop [40]=NarrowOop [56]=Oop [64]=NarrowOop [112]=Oop [152]=NarrowOop }
                      ;*invokevirtual ensureInitialization {reexecute=0 rethrow=0 return_oop=0}
                      ; - java.util.jar.JavaUtilJarAccessImpl::ensureInitialization@1
                      ; - jdk.internal.loader.URLClassPath$JarLoader$2::getManifest@10
                      ; - java.net.URLClassLoader::defineClass@34
                      ; - java.net.URLClassLoader$1::run@43
                      ; - java.net.URLClassLoader$1::run@1
  0x00000162230c9180: fcb1 f4fd 

  0x00000162230c9184: ;   {other}
  0x00000162230c9184: 0f1f 8400 | f43d 0043 | ba45 ffff | ff44 8954 | 2430 4c8b | 5424 404c | 8954 2438 | 4c89 6c24 
  0x00000162230c91a4: 4066 6690 

  0x00000162230c91a8: ;   {runtime_call UncommonTrapBlob}
  0x00000162230c91a8: c5f8 77e8 

  0x00000162230c91ac: ; ImmutableOopMap {rbp=NarrowOop [48]=NarrowOop [64]=Oop [80]=NarrowOop [88]=Oop [96]=Oop [152]=NarrowOop }
                      ;*ifeq {reexecute=1 rethrow=0 return_oop=0}
                      ; - (reexecute) jdk.internal.loader.Resource::getByteBuffer@9
                      ; - java.net.URLClassLoader::defineClass@132
                      ; - java.net.URLClassLoader$1::run@43
                      ; - java.net.URLClassLoader$1::run@1
  0x00000162230c91ac: d0b1 f4fd 

  0x00000162230c91b0: ;   {other}
  0x00000162230c91b0: 0f1f 8400 | 203e 0044 | baf6 ffff | ff44 8b5c | 2430 4489 | 5c24 284c | 8b54 2440 | 4c89 5424 
  0x00000162230c91d0: 3048 8944 | 2440 4c89 | 4424 4890 

  0x00000162230c91dc: ;   {runtime_call UncommonTrapBlob}
  0x00000162230c91dc: c5f8 77e8 

  0x00000162230c91e0: ; ImmutableOopMap {[40]=NarrowOop [64]=Oop [72]=Oop [80]=NarrowOop [88]=Oop [96]=Oop [152]=NarrowOop }
                      ;*invokevirtual maybeInstantiateVerifier {reexecute=0 rethrow=0 return_oop=0}
                      ; - java.util.jar.JarFile$JarFileEntry::getCodeSigners@4
                      ; - jdk.internal.loader.URLClassPath$JarLoader$2::getCodeSigners@4
                      ; - java.net.URLClassLoader::defineClass@185
                      ; - java.net.URLClassLoader$1::run@43
                      ; - java.net.URLClassLoader$1::run@1
  0x00000162230c91e0: 9cb1 f4fd 

  0x00000162230c91e4: ;   {other}
  0x00000162230c91e4: 0f1f 8400 | 543e 0045 | bae4 ffff | ff4c 8b54 | 2448 4c89 | 5424 3848 | 897c 2440 | 4c89 4424 
  0x00000162230c9204: 4844 895c | 2454 6690 

  0x00000162230c920c: ;   {runtime_call UncommonTrapBlob}
  0x00000162230c920c: c5f8 77e8 

  0x00000162230c9210: ; ImmutableOopMap {[48]=NarrowOop [56]=Oop [64]=Oop [84]=NarrowOop [88]=Oop [96]=Oop [152]=NarrowOop }
                      ;*invokestatic checkIndex {reexecute=0 rethrow=0 return_oop=0}
                      ; - java.nio.Buffer::checkIndex@8
                      ; - java.nio.DirectLongBufferU::get@11
                      ; - jdk.internal.perf.PerfCounter::get@5
                      ; - jdk.internal.perf.PerfCounter::add@1
                      ; - jdk.internal.perf.PerfCounter::addElapsedTimeFrom@6
                      ; - java.net.URLClassLoader::defineClass@207
                      ; - java.net.URLClassLoader$1::run@43
                      ; - java.net.URLClassLoader$1::run@1
  0x00000162230c9210: 6cb1 f4fd 

  0x00000162230c9214: ;   {other}
  0x00000162230c9214: 0f1f 8400 | 843e 0046 | baf6 ffff | ff66 6690 

  0x00000162230c9224: ;   {runtime_call UncommonTrapBlob}
  0x00000162230c9224: c5f8 77e8 

  0x00000162230c9228: ; ImmutableOopMap {rbp=NarrowOop [88]=Oop [96]=Oop }
                      ;*invokevirtual toExternalForm {reexecute=0 rethrow=0 return_oop=0}
                      ; - java.net.URL::toExternalForm@5
                      ; - java.net.URL::toString@1
                      ; - java.lang.ClassLoader::defineClassSourceLocation@22
                      ; - java.lang.ClassLoader::defineClass@12
                      ; - java.security.SecureClassLoader::defineClass@12
                      ; - java.net.URLClassLoader::defineClass@220
                      ; - java.net.URLClassLoader$1::run@43
                      ; - java.net.URLClassLoader$1::run@1
  0x00000162230c9228: 54b1 f4fd 

  0x00000162230c922c: ;   {other}
  0x00000162230c922c: 0f1f 8400 | 9c3e 0047 | bade ffff | ff48 8b6c | 2458 448b | 4424 3044 | 8944 2428 | 4889 7424 
  0x00000162230c924c: 304c 8b54 | 2440 4c89 | 5424 3844 | 895c 242c | 4889 7424 | 4066 6690 

  0x00000162230c9264: ;   {runtime_call UncommonTrapBlob}
  0x00000162230c9264: c5f8 77e8 

  0x00000162230c9268: ; ImmutableOopMap {rbp=Oop [40]=NarrowOop [48]=Oop [64]=Oop [152]=NarrowOop }
                      ;*invokevirtual getCodeSourceURL {reexecute=0 rethrow=0 return_oop=0}
                      ; - java.net.URLClassLoader::defineClass@13
                      ; - java.net.URLClassLoader$1::run@43
                      ; - java.net.URLClassLoader$1::run@1
  0x00000162230c9268: 14b1 f4fd 

  0x00000162230c926c: ;   {other}
  0x00000162230c926c: 0f1f 8400 | dc3e 0048 | bade ffff | ff48 8b6c | 2458 4889 | 7424 2044 | 8b44 2430 | 4489 4424 
  0x00000162230c928c: 284c 8b44 | 2440 4c89 | 4424 3044 | 896c 2440 | 4c89 5424 | 5044 895c | 2444 4489 | 4c24 5890 
  0x00000162230c92ac: ;   {runtime_call UncommonTrapBlob}
  0x00000162230c92ac: c5f8 77e8 

  0x00000162230c92b0: ; ImmutableOopMap {rbp=Oop [32]=Oop [40]=NarrowOop [64]=NarrowOop [68]=NarrowOop [80]=Oop [88]=NarrowOop [112]=Oop [152]=NarrowOop }
                      ;*invokeinterface ensureInitialization {reexecute=0 rethrow=0 return_oop=0}
                      ; - jdk.internal.loader.URLClassPath$JarLoader$2::getManifest@10
                      ; - java.net.URLClassLoader::defineClass@34
                      ; - java.net.URLClassLoader$1::run@43
                      ; - java.net.URLClassLoader$1::run@1
  0x00000162230c92b0: ccb0 f4fd 

  0x00000162230c92b4: ;   {other}
  0x00000162230c92b4: 0f1f 8400 | 243f 0049 | 4c89 5c24 | 5044 894c | 2434 4489 | 6c24 2c4c | 8954 2448 | 4c89 4424 
  0x00000162230c92d4: 3848 8974 | 2420 488b | 6c24 5848 | 8b54 2450 | 4c8d 8424 | d000 0000 

  0x00000162230c92ec: ;   {runtime_call _complete_monitor_locking_Java}
  0x00000162230c92ec: c5f8 77e8 

  0x00000162230c92f0: ; ImmutableOopMap {rbp=Oop [32]=Oop [44]=NarrowOop [48]=NarrowOop [52]=NarrowOop [56]=Oop [72]=Oop [80]=Oop [112]=Oop [152]=NarrowOop }
                      ;*synchronization entry
                      ; - java.util.jar.JarFile::ensureInitialization@-1
                      ; - java.util.jar.JavaUtilJarAccessImpl::ensureInitialization@1
                      ; - jdk.internal.loader.URLClassPath$JarLoader$2::getManifest@10
                      ; - java.net.URLClassLoader::defineClass@34
                      ; - java.net.URLClassLoader$1::run@43
                      ; - java.net.URLClassLoader$1::run@1
  0x00000162230c92f0: 0caa 00fe 

  0x00000162230c92f4: ;   {other}
  0x00000162230c92f4: 0f1f 8400 | 643f 004a | 4889 6c24 | 5848 8b74 | 2420 4c8b | 4424 384c | 8b54 2448 | 448b 6c24 
  0x00000162230c9314: 2c4c 8b5c | 2450 e97e | d2ff ff49 | 8bcb 488d | 9424 d000 | 0000 4d8b | c7c5 f877 | 49ba b0d7 
  0x00000162230c9334: 7108 fd7f | 0000 41ff 

  0x00000162230c933c: ;   {other}
  0x00000162230c933c: d20f 1f84 | 0000 0000 | 00e9 32d3 | ffff bade | ffff ff4c | 8b54 2440 | 4c89 5424 | 384c 8944 
  0x00000162230c935c: 2440 448b | 5424 5044 | 8954 2448 

  0x00000162230c9368: ;   {runtime_call UncommonTrapBlob}
  0x00000162230c9368: c5f8 77e8 

  0x00000162230c936c: ; ImmutableOopMap {rbp=NarrowOop [48]=NarrowOop [64]=Oop [72]=NarrowOop [88]=Oop [96]=Oop [112]=Oop [152]=NarrowOop }
                      ;*invokevirtual getManifest {reexecute=0 rethrow=0 return_oop=0}
                      ; - jdk.internal.loader.URLClassPath$JarLoader$2::getManifest@22
                      ; - java.net.URLClassLoader::defineClass@34
                      ; - java.net.URLClassLoader$1::run@43
                      ; - java.net.URLClassLoader$1::run@1
  0x00000162230c936c: 10b0 f4fd 

  0x00000162230c9370: ;   {other}
  0x00000162230c9370: 0f1f 8400 | e03f 004b | 4c89 4424 | 3041 8bea | 498b d54c | 8d84 24d0 | 0000 0090 

  0x00000162230c938c: ;   {runtime_call _complete_monitor_locking_Java}
  0x00000162230c938c: c5f8 77e8 

  0x00000162230c9390: ; ImmutableOopMap {rbp=NarrowOop [32]=Oop [40]=Oop [48]=Oop [80]=NarrowOop [88]=Oop [96]=Oop [152]=NarrowOop }
                      ;*synchronization entry
                      ; - jdk.internal.loader.Resource::cachedInputStream@-1
                      ; - jdk.internal.loader.Resource::getByteBuffer@1
                      ; - java.net.URLClassLoader::defineClass@132
                      ; - java.net.URLClassLoader$1::run@43
                      ; - java.net.URLClassLoader$1::run@1
  0x00000162230c9390: 6ca9 00fe 

  0x00000162230c9394: ;   {other}
  0x00000162230c9394: 0f1f 8400 | 0440 004c | 448b d54c | 8b6c 2428 | 4c8b 4424 | 30e9 d8d3 | ffff 498b | f041 8bfa 
  0x00000162230c93b4: 498b cd48 | 8d94 24d0 | 0000 004d | 8bc7 c5f8 | 7749 bab0 | d771 08fd | 7f00 0041 

  0x00000162230c93d0: ;   {other}
  0x00000162230c93d0: ffd2 0f1f | 8400 0000 | 0000 448b | d74c 8bc6 | e957 d6ff | ffba deff | ffff 4c8b | 5424 404c 
  0x00000162230c93f0: 8954 2438 

  0x00000162230c93f4: ;   {runtime_call UncommonTrapBlob}
  0x00000162230c93f4: c5f8 77e8 

  0x00000162230c93f8: ; ImmutableOopMap {rbp=NarrowOop [48]=NarrowOop [72]=Oop [80]=NarrowOop [88]=Oop [96]=Oop [152]=NarrowOop }
                      ;*invokevirtual getCodeSigners {reexecute=0 rethrow=0 return_oop=0}
                      ; - jdk.internal.loader.URLClassPath$JarLoader$2::getCodeSigners@4
                      ; - java.net.URLClassLoader::defineClass@185
                      ; - java.net.URLClassLoader$1::run@43
                      ; - java.net.URLClassLoader$1::run@1
  0x00000162230c93f8: 84af f4fd 

  0x00000162230c93fc: ;   {other}
  0x00000162230c93fc: 0f1f 8400 | 6c40 004d | 4c89 4424 | 2848 8bef 

  0x00000162230c940c: ;   {oop(a 'jdk/internal/perf/PerfCounter'{0x0000000700cff190})}
  0x00000162230c940c: 48ba 90f1 | cf00 0700 | 0000 4c8d | 8424 d000 | 0000 6690 

  0x00000162230c9420: ;   {runtime_call _complete_monitor_locking_Java}
  0x00000162230c9420: c5f8 77e8 

  0x00000162230c9424: ; ImmutableOopMap {rbp=Oop [32]=Oop [48]=NarrowOop [56]=Oop [72]=Oop [88]=Oop [96]=Oop [152]=NarrowOop }
                      ;*synchronization entry
                      ; - jdk.internal.perf.PerfCounter::add@-1
                      ; - jdk.internal.perf.PerfCounter::addElapsedTimeFrom@6
                      ; - java.net.URLClassLoader::defineClass@207
                      ; - java.net.URLClassLoader$1::run@43
                      ; - java.net.URLClassLoader$1::run@1
  0x00000162230c9424: d8a8 00fe 

  0x00000162230c9428: ;   {other}
  0x00000162230c9428: 0f1f 8400 | 9840 004e | 488b fd4c | 8b44 2428 | e970 d8ff | ffba ccff | ffff 4c8b | 5424 484c 
  0x00000162230c9448: 8954 2438 | 4889 7c24 | 404c 8944 | 2448 4489 | 5c24 5490 

  0x00000162230c945c: ;   {runtime_call UncommonTrapBlob}
  0x00000162230c945c: c5f8 77e8 

  0x00000162230c9460: ; ImmutableOopMap {[48]=NarrowOop [56]=Oop [64]=Oop [84]=NarrowOop [88]=Oop [96]=Oop [152]=NarrowOop }
                      ;*invokestatic checkIndex {reexecute=0 rethrow=0 return_oop=0}
                      ; - java.nio.Buffer::checkIndex@8
                      ; - java.nio.DirectLongBufferU::get@11
                      ; - jdk.internal.perf.PerfCounter::get@5
                      ; - jdk.internal.perf.PerfCounter::add@1
                      ; - jdk.internal.perf.PerfCounter::addElapsedTimeFrom@6
                      ; - java.net.URLClassLoader::defineClass@207
                      ; - java.net.URLClassLoader$1::run@43
                      ; - java.net.URLClassLoader$1::run@1
  0x00000162230c9460: 1caf f4fd 

  0x00000162230c9464: ;   {other}
  0x00000162230c9464: 0f1f 8400 | d440 004f 

  0x00000162230c946c: ;   {oop(a 'jdk/internal/perf/PerfCounter'{0x0000000700cff190})}
  0x00000162230c946c: 48b9 90f1 | cf00 0700 | 0000 488d | 9424 d000 | 0000 4d8b | c7c5 f877 | 49ba b0d7 | 7108 fd7f 
  0x00000162230c948c: 0000 41ff 

  0x00000162230c9490: ;   {other}
  0x00000162230c9490: d20f 1f84 | 0000 0000 | 00e9 f7d8 | ffff bade | ffff ff89 | 4c24 304c | 8944 2438 | 4489 5c24 
  0x00000162230c94b0: 404c 894c | 2448 4889 | 5c24 5090 

  0x00000162230c94bc: ;   {runtime_call UncommonTrapBlob}
  0x00000162230c94bc: c5f8 77e8 

  0x00000162230c94c0: ; ImmutableOopMap {rbp=NarrowOop [48]=NarrowOop [56]=Oop [72]=Oop [80]=Oop [88]=Oop [96]=Oop [152]=NarrowOop }
                      ;*invokeinterface computeIfAbsent {reexecute=0 rethrow=0 return_oop=0}
                      ; - java.security.SecureClassLoader::getProtectionDomain@28
                      ; - java.security.SecureClassLoader::defineClass@9
                      ; - java.net.URLClassLoader::defineClass@220
                      ; - java.net.URLClassLoader$1::run@43
                      ; - java.net.URLClassLoader$1::run@1
  0x00000162230c94c0: bcae f4fd 

  0x00000162230c94c4: ;   {other}
  0x00000162230c94c4: 0f1f 8400 | 3441 0050 | 33ed 4585 | d240 0f94 | c5ba 45ff | ffff 4489 | 4c24 2890 

  0x00000162230c94e0: ;   {runtime_call UncommonTrapBlob}
  0x00000162230c94e0: c5f8 77e8 

  0x00000162230c94e4: ; ImmutableOopMap {[40]=NarrowOop [88]=Oop }
                      ;*ifeq {reexecute=1 rethrow=0 return_oop=0}
                      ; - (reexecute) java.lang.String::replace@9
                      ; - java.net.URLClassLoader$1::run@8
                      ; - java.net.URLClassLoader$1::run@1
  0x00000162230c94e4: 98ae f4fd 

  0x00000162230c94e8: ;   {other}
  0x00000162230c94e8: 0f1f 8400 | 5841 0051 | ba76 ffff | ff44 8944 | 2428 4889 | 4c24 3044 | 894c 2438 | 4489 5c24 
  0x00000162230c9508: 3c66 6690 

  0x00000162230c950c: ;   {runtime_call UncommonTrapBlob}
  0x00000162230c950c: c5f8 77e8 

  0x00000162230c9510: ; ImmutableOopMap {[48]=Oop [56]=NarrowOop [60]=NarrowOop [88]=Oop }
                      ;*if_icmpge {reexecute=1 rethrow=0 return_oop=0}
                      ; - (reexecute) java.lang.StringLatin1::replace@61
                      ; - java.lang.String::replace@18
                      ; - java.net.URLClassLoader$1::run@8
                      ; - java.net.URLClassLoader$1::run@1
  0x00000162230c9510: 6cae f4fd 

  0x00000162230c9514: ;   {other}
  0x00000162230c9514: 0f1f 8400 | 8441 0052 | 8b44 244c | e9de c6ff | ffba 45ff | ffff 488b | 6c24 584c | 8944 2420 
  0x00000162230c9534: 4489 4c24 | 2866 6690 

  0x00000162230c953c: ;   {runtime_call UncommonTrapBlob}
  0x00000162230c953c: c5f8 77e8 

  0x00000162230c9540: ; ImmutableOopMap {rbp=Oop [32]=Oop }
                      ;*iflt {reexecute=1 rethrow=0 return_oop=0}
                      ; - (reexecute) java.lang.StringConcatHelper::checkOverflow@2
                      ; - java.lang.StringConcatHelper::mix@23
                      ; - java.lang.StringConcatHelper::simpleConcat@46
                      ; - java.lang.String::concat@11
                      ; - java.net.URLClassLoader$1::run@13
                      ; - java.net.URLClassLoader$1::run@1
  0x00000162230c9540: 3cae f4fd 

  0x00000162230c9544: ;   {other}
  0x00000162230c9544: 0f1f 8400 | b441 0053 | ba45 ffff | ff4c 8944 | 2428 6690 

  0x00000162230c9558: ;   {runtime_call UncommonTrapBlob}
  0x00000162230c9558: c5f8 77e8 

  0x00000162230c955c: ; ImmutableOopMap {[40]=Oop [88]=Oop }
                      ;*iflt {reexecute=1 rethrow=0 return_oop=0}
                      ; - (reexecute) java.lang.StringConcatHelper::checkOverflow@2
                      ; - java.lang.StringConcatHelper::mix@23
                      ; - java.lang.StringConcatHelper::simpleConcat@54
                      ; - java.lang.String::concat@11
                      ; - java.net.URLClassLoader$1::run@13
                      ; - java.net.URLClassLoader$1::run@1
  0x00000162230c955c: 20ae f4fd 

  0x00000162230c9560: ;   {other}
  0x00000162230c9560: 0f1f 8400 | d041 0054 | ba45 ffff | ff48 8b6c | 2458 4c89 | 4424 2048 | 8974 2428 | 895c 2430 
  0x00000162230c9580: ;   {runtime_call UncommonTrapBlob}
  0x00000162230c9580: c5f8 77e8 

  0x00000162230c9584: ; ImmutableOopMap {rbp=Oop [32]=Oop }
                      ;*if_icmpne {reexecute=1 rethrow=0 return_oop=0}
                      ; - (reexecute) java.lang.StringConcatHelper::mix@13
                      ; - java.lang.StringConcatHelper::simpleConcat@46
                      ; - java.lang.String::concat@11
                      ; - java.net.URLClassLoader$1::run@13
                      ; - java.net.URLClassLoader$1::run@1
  0x00000162230c9584: f8ad f4fd 

  0x00000162230c9588: ;   {other}
  0x00000162230c9588: 0f1f 8400 | f841 0055 | ba45 ffff | ff48 8b6c | 2458 4c89 | 4424 2048 | 8944 2428 | 4489 5c24 
  0x00000162230c95a8: 3066 6690 

  0x00000162230c95ac: ;   {runtime_call UncommonTrapBlob}
  0x00000162230c95ac: c5f8 77e8 

  0x00000162230c95b0: ; ImmutableOopMap {rbp=Oop [32]=Oop }
                      ;*ifge {reexecute=1 rethrow=0 return_oop=0}
                      ; - (reexecute) java.lang.StringConcatHelper::newArray@13
                      ; - java.lang.StringConcatHelper::simpleConcat@61
                      ; - java.lang.String::concat@11
                      ; - java.net.URLClassLoader$1::run@13
                      ; - java.net.URLClassLoader$1::run@1
  0x00000162230c95b0: ccad f4fd 

  0x00000162230c95b4: ;   {other}
  0x00000162230c95b4: 0f1f 8400 | 2442 0056 | ba45 ffff | ff44 8b54 | 2450 4489 | 5424 3048 | 8944 2438 | 4c8b 5424 
  0x00000162230c95d4: 484c 8954 | 2440 4889 | 4424 4890 

  0x00000162230c95e0: ;   {runtime_call UncommonTrapBlob}
  0x00000162230c95e0: c5f8 77e8 

  0x00000162230c95e4: ; ImmutableOopMap {[48]=NarrowOop [56]=Oop [64]=Oop [72]=Oop [88]=Oop [96]=Oop }
                      ;*ifeq {reexecute=1 rethrow=0 return_oop=0}
                      ; - (reexecute) java.lang.Class::getPackageName@13
                      ; - java.lang.ClassLoader::postDefineClass@2
                      ; - java.lang.ClassLoader::defineClass@37
                      ; - java.security.SecureClassLoader::defineClass@12
                      ; - java.net.URLClassLoader::defineClass@220
                      ; - java.net.URLClassLoader$1::run@43
                      ; - java.net.URLClassLoader$1::run@1
  0x00000162230c95e4: 98ad f4fd 

  0x00000162230c95e8: ;   {other}
  0x00000162230c95e8: 0f1f 8400 | 5842 0057 | baf6 ffff | ff44 8954 | 2428 4c8b | 5424 404c | 8954 2430 | 4c89 6c24 
  0x00000162230c9608: 4844 895c | 2444 6690 

  0x00000162230c9610: ;   {runtime_call UncommonTrapBlob}
  0x00000162230c9610: c5f8 77e8 

  0x00000162230c9614: ; ImmutableOopMap {[40]=NarrowOop [68]=NarrowOop [72]=Oop [80]=NarrowOop [88]=Oop [96]=Oop [152]=NarrowOop }
                      ;*invokevirtual getInputStream {reexecute=0 rethrow=0 return_oop=0}
                      ; - jdk.internal.loader.URLClassPath$JarLoader$2::getInputStream@11
                      ; - jdk.internal.loader.Resource::cachedInputStream@9
                      ; - jdk.internal.loader.Resource::getByteBuffer@1
                      ; - java.net.URLClassLoader::defineClass@132
                      ; - java.net.URLClassLoader$1::run@43
                      ; - java.net.URLClassLoader$1::run@1
  0x00000162230c9614: 68ad f4fd 

  0x00000162230c9618: ;   {other}
  0x00000162230c9618: 0f1f 8400 | 8842 0058 | 4889 7c24 | 4844 895c | 243c 4489 | 4c24 384c | 8944 2430 | 4c89 6c24 
  0x00000162230c9638: 2841 8bea | 488b d74c | 8d84 24d8 | 0000 0090 

  0x00000162230c9648: ;   {runtime_call _complete_monitor_locking_Java}
  0x00000162230c9648: c5f8 77e8 

  0x00000162230c964c: ; ImmutableOopMap {rbp=NarrowOop [32]=Oop [40]=Oop [48]=Oop [56]=NarrowOop [60]=NarrowOop [72]=Oop [80]=NarrowOop [88]=Oop [96]=Oop [152]=NarrowOop }
                      ;*synchronization entry
                      ; - java.util.jar.JarFile::getInputStream@-1
                      ; - jdk.internal.loader.URLClassPath$JarLoader$2::getInputStream@11
                      ; - jdk.internal.loader.Resource::cachedInputStream@9
                      ; - jdk.internal.loader.Resource::getByteBuffer@1
                      ; - java.net.URLClassLoader::defineClass@132
                      ; - java.net.URLClassLoader$1::run@43
                      ; - java.net.URLClassLoader$1::run@1
  0x00000162230c964c: b0a6 00fe 

  0x00000162230c9650: ;   {other}
  0x00000162230c9650: 0f1f 8400 | c042 0059 | 448b d54c | 8b6c 2428 | 4c8b 4424 | 3044 8b4c | 2438 448b | 5c24 3c48 
  0x00000162230c9670: 8b7c 2448 | e99f d1ff | ff49 8bcb | 488d 9424 | d800 0000 | 4d8b c7c5 | f877 49ba | b0d7 7108 
  0x00000162230c9690: fd7f 0000 

  0x00000162230c9694: ;   {other}
  0x00000162230c9694: 41ff d20f | 1f84 0000 | 0000 0090 | e996 d2ff | ff33 ed45 | 85db 400f | 94c5 ba45 | ffff ff48 
  0x00000162230c96b4: 8974 2438 | 448b 9424 | 9800 0000 | 4489 5424 | 4844 8944 | 244c 6690 

  0x00000162230c96cc: ;   {runtime_call UncommonTrapBlob}
  0x00000162230c96cc: c5f8 77e8 

  0x00000162230c96d0: ; ImmutableOopMap {[48]=NarrowOop [56]=Oop [72]=NarrowOop [88]=Oop [152]=NarrowOop }
                      ;*ifeq {reexecute=1 rethrow=0 return_oop=0}
                      ; - (reexecute) java.lang.String::lastIndexOf@4
                      ; - java.lang.String::lastIndexOf@8
                      ; - java.net.URLClassLoader::defineClass@7
                      ; - java.net.URLClassLoader$1::run@43
                      ; - java.net.URLClassLoader$1::run@1
  0x00000162230c96d0: acac f4fd 

  0x00000162230c96d4: ;   {other}
  0x00000162230c96d4: 0f1f 8400 | 4443 005a | 498b d7c5 | f877 49ba | 002a 3008 | fd7f 0000 

  0x00000162230c96ec: ;   {other}
  0x00000162230c96ec: 41ff d20f | 1f84 0000 | 0000 00e9 | d2d4 ffff | ba45 ffff | ff48 8b6c | 2458 4889 | 7424 2044 
  0x00000162230c970c: 8b4c 2430 | 4489 4c24 | 284c 8b44 | 2440 4c89 | 4424 3044 | 895c 242c | 4c89 5424 | 4044 896c 
  0x00000162230c972c: 243c 6690 

  0x00000162230c9730: ;   {runtime_call UncommonTrapBlob}
  0x00000162230c9730: c5f8 77e8 

  0x00000162230c9734: ; ImmutableOopMap {rbp=Oop [32]=Oop [40]=NarrowOop [60]=NarrowOop [64]=Oop [152]=NarrowOop }
                      ;*if_icmpeq {reexecute=1 rethrow=0 return_oop=0}
                      ; - (reexecute) java.net.URLClassLoader::defineClass@21
                      ; - java.net.URLClassLoader$1::run@43
                      ; - java.net.URLClassLoader$1::run@1
  0x00000162230c9734: 48ac f4fd 

  0x00000162230c9738: ;   {other}
  0x00000162230c9738: 0f1f 8400 | a843 005b | ba45 ffff | ff4c 8b44 | 2458 4c89 | 4424 2048 | 8974 2428 | 4c8b 4424 
  0x00000162230c9758: 404c 8944 | 2438 4489 | 5c24 4044 | 895c 2444 | 448b 8424 | 9800 0000 | 4c89 5424 | 5044 896c 
  0x00000162230c9778: 244c 4489 | 4424 5890 

  0x00000162230c9780: ;   {runtime_call UncommonTrapBlob}
  0x00000162230c9780: c5f8 77e8 

  0x00000162230c9784: ; ImmutableOopMap {[32]=Oop [40]=Oop [48]=NarrowOop [76]=NarrowOop [80]=Oop [88]=NarrowOop [152]=NarrowOop }
                      ;*if_icmple {reexecute=1 rethrow=0 return_oop=0}
                      ; - (reexecute) jdk.internal.util.Preconditions::checkFromToIndex@11
                      ; - java.lang.String::checkBoundsBeginEnd@6
                      ; - java.lang.String::substring@8
                      ; - java.net.URLClassLoader::defineClass@28
                      ; - java.net.URLClassLoader$1::run@43
                      ; - java.net.URLClassLoader$1::run@1
  0x00000162230c9784: f8ab f4fd 

  0x00000162230c9788: ;   {other}
  0x00000162230c9788: 0f1f 8400 | f843 005c | ba45 ffff | ff48 8b6c | 2458 448b | 5424 3044 | 8954 2428 | 4c8b 5424 
  0x00000162230c97a8: 404c 8954 | 2430 4c8b | 5424 484c | 8954 2438 | 4c89 4c24 | 484c 895c | 2458 6690 

  0x00000162230c97c4: ;   {runtime_call UncommonTrapBlob}
  0x00000162230c97c4: c5f8 77e8 

  0x00000162230c97c8: ; ImmutableOopMap {rbp=Oop [40]=NarrowOop [56]=Oop [72]=Oop [80]=NarrowOop [88]=Oop [96]=Oop [152]=NarrowOop }
                      ;*ifnull {reexecute=1 rethrow=0 return_oop=0}
                      ; - (reexecute) java.security.CodeSource::<init>@25
                      ; - java.net.URLClassLoader::defineClass@198
                      ; - java.net.URLClassLoader$1::run@43
                      ; - java.net.URLClassLoader$1::run@1
  0x00000162230c97c8: b4ab f4fd 

  0x00000162230c97cc: ;   {other}
  0x00000162230c97cc: 0f1f 8400 | 3c44 005d | ba45 ffff | ff4c 8b54 | 2448 4c89 | 5424 3848 | 897c 2440 | 4c89 4424 
  0x00000162230c97ec: 4844 895c | 2454 6690 

  0x00000162230c97f4: ;   {runtime_call UncommonTrapBlob}
  0x00000162230c97f4: c5f8 77e8 

  0x00000162230c97f8: ; ImmutableOopMap {rbp=NarrowOop [48]=NarrowOop [56]=Oop [64]=Oop [84]=NarrowOop [88]=Oop [96]=Oop [152]=NarrowOop }
                      ;*ifnull {reexecute=1 rethrow=0 return_oop=0}
                      ; - (reexecute) java.nio.Buffer::session@4
                      ; - java.nio.DirectLongBufferU::get@4
                      ; - jdk.internal.perf.PerfCounter::get@5
                      ; - jdk.internal.perf.PerfCounter::add@1
                      ; - jdk.internal.perf.PerfCounter::addElapsedTimeFrom@6
                      ; - java.net.URLClassLoader::defineClass@207
                      ; - java.net.URLClassLoader$1::run@43
                      ; - java.net.URLClassLoader$1::run@1
  0x00000162230c97f8: 84ab f4fd 

  0x00000162230c97fc: ;   {other}
  0x00000162230c97fc: 0f1f 8400 | 6c44 005e | 4d63 cbe9 | a4cb ffff | 4983 c1fe | 498b c948 | 8bfa 4833 | c048 83f9 
  0x00000162230c981c: 087f 1048 | ffc9 784f | 4889 04cf | 48ff c97d | f7eb 44c5 | fdef c0e9 | 0d00 0000 | c5fe 7f07 
  0x00000162230c983c: c5fe 7f47 | 2048 83c7 | 4048 83e9 | 087d ed48 | 83c1 047c | 0cc5 fe7f | 0748 83c7 | 2048 83e9 
  0x00000162230c985c: 0448 83c1 | 047e 1048 | ffc9 c5f9 | d607 4883 | c708 48ff | c97d f3e9 | 22cc ffff | bacc ffff 
  0x00000162230c987c: ff48 8b6c | 2458 4889 | 7424 2044 | 8b4c 2430 | 4489 4c24 | 284c 8b44 | 2440 4c89 | 4424 3044 
  0x00000162230c989c: 895c 2438 | 4c89 5424 | 4044 896c | 2448 4889 | 5c24 5889 | 4424 4c90 

  0x00000162230c98b4: ;   {runtime_call UncommonTrapBlob}
  0x00000162230c98b4: c5f8 77e8 

  0x00000162230c98b8: ; ImmutableOopMap {rbp=Oop [32]=Oop [40]=NarrowOop [64]=Oop [72]=NarrowOop [76]=NarrowOop [88]=Oop [152]=NarrowOop }
                      ;*newarray {reexecute=1 rethrow=0 return_oop=0}
                      ; - (reexecute) java.util.Arrays::copyOfRangeByte@10
                      ; - java.util.Arrays::copyOfRange@13
                      ; - java.lang.StringLatin1::newString@16
                      ; - java.lang.String::substring@41
                      ; - java.net.URLClassLoader::defineClass@28
                      ; - java.net.URLClassLoader$1::run@43
                      ; - java.net.URLClassLoader$1::run@1
  0x00000162230c98b8: c4aa f4fd 

  0x00000162230c98bc: ;   {other}
  0x00000162230c98bc: 0f1f 8400 | 2c45 005f | 4c89 7424 | 4848 895c | 2438 4489 | 6c24 344c | 8954 2428 | 4c89 4424 
  0x00000162230c98dc: 2049 8bd7 | c5f8 7749 | ba00 2a30 | 08fd 7f00 | 0041 ffd2 

  0x00000162230c98f0: ;   {other}
  0x00000162230c98f0: 0f1f 8400 | 0000 0000 | 4c8b 4424 | 204c 8b54 | 2428 448b | 6c24 3448 | 8b5c 2438 | 4c8b 7424 
  0x00000162230c9910: 48e9 95cb | ffff 488b | 7c24 6844 | 8b57 1090 | 4585 d20f | 84a7 e3ff | ff4d 8b5f | 2849 8bca 
  0x00000162230c9930: 48c1 e103 | 4d85 db0f | 8498 0b00 | 004d 8b57 | 384b 894c | 1af8 4983 | c3f8 4d89 | 5f28 e97d 
  0x00000162230c9950: e3ff ff33 | ed45 85d2 | 400f 94c5 | ba45 ffff | ff4c 8b54 | 2458 4c89 | 5424 204c | 8b54 2460 
  0x00000162230c9970: 4c89 5424 | 2844 8b54 | 2450 4889 | 5c24 4044 | 8954 243c | 4889 5c24 | 5048 8944 | 2460 894c 
  0x00000162230c9990: 2468 6690 

  0x00000162230c9994: ;   {runtime_call UncommonTrapBlob}
  0x00000162230c9994: c5f8 77e8 

  0x00000162230c9998: ; ImmutableOopMap {[32]=Oop [40]=Oop [60]=NarrowOop [64]=Oop [72]=Oop [80]=Oop [96]=Oop }
                      ;*ifeq {reexecute=1 rethrow=0 return_oop=0}
                      ; - (reexecute) java.lang.String::lastIndexOf@4
                      ; - java.lang.String::lastIndexOf@8
                      ; - java.lang.Class::getPackageName@47
                      ; - java.lang.ClassLoader::postDefineClass@2
                      ; - java.lang.ClassLoader::defineClass@37
                      ; - java.security.SecureClassLoader::defineClass@12
                      ; - java.net.URLClassLoader::defineClass@220
                      ; - java.net.URLClassLoader$1::run@43
                      ; - java.net.URLClassLoader$1::run@1
  0x00000162230c9998: e4a9 f4fd 

  0x00000162230c999c: ;   {other}
  0x00000162230c999c: 0f1f 8400 | 0c46 0060 | 498b d7c5 | f877 49ba | 002a 3008 | fd7f 0000 

  0x00000162230c99b4: ;   {other}
  0x00000162230c99b4: 41ff d20f | 1f84 0000 | 0000 0090 | e9be d8ff | ffba 45ff | ffff 448b | 4424 5048 | 895c 2438 
  0x00000162230c99d4: 4c8b 5c24 | 484c 895c | 2440 4489 | 4424 3448 | 895c 2448 | 4489 5424 | 5066 6690 

  0x00000162230c99f0: ;   {runtime_call UncommonTrapBlob}
  0x00000162230c99f0: c5f8 77e8 

  0x00000162230c99f4: ; ImmutableOopMap {[52]=NarrowOop [56]=Oop [64]=Oop [72]=Oop [88]=Oop [96]=Oop }
                      ;*if_icmpeq {reexecute=1 rethrow=0 return_oop=0}
                      ; - (reexecute) java.lang.Class::getPackageName@55
                      ; - java.lang.ClassLoader::postDefineClass@2
                      ; - java.lang.ClassLoader::defineClass@37
                      ; - java.security.SecureClassLoader::defineClass@12
                      ; - java.net.URLClassLoader::defineClass@220
                      ; - java.net.URLClassLoader$1::run@43
                      ; - java.net.URLClassLoader$1::run@1
  0x00000162230c99f4: 88a9 f4fd 

  0x00000162230c99f8: ;   {other}
  0x00000162230c99f8: 0f1f 8400 | 6846 0061 | ba45 ffff | ff48 8b6c | 2458 4c8b | 4424 604c | 8944 2420 | 448b 4c24 
  0x00000162230c9a18: 5048 895c | 2438 4c8b | 4424 484c | 8944 2440 | 4489 4c24 | 3448 895c | 2448 4889 | 4424 5044 
  0x00000162230c9a38: 8954 245c | 4489 5424 | 6044 895c | 2468 4489 | 5c24 6c90 

  0x00000162230c9a4c: ;   {runtime_call UncommonTrapBlob}
  0x00000162230c9a4c: c5f8 77e8 

  0x00000162230c9a50: ; ImmutableOopMap {rbp=Oop [32]=Oop [52]=NarrowOop [56]=Oop [64]=Oop [72]=Oop [80]=Oop }
                      ;*if_icmple {reexecute=1 rethrow=0 return_oop=0}
                      ; - (reexecute) jdk.internal.util.Preconditions::checkFromToIndex@11
                      ; - java.lang.String::checkBoundsBeginEnd@6
                      ; - java.lang.String::substring@8
                      ; - java.lang.Class::getPackageName@62
                      ; - java.lang.ClassLoader::postDefineClass@2
                      ; - java.lang.ClassLoader::defineClass@37
                      ; - java.security.SecureClassLoader::defineClass@12
                      ; - java.net.URLClassLoader::defineClass@220
                      ; - java.net.URLClassLoader$1::run@43
                      ; - java.net.URLClassLoader$1::run@1
  0x00000162230c9a50: 2ca9 f4fd 

  0x00000162230c9a54: ;   {other}
  0x00000162230c9a54: 0f1f 8400 | c446 0062 | 4963 c290 | e9b6 d6ff | ff48 83c0 | fe48 8bc8 | 498b fb48 | 33c0 4883 
  0x00000162230c9a74: f908 7f10 | 48ff c978 | 4f48 8904 | cf48 ffc9 | 7df7 eb44 | c5fd efc0 | e90d 0000 | 00c5 fe7f 
  0x00000162230c9a94: 07c5 fe7f | 4720 4883 | c740 4883 | e908 7ded | 4883 c104 | 7c0c c5fe | 7f07 4883 | c720 4883 
  0x00000162230c9ab4: e904 4883 | c104 7e10 | 48ff c9c5 | f9d6 0748 | 83c7 0848 | ffc9 7df3 | e928 d7ff | ffba ccff 
  0x00000162230c9ad4: ffff 488b | 6c24 584c | 8b5c 2460 | 4c89 5c24 | 2044 8b44 | 2450 4889 | 5c24 384c | 8b5c 2448 
  0x00000162230c9af4: 4c89 5c24 | 4044 8944 | 2434 4889 | 5c24 4844 | 8954 2454 | 4889 7424 | 6044 894c | 2468 6690 
  0x00000162230c9b14: ;   {runtime_call UncommonTrapBlob}
  0x00000162230c9b14: c5f8 77e8 

  0x00000162230c9b18: ; ImmutableOopMap {rbp=Oop [32]=Oop [52]=NarrowOop [56]=Oop [64]=Oop [72]=Oop [96]=Oop [104]=NarrowOop }
                      ;*newarray {reexecute=1 rethrow=0 return_oop=0}
                      ; - (reexecute) java.util.Arrays::copyOfRangeByte@10
                      ; - java.util.Arrays::copyOfRange@13
                      ; - java.lang.StringLatin1::newString@16
                      ; - java.lang.String::substring@41
                      ; - java.lang.Class::getPackageName@62
                      ; - java.lang.ClassLoader::postDefineClass@2
                      ; - java.lang.ClassLoader::defineClass@37
                      ; - java.security.SecureClassLoader::defineClass@12
                      ; - java.net.URLClassLoader::defineClass@220
                      ; - java.net.URLClassLoader$1::run@43
                      ; - java.net.URLClassLoader$1::run@1
  0x00000162230c9b18: 64a8 f4fd 

  0x00000162230c9b1c: ;   {other}
  0x00000162230c9b1c: 0f1f 8400 | 8c47 0063 | 488b fb49 | 8bd7 c5f8 | 7749 ba00 | 2a30 08fd | 7f00 0041 

  0x00000162230c9b38: ;   {other}
  0x00000162230c9b38: ffd2 0f1f | 8400 0000 | 0000 488b | dfe9 06ce | ffff 498b | d7c5 f877 | 49ba 002a | 3008 fd7f 
  0x00000162230c9b58: 0000 41ff 

  0x00000162230c9b5c: ;   {other}
  0x00000162230c9b5c: d20f 1f84 | 0000 0000 | 00e9 a1d6 | ffff ba45 | ffff ff4c | 8b44 2458 | 498b e84c | 8b44 2460 
  0x00000162230c9b7c: 4c89 4424 | 2044 8954 | 2428 4c8b | 5424 404c | 8954 2430 | 448b 4424 | 5044 8944 | 2440 4c89 
  0x00000162230c9b9c: 6c24 484c | 896c 2450 | 4489 4c24 | 6444 895c | 2468 4489 | 5c24 6c90 

  0x00000162230c9bb4: ;   {runtime_call UncommonTrapBlob}
  0x00000162230c9bb4: c5f8 77e8 

  0x00000162230c9bb8: ; ImmutableOopMap {rbp=Oop [32]=Oop [40]=NarrowOop [64]=NarrowOop [72]=Oop [80]=Oop [100]=NarrowOop [104]=NarrowOop [108]=NarrowOop [152]=NarrowOop }
                      ;*ifnonnull {reexecute=1 rethrow=0 return_oop=0}
                      ; - (reexecute) java.util.Objects::requireNonNull@1
                      ; - java.util.jar.JarFile::getInputStream@4
                      ; - jdk.internal.loader.URLClassPath$JarLoader$2::getInputStream@11
                      ; - jdk.internal.loader.Resource::cachedInputStream@9
                      ; - jdk.internal.loader.Resource::getByteBuffer@1
                      ; - java.net.URLClassLoader::defineClass@132
                      ; - java.net.URLClassLoader$1::run@43
                      ; - java.net.URLClassLoader$1::run@1
  0x00000162230c9bb8: c4a7 f4fd 

  0x00000162230c9bbc: ;   {other}
  0x00000162230c9bbc: 0f1f 8400 | 2c48 0064 | 4d85 c90f | 859c e8ff | ffe9 68cf | ffff 488b | 7c24 2844 | 8b5f 5c0f 
  0x00000162230c9bdc: 1f44 0000 | 4585 db0f | 842e e8ff | ff4d 8b57 | 2849 8bcb | 48c1 e103 | 4d85 d20f | 8433 0900 
  0x00000162230c9bfc: 004d 8b5f | 384b 894c | 13f8 4983 | c2f8 4d89 | 5728 e904 | e8ff ff4d | 8b57 584d | 8b5f 48f0 
  0x00000162230c9c1c: 8344 24c0 | 0080 3900 | 7432 4488 | 214d 85db | 740f 4b89 | 4c1a f849 | 83c3 f84d | 895f 48eb 
  0x00000162230c9c3c: 1b49 8bd7 | c5f8 7749 | bae0 2930 | 08fd 7f00 | 0041 ffd2 

  0x00000162230c9c50: ;   {other}
  0x00000162230c9c50: 0f1f 8400 | 0000 0000 | 448b 475c | 0f1f 4000 | 4585 c00f | 8500 e8ff | ffe9 ccce | ffff 4c8b 
  0x00000162230c9c70: 5424 7841 | 8b4a 0c85 | c90f 8483 | e2ff ff4d | 8b47 2848 | c1e1 034d | 85c0 0f84 | c008 0000 
  0x00000162230c9c90: 498b 7f38 | 4a89 4c07 | f849 83c0 | f84d 8947 | 28e9 5ce2 | ffff 458b | 4218 4585 | c00f 84a1 
  0x00000162230c9cb0: e2ff ff49 | 8b57 2849 | 8bc8 48c1 | e103 6690 | 4885 d20f | 84be 0800 | 0045 8be9 | 498b fa41 
  0x00000162230c9cd0: 8bdb 4d8b | 5738 4989 | 4c12 f848 | 83c2 f849 | 8957 2844 | 8bdb 4c8b | d745 8bcd | e963 e2ff 
  0x00000162230c9cf0: ff4d 8bc8 | e9da e5ff | ff4c 8b54 | 2478 458b | 5a20 4585 | db0f 84e9 | e4ff ff4d | 8b57 2849 
  0x00000162230c9d10: 8bcb 48c1 | e103 4d85 | d20f 841c | 0900 004d | 8b5f 384b | 894c 13f8 | 4983 c2f8 | 4d89 5728 
  0x00000162230c9d30: e9bf e4ff | ff48 8b7c | 2438 448b | 5f1c 6690 | 4585 db0f | 8454 e5ff | ff4d 8b57 

  0x00000162230c9d4c: ;   {no_reloc}
  0x00000162230c9d4c: 2849 8bcb | 48c1 e103 | 4d85 d20f | 8453 0800 | 004d 8b5f | 384b 894c | 13f8 4983 | c2f8 4d89 
  0x00000162230c9d6c: 5728 e92a | e5ff ff4c | 8b54 2478 | 458b 5214 | 0f1f 4000 | 4585 d20f | 8482 e3ff | ff4d 8b5f 
  0x00000162230c9d8c: 2849 8bca | 48c1 e103 | 4d85 db0f | 8459 0800 | 004d 8b57 | 384b 894c | 1af8 4983 | c3f8 4d89 
  0x00000162230c9dac: 5f28 e958 | e3ff ff4c | 8b54 2478 | 458b 5a18 | 0f1f 4000 | 4585 db0f | 84e2 e3ff | ff4d 8b57 
  0x00000162230c9dcc: 2849 8bcb | 48c1 e103 | 4d85 d20f | 84f9 0700 | 004d 8b5f | 384b 894c | 13f8 4983 | c2f8 4d89 
  0x00000162230c9dec: 5728 e9b8 | e3ff ff4c | 8b44 2478 | 458b 5024 | 0f1f 4000 | 4585 d20f | 8447 e4ff | ff4d 8b5f 
  0x00000162230c9e0c: 2849 8bca | 48c1 e103 | 4d85 db0f | 84f9 0700 | 0048 8b74 | 2478 4d8b | 5738 4b89 | 4c1a f849 
  0x00000162230c9e2c: 83c3 f84d | 895f 284c | 8bc6 e915 | e4ff ff45 | 8be9 498b | fa41 8bdb | 4d8b 5748 | 4d8b 5f58 
  0x00000162230c9e4c: ;   {no_reloc}
  0x00000162230c9e4c: f083 4424 | c000 8039 | 0074 3244 | 8821 4d85 | d274 0f4b | 894c 13f8 | 4983 c2f8 | 4d89 5748 
  0x00000162230c9e6c: eb1b 498b | d7c5 f877 | 49ba e029 | 3008 fd7f | 0000 41ff 

  0x00000162230c9e80: ;   {other}
  0x00000162230c9e80: d20f 1f84 | 0000 0000 | 0044 8bdb | 4c8b d745 | 8bcd e9b2 | e0ff ff4d | 8b57 584d | 8b5f 48f0 
  0x00000162230c9ea0: 8344 24c0 | 0080 3900 | 0f84 3be3 | ffff 4488 | 214d 85db | 7520 498b | d7c5 f877 | 49ba e029 
  0x00000162230c9ec0: 3008 fd7f | 0000 41ff 

  0x00000162230c9ec8: ;   {other}
  0x00000162230c9ec8: d20f 1f84 | 0000 0000 | 00e9 13e3 | ffff 4b89 | 4c1a f849 | 83c3 f84d | 895f 48e9 | 01e3 ffff 
  0x00000162230c9ee8: 4d8b 5758 | 4d8b 5f48 | f083 4424 | c000 8039 | 000f 844a | e2ff ff44 | 8821 4d85 | db75 2049 
  0x00000162230c9f08: 8bd7 c5f8 | 7749 bae0 | 2930 08fd | 7f00 0041 

  0x00000162230c9f18: ;   {other}
  0x00000162230c9f18: ffd2 0f1f | 8400 0000 | 0000 e922 | e2ff ff4b | 894c 1af8 | 4983 c3f8 | 4d89 5f48 | e910 e2ff 
  0x00000162230c9f38: ff4d 8b57 | 484d 8b5f | 58f0 8344 | 24c0 0080 | 3900 7432 | 4488 214d | 85d2 740f | 4b89 4c13 
  0x00000162230c9f58: f849 83c2 | f84d 8957 | 48eb 1b49 | 8bd7 c5f8 | 7749 bae0 | 2930 08fd | 7f00 0041 

  0x00000162230c9f74: ;   {other}
  0x00000162230c9f74: ffd2 0f1f | 8400 0000 | 0000 448b | 571c 49c1 | e203 4d8b | c2e9 42e3 | ffff 4d8b | 5758 4d8b 
  0x00000162230c9f94: 5f48 f083 | 4424 c000 | 0f1f 4000 | 8039 000f | 840b e1ff | ff44 8821 | 4d85 db75 | 2049 8bd7 
  0x00000162230c9fb4: c5f8 7749 | bae0 2930 | 08fd 7f00 | 0041 ffd2 

  0x00000162230c9fc4: ;   {other}
  0x00000162230c9fc4: 0f1f 8400 | 0000 0000 | e9e3 e0ff | ff4b 894c | 1af8 4983 | c3f8 4d89 | 5f48 6690 | e9cf e0ff 
  0x00000162230c9fe4: ff45 8be9 | 498b fa41 | 8bdb 4d8b | 5748 4d8b | 5f58 f083 | 4424 c000 | 0f1f 4000 | 8039 0074 
  0x00000162230ca004: 3244 8821 | 4d85 d274 | 0f4b 894c | 13f8 4983 | c2f8 4d89 | 5748 eb1b | 498b d7c5 | f877 49ba 
  0x00000162230ca024: e029 3008 | fd7f 0000 

  0x00000162230ca02c: ;   {other}
  0x00000162230ca02c: 41ff d20f | 1f84 0000 | 0000 0044 | 8bdb 4c8b | d745 8bcd | e944 dfff | ff4d 8b57 | 484d 8b5f 
  0x00000162230ca04c: 58f0 8344 | 24c0 0080 | 3900 0f84 | d9e1 ffff | 4488 2190 | 4d85 d275 | 2049 8bd7 | c5f8 7749 
  0x00000162230ca06c: bae0 2930 | 08fd 7f00 | 0041 ffd2 

  0x00000162230ca078: ;   {other}
  0x00000162230ca078: 0f1f 8400 | 0000 0000 | e9b0 e1ff | ff4b 894c | 13f8 4983 | c2f8 4d89 | 5748 e99e | e1ff ff4d 
  0x00000162230ca098: 8b57 584d | 8b5f 48f0 | 8344 24c0 | 0080 3900 | 0f84 dfe1 | ffff 4488 | 214d 85db | 7526 498b 
  0x00000162230ca0b8: f849 8bd7 | c5f8 7749 | bae0 2930 | 08fd 7f00 | 0041 ffd2 

  0x00000162230ca0cc: ;   {other}
  0x00000162230ca0cc: 0f1f 8400 | 0000 0000 | 4c8b c7e9 | b1e1 ffff | 4b89 4c1a | f849 83c3 | f84d 895f | 48e9 9fe1 
  0x00000162230ca0ec: ffff 8b7c | 2434 458b | 54fc 1466 | 0f1f 8400 | 0000 0000 | 4585 d20f | 8413 d8ff | ff4d 8b5f 
  0x00000162230ca10c: 2849 8bca | 48c1 e103 | 4d85 db0f | 843e 0500 | 004d 8b57 | 384b 894c | 1af8 4983 | c3f8 4d89 
  0x00000162230ca12c: 5f28 e9e9 | d7ff ff4d | 8b57 484d | 8b5f 58f0 | 8344 24c0 | 0041 8038 | 0074 3545 | 8820 4d85 
  0x00000162230ca14c: d274 0f4f | 8944 13f8 | 4983 c2f8 | 4d89 5748 | eb1e 498b | c849 8bd7 | c5f8 7749 | bae0 2930 
  0x00000162230ca16c: 08fd 7f00 | 0041 ffd2 

  0x00000162230ca174: ;   {other}
  0x00000162230ca174: 0f1f 8400 | 0000 0000 | 458b 5cfc | 1445 85db | 0f84 4106 | 0000 498b | db48 c1e3 | 03e9 bad7 
  0x00000162230ca194: ffff 4c89 | 4424 4044 | 894c 2434 | 48ba 0000 | 0000 0800 | 0000 4903 | d34c 8b54 | 2438 4c89 
  0x00000162230ca1b4: 5424 2044 | 8bc3 6690 

  0x00000162230ca1bc: ;   {runtime_call _new_array_Java}
  0x00000162230ca1bc: c5f8 77e8 

  0x00000162230ca1c0: ; ImmutableOopMap {rbp=Oop [32]=Oop [40]=Oop [52]=NarrowOop [80]=NarrowOop [88]=Oop [96]=Oop }
                      ;*invokevirtual clone {reexecute=1 rethrow=0 return_oop=1}
                      ; - (reexecute) java.security.CodeSource::getCertificates@11
                      ; - java.lang.ClassLoader::postDefineClass@24
                      ; - java.lang.ClassLoader::defineClass@37
                      ; - java.security.SecureClassLoader::defineClass@12
                      ; - java.net.URLClassLoader::defineClass@220
                      ; - java.net.URLClassLoader$1::run@43
                      ; - java.net.URLClassLoader$1::run@1
  0x00000162230ca1c0: 3c52 00fe 

  0x00000162230ca1c4: ;   {other}
  0x00000162230ca1c4: 0f1f 8400 | 344e 0065 | 448b 4c24 | 344c 8b44 | 2440 e964 | d5ff ff48 | 894c 2468 | 498b e944 
  0x00000162230ca1e4: 8944 242c 

  0x00000162230ca1e8: ;   {metadata('java/security/CodeSigner'[])}
  0x00000162230ca1e8: 48ba 2899 | 3e00 0800 | 0000 448b | c366 6690 

  0x00000162230ca1f8: ;   {runtime_call _new_array_Java}
  0x00000162230ca1f8: c5f8 77e8 

  0x00000162230ca1fc: ; ImmutableOopMap {rbp=Oop [32]=Oop [44]=NarrowOop [48]=NarrowOop [56]=Oop [72]=Oop [80]=NarrowOop [88]=Oop [96]=Oop [152]=NarrowOop }
                      ;*invokevirtual clone {reexecute=1 rethrow=0 return_oop=1}
                      ; - (reexecute) java.util.jar.JarFile$JarFileEntry::getCodeSigners@70
                      ; - jdk.internal.loader.URLClassPath$JarLoader$2::getCodeSigners@4
                      ; - java.net.URLClassLoader::defineClass@185
                      ; - java.net.URLClassLoader$1::run@43
                      ; - java.net.URLClassLoader$1::run@1
  0x00000162230ca1fc: 0052 00fe 

  0x00000162230ca200: ;   {other}
  0x00000162230ca200: 0f1f 8400 | 704e 0066 | e9e6 e2ff | ff49 8be9 | 4889 7c24 | 684c 8944 

  0x00000162230ca218: ;   {metadata('java/security/CodeSigner'[])}
  0x00000162230ca218: 2450 48ba | 2899 3e00 | 0800 0000 | 448b c190 

  0x00000162230ca228: ;   {runtime_call _new_array_Java}
  0x00000162230ca228: c5f8 77e8 

  0x00000162230ca22c: ; ImmutableOopMap {[32]=Oop [48]=NarrowOop [56]=Oop [72]=Oop [80]=Oop [88]=Oop [96]=Oop [104]=Oop [152]=NarrowOop }
                      ;*invokevirtual clone {reexecute=1 rethrow=0 return_oop=1}
                      ; - (reexecute) java.security.CodeSource::<init>@42
                      ; - java.net.URLClassLoader::defineClass@198
                      ; - java.net.URLClassLoader$1::run@43
                      ; - java.net.URLClassLoader$1::run@1
  0x00000162230ca22c: d051 00fe 

  0x00000162230ca230: ;   {other}
  0x00000162230ca230: 0f1f 8400 | a04e 0067 | 488b d80f | 1f44 0000 | e93e daff | ffba f6ff | ffff 6690 

  0x00000162230ca24c: ;   {runtime_call UncommonTrapBlob}
  0x00000162230ca24c: c5f8 77e8 

  0x00000162230ca250: ; ImmutableOopMap {[88]=Oop [96]=Oop }
                      ;*invokevirtual lastIndexOf {reexecute=0 rethrow=0 return_oop=0}
                      ; - java.lang.Class::getPackageName@47
                      ; - java.lang.ClassLoader::postDefineClass@2
                      ; - java.lang.ClassLoader::defineClass@37
                      ; - java.security.SecureClassLoader::defineClass@12
                      ; - java.net.URLClassLoader::defineClass@220
                      ; - java.net.URLClassLoader$1::run@43
                      ; - java.net.URLClassLoader$1::run@1
  0x00000162230ca250: 2ca1 f4fd 

  0x00000162230ca254: ;   {other}
  0x00000162230ca254: 0f1f 8400 | c44e 0068 | 4c89 5c24 

  0x00000162230ca260: ;   {metadata('java/util/jar/JarVerifier$VerifierStream')}
  0x00000162230ca260: 7048 bae8 | 99aa 0108 | 0000 0090 

  0x00000162230ca26c: ;   {runtime_call _new_instance_Java}
  0x00000162230ca26c: c5f8 77e8 

  0x00000162230ca270: ; ImmutableOopMap {rbp=NarrowOop [32]=Oop [40]=Oop [48]=NarrowOop [56]=Oop [72]=Oop [80]=NarrowOop [84]=NarrowOop [88]=Oop [96]=Oop [104]=Oop [112]=Oop [152]=NarrowOop }
                      ;*new {reexecute=0 rethrow=0 return_oop=1}
                      ; - java.util.jar.JarFile::getInputStream@66
                      ; - jdk.internal.loader.URLClassPath$JarLoader$2::getInputStream@11
                      ; - jdk.internal.loader.Resource::cachedInputStream@9
                      ; - jdk.internal.loader.Resource::getByteBuffer@1
                      ; - java.net.URLClassLoader::defineClass@132
                      ; - java.net.URLClassLoader$1::run@43
                      ; - java.net.URLClassLoader$1::run@1
  0x00000162230ca270: 8c4e 00fe 

  0x00000162230ca274: ;   {other}
  0x00000162230ca274: 0f1f 8400 | e44e 0069 | 0f1f 4000 | e916 dcff | ff44 894c | 2454 4c89 | 5424 3844 | 895c 2434 
  0x00000162230ca294: ;   {metadata('sun/security/util/ManifestEntryVerifier')}
  0x00000162230ca294: 48ba c0d2 | 0900 0800 | 0000 6690 

  0x00000162230ca2a0: ;   {runtime_call _new_instance_Java}
  0x00000162230ca2a0: c5f8 77e8 

  0x00000162230ca2a4: ; ImmutableOopMap {rbp=Oop [32]=Oop [40]=Oop [48]=NarrowOop [52]=NarrowOop [56]=Oop [72]=Oop [80]=NarrowOop [84]=NarrowOop [88]=Oop [96]=Oop [104]=Oop [112]=Oop [128]=Oop [152]=NarrowOop }
                      ;*new {reexecute=0 rethrow=0 return_oop=1}
                      ; - java.util.jar.JarVerifier$VerifierStream::<init>@22
                      ; - java.util.jar.JarFile::getInputStream@84
                      ; - jdk.internal.loader.URLClassPath$JarLoader$2::getInputStream@11
                      ; - jdk.internal.loader.Resource::cachedInputStream@9
                      ; - jdk.internal.loader.Resource::getByteBuffer@1
                      ; - java.net.URLClassLoader::defineClass@132
                      ; - java.net.URLClassLoader$1::run@43
                      ; - java.net.URLClassLoader$1::run@1
  0x00000162230ca2a4: 584e 00fe 

  0x00000162230ca2a8: ;   {other}
  0x00000162230ca2a8: 0f1f 8400 | 184f 006a | 448b 5c24 | 344c 8b54 | 2438 448b | 4c24 5448 | 8bc8 e917 | ddff ff89 
  0x00000162230ca2c8: 9c24 c800 | 0000 89bc | 249c 0000 

  0x00000162230ca2d4: ;   {metadata('java/util/ArrayList')}
  0x00000162230ca2d4: 0048 ba10 | 7e05 0008 | 0000 0090 

  0x00000162230ca2e0: ;   {runtime_call _new_instance_Java}
  0x00000162230ca2e0: c5f8 77e8 

  0x00000162230ca2e4: ; ImmutableOopMap {rbp=Oop [32]=Oop [40]=Oop [48]=NarrowOop [52]=NarrowOop [56]=Oop [72]=Oop [80]=NarrowOop [84]=NarrowOop [88]=Oop [96]=Oop [104]=Oop [112]=Oop [120]=Oop [128]=Oop [152]=NarrowOop [156]=NarrowOop [200]=NarrowOop }
                      ;*new {reexecute=0 rethrow=0 return_oop=1}
                      ; - sun.security.util.ManifestEntryVerifier::<init>@33
                      ; - java.util.jar.JarVerifier$VerifierStream::<init>@32
                      ; - java.util.jar.JarFile::getInputStream@84
                      ; - jdk.internal.loader.URLClassPath$JarLoader$2::getInputStream@11
                      ; - jdk.internal.loader.Resource::cachedInputStream@9
                      ; - jdk.internal.loader.Resource::getByteBuffer@1
                      ; - java.net.URLClassLoader::defineClass@132
                      ; - java.net.URLClassLoader$1::run@43
                      ; - java.net.URLClassLoader$1::run@1
  0x00000162230ca2e4: 184e 00fe 

  0x00000162230ca2e8: ;   {other}
  0x00000162230ca2e8: 0f1f 8400 | 584f 006b | 4c8b d08b | bc24 9c00 | 0000 8b9c | 24c8 0000 | 00e9 efdd | ffff 4489 
  0x00000162230ca308: 4c24 3448 | 894c 2478 | 4c89 5424 | 3844 895c 

  0x00000162230ca318: ;   {metadata('java/util/HashMap')}
  0x00000162230ca318: 2454 48ba | 6065 0600 | 0800 0000 

  0x00000162230ca324: ;   {runtime_call _new_instance_Java}
  0x00000162230ca324: c5f8 77e8 

  0x00000162230ca328: ; ImmutableOopMap {rbp=Oop [32]=Oop [40]=Oop [48]=NarrowOop [52]=NarrowOop [56]=Oop [72]=Oop [80]=NarrowOop [84]=NarrowOop [88]=Oop [96]=Oop [104]=Oop [112]=Oop [120]=Oop [128]=Oop [152]=NarrowOop }
                      ;*new {reexecute=0 rethrow=0 return_oop=1}
                      ; - sun.security.util.ManifestEntryVerifier::<init>@20
                      ; - java.util.jar.JarVerifier$VerifierStream::<init>@32
                      ; - java.util.jar.JarFile::getInputStream@84
                      ; - jdk.internal.loader.URLClassPath$JarLoader$2::getInputStream@11
                      ; - jdk.internal.loader.Resource::cachedInputStream@9
                      ; - jdk.internal.loader.Resource::getByteBuffer@1
                      ; - java.net.URLClassLoader::defineClass@132
                      ; - java.net.URLClassLoader$1::run@43
                      ; - java.net.URLClassLoader$1::run@1
  0x00000162230ca328: d44d 00fe 

  0x00000162230ca32c: ;   {other}
  0x00000162230ca32c: 0f1f 8400 | 9c4f 006c | e911 ddff | ff89 9c24 | c800 0000 | 89bc 249c 

  0x00000162230ca344: ;   {metadata('java/util/ArrayList')}
  0x00000162230ca344: 0000 0048 | ba10 7e05 | 0008 0000 | 0066 6690 

  0x00000162230ca354: ;   {runtime_call _new_instance_Java}
  0x00000162230ca354: c5f8 77e8 

  0x00000162230ca358: ; ImmutableOopMap {rbp=Oop [32]=Oop [40]=Oop [48]=NarrowOop [52]=NarrowOop [56]=Oop [72]=Oop [80]=NarrowOop [84]=NarrowOop [88]=Oop [96]=Oop [104]=Oop [112]=Oop [120]=Oop [128]=Oop [152]=NarrowOop [156]=NarrowOop [200]=NarrowOop }
                      ;*new {reexecute=0 rethrow=0 return_oop=1}
                      ; - sun.security.util.ManifestEntryVerifier::<init>@44
                      ; - java.util.jar.JarVerifier$VerifierStream::<init>@32
                      ; - java.util.jar.JarFile::getInputStream@84
                      ; - jdk.internal.loader.URLClassPath$JarLoader$2::getInputStream@11
                      ; - jdk.internal.loader.Resource::cachedInputStream@9
                      ; - jdk.internal.loader.Resource::getByteBuffer@1
                      ; - java.net.URLClassLoader::defineClass@132
                      ; - java.net.URLClassLoader$1::run@43
                      ; - java.net.URLClassLoader$1::run@1
  0x00000162230ca358: a44d 00fe 

  0x00000162230ca35c: ;   {other}
  0x00000162230ca35c: 0f1f 8400 | cc4f 006d | 4c8b d08b | bc24 9c00 | 0000 8b9c | 24c8 0000 | 00e9 19de | ffff 4889 
  0x00000162230ca37c: 4c24 3044 | 895c 2420 

  0x00000162230ca384: ;   {metadata('java/util/ArrayList')}
  0x00000162230ca384: 418b e848 | ba10 7e05 | 0008 0000 | 0066 6690 

  0x00000162230ca394: ;   {runtime_call _new_instance_Java}
  0x00000162230ca394: c5f8 77e8 

  0x00000162230ca398: ; ImmutableOopMap {rbp=NarrowOop [32]=NarrowOop [40]=Oop [48]=Oop [56]=Oop [80]=NarrowOop [88]=Oop [96]=Oop }
                      ;*new {reexecute=0 rethrow=0 return_oop=1}
                      ; - java.security.CodeSource::getCertificates@25
                      ; - java.lang.ClassLoader::postDefineClass@24
                      ; - java.lang.ClassLoader::defineClass@37
                      ; - java.security.SecureClassLoader::defineClass@12
                      ; - java.net.URLClassLoader::defineClass@220
                      ; - java.net.URLClassLoader$1::run@43
                      ; - java.net.URLClassLoader$1::run@1
  0x00000162230ca398: 644d 00fe 

  0x00000162230ca39c: ;   {other}
  0x00000162230ca39c: 0f1f 8400 | 0c50 006e | 448b c544 | 8b5c 2420 | 488b 4c24 | 30e9 01d4 | ffff 4c89 | 4c24 2048 
  0x00000162230ca3bc: 8be9 4489 

  0x00000162230ca3c0: ;   {metadata('java/security/cert/Certificate'[])}
  0x00000162230ca3c0: 4424 3448 | bad8 0803 | 0008 0000 | 0045 33c0 

  0x00000162230ca3d0: ;   {runtime_call _new_array_Java}
  0x00000162230ca3d0: c5f8 77e8 

  0x00000162230ca3d4: ; ImmutableOopMap {rbp=Oop [32]=Oop [40]=Oop [52]=NarrowOop [56]=Oop [80]=NarrowOop [88]=Oop [96]=Oop }
                      ;*anewarray {reexecute=0 rethrow=0 return_oop=1}
                      ; - java.security.CodeSource::getCertificates@70
                      ; - java.lang.ClassLoader::postDefineClass@24
                      ; - java.lang.ClassLoader::defineClass@37
                      ; - java.security.SecureClassLoader::defineClass@12
                      ; - java.net.URLClassLoader::defineClass@220
                      ; - java.net.URLClassLoader$1::run@43
                      ; - java.net.URLClassLoader$1::run@1
  0x00000162230ca3d4: 2850 00fe 

  0x00000162230ca3d8: ;   {other}
  0x00000162230ca3d8: 0f1f 8400 | 4850 006f | e9ef d4ff | ff4c 894c | 2420 4889 | 5c24 4048 | ba00 0000 | 0008 0000 
  0x00000162230ca3f8: 0049 03d2 | 488b 6c24 | 3844 8bc1 

  0x00000162230ca404: ;   {runtime_call _new_array_Java}
  0x00000162230ca404: c5f8 77e8 

  0x00000162230ca408: ; ImmutableOopMap {rbp=Oop [40]=Oop [64]=Oop [80]=NarrowOop [88]=Oop [96]=Oop }
                      ;*invokevirtual clone {reexecute=1 rethrow=0 return_oop=1}
                      ; - (reexecute) java.security.CodeSource::getCertificates@86
                      ; - java.lang.ClassLoader::postDefineClass@24
                      ; - java.lang.ClassLoader::defineClass@37
                      ; - java.security.SecureClassLoader::defineClass@12
                      ; - java.net.URLClassLoader::defineClass@220
                      ; - java.net.URLClassLoader$1::run@43
                      ; - java.net.URLClassLoader$1::run@1
  0x00000162230ca408: f44f 00fe 

  0x00000162230ca40c: ;   {other}
  0x00000162230ca40c: 0f1f 8400 | 7c50 0070 | 488b 5c24 | 404c 8b4c | 2420 6690 | e99e d5ff | ffba e4ff | ffff 488b 
  0x00000162230ca42c: 6c24 588b | 4c24 5089 | 4c24 3044 | 8944 2434 | 4c89 4c24 | 5044 895c | 244c 4489 | 5424 5890 
  0x00000162230ca44c: ;   {runtime_call UncommonTrapBlob}
  0x00000162230ca44c: c5f8 77e8 

  0x00000162230ca450: ; ImmutableOopMap {rbp=Oop [40]=Oop [48]=NarrowOop [52]=NarrowOop [76]=NarrowOop [80]=Oop [96]=Oop }
                      ;*aaload {reexecute=0 rethrow=0 return_oop=0}
                      ; - java.security.CodeSource::getCertificates@50
                      ; - java.lang.ClassLoader::postDefineClass@24
                      ; - java.lang.ClassLoader::defineClass@37
                      ; - java.security.SecureClassLoader::defineClass@12
                      ; - java.net.URLClassLoader::defineClass@220
                      ; - java.net.URLClassLoader$1::run@43
                      ; - java.net.URLClassLoader$1::run@1
  0x00000162230ca450: 2c9f f4fd 

  0x00000162230ca454: ;   {other}
  0x00000162230ca454: 0f1f 8400 | c450 0071 | baf6 ffff | ff48 8b6c | 2458 448b | 5c24 3044 | 895c 2428 | 4c8b 5424 
  0x00000162230ca474: 404c 8954 | 2430 448b | 5c24 5044 | 895c 2440 | 448b 5424 | 5444 8954 | 2444 4c89 | 4c24 5890 
  0x00000162230ca494: ;   {runtime_call UncommonTrapBlob}
  0x00000162230ca494: c5f8 77e8 

  0x00000162230ca498: ; ImmutableOopMap {rbp=Oop [40]=NarrowOop [64]=NarrowOop [68]=NarrowOop [72]=Oop [88]=Oop [96]=Oop [112]=Oop [152]=NarrowOop }
                      ;*invokevirtual beginEntry {reexecute=0 rethrow=0 return_oop=0}
                      ; - java.util.jar.JarVerifier$VerifierStream::<init>@47
                      ; - java.util.jar.JarFile::getInputStream@84
                      ; - jdk.internal.loader.URLClassPath$JarLoader$2::getInputStream@11
                      ; - jdk.internal.loader.Resource::cachedInputStream@9
                      ; - jdk.internal.loader.Resource::getByteBuffer@1
                      ; - java.net.URLClassLoader::defineClass@132
                      ; - java.net.URLClassLoader$1::run@43
                      ; - java.net.URLClassLoader$1::run@1
  0x00000162230ca498: e49e f4fd 

  0x00000162230ca49c: ;   {other}
  0x00000162230ca49c: 0f1f 8400 | 0c51 0072 | 498b db49 | 8bc8 488d | 9424 d800 | 0000 4d8b | c7c5 f877 | 49ba b0d7 
  0x00000162230ca4bc: 7108 fd7f | 0000 41ff 

  0x00000162230ca4c4: ;   {other}
  0x00000162230ca4c4: d20f 1f84 | 0000 0000 | 004c 8bdb | e9f4 deff | ff49 8bd7 | c5f8 7749 | ba00 2a30 | 08fd 7f00 
  0x00000162230ca4e4: 0041 ffd2 

  0x00000162230ca4e8: ;   {other}
  0x00000162230ca4e8: 0f1f 8400 | 0000 0000 | e9db d7ff | ff48 8beb | ba2f 0000 | 0066 6690 

  0x00000162230ca500: ;   {runtime_call UncommonTrapBlob}
  0x00000162230ca500: c5f8 77e8 

  0x00000162230ca504: ; ImmutableOopMap {rbp=Oop [88]=Oop }
                      ;*new {reexecute=0 rethrow=0 return_oop=0}
                      ; - java.net.URLClassLoader$1::run@48
                      ; - java.net.URLClassLoader$1::run@1
  0x00000162230ca504: 789e f4fd 

  0x00000162230ca508: ;   {other}
  0x00000162230ca508: 0f1f 8400 | 7851 0073 | bace ffff | ff48 894c | 2428 4489 | 5424 3890 

  0x00000162230ca520: ;   {runtime_call UncommonTrapBlob}
  0x00000162230ca520: c5f8 77e8 

  0x00000162230ca524: ; ImmutableOopMap {rbp=Oop [40]=Oop [88]=Oop }
                      ;*invokestatic inflate {reexecute=0 rethrow=0 return_oop=0}
                      ; - java.lang.String::getBytes@40
                      ; - java.lang.StringConcatHelper::prepend@21
                      ; - java.lang.StringConcatHelper::simpleConcat@81
                      ; - java.lang.String::concat@11
                      ; - java.net.URLClassLoader$1::run@13
                      ; - java.net.URLClassLoader$1::run@1
  0x00000162230ca524: 589e f4fd 

  0x00000162230ca528: ;   {other}
  0x00000162230ca528: 0f1f 8400 | 9851 0074 | 498b d7c5 | f877 49ba | 002a 3008 | fd7f 0000 

  0x00000162230ca540: ;   {other}
  0x00000162230ca540: 41ff d20f | 1f84 0000 | 0000 00e9 | c7de ffff | 458b e948 | 8bf0 498b | fa49 8bd7 | c5f8 7749 
  0x00000162230ca560: ba00 2a30 | 08fd 7f00 | 0041 ffd2 

  0x00000162230ca56c: ;   {other}
  0x00000162230ca56c: 0f1f 8400 | 0000 0000 | 448b 5c24 | 544c 8bd7 | 488b de45 | 8bcd e97b | d9ff ff45 | 8be9 498b 
  0x00000162230ca58c: fa41 8bdb | 498b d7c5 | f877 49ba | 002a 3008 | fd7f 0000 

  0x00000162230ca5a0: ;   {other}
  0x00000162230ca5a0: 41ff d20f | 1f84 0000 | 0000 00e9 | 33f7 ffff | 498b f049 | 8bd7 c5f8 | 7749 ba00 | 2a30 08fd 
  0x00000162230ca5c0: 7f00 0041 

  0x00000162230ca5c4: ;   {other}
  0x00000162230ca5c4: ffd2 0f1f | 8400 0000 | 0000 4c8b | c6e9 c7dc | ffff 498b | d7c5 f877 | 49ba 002a | 3008 fd7f 
  0x00000162230ca5e4: 0000 41ff 

  0x00000162230ca5e8: ;   {other}
  0x00000162230ca5e8: d20f 1f84 | 0000 0000 | 00e9 b5db | ffff 498b | d7c5 f877 | 49ba 002a | 3008 fd7f | 0000 41ff 
  0x00000162230ca608: ;   {other}
  0x00000162230ca608: d20f 1f84 | 0000 0000 | 00e9 f5da | ffff 488b | 7424 7849 | 8bd7 c5f8 | 7749 ba00 | 2a30 08fd 
  0x00000162230ca628: 7f00 0041 

  0x00000162230ca62c: ;   {other}
  0x00000162230ca62c: ffd2 0f1f | 8400 0000 | 0000 e9f8 | f7ff ff49 | 8bd7 c5f8 | 7749 ba00 | 2a30 08fd | 7f00 0041 
  0x00000162230ca64c: ;   {other}
  0x00000162230ca64c: ffd2 0f1f | 8400 0000 | 0000 e999 | dbff ff49 | 8bd7 c5f8 | 7749 ba00 | 2a30 08fd | 7f00 0041 
  0x00000162230ca66c: ;   {other}
  0x00000162230ca66c: ffd2 0f1f | 8400 0000 | 0000 e9a1 | d2ff ffba | 45ff ffff | 488b 6c24 | 584c 8b54 | 2460 4c89 
  0x00000162230ca68c: 5424 2044 | 8b54 2430 | 4489 5424 | 284c 8b54 | 2440 4c89 | 5424 3044 | 8b94 2498 | 0000 0044 
  0x00000162230ca6ac: 8954 242c | 448b 4424 | 5044 8944 | 2440 4c8b | 5424 7844 | 895c 2444 | 4c89 5424 | 6844 898c 
  0x00000162230ca6cc: 2488 0000 | 0048 8984 | 2498 0000 | 0066 6690 

  0x00000162230ca6dc: ;   {runtime_call UncommonTrapBlob}
  0x00000162230ca6dc: c5f8 77e8 

  0x00000162230ca6e0: ; ImmutableOopMap {rbp=Oop [32]=Oop [40]=NarrowOop [44]=NarrowOop [64]=NarrowOop [68]=NarrowOop [72]=Oop [104]=Oop [112]=Oop [120]=Oop [128]=Oop [136]=NarrowOop [152]=Oop }
                      ;*ifnonnull {reexecute=1 rethrow=0 return_oop=0}
                      ; - (reexecute) java.util.Objects::requireNonNull@1
                      ; - java.util.jar.JarVerifier$VerifierStream::<init>@6
                      ; - java.util.jar.JarFile::getInputStream@84
                      ; - jdk.internal.loader.URLClassPath$JarLoader$2::getInputStream@11
                      ; - jdk.internal.loader.Resource::cachedInputStream@9
                      ; - jdk.internal.loader.Resource::getByteBuffer@1
                      ; - java.net.URLClassLoader::defineClass@132
                      ; - java.net.URLClassLoader$1::run@43
                      ; - java.net.URLClassLoader$1::run@1
  0x00000162230ca6e0: 9c9c f4fd 

  0x00000162230ca6e4: ;   {other}
  0x00000162230ca6e4: 0f1f 8400 | 5453 0075 | 498b cb48 | 8d94 24d8 | 0000 004d | 8bc7 c5f8 | 7749 bab0 | d771 08fd 
  0x00000162230ca704: 7f00 0041 

  0x00000162230ca708: ;   {other}
  0x00000162230ca708: ffd2 0f1f | 8400 0000 | 0000 e919 | e5ff ffba | f6ff ffff | 4c8b 5424 | 404c 8954 | 2438 6690 
  0x00000162230ca728: ;   {runtime_call UncommonTrapBlob}
  0x00000162230ca728: c5f8 77e8 

  0x00000162230ca72c: ; ImmutableOopMap {rbp=NarrowOop [48]=NarrowOop [72]=Oop [80]=NarrowOop [84]=NarrowOop [88]=Oop [96]=Oop [152]=NarrowOop }
                      ;*invokevirtual update {reexecute=0 rethrow=0 return_oop=0}
                      ; - java.util.jar.JarVerifier$VerifierStream::<init>@76
                      ; - java.util.jar.JarFile::getInputStream@84
                      ; - jdk.internal.loader.URLClassPath$JarLoader$2::getInputStream@11
                      ; - jdk.internal.loader.Resource::cachedInputStream@9
                      ; - jdk.internal.loader.Resource::getByteBuffer@1
                      ; - java.net.URLClassLoader::defineClass@132
                      ; - java.net.URLClassLoader$1::run@43
                      ; - java.net.URLClassLoader$1::run@1
  0x00000162230ca72c: 509c f4fd 

  0x00000162230ca730: ;   {other}
  0x00000162230ca730: 0f1f 8400 | a053 0076 | baf6 ffff | ff48 8b6c | 2458 448b | 5c24 2c44 | 895c 2428 | 4c8b 5424 
  0x00000162230ca750: 404c 8954 | 2430 6690 

  0x00000162230ca758: ;   {runtime_call UncommonTrapBlob}
  0x00000162230ca758: c5f8 77e8 

  0x00000162230ca75c: ; ImmutableOopMap {rbp=Oop [40]=NarrowOop [60]=NarrowOop [72]=Oop [96]=Oop [152]=NarrowOop }
                      ;*athrow {reexecute=1 rethrow=0 return_oop=0}
                      ; - (reexecute) jdk.internal.util.Preconditions::checkFromToIndex@21
                      ; - java.lang.String::checkBoundsBeginEnd@6
                      ; - java.lang.String::substring@8
                      ; - java.net.URLClassLoader::defineClass@28
                      ; - java.net.URLClassLoader$1::run@43
                      ; - java.net.URLClassLoader$1::run@1
  0x00000162230ca75c: 209c f4fd 

  0x00000162230ca760: ;   {other}
  0x00000162230ca760: 0f1f 8400 | d053 0077 | 488b e8ba | f201 0000 | 4c8b 5424 | 584c 8954 | 2420 4c8b | 5424 404c 
  0x00000162230ca780: 8954 2438 | 448b 5424 | 5044 8954 | 2444 6690 

  0x00000162230ca790: ;   {runtime_call UncommonTrapBlob}
  0x00000162230ca790: c5f8 77e8 

  0x00000162230ca794: ; ImmutableOopMap {rbp=Oop [32]=Oop [48]=NarrowOop [52]=NarrowOop [68]=NarrowOop [72]=Oop [96]=Oop [112]=Oop [152]=NarrowOop }
                      ;*new {reexecute=0 rethrow=0 return_oop=0}
                      ; - java.util.jar.JarFile::ensureInitialization@8
                      ; - java.util.jar.JavaUtilJarAccessImpl::ensureInitialization@1
                      ; - jdk.internal.loader.URLClassPath$JarLoader$2::getManifest@10
                      ; - java.net.URLClassLoader::defineClass@34
                      ; - java.net.URLClassLoader$1::run@43
                      ; - java.net.URLClassLoader$1::run@1
  0x00000162230ca794: e89b f4fd 

  0x00000162230ca798: ;   {other}
  0x00000162230ca798: 0f1f 8400 | 0854 0078 | 498b cb48 | 8d94 24d0 | 0000 004d | 8bc7 c5f8 | 7749 bab0 | d771 08fd 
  0x00000162230ca7b8: 7f00 0041 

  0x00000162230ca7bc: ;   {other}
  0x00000162230ca7bc: ffd2 0f1f | 8400 0000 | 0000 e956 | e6ff ffba | f6ff ffff 

  0x00000162230ca7d0: ;   {runtime_call UncommonTrapBlob}
  0x00000162230ca7d0: c5f8 77e8 

  0x00000162230ca7d4: ; ImmutableOopMap {[88]=Oop [96]=Oop }
                      ;*invokevirtual clone {reexecute=1 rethrow=0 return_oop=0}
                      ; - (reexecute) java.security.CodeSource::getCertificates@86
                      ; - java.lang.ClassLoader::postDefineClass@24
                      ; - java.lang.ClassLoader::defineClass@37
                      ; - java.security.SecureClassLoader::defineClass@12
                      ; - java.net.URLClassLoader::defineClass@220
                      ; - java.net.URLClassLoader$1::run@43
                      ; - java.net.URLClassLoader$1::run@1
  0x00000162230ca7d4: a89b f4fd 

  0x00000162230ca7d8: ;   {other}
  0x00000162230ca7d8: 0f1f 8400 | 4854 0079 | bade ffff | ff4c 8b54 | 2440 4c89 | 5424 3848 | 8944 2440 

  0x00000162230ca7f4: ;   {runtime_call UncommonTrapBlob}
  0x00000162230ca7f4: c5f8 77e8 

  0x00000162230ca7f8: ; ImmutableOopMap {[56]=Oop [64]=Oop [80]=NarrowOop [88]=Oop [96]=Oop [152]=NarrowOop }
                      ;*checkcast {reexecute=0 rethrow=0 return_oop=0}
                      ; - java.security.SecureClassLoader::getProtectionDomain@33
                      ; - java.security.SecureClassLoader::defineClass@9
                      ; - java.net.URLClassLoader::defineClass@220
                      ; - java.net.URLClassLoader$1::run@43
                      ; - java.net.URLClassLoader$1::run@1
  0x00000162230ca7f8: 849b f4fd 

  0x00000162230ca7fc: ;   {other}
  0x00000162230ca7fc: 0f1f 8400 | 6c54 007a | bade ffff | ff48 8944 | 2448 6690 

  0x00000162230ca810: ;   {runtime_call UncommonTrapBlob}
  0x00000162230ca810: c5f8 77e8 

  0x00000162230ca814: ; ImmutableOopMap {[40]=Oop [52]=NarrowOop [72]=Oop [80]=NarrowOop [88]=Oop [96]=Oop }
                      ;*checkcast {reexecute=0 rethrow=0 return_oop=0}
                      ; - java.security.CodeSource::getCertificates@76
                      ; - java.lang.ClassLoader::postDefineClass@24
                      ; - java.lang.ClassLoader::defineClass@37
                      ; - java.security.SecureClassLoader::defineClass@12
                      ; - java.net.URLClassLoader::defineClass@220
                      ; - java.net.URLClassLoader$1::run@43
                      ; - java.net.URLClassLoader$1::run@1
  0x00000162230ca814: 689b f4fd 

  0x00000162230ca818: ;   {other}
  0x00000162230ca818: 0f1f 8400 | 8854 007b | 488b d844 | 8b58 0849 | b800 0000 | 0008 0000 | 004d 03c3 | e912 e6ff 
  0x00000162230ca838: ff48 8bd8 | 448b 5808 | 49b8 0000 | 0000 0800 | 0000 4d03 | c3e9 f9e5 | ffff 488b | d844 8b50 
  0x00000162230ca858: 0849 b800 | 0000 0008 | 0000 004d | 03c2 e9e0 | e5ff ff4c | 8bd0 e9c4 | e5ff ff4c | 8bd0 e9bc 
  0x00000162230ca878: e5ff ff4c | 8bd0 6690 | e9b2 e5ff | ff4c 8bd0 | e9aa e5ff | ff4c 8bd0 | e9a2 e5ff | ffba f6ff 
  0x00000162230ca898: ffff 488b | 6c24 5890 

  0x00000162230ca8a0: ;   {runtime_call UncommonTrapBlob}
  0x00000162230ca8a0: c5f8 77e8 

  0x00000162230ca8a4: ; ImmutableOopMap {rbp=Oop }
                      ;*invokevirtual replace {reexecute=0 rethrow=0 return_oop=0}
                      ; - java.net.URLClassLoader$1::run@8
                      ; - java.net.URLClassLoader$1::run@1
  0x00000162230ca8a4: d89a f4fd 

  0x00000162230ca8a8: ;   {other}
  0x00000162230ca8a8: 0f1f 8400 | 1855 007c | baf6 ffff | ff48 8b6c | 2458 6690 

  0x00000162230ca8bc: ;   {runtime_call UncommonTrapBlob}
  0x00000162230ca8bc: c5f8 77e8 

  0x00000162230ca8c0: ; ImmutableOopMap {rbp=Oop }
                      ;*arraylength {reexecute=0 rethrow=0 return_oop=0}
                      ; - java.lang.StringLatin1::replace@8
                      ; - java.lang.String::replace@18
                      ; - java.net.URLClassLoader$1::run@8
                      ; - java.net.URLClassLoader$1::run@1
  0x00000162230ca8c0: bc9a f4fd 

  0x00000162230ca8c4: ;   {other}
  0x00000162230ca8c4: 0f1f 8400 | 3455 007d | baf6 ffff | ff48 8b6c | 2458 4c89 | 4424 2090 

  0x00000162230ca8dc: ;   {runtime_call UncommonTrapBlob}
  0x00000162230ca8dc: c5f8 77e8 

  0x00000162230ca8e0: ; ImmutableOopMap {rbp=Oop [32]=Oop }
                      ;*getfield ucp {reexecute=1 rethrow=0 return_oop=0}
                      ; - (reexecute) java.net.URLClassLoader$1::run@21
                      ; - java.net.URLClassLoader$1::run@1
  0x00000162230ca8e0: 9c9a f4fd 

  0x00000162230ca8e4: ;   {other}
  0x00000162230ca8e4: 0f1f 8400 | 5455 007e | baf6 ffff | ff48 8b6c | 2458 448b | 5c24 3044 | 895c 2428 | 4889 7424 
  0x00000162230ca904: 3066 6690 

  0x00000162230ca908: ;   {runtime_call UncommonTrapBlob}
  0x00000162230ca908: c5f8 77e8 

  0x00000162230ca90c: ; ImmutableOopMap {rbp=Oop [40]=NarrowOop [48]=Oop }
                      ;*invokevirtual lastIndexOf {reexecute=0 rethrow=0 return_oop=0}
                      ; - java.net.URLClassLoader::defineClass@7
                      ; - java.net.URLClassLoader$1::run@43
                      ; - java.net.URLClassLoader$1::run@1
  0x00000162230ca90c: 709a f4fd 

  0x00000162230ca910: ;   {other}
  0x00000162230ca910: 0f1f 8400 | 8055 007f | baf6 ffff | ff48 8b6c | 2458 448b | 5c24 3044 | 895c 2428 | 4889 7424 
  0x00000162230ca930: 3066 6690 

  0x00000162230ca934: ;   {runtime_call UncommonTrapBlob}
  0x00000162230ca934: c5f8 77e8 

  0x00000162230ca938: ; ImmutableOopMap {rbp=Oop [40]=NarrowOop [48]=Oop [152]=NarrowOop }
                      ;*arraylength {reexecute=0 rethrow=0 return_oop=0}
                      ; - java.lang.String::length@4
                      ; - java.lang.String::lastIndexOf@3
                      ; - java.net.URLClassLoader::defineClass@7
                      ; - java.net.URLClassLoader$1::run@43
                      ; - java.net.URLClassLoader$1::run@1
  0x00000162230ca938: 449a f4fd 

  0x00000162230ca93c: ;   {other}
  0x00000162230ca93c: 0f1f 8400 | ac55 0080 | baf6 ffff | ff48 8b6c | 2458 4889 | 7424 2044 | 8b4c 2430 | 4489 4c24 
  0x00000162230ca95c: 284c 8b44 | 2440 4c89 | 4424 3044 | 895c 242c | 4c89 5424 | 4066 6690 

  0x00000162230ca974: ;   {runtime_call UncommonTrapBlob}
  0x00000162230ca974: c5f8 77e8 

  0x00000162230ca978: ; ImmutableOopMap {rbp=Oop [32]=Oop [40]=NarrowOop [64]=Oop [152]=NarrowOop }
                      ;*getfield csu {reexecute=1 rethrow=0 return_oop=0}
                      ; - (reexecute) jdk.internal.loader.URLClassPath$JarLoader$2::getCodeSourceURL@4
                      ; - java.net.URLClassLoader::defineClass@13
                      ; - java.net.URLClassLoader$1::run@43
                      ; - java.net.URLClassLoader$1::run@1
  0x00000162230ca978: 049a f4fd 

  0x00000162230ca97c: ;   {other}
  0x00000162230ca97c: 0f1f 8400 | ec55 0081 | baf6 ffff | ff48 8b6c | 2458 4889 | 7424 2044 | 8b44 2430 | 4489 4424 
  0x00000162230ca99c: 284c 8b5c | 2440 4c89 | 5c24 304c | 8954 2438 | 4489 6c24 | 4066 6690 

  0x00000162230ca9b4: ;   {runtime_call UncommonTrapBlob}
  0x00000162230ca9b4: c5f8 77e8 

  0x00000162230ca9b8: ; ImmutableOopMap {rbp=Oop [32]=Oop [40]=NarrowOop [56]=Oop [64]=NarrowOop [112]=Oop [152]=NarrowOop }
                      ;*getfield jar {reexecute=1 rethrow=0 return_oop=0}
                      ; - (reexecute) jdk.internal.loader.URLClassPath$JarLoader$2::getManifest@7
                      ; - java.net.URLClassLoader::defineClass@34
                      ; - java.net.URLClassLoader$1::run@43
                      ; - java.net.URLClassLoader$1::run@1
  0x00000162230ca9b8: c499 f4fd 

  0x00000162230ca9bc: ;   {other}
  0x00000162230ca9bc: 0f1f 8400 | 2c56 0082 | baf6 ffff | ff44 8b54 | 2430 4489 | 5424 284c | 8b54 2440 | 4c89 5424 
  0x00000162230ca9dc: 304c 8944 | 2438 6690 

  0x00000162230ca9e4: ;   {runtime_call UncommonTrapBlob}
  0x00000162230ca9e4: c5f8 77e8 

  0x00000162230ca9e8: ; ImmutableOopMap {[40]=NarrowOop [56]=Oop [80]=NarrowOop [88]=Oop [96]=Oop [112]=Oop [152]=NarrowOop }
                      ;*getfield jar {reexecute=1 rethrow=0 return_oop=0}
                      ; - (reexecute) jdk.internal.loader.URLClassPath$JarLoader$2::getManifest@19
                      ; - java.net.URLClassLoader::defineClass@34
                      ; - java.net.URLClassLoader$1::run@43
                      ; - java.net.URLClassLoader$1::run@1
  0x00000162230ca9e8: 9499 f4fd 

  0x00000162230ca9ec: ;   {other}
  0x00000162230ca9ec: 0f1f 8400 | 5c56 0083 | baf6 ffff | ff44 8b54 | 2430 4489 | 5424 284c | 8b54 2440 | 4c89 5424 
  0x00000162230caa0c: 304c 8944 | 2438 6690 

  0x00000162230caa14: ;   {runtime_call UncommonTrapBlob}
  0x00000162230caa14: c5f8 77e8 

  0x00000162230caa18: ; ImmutableOopMap {[40]=NarrowOop [56]=Oop [80]=NarrowOop [88]=Oop [96]=Oop [112]=Oop [152]=NarrowOop }
                      ;*invokevirtual getManifest {reexecute=0 rethrow=0 return_oop=0}
                      ; - jdk.internal.loader.URLClassPath$JarLoader$2::getManifest@22
                      ; - java.net.URLClassLoader::defineClass@34
                      ; - java.net.URLClassLoader$1::run@43
                      ; - java.net.URLClassLoader$1::run@1
  0x00000162230caa18: 6499 f4fd 

  0x00000162230caa1c: ;   {other}
  0x00000162230caa1c: 0f1f 8400 | 8c56 0084 | baf4 ffff | ff44 8954 | 2428 4c8b | 5424 404c | 8954 2430 | 4c89 6c24 
  0x00000162230caa3c: 3866 6690 

  0x00000162230caa40: ;   {runtime_call UncommonTrapBlob}
  0x00000162230caa40: c5f8 77e8 

  0x00000162230caa44: ; ImmutableOopMap {[40]=NarrowOop [56]=Oop [80]=NarrowOop [88]=Oop [96]=Oop [152]=NarrowOop }
                      ;*instanceof {reexecute=0 rethrow=0 return_oop=0}
                      ; - jdk.internal.loader.Resource::getByteBuffer@6
                      ; - java.net.URLClassLoader::defineClass@132
                      ; - java.net.URLClassLoader$1::run@43
                      ; - java.net.URLClassLoader$1::run@1
  0x00000162230caa44: 3899 f4fd 

  0x00000162230caa48: ;   {other}
  0x00000162230caa48: 0f1f 8400 | b856 0085 | baf6 ffff | ff44 8b54 | 2430 4489 | 5424 284c | 8b54 2440 | 4c89 5424 
  0x00000162230caa68: 3066 6690 

  0x00000162230caa6c: ;   {runtime_call UncommonTrapBlob}
  0x00000162230caa6c: c5f8 77e8 

  0x00000162230caa70: ; ImmutableOopMap {[40]=NarrowOop [72]=Oop [80]=NarrowOop [88]=Oop [96]=Oop [152]=NarrowOop }
                      ;*invokevirtual getCodeSigners {reexecute=0 rethrow=0 return_oop=0}
                      ; - jdk.internal.loader.URLClassPath$JarLoader$2::getCodeSigners@4
                      ; - java.net.URLClassLoader::defineClass@185
                      ; - java.net.URLClassLoader$1::run@43
                      ; - java.net.URLClassLoader$1::run@1
  0x00000162230caa70: 0c99 f4fd 

  0x00000162230caa74: ;   {other}
  0x00000162230caa74: 0f1f 8400 | e456 0086 | baf6 ffff | ff44 8b5c | 2430 4489 | 5c24 2848 | 897c 2438 

  0x00000162230caa90: ;   {runtime_call UncommonTrapBlob}
  0x00000162230caa90: c5f8 77e8 

  0x00000162230caa94: ; ImmutableOopMap {[40]=NarrowOop [56]=Oop [72]=Oop [88]=Oop [96]=Oop [152]=NarrowOop }
                      ;*invokevirtual get {reexecute=0 rethrow=0 return_oop=0}
                      ; - jdk.internal.perf.PerfCounter::get@5
                      ; - jdk.internal.perf.PerfCounter::add@1
                      ; - jdk.internal.perf.PerfCounter::addElapsedTimeFrom@6
                      ; - java.net.URLClassLoader::defineClass@207
                      ; - java.net.URLClassLoader$1::run@43
                      ; - java.net.URLClassLoader$1::run@1
  0x00000162230caa94: e898 f4fd 

  0x00000162230caa98: ;   {other}
  0x00000162230caa98: 0f1f 8400 | 0857 0087 | baf6 ffff | ff44 8b5c | 2430 4489 | 5c24 2848 | 897c 2430 

  0x00000162230caab4: ;   {runtime_call UncommonTrapBlob}
  0x00000162230caab4: c5f8 77e8 

  0x00000162230caab8: ; ImmutableOopMap {[40]=NarrowOop [48]=Oop [88]=Oop [96]=Oop [152]=NarrowOop }
                      ;*arraylength {reexecute=0 rethrow=0 return_oop=0}
                      ; - java.net.URLClassLoader::defineClass@217
                      ; - java.net.URLClassLoader$1::run@43
                      ; - java.net.URLClassLoader$1::run@1
  0x00000162230caab8: c498 f4fd 

  0x00000162230caabc: ;   {other}
  0x00000162230caabc: 0f1f 8400 | 2c57 0088 | baf6 ffff | ff4c 894c | 2428 4889 | 5c24 3090 

  0x00000162230caad4: ;   {runtime_call UncommonTrapBlob}
  0x00000162230caad4: c5f8 77e8 

  0x00000162230caad8: ; ImmutableOopMap {[40]=Oop [48]=Oop [88]=Oop [96]=Oop }
                      ;*invokeinterface computeIfAbsent {reexecute=0 rethrow=0 return_oop=0}
                      ; - java.security.SecureClassLoader::getProtectionDomain@28
                      ; - java.security.SecureClassLoader::defineClass@9
                      ; - java.net.URLClassLoader::defineClass@220
                      ; - java.net.URLClassLoader$1::run@43
                      ; - java.net.URLClassLoader$1::run@1
  0x00000162230caad8: a498 f4fd 

  0x00000162230caadc: ;   {other}
  0x00000162230caadc: 0f1f 8400 | 4c57 0089 | baf4 ffff | ff66 6690 

  0x00000162230caaec: ;   {runtime_call UncommonTrapBlob}
  0x00000162230caaec: c5f8 77e8 

  0x00000162230caaf0: ; ImmutableOopMap {[64]=Oop [80]=NarrowOop [88]=Oop [96]=Oop [152]=NarrowOop }
                      ;*checkcast {reexecute=0 rethrow=0 return_oop=0}
                      ; - java.security.SecureClassLoader::getProtectionDomain@33
                      ; - java.security.SecureClassLoader::defineClass@9
                      ; - java.net.URLClassLoader::defineClass@220
                      ; - java.net.URLClassLoader$1::run@43
                      ; - java.net.URLClassLoader$1::run@1
  0x00000162230caaf0: 8c98 f4fd 

  0x00000162230caaf4: ;   {other}
  0x00000162230caaf4: 0f1f 8400 | 6457 008a | baf6 ffff | ff66 6690 

  0x00000162230cab04: ;   {runtime_call UncommonTrapBlob}
  0x00000162230cab04: c5f8 77e8 

  0x00000162230cab08: ; ImmutableOopMap {[88]=Oop [96]=Oop }
                      ;*invokevirtual getCodeSource {reexecute=0 rethrow=0 return_oop=0}
                      ; - java.lang.ClassLoader::defineClassSourceLocation@1
                      ; - java.lang.ClassLoader::defineClass@12
                      ; - java.security.SecureClassLoader::defineClass@12
                      ; - java.net.URLClassLoader::defineClass@220
                      ; - java.net.URLClassLoader$1::run@43
                      ; - java.net.URLClassLoader$1::run@1
  0x00000162230cab08: 7498 f4fd 

  0x00000162230cab0c: ;   {other}
  0x00000162230cab0c: 0f1f 8400 | 7c57 008b | baf6 ffff | ff66 6690 

  0x00000162230cab1c: ;   {runtime_call UncommonTrapBlob}
  0x00000162230cab1c: c5f8 77e8 

  0x00000162230cab20: ; ImmutableOopMap {[88]=Oop [96]=Oop }
                      ;*invokevirtual getPackageName {reexecute=0 rethrow=0 return_oop=0}
                      ; - java.lang.ClassLoader::postDefineClass@2
                      ; - java.lang.ClassLoader::defineClass@37
                      ; - java.security.SecureClassLoader::defineClass@12
                      ; - java.net.URLClassLoader::defineClass@220
                      ; - java.net.URLClassLoader$1::run@43
                      ; - java.net.URLClassLoader$1::run@1
  0x00000162230cab20: 5c98 f4fd 

  0x00000162230cab24: ;   {other}
  0x00000162230cab24: 0f1f 8400 | 9457 008c | baf6 ffff | ff44 8b5c | 2430 4489 | 5c24 284c | 8b5c 2440 | 4c89 5c24 
  0x00000162230cab44: 304c 8b5c | 2448 4c89 | 5c24 404c | 8954 2448 

  0x00000162230cab54: ;   {runtime_call UncommonTrapBlob}
  0x00000162230cab54: c5f8 77e8 

  0x00000162230cab58: ; ImmutableOopMap {[40]=NarrowOop [64]=Oop [72]=Oop [80]=NarrowOop [88]=Oop [96]=Oop [152]=NarrowOop }
                      ;*getfield jv {reexecute=1 rethrow=0 return_oop=0}
                      ; - (reexecute) java.util.jar.JarFile$JarFileEntry::getCodeSigners@31
                      ; - jdk.internal.loader.URLClassPath$JarLoader$2::getCodeSigners@4
                      ; - java.net.URLClassLoader::defineClass@185
                      ; - java.net.URLClassLoader$1::run@43
                      ; - java.net.URLClassLoader$1::run@1
  0x00000162230cab58: 2498 f4fd 

  0x00000162230cab5c: ;   {other}
  0x00000162230cab5c: 0f1f 8400 | cc57 008d | 33ed 4d85 | d240 0f94 | c5ba 45ff | ffff 448b | 5c24 5048 | 8944 2440 
  0x00000162230cab7c: 4489 5c24 | 3c48 8944 | 2450 6690 

  0x00000162230cab88: ;   {runtime_call UncommonTrapBlob}
  0x00000162230cab88: c5f8 77e8 

  0x00000162230cab8c: ; ImmutableOopMap {[60]=NarrowOop [64]=Oop [72]=Oop [80]=Oop [88]=Oop [96]=Oop }
                      ;*ifeq {reexecute=1 rethrow=0 return_oop=0}
                      ; - (reexecute) java.lang.Class::getPackageName@29
                      ; - java.lang.ClassLoader::postDefineClass@2
                      ; - java.lang.ClassLoader::defineClass@37
                      ; - java.security.SecureClassLoader::defineClass@12
                      ; - java.net.URLClassLoader::defineClass@220
                      ; - java.net.URLClassLoader$1::run@43
                      ; - java.net.URLClassLoader$1::run@1
  0x00000162230cab8c: f097 f4fd 

  0x00000162230cab90: ;   {other}
  0x00000162230cab90: 0f1f 8400 | 0058 008e | baf6 ffff | ff66 6690 

  0x00000162230caba0: ;   {runtime_call UncommonTrapBlob}
  0x00000162230caba0: c5f8 77e8 

  0x00000162230caba4: ; ImmutableOopMap {[88]=Oop [96]=Oop }
                      ;*arraylength {reexecute=0 rethrow=0 return_oop=0}
                      ; - java.lang.String::length@4
                      ; - java.lang.String::lastIndexOf@3
                      ; - java.lang.Class::getPackageName@47
                      ; - java.lang.ClassLoader::postDefineClass@2
                      ; - java.lang.ClassLoader::defineClass@37
                      ; - java.security.SecureClassLoader::defineClass@12
                      ; - java.net.URLClassLoader::defineClass@220
                      ; - java.net.URLClassLoader$1::run@43
                      ; - java.net.URLClassLoader$1::run@1
  0x00000162230caba4: d897 f4fd 

  0x00000162230caba8: ;   {other}
  0x00000162230caba8: 0f1f 8400 | 1858 008f | baf6 ffff | ff44 8954 | 2428 4c8b | 5424 404c | 8954 2430 | 4c89 6c24 
  0x00000162230cabc8: 4866 6690 

  0x00000162230cabcc: ;   {runtime_call UncommonTrapBlob}
  0x00000162230cabcc: c5f8 77e8 

  0x00000162230cabd0: ; ImmutableOopMap {[40]=NarrowOop [72]=Oop [80]=NarrowOop [88]=Oop [96]=Oop [152]=NarrowOop }
                      ;*getfield jar {reexecute=1 rethrow=0 return_oop=0}
                      ; - (reexecute) jdk.internal.loader.URLClassPath$JarLoader$2::getInputStream@4
                      ; - jdk.internal.loader.Resource::cachedInputStream@9
                      ; - jdk.internal.loader.Resource::getByteBuffer@1
                      ; - java.net.URLClassLoader::defineClass@132
                      ; - java.net.URLClassLoader$1::run@43
                      ; - java.net.URLClassLoader$1::run@1
  0x00000162230cabd0: ac97 f4fd 

  0x00000162230cabd4: ;   {other}
  0x00000162230cabd4: 0f1f 8400 | 4458 0090 | ba45 ffff | ff48 8b6c | 2458 4889 | 7424 2044 | 8b4c 2430 | 4489 4c24 
  0x00000162230cabf4: 284c 8b44 | 2440 4c89 | 4424 3044 | 896c 2440 | 4c89 5424 | 5044 895c | 2458 6690 

  0x00000162230cac10: ;   {runtime_call UncommonTrapBlob}
  0x00000162230cac10: c5f8 77e8 

  0x00000162230cac14: ; ImmutableOopMap {rbp=Oop [32]=Oop [40]=NarrowOop [64]=NarrowOop [80]=Oop [88]=NarrowOop [112]=Oop [152]=NarrowOop }
                      ;*ifnonnull {reexecute=1 rethrow=0 return_oop=0}
                      ; - (reexecute) jdk.internal.access.SharedSecrets::javaUtilJarAccess@5
                      ; - jdk.internal.loader.URLClassPath$JarLoader$2::getManifest@0
                      ; - java.net.URLClassLoader::defineClass@34
                      ; - java.net.URLClassLoader$1::run@43
                      ; - java.net.URLClassLoader$1::run@1
  0x00000162230cac14: 6897 f4fd 

  0x00000162230cac18: ;   {other}
  0x00000162230cac18: 0f1f 8400 | 8858 0091 | ba45 ffff | ff48 8944 | 2430 4489 | 5c24 4890 

  0x00000162230cac30: ;   {runtime_call UncommonTrapBlob}
  0x00000162230cac30: c5f8 77e8 

  0x00000162230cac34: ; ImmutableOopMap {[48]=Oop [64]=Oop [72]=NarrowOop [80]=NarrowOop [88]=Oop [96]=Oop [152]=NarrowOop }
                      ;*ifnull {reexecute=1 rethrow=0 return_oop=0}
                      ; - (reexecute) java.lang.ClassLoader::defineClassSourceLocation@8
                      ; - java.lang.ClassLoader::defineClass@12
                      ; - java.security.SecureClassLoader::defineClass@12
                      ; - java.net.URLClassLoader::defineClass@220
                      ; - java.net.URLClassLoader$1::run@43
                      ; - java.net.URLClassLoader$1::run@1
  0x00000162230cac34: 4897 f4fd 

  0x00000162230cac38: ;   {other}
  0x00000162230cac38: 0f1f 8400 | a858 0092 | ba45 ffff | ff44 8944 | 2430 6690 

  0x00000162230cac4c: ;   {runtime_call UncommonTrapBlob}
  0x00000162230cac4c: c5f8 77e8 

  0x00000162230cac50: ; ImmutableOopMap {[40]=Oop [48]=NarrowOop [88]=Oop [96]=Oop }
                      ;*ifnull {reexecute=1 rethrow=0 return_oop=0}
                      ; - (reexecute) java.lang.ClassLoader::postDefineClass@17
                      ; - java.lang.ClassLoader::defineClass@37
                      ; - java.security.SecureClassLoader::defineClass@12
                      ; - java.net.URLClassLoader::defineClass@220
                      ; - java.net.URLClassLoader$1::run@43
                      ; - java.net.URLClassLoader$1::run@1
  0x00000162230cac50: 2c97 f4fd 

  0x00000162230cac54: ;   {other}
  0x00000162230cac54: 0f1f 8400 | c458 0093 | 4c8b d090 | e9d2 e1ff | ff4c 8bd0 | e9ca e1ff | ff4c 8bd0 | e9c2 e1ff 
  0x00000162230cac74: ff48 8bd8 | eb2c 488b | d8eb 2748 | 8bd8 448b | 5008 49bb | 0000 0000 | 0800 0000 | 4d03 da4d 
  0x00000162230cac94: ;   {metadata('java/io/IOException')}
  0x00000162230cac94: 8b53 4849 | bb48 e209 | 0008 0000 | 004d 3bd3 | 7416 448b | 5b08 49b8 | 0000 0000 | 0800 0000 
  0x00000162230cacb4: 4d03 c3e9 | 8fe1 ffff | 488b e8ba | 2a00 0000 | 4c8b 5424 | 404c 8954 | 2438 6690 

  0x00000162230cacd0: ;   {runtime_call UncommonTrapBlob}
  0x00000162230cacd0: c5f8 77e8 

  0x00000162230cacd4: ; ImmutableOopMap {rbp=Oop [48]=NarrowOop [72]=Oop [80]=NarrowOop [88]=Oop [96]=Oop [152]=NarrowOop }
                      ;*new {reexecute=0 rethrow=0 return_oop=0}
                      ; - java.util.jar.JarFile$JarFileEntry::getCodeSigners@11
                      ; - jdk.internal.loader.URLClassPath$JarLoader$2::getCodeSigners@4
                      ; - java.net.URLClassLoader::defineClass@185
                      ; - java.net.URLClassLoader$1::run@43
                      ; - java.net.URLClassLoader$1::run@1
  0x00000162230cacd4: a896 f4fd 

  0x00000162230cacd8: ;   {other}
  0x00000162230cacd8: 0f1f 8400 | 4859 0094 | 4c8b d0e9 | 4fe1 ffff | 488b d844 | 8b58 0849 | b800 0000 | 0008 0000 
  0x00000162230cacf8: 004d 03c3 | 4d8b 5050 | 4c3b d50f | 8542 e1ff | ff45 33c9 | eb26 488b | d844 8b50 | 0849 b800 
  0x00000162230cad18: 0000 0008 | 0000 004d | 03c2 4d8b | 5050 4c3b | d50f 851c | e1ff ff4c | 8b4c 2438 | 448b 5424 
  0x00000162230cad38: 304b 8d14 | d44c 8b44 | 2470 488b | 7c24 4890 

  0x00000162230cad48: ;   {optimized virtual_call}
  0x00000162230cad48: c5f8 77e8 

  0x00000162230cad4c: ; ImmutableOopMap {[32]=Oop [40]=Oop [48]=NarrowOop [80]=NarrowOop [88]=Oop [96]=Oop [112]=Oop [152]=NarrowOop }
                      ;*invokevirtual getAndVerifyPackage {reexecute=0 rethrow=0 return_oop=1}
                      ; - java.net.URLClassLoader::defineClass@97
                      ; - java.net.URLClassLoader$1::run@43
                      ; - java.net.URLClassLoader$1::run@1
  0x00000162230cad4c: 303d f4fd 

  0x00000162230cad50: ;   {other}
  0x00000162230cad50: 0f1f 8400 | c059 0095 | 0f1f 8400 | 0000 0000 | 4885 c00f | 85a0 b9ff | ffba fd00 | 0000 6690 
  0x00000162230cad70: ;   {runtime_call UncommonTrapBlob}
  0x00000162230cad70: c5f8 77e8 

  0x00000162230cad74: ; ImmutableOopMap {[88]=Oop [96]=Oop [112]=Oop }
                      ;*new {reexecute=0 rethrow=0 return_oop=0}
                      ; - java.net.URLClassLoader::defineClass@103
                      ; - java.net.URLClassLoader$1::run@43
                      ; - java.net.URLClassLoader$1::run@1
  0x00000162230cad74: 0896 f4fd 

  0x00000162230cad78: ;   {other}
  0x00000162230cad78: 0f1f 8400 | e859 0096 | 4c8b d0eb | 034c 8bd0 | 498b dae9 | 60e1 ffff | 488b d8e9 | 58e1 ffff 
  0x00000162230cad98: 488b d844 | 8b50 0849 | b800 0000 | 0008 0000 | 004d 03c2 | e99a e0ff | ff4c 8bd0 | e97e e0ff 
  0x00000162230cadb8: ff4c 8bd0 | 0f1f 4000 | e972 e0ff | ffba f6ff | ffff 4489 | 5424 2890 

  0x00000162230cadd0: ;   {runtime_call UncommonTrapBlob}
  0x00000162230cadd0: c5f8 77e8 

  0x00000162230cadd4: ; ImmutableOopMap {[88]=Oop [96]=Oop }
                      ;*aaload {reexecute=0 rethrow=0 return_oop=0}
                      ; - java.security.CodeSource::getCertificates@50
                      ; - java.lang.ClassLoader::postDefineClass@24
                      ; - java.lang.ClassLoader::defineClass@37
                      ; - java.security.SecureClassLoader::defineClass@12
                      ; - java.net.URLClassLoader::defineClass@220
                      ; - java.net.URLClassLoader$1::run@43
                      ; - java.net.URLClassLoader$1::run@1
  0x00000162230cadd4: a895 f4fd 

  0x00000162230cadd8: ;   {other}
  0x00000162230cadd8: 0f1f 8400 | 485a 0097 | baf6 ffff | ff66 6690 

  0x00000162230cade8: ;   {runtime_call UncommonTrapBlob}
  0x00000162230cade8: c5f8 77e8 

  0x00000162230cadec: ; ImmutableOopMap {[88]=Oop [96]=Oop }
                      ;*invokevirtual getSignerCertPath {reexecute=0 rethrow=0 return_oop=0}
                      ; - java.security.CodeSource::getCertificates@51
                      ; - java.lang.ClassLoader::postDefineClass@24
                      ; - java.lang.ClassLoader::defineClass@37
                      ; - java.security.SecureClassLoader::defineClass@12
                      ; - java.net.URLClassLoader::defineClass@220
                      ; - java.net.URLClassLoader$1::run@43
                      ; - java.net.URLClassLoader$1::run@1
  0x00000162230cadec: 9095 f4fd 

  0x00000162230cadf0: ;   {other}
  0x00000162230cadf0: 0f1f 8400 | 605a 0098 | baf6 ffff | ff66 6690 

  0x00000162230cae00: ;   {runtime_call UncommonTrapBlob}
  0x00000162230cae00: c5f8 77e8 

  0x00000162230cae04: ; ImmutableOopMap {[88]=Oop [96]=Oop }
                      ;*invokevirtual getCertificates {reexecute=0 rethrow=0 return_oop=0}
                      ; - java.security.CodeSource::getCertificates@54
                      ; - java.lang.ClassLoader::postDefineClass@24
                      ; - java.lang.ClassLoader::defineClass@37
                      ; - java.security.SecureClassLoader::defineClass@12
                      ; - java.net.URLClassLoader::defineClass@220
                      ; - java.net.URLClassLoader$1::run@43
                      ; - java.net.URLClassLoader$1::run@1
  0x00000162230cae04: 7895 f4fd 

  0x00000162230cae08: ;   {other}
  0x00000162230cae08: 0f1f 8400 | 785a 0099 | baf6 ffff | ff66 6690 

  0x00000162230cae18: ;   {runtime_call UncommonTrapBlob}
  0x00000162230cae18: c5f8 77e8 

  0x00000162230cae1c: ; ImmutableOopMap {[88]=Oop [96]=Oop }
                      ;*arraylength {reexecute=0 rethrow=0 return_oop=0}
                      ; - java.security.CodeSource::getCertificates@40
                      ; - java.lang.ClassLoader::postDefineClass@24
                      ; - java.lang.ClassLoader::defineClass@37
                      ; - java.security.SecureClassLoader::defineClass@12
                      ; - java.net.URLClassLoader::defineClass@220
                      ; - java.net.URLClassLoader$1::run@43
                      ; - java.net.URLClassLoader$1::run@1
  0x00000162230cae1c: 6095 f4fd 

  0x00000162230cae20: ;   {other}
  0x00000162230cae20: 0f1f 8400 | 905a 009a | 488b d8e9 | c0e0 ffff | 488b d8e9 | b8e0 ffff | 488b d80f | 1f44 0000 
  0x00000162230cae40: e937 dfff | ff48 8944 | 2478 8b6c | 2430 4c8b | 5424 404c | 8954 2428 | 488b 5424 | 684c 8b54 
  0x00000162230cae60: 2470 4c89 | 5424 6890 

  0x00000162230cae68: ;   {static_call}
  0x00000162230cae68: c5f8 77e8 

  0x00000162230cae6c: ; ImmutableOopMap {rbp=NarrowOop [32]=Oop [56]=Oop [72]=Oop [80]=NarrowOop [88]=Oop [96]=Oop [104]=Oop [120]=Oop }
                      ;*invokestatic endInit {reexecute=0 rethrow=0 return_oop=0}
                      ; - java.util.jar.JarFile::ensureInitialization@53
                      ; - java.util.jar.JavaUtilJarAccessImpl::ensureInitialization@1
                      ; - jdk.internal.loader.URLClassPath$JarLoader$2::getManifest@10
                      ; - java.net.URLClassLoader::defineClass@34
                      ; - java.net.URLClassLoader$1::run@43
                      ; - java.net.URLClassLoader$1::run@1
  0x00000162230cae6c: 1042 f4fd 

  0x00000162230cae70: ;   {other}
  0x00000162230cae70: 0f1f 8400 | e05a 009b | 4c8b 5424 | 7849 8bda | e9f7 deff | ff48 8bd8 | e9ef deff | ff4c 8bd0 
  0x00000162230cae90: e9a2 dfff | ffba 97ff | ffff 488b | 6c24 5844 | 8b54 2430 | 4489 5424 | 284c 8b54 | 2440 4c89 
  0x00000162230caeb0: 5424 304c | 8b54 2448 | 4c89 5424 | 4044 8b5c | 2450 4489 | 5c24 3c90 

  0x00000162230caec8: ;   {runtime_call UncommonTrapBlob}
  0x00000162230caec8: c5f8 77e8 

  0x00000162230caecc: ; ImmutableOopMap {rbp=Oop [32]=Oop [40]=NarrowOop [44]=NarrowOop [60]=NarrowOop [64]=Oop [96]=Oop [152]=NarrowOop }
                      ;*invokevirtual clone {reexecute=1 rethrow=0 return_oop=0}
                      ; - (reexecute) java.util.Arrays::copyOfRange@18
                      ; - java.lang.StringLatin1::newString@16
                      ; - java.lang.String::substring@41
                      ; - java.net.URLClassLoader::defineClass@28
                      ; - java.net.URLClassLoader$1::run@43
                      ; - java.net.URLClassLoader$1::run@1
  0x00000162230caecc: b094 f4fd 

  0x00000162230caed0: ;   {other}
  0x00000162230caed0: 0f1f 8400 | 405b 009c | 4c8b d00f | 1f44 0000 | e952 dfff | ffba 97ff | ffff 488b | 6c24 584c 
  0x00000162230caef0: 8b54 2460 | 4c89 5424 | 2044 8b5c | 2450 4c8b | 5424 484c | 8954 2440 | 4489 5c24 | 344c 8b54 
  0x00000162230caf10: 2468 4c89 | 5424 6090 

  0x00000162230caf18: ;   {runtime_call UncommonTrapBlob}
  0x00000162230caf18: c5f8 77e8 

  0x00000162230caf1c: ; ImmutableOopMap {rbp=Oop [32]=Oop [40]=Oop [52]=NarrowOop [64]=Oop [84]=NarrowOop [96]=Oop [104]=Oop }
                      ;*invokevirtual clone {reexecute=1 rethrow=0 return_oop=0}
                      ; - (reexecute) java.util.Arrays::copyOfRange@18
                      ; - java.lang.StringLatin1::newString@16
                      ; - java.lang.String::substring@41
                      ; - java.lang.Class::getPackageName@62
                      ; - java.lang.ClassLoader::postDefineClass@2
                      ; - java.lang.ClassLoader::defineClass@37
                      ; - java.security.SecureClassLoader::defineClass@12
                      ; - java.net.URLClassLoader::defineClass@220
                      ; - java.net.URLClassLoader$1::run@43
                      ; - java.net.URLClassLoader$1::run@1
  0x00000162230caf1c: 6094 f4fd 

  0x00000162230caf20: ;   {other}
  0x00000162230caf20: 0f1f 8400 | 905b 009d | baf6 ffff | ff44 8b44 | 2430 4489 | 4424 284c | 8b54 2440 | 4c89 5424 
  0x00000162230caf40: 3044 895c | 2444 6690 

  0x00000162230caf48: ;   {runtime_call UncommonTrapBlob}
  0x00000162230caf48: c5f8 77e8 

  0x00000162230caf4c: ; ImmutableOopMap {[40]=NarrowOop [68]=NarrowOop [72]=Oop [80]=NarrowOop [88]=Oop [96]=Oop [152]=NarrowOop }
                      ;*getfield manifestName {reexecute=1 rethrow=0 return_oop=0}
                      ; - (reexecute) java.util.jar.JarVerifier$VerifierStream::<init>@29
                      ; - java.util.jar.JarFile::getInputStream@84
                      ; - jdk.internal.loader.URLClassPath$JarLoader$2::getInputStream@11
                      ; - jdk.internal.loader.Resource::cachedInputStream@9
                      ; - jdk.internal.loader.Resource::getByteBuffer@1
                      ; - java.net.URLClassLoader::defineClass@132
                      ; - java.net.URLClassLoader$1::run@43
                      ; - java.net.URLClassLoader$1::run@1
  0x00000162230caf4c: 3094 f4fd 

  0x00000162230caf50: ;   {other}
  0x00000162230caf50: 0f1f 8400 | c05b 009e | baf4 ffff | ff66 6690 

  0x00000162230caf60: ;   {runtime_call UncommonTrapBlob}
  0x00000162230caf60: c5f8 77e8 

  0x00000162230caf64: ; ImmutableOopMap {[40]=Oop [52]=NarrowOop [80]=NarrowOop [88]=Oop [96]=Oop }
                      ;*checkcast {reexecute=0 rethrow=0 return_oop=0}
                      ; - java.security.CodeSource::getCertificates@76
                      ; - java.lang.ClassLoader::postDefineClass@24
                      ; - java.lang.ClassLoader::defineClass@37
                      ; - java.security.SecureClassLoader::defineClass@12
                      ; - java.net.URLClassLoader::defineClass@220
                      ; - java.net.URLClassLoader$1::run@43
                      ; - java.net.URLClassLoader$1::run@1
  0x00000162230caf64: 1894 f4fd 

  0x00000162230caf68: ;   {other}
  0x00000162230caf68: 0f1f 8400 | d85b 009f | 4c8b d0eb | 084c 8bd0 | eb03 4c8b | d049 8bda | e96b dfff | ff4c 8bd0 
  0x00000162230caf88: eb08 4c8b | d0eb 034c | 8bd0 498b | da45 8b52 | 0849 b800 | 0000 0008 | 0000 004d | 03c2 e9a0 
  0x00000162230cafa8: deff ff4c | 8bd0 e984 | deff ff48 | 8bd8 448b | 5808 49b8 | 0000 0000 | 0800 0000 | 4d03 c3e9 
  0x00000162230cafc8: 7fde ffff | ba97 ffff | ff66 6690 

  0x00000162230cafd4: ;   {runtime_call UncommonTrapBlob}
  0x00000162230cafd4: c5f8 77e8 

  0x00000162230cafd8: ; ImmutableOopMap {[40]=Oop [52]=NarrowOop [80]=NarrowOop [88]=Oop [96]=Oop }
                      ;*invokevirtual clone {reexecute=1 rethrow=0 return_oop=0}
                      ; - (reexecute) java.security.CodeSource::getCertificates@11
                      ; - java.lang.ClassLoader::postDefineClass@24
                      ; - java.lang.ClassLoader::defineClass@37
                      ; - java.security.SecureClassLoader::defineClass@12
                      ; - java.net.URLClassLoader::defineClass@220
                      ; - java.net.URLClassLoader$1::run@43
                      ; - java.net.URLClassLoader$1::run@1
  0x00000162230cafd8: a493 f4fd 

  0x00000162230cafdc: ;   {other}
  0x00000162230cafdc: 0f1f 8400 | 4c5c 00a0 | ba97 ffff | ff44 8b54 | 2430 4489 | 5424 284c | 8b54 2440 | 4c89 5424 
  0x00000162230caffc: 3066 6690 

  0x00000162230cb000: ;   {runtime_call UncommonTrapBlob}
  0x00000162230cb000: c5f8 77e8 

  0x00000162230cb004: ; ImmutableOopMap {[40]=NarrowOop [44]=NarrowOop [72]=Oop [80]=NarrowOop [88]=Oop [96]=Oop [152]=NarrowOop }
                      ;*invokevirtual clone {reexecute=1 rethrow=0 return_oop=0}
                      ; - (reexecute) java.util.jar.JarFile$JarFileEntry::getCodeSigners@70
                      ; - jdk.internal.loader.URLClassPath$JarLoader$2::getCodeSigners@4
                      ; - java.net.URLClassLoader::defineClass@185
                      ; - java.net.URLClassLoader$1::run@43
                      ; - java.net.URLClassLoader$1::run@1
  0x00000162230cb004: 7893 f4fd 

  0x00000162230cb008: ;   {other}
  0x00000162230cb008: 0f1f 8400 | 785c 00a1 | ba97 ffff | ff44 8b54 | 2430 4489 | 5424 284c | 8b54 2440 | 4c89 5424 
  0x00000162230cb028: 304c 8b54 | 2448 4c89 | 5424 384c | 8b54 2468 | 4c89 5424 | 4866 6690 

  0x00000162230cb040: ;   {runtime_call UncommonTrapBlob}
  0x00000162230cb040: c5f8 77e8 

  0x00000162230cb044: ; ImmutableOopMap {[40]=NarrowOop [56]=Oop [72]=Oop [80]=Oop [88]=Oop [96]=Oop [104]=Oop [152]=NarrowOop }
                      ;*invokevirtual clone {reexecute=1 rethrow=0 return_oop=0}
                      ; - (reexecute) java.security.CodeSource::<init>@42
                      ; - java.net.URLClassLoader::defineClass@198
                      ; - java.net.URLClassLoader$1::run@43
                      ; - java.net.URLClassLoader$1::run@1
  0x00000162230cb044: 3893 f4fd 

  0x00000162230cb048: ;   {other}
  0x00000162230cb048: 0f1f 8400 | b85c 00a2 | 488b d8e9 | 5900 0000 | 488b d80f | 1f44 0000 | e94c 0000 | 0048 8bd8 
  0x00000162230cb068: e944 0000 | 0048 8bd8 | e93c 0000 | 0048 8bd8 | e934 0000 | 0048 8bd8 | e92c 0000 | 0048 8bd8 
  0x00000162230cb088: e924 0000 | 0048 8bd8 | e91c 0000 | 0048 8bd8 | eb17 488b | d8eb 1248 | 8bd8 eb0d | 488b d8eb 
  0x00000162230cb0a8: 0848 8bd8 | eb03 488b | d84c 8b5c | 2468 488d | 8424 d800 | 0000 4883 | 3800 0f84 | 7900 0000 
  0x00000162230cb0c8: 4d8b 1341 | f6c2 020f | 8462 0000 | 0049 83ba | 8600 0000 | 0074 0949 | ff8a 8600 | 0000 eb4b 
  0x00000162230cb0e8: 498b 8296 | 0000 0049 | 0b82 8e00 | 0000 750a | 49c7 423e | 0000 0000 | eb3d 4983 | ba9e 0000 
  0x00000162230cb108: 0000 7422 | 4833 c049 | c742 3e00 | 0000 00f0 | 8304 2400 | 4983 ba9e | 0000 0000 | 750d f04d 
  0x00000162230cb128: 0fb1 7a3e | 7505 83c8 | 01eb 0ca8 | 00eb 084c | 8b10 f04d | 0fb1 1375 | 0a49 ff8f 

  0x00000162230cb144: ;   {no_reloc}
  0x00000162230cb144: 5005 0000 | 4533 d20f | 85b4 0000 | 004c 8b5c | 2448 488d | 8424 d000 | 0000 4883 | 3800 0f84 
  0x00000162230cb164: 7900 0000 | 4d8b 1341 | f6c2 020f | 8462 0000 | 0049 83ba | 8600 0000 | 0074 0949 | ff8a 8600 
  0x00000162230cb184: 0000 eb4b | 498b 8296 | 0000 0049 | 0b82 8e00 | 0000 750a | 49c7 423e | 0000 0000 | eb3d 4983 
  0x00000162230cb1a4: ba9e 0000 | 0000 7422 | 4833 c049 | c742 3e00 | 0000 00f0 | 8304 2400 | 4983 ba9e | 0000 0000 
  0x00000162230cb1c4: 750d f04d | 0fb1 7a3e | 7505 83c8 | 01eb 0ca8 | 00eb 084c | 8b10 f04d | 0fb1 1375 | 0a49 ff8f 
  0x00000162230cb1e4: 5005 0000 | 4533 d275 | 4344 8b53 | 0849 b800 | 0000 0008 | 0000 004d | 03c2 6690 | e946 dcff 
  0x00000162230cb204: ff49 8bcb | 488d 9424 | d800 0000 | 4d8b c7c5 | f877 49ba | b0d7 7108 | fd7f 0000 

  0x00000162230cb220: ;   {other}
  0x00000162230cb220: 41ff d20f | 1f84 0000 | 0000 00e9 | 21ff ffff | 498b cb48 | 8d94 24d0 | 0000 004d | 8bc7 c5f8 
  0x00000162230cb240: 7749 bab0 | d771 08fd | 7f00 0041 

  0x00000162230cb24c: ;   {other}
  0x00000162230cb24c: ffd2 0f1f | 8400 0000 | 0000 eb95 | ba97 ffff | ff66 6690 

  0x00000162230cb260: ;   {runtime_call UncommonTrapBlob}
  0x00000162230cb260: c5f8 77e8 

  0x00000162230cb264: ; ImmutableOopMap {[40]=Oop [64]=Oop [80]=NarrowOop [88]=Oop [96]=Oop }
                      ;*invokevirtual clone {reexecute=1 rethrow=0 return_oop=0}
                      ; - (reexecute) java.security.CodeSource::getCertificates@86
                      ; - java.lang.ClassLoader::postDefineClass@24
                      ; - java.lang.ClassLoader::defineClass@37
                      ; - java.security.SecureClassLoader::defineClass@12
                      ; - java.net.URLClassLoader::defineClass@220
                      ; - java.net.URLClassLoader$1::run@43
                      ; - java.net.URLClassLoader$1::run@1
  0x00000162230cb264: 1891 f4fd 

  0x00000162230cb268: ;   {other}
  0x00000162230cb268: 0f1f 8400 | d85e 00a3 | 4c8b d0e9 | bfdb ffff | 4c8b d00f | 1f44 0000 | e9b2 dbff | ff48 8bd8 
  0x00000162230cb288: e9ef daff 

  0x00000162230cb28c: ;   {internal_word}
  0x00000162230cb28c: ff49 ba2c | 730c 2362 | 0100 004d | 8997 6804 

  0x00000162230cb29c: ;   {runtime_call SafepointBlob}
  0x00000162230cb29c: 0000 e9dd 

  0x00000162230cb2a0: ;   {runtime_call StubRoutines (final stubs)}
  0x00000162230cb2a0: a1f4 fde8 | 3800 f3fd | e9f1 a7ff | fff4 f4f4 
[Stub Code]
  0x00000162230cb2b0: ;   {no_reloc}
  0x00000162230cb2b0: 48bb 0000 | 0000 0000 

  0x00000162230cb2b8: ;   {runtime_call nmethod}
  0x00000162230cb2b8: 0000 e9fb 

  0x00000162230cb2bc: ;   {static_stub}
  0x00000162230cb2bc: ffff ff48 | bb00 0000 | 0000 0000 

  0x00000162230cb2c8: ;   {runtime_call nmethod}
  0x00000162230cb2c8: 00e9 fbff 

  0x00000162230cb2cc: ;   {static_stub}
  0x00000162230cb2cc: ffff 48bb | 0000 0000 | 0000 0000 

  0x00000162230cb2d8: ;   {runtime_call nmethod}
  0x00000162230cb2d8: e9fb ffff 

  0x00000162230cb2dc: ;   {static_stub}
  0x00000162230cb2dc: ff48 bb00 | 0000 0000 

  0x00000162230cb2e4: ;   {runtime_call nmethod}
  0x00000162230cb2e4: 0000 00e9 | fbff ffff 

  0x00000162230cb2ec: ;   {static_stub}
  0x00000162230cb2ec: 48bb 0000 | 0000 0000 

  0x00000162230cb2f4: ;   {runtime_call nmethod}
  0x00000162230cb2f4: 0000 e9fb 

  0x00000162230cb2f8: ;   {static_stub}
  0x00000162230cb2f8: ffff ff48 | bb00 0000 | 0000 0000 

  0x00000162230cb304: ;   {runtime_call nmethod}
  0x00000162230cb304: 00e9 fbff 

  0x00000162230cb308: ;   {static_stub}
  0x00000162230cb308: ffff 48bb | 0000 0000 | 0000 0000 

  0x00000162230cb314: ;   {runtime_call nmethod}
  0x00000162230cb314: e9fb ffff 

  0x00000162230cb318: ;   {static_stub}
  0x00000162230cb318: ff48 bb00 | 0000 0000 

  0x00000162230cb320: ;   {runtime_call nmethod}
  0x00000162230cb320: 0000 00e9 | fbff ffff 

  0x00000162230cb328: ;   {static_stub}
  0x00000162230cb328: 48bb 0000 | 0000 0000 

  0x00000162230cb330: ;   {runtime_call nmethod}
  0x00000162230cb330: 0000 e9fb 

  0x00000162230cb334: ;   {static_stub}
  0x00000162230cb334: ffff ff48 | bb00 0000 | 0000 0000 

  0x00000162230cb340: ;   {runtime_call nmethod}
  0x00000162230cb340: 00e9 fbff 

  0x00000162230cb344: ;   {static_stub}
  0x00000162230cb344: ffff 48bb | 0000 0000 | 0000 0000 

  0x00000162230cb350: ;   {runtime_call nmethod}
  0x00000162230cb350: e9fb ffff 

  0x00000162230cb354: ;   {static_stub}
  0x00000162230cb354: ff48 bb00 | 0000 0000 

  0x00000162230cb35c: ;   {runtime_call nmethod}
  0x00000162230cb35c: 0000 00e9 | fbff ffff 

  0x00000162230cb364: ;   {static_stub}
  0x00000162230cb364: 48bb 0000 | 0000 0000 

  0x00000162230cb36c: ;   {runtime_call nmethod}
  0x00000162230cb36c: 0000 e9fb 

  0x00000162230cb370: ;   {static_stub}
  0x00000162230cb370: ffff ff48 | bb00 0000 | 0000 0000 

  0x00000162230cb37c: ;   {runtime_call nmethod}
  0x00000162230cb37c: 00e9 fbff 

  0x00000162230cb380: ;   {static_stub}
  0x00000162230cb380: ffff 48bb | 0000 0000 | 0000 0000 

  0x00000162230cb38c: ;   {runtime_call nmethod}
  0x00000162230cb38c: e9fb ffff 

  0x00000162230cb390: ;   {static_stub}
  0x00000162230cb390: ff48 bb00 | 0000 0000 

  0x00000162230cb398: ;   {runtime_call nmethod}
  0x00000162230cb398: 0000 00e9 | fbff ffff 

  0x00000162230cb3a0: ;   {static_stub}
  0x00000162230cb3a0: 48bb 0000 | 0000 0000 

  0x00000162230cb3a8: ;   {runtime_call nmethod}
  0x00000162230cb3a8: 0000 e9fb 

  0x00000162230cb3ac: ;   {static_stub}
  0x00000162230cb3ac: ffff ff48 | bb00 0000 | 0000 0000 

  0x00000162230cb3b8: ;   {runtime_call nmethod}
  0x00000162230cb3b8: 00e9 fbff 

  0x00000162230cb3bc: ;   {static_stub}
  0x00000162230cb3bc: ffff 48bb | 0000 0000 | 0000 0000 

  0x00000162230cb3c8: ;   {runtime_call nmethod}
  0x00000162230cb3c8: e9fb ffff 

  0x00000162230cb3cc: ;   {static_stub}
  0x00000162230cb3cc: ff48 bb00 | 0000 0000 

  0x00000162230cb3d4: ;   {runtime_call nmethod}
  0x00000162230cb3d4: 0000 00e9 | fbff ffff 

  0x00000162230cb3dc: ;   {static_stub}
  0x00000162230cb3dc: 48bb 0000 | 0000 0000 

  0x00000162230cb3e4: ;   {runtime_call nmethod}
  0x00000162230cb3e4: 0000 e9fb 

  0x00000162230cb3e8: ;   {static_stub}
  0x00000162230cb3e8: ffff ff48 | bb00 0000 | 0000 0000 

  0x00000162230cb3f4: ;   {runtime_call nmethod}
  0x00000162230cb3f4: 00e9 fbff 

  0x00000162230cb3f8: ;   {static_stub}
  0x00000162230cb3f8: ffff 48bb | 0000 0000 | 0000 0000 

  0x00000162230cb404: ;   {runtime_call nmethod}
  0x00000162230cb404: e9fb ffff 

  0x00000162230cb408: ;   {static_stub}
  0x00000162230cb408: ff48 bb00 | 0000 0000 

  0x00000162230cb410: ;   {runtime_call nmethod}
  0x00000162230cb410: 0000 00e9 | fbff ffff 

  0x00000162230cb418: ;   {static_stub}
  0x00000162230cb418: 48bb 0000 | 0000 0000 

  0x00000162230cb420: ;   {runtime_call nmethod}
  0x00000162230cb420: 0000 e9fb 

  0x00000162230cb424: ;   {static_stub}
  0x00000162230cb424: ffff ff48 | bb00 0000 | 0000 0000 

  0x00000162230cb430: ;   {runtime_call nmethod}
  0x00000162230cb430: 00e9 fbff 

  0x00000162230cb434: ;   {static_stub}
  0x00000162230cb434: ffff 48bb | c8b7 5431 | 6201 0000 

  0x00000162230cb440: ;   {runtime_call I2C/C2I adapters}
  0x00000162230cb440: e91e 80f4 

  0x00000162230cb444: ;   {static_stub}
  0x00000162230cb444: fd48 bb00 | 0000 0000 

  0x00000162230cb44c: ;   {runtime_call nmethod}
  0x00000162230cb44c: 0000 00e9 | fbff ffff 

  0x00000162230cb454: ;   {static_stub}
  0x00000162230cb454: 48bb 0000 | 0000 0000 

  0x00000162230cb45c: ;   {runtime_call nmethod}
  0x00000162230cb45c: 0000 e9fb 

  0x00000162230cb460: ;   {static_stub}
  0x00000162230cb460: ffff ff48 | bb00 0000 | 0000 0000 

  0x00000162230cb46c: ;   {runtime_call nmethod}
  0x00000162230cb46c: 00e9 fbff 

  0x00000162230cb470: ;   {static_stub}
  0x00000162230cb470: ffff 48bb | 0000 0000 | 0000 0000 

  0x00000162230cb47c: ;   {runtime_call nmethod}
  0x00000162230cb47c: e9fb ffff 

  0x00000162230cb480: ;   {runtime_call ExceptionBlob}
  0x00000162230cb480: ffe9 7a03 | 00fe e800 | 0000 0048 | 832c 2405 

  0x00000162230cb490: ;   {runtime_call DeoptimizationBlob}
  0x00000162230cb490: e98b 92f4 | fdf4 f4f4 
[/MachCode]


Compiled method (c2) 7217001 10814   !   4       java.net.URLClassLoader::findClass (47 bytes)
 total in heap  [0x0000016221a4e890,0x0000016221a4f1b0] = 2336
 relocation     [0x0000016221a4e9f0,0x0000016221a4ea88] = 152
 main code      [0x0000016221a4eaa0,0x0000016221a4ee30] = 912
 stub code      [0x0000016221a4ee30,0x0000016221a4ee90] = 96
 oops           [0x0000016221a4ee90,0x0000016221a4ee98] = 8
 metadata       [0x0000016221a4ee98,0x0000016221a4ef30] = 152
 scopes data    [0x0000016221a4ef30,0x0000016221a4efe8] = 184
 scopes pcs     [0x0000016221a4efe8,0x0000016221a4f0b8] = 208
 dependencies   [0x0000016221a4f0b8,0x0000016221a4f0e0] = 40
 handler table  [0x0000016221a4f0e0,0x0000016221a4f1a0] = 192
 nul chk table  [0x0000016221a4f1a0,0x0000016221a4f1b0] = 16

[Constant Pool (empty)]

[MachCode]
[Entry Point]
  # {method} {0x0000016231622848} 'findClass' '(Ljava/lang/String;)Ljava/lang/Class;' in 'java/net/URLClassLoader'
  # this:     rdx:rdx   = 'java/net/URLClassLoader'
  # parm0:    r8:r8     = 'java/lang/String'
  #           [sp+0x30]  (sp of caller)
  0x0000016221a4eaa0: 448b 5208 | 49bb 0000 | 0000 0800 | 0000 4d03 | d349 3bc2 

  0x0000016221a4eab4: ;   {runtime_call ic_miss_stub}
  0x0000016221a4eab4: 0f85 c6fc | 5bff 6690 | 0f1f 4000 
[Verified Entry Point]
  0x0000016221a4eac0: 8984 2400 | 80ff ff55 | 4883 ec20 | 4181 7f20 | 6500 0000 | 0f85 4c03 | 0000 4c89 | 0424 488b 
  0x0000016221a4eae0: ea49 8b87 | b801 0000 | 4c8b d049 | 83c2 184d | 3b97 c801 | 0000 0f83 | 1901 0000 | 4d89 97b8 
  0x0000016221a4eb00: 0100 0041 | 0f0d 8ac0 | 0000 0048 | c700 0100 

  0x0000016221a4eb10: ;   {metadata('java/net/URLClassLoader$1')}
  0x0000016221a4eb10: 0000 c740 | 0880 0a0b | 0044 8960 | 144c 8bdd | 49c1 eb03 | 4c8b 1424 | 4d8b c249 | c1e8 0344 
  0x0000016221a4eb30: 8940 0c44 | 8958 1048 | 8944 2408 | 448b 5d58 | 4585 db74 | 5b4b 8d2c | dc48 8bd5 

  0x0000016221a4eb4c: ;   {static_call}
  0x0000016221a4eb4c: 6666 90e8 

  0x0000016221a4eb50: ; ImmutableOopMap {rbp=Oop [0]=Oop [8]=Oop }
                      ;*invokestatic ensureMaterializedForStackWalk {reexecute=0 rethrow=0 return_oop=0}
                      ; - java.security.AccessController::executePrivileged@5
                      ; - java.security.AccessController::doPrivileged@13
                      ; - java.net.URLClassLoader::findClass@13
  0x0000016221a4eb50: 0cbe b5ff 

  0x0000016221a4eb54: ;   {other}
  0x0000016221a4eb54: 0f1f 8400 | c402 0000 | 488b 5424 

  0x0000016221a4eb60: ;   {optimized virtual_call}
  0x0000016221a4eb60: 0866 90e8 

  0x0000016221a4eb64: ; ImmutableOopMap {rbp=Oop [0]=Oop }
                      ;*invokeinterface run {reexecute=0 rethrow=0 return_oop=1}
                      ; - java.security.AccessController::executePrivileged@29
                      ; - java.security.AccessController::doPrivileged@13
                      ; - java.net.URLClassLoader::findClass@13
  0x0000016221a4eb64: 186f 6701 

  0x0000016221a4eb68: ;   {other}
  0x0000016221a4eb68: 0f1f 8400 | d802 0001 | 4885 c074 | 2f44 8b58 | 080f 1f80 | 0000 0000 

  0x0000016221a4eb80: ;   {metadata('java/lang/Class')}
  0x0000016221a4eb80: 4181 fb50 | 2e04 000f | 85c1 0000 | 0048 83c4 

  0x0000016221a4eb90: ;   {poll_return}
  0x0000016221a4eb90: 205d 493b | a750 0400 | 000f 8771 | 0200 00c3 | 33ed ebb8 | 498b 87b8 | 0100 004c | 8bd0 4983 
  0x0000016221a4ebb0: c228 4d3b | 97c8 0100 | 000f 8372 | 0000 004d | 8997 b801 | 0000 410f | 0d8a c000 | 0000 48c7 
  0x0000016221a4ebd0: 0001 0000 

  0x0000016221a4ebd4: ;   {metadata('java/lang/ClassNotFoundException')}
  0x0000016221a4ebd4: 00c7 4008 | 0053 0400 | 4489 600c | 4c89 6010 | 4c89 6018 | 4c89 6020 | 488b e848 | 8bd5 4c8b 
  0x0000016221a4ebf4: 0424 4533 

  0x0000016221a4ebf8: ;   {optimized virtual_call}
  0x0000016221a4ebf8: c966 90e8 

  0x0000016221a4ebfc: ; ImmutableOopMap {rbp=Oop }
                      ;*invokespecial <init> {reexecute=0 rethrow=0 return_oop=0}
                      ; - java.lang.ClassNotFoundException::<init>@3
                      ; - java.net.URLClassLoader::findClass@41
  0x0000016221a4ebfc: 80b9 1000 

  0x0000016221a4ec00: ;   {other}
  0x0000016221a4ec00: 0f1f 8400 | 7003 0002 | 488b d548 | 83c4 205d 

  0x0000016221a4ec10: ;   {runtime_call _rethrow_Java}
  0x0000016221a4ec10: e9eb 2668 

  0x0000016221a4ec14: ;   {metadata('java/net/URLClassLoader$1')}
  0x0000016221a4ec14: ff48 ba80 | 0a0b 0008 

  0x0000016221a4ec1c: ;   {runtime_call _new_instance_Java}
  0x0000016221a4ec1c: 0000 00e8 

  0x0000016221a4ec20: ; ImmutableOopMap {rbp=Oop [0]=Oop }
                      ;*new {reexecute=0 rethrow=0 return_oop=1}
                      ; - java.net.URLClassLoader::findClass@0
  0x0000016221a4ec20: dc04 68ff 

  0x0000016221a4ec24: ;   {other}
  0x0000016221a4ec24: 0f1f 8400 | 9403 0003 | e9ec feff 

  0x0000016221a4ec30: ;   {metadata('java/lang/ClassNotFoundException')}
  0x0000016221a4ec30: ff48 ba00 | 5304 0008 | 0000 0048 

  0x0000016221a4ec3c: ;   {runtime_call _new_instance_Java}
  0x0000016221a4ec3c: 8b2c 24e8 

  0x0000016221a4ec40: ; ImmutableOopMap {rbp=Oop [0]=Oop }
                      ;*new {reexecute=0 rethrow=0 return_oop=1}
                      ; - java.net.URLClassLoader::findClass@36
  0x0000016221a4ec40: bc04 68ff 

  0x0000016221a4ec44: ;   {other}
  0x0000016221a4ec44: 0f1f 8400 | b403 0004 | eb9e bade | ffff ff48 | 8b2c 2448 

  0x0000016221a4ec58: ;   {runtime_call UncommonTrapBlob}
  0x0000016221a4ec58: 8904 24e8 

  0x0000016221a4ec5c: ; ImmutableOopMap {rbp=Oop [0]=Oop }
                      ;*checkcast {reexecute=0 rethrow=0 return_oop=0}
                      ; - java.net.URLClassLoader::findClass@16
  0x0000016221a4ec5c: 2057 5cff 

  0x0000016221a4ec60: ;   {other}
  0x0000016221a4ec60: 0f1f 8400 | d003 0005 | baf4 ffff 

  0x0000016221a4ec6c: ;   {runtime_call UncommonTrapBlob}
  0x0000016221a4ec6c: ff66 90e8 

  0x0000016221a4ec70: ; ImmutableOopMap {}
                      ;*checkcast {reexecute=0 rethrow=0 return_oop=0}
                      ; - java.net.URLClassLoader::findClass@28
  0x0000016221a4ec70: 0c57 5cff 

  0x0000016221a4ec74: ;   {other}
  0x0000016221a4ec74: 0f1f 8400 | e403 0006 | eb07 6690 | e949 0100 | 0044 8b58 | 0849 ba00 | 0000 0008 | 0000 004d 
  0x0000016221a4ec94: 03d3 e91b | 0100 000f | 1f44 0000 | e929 0100 | 0044 8b50 

  0x0000016221a4eca8: ;   {metadata('java/security/PrivilegedActionException')}
  0x0000016221a4eca8: 0841 81fa | 4814 0e00 | 0f85 1801 | 0000 488b | d0e9 c100 | 0000 448b | 4008 49bb | 0000 0000 
  0x0000016221a4ecc8: 0800 0000 | 4d03 d8eb | 1144 8b50 | 0849 bb00 | 0000 0008 | 0000 004d | 03da 4d8b 

  0x0000016221a4ece4: ;   {metadata('java/lang/RuntimeException')}
  0x0000016221a4ece4: 5348 49b8 | c040 0400 | 0800 0000 | 4d3b d075 | 0848 8bd0 | e90e ffff | ff4d 8b53 

  0x0000016221a4ed00: ;   {metadata('java/lang/Exception')}
  0x0000016221a4ed00: 4049 bb30 | 3e04 0008 | 0000 004d | 3bd3 0f85 | 9100 0000 | 4c8b d04c | 8954 2408 | 498b 87b8 
  0x0000016221a4ed20: 0100 004c | 8bd0 4983 | c228 4d3b | 97c8 0100 | 000f 839f | 0000 004d | 8997 b801 | 0000 410f 
  0x0000016221a4ed40: 0d8a c000 | 0000 48c7 | 0001 0000 

  0x0000016221a4ed4c: ;   {metadata('java/security/PrivilegedActionException')}
  0x0000016221a4ed4c: 00c7 4008 | 4814 0e00 | 4489 600c | 4c89 6010 | 4c89 6018 | 4c89 6020 | 488b e848 | 8bd5 4c8b 
  0x0000016221a4ed6c: ;   {optimized virtual_call}
  0x0000016221a4ed6c: 4424 08e8 

  0x0000016221a4ed70: ; ImmutableOopMap {rbp=Oop [0]=Oop }
                      ;*invokespecial <init> {reexecute=0 rethrow=0 return_oop=0}
                      ; - java.security.AccessController::wrapException@5
                      ; - java.security.AccessController::doPrivileged@22
                      ; - java.net.URLClassLoader::findClass@13
  0x0000016221a4ed70: 0cfd 5bff 

  0x0000016221a4ed74: ;   {other}
  0x0000016221a4ed74: 0f1f 8400 | e404 0007 

  0x0000016221a4ed7c: ;   {optimized virtual_call}
  0x0000016221a4ed7c: 488b d5e8 

  0x0000016221a4ed80: ; ImmutableOopMap {}
                      ;*invokevirtual getException {reexecute=0 rethrow=0 return_oop=1}
                      ; - java.net.URLClassLoader::findClass@25
  0x0000016221a4ed80: fcfc 5bff 

  0x0000016221a4ed84: ;   {other}
  0x0000016221a4ed84: 0f1f 8400 | f404 0008 

  0x0000016221a4ed8c: ; implicit exception: dispatches to 0x0000016221a4ec68
  0x0000016221a4ed8c: 448b 5008 

  0x0000016221a4ed90: ;   {metadata('java/lang/ClassNotFoundException')}
  0x0000016221a4ed90: 4181 fa00 | 5304 000f | 855c 0000 | 0048 8bd0 | e966 feff | ff44 8b40 | 0849 ba00 | 0000 0008 
  0x0000016221a4edb0: 0000 004d | 03d0 4d8b 

  0x0000016221a4edb8: ;   {metadata('java/security/PrivilegedActionException')}
  0x0000016221a4edb8: 5248 49bb | 4814 0e00 | 0800 0000 | 4d3b d375 | 0548 8bd0 | ebb1 488b | d0e9 35fe 

  0x0000016221a4edd4: ;   {metadata('java/security/PrivilegedActionException')}
  0x0000016221a4edd4: ffff 48ba | 4814 0e00 | 0800 0000 | 488b 2c24 

  0x0000016221a4ede4: ;   {runtime_call _new_instance_Java}
  0x0000016221a4ede4: 6666 90e8 

  0x0000016221a4ede8: ; ImmutableOopMap {rbp=Oop [0]=Oop [8]=Oop }
                      ;*new {reexecute=0 rethrow=0 return_oop=1}
                      ; - java.security.AccessController::wrapException@0
                      ; - java.security.AccessController::doPrivileged@22
                      ; - java.net.URLClassLoader::findClass@13
  0x0000016221a4ede8: 1403 68ff 

  0x0000016221a4edec: ;   {other}
  0x0000016221a4edec: 0f1f 8400 | 5c05 0009 | e96b ffff | ffba deff | ffff 488b 

  0x0000016221a4ee00: ;   {runtime_call UncommonTrapBlob}
  0x0000016221a4ee00: e866 90e8 

  0x0000016221a4ee04: ; ImmutableOopMap {rbp=Oop }
                      ;*checkcast {reexecute=0 rethrow=0 return_oop=0}
                      ; - java.net.URLClassLoader::findClass@28
  0x0000016221a4ee04: 7855 5cff 

  0x0000016221a4ee08: ;   {other}
  0x0000016221a4ee08: 0f1f 8400 | 7805 000a 

  0x0000016221a4ee10: ;   {internal_word}
  0x0000016221a4ee10: 49ba 92eb | a421 6201 | 0000 4d89 | 9768 0400 

  0x0000016221a4ee20: ;   {runtime_call SafepointBlob}
  0x0000016221a4ee20: 00e9 5a66 

  0x0000016221a4ee24: ;   {runtime_call StubRoutines (final stubs)}
  0x0000016221a4ee24: 5cff e8b5 | c45a ffe9 | aafc ffff 
[Stub Code]
  0x0000016221a4ee30: ;   {no_reloc}
  0x0000016221a4ee30: 48bb 607b | 6d31 6201 

  0x0000016221a4ee38: ;   {runtime_call I2C/C2I adapters}
  0x0000016221a4ee38: 0000 e924 

  0x0000016221a4ee3c: ;   {static_stub}
  0x0000016221a4ee3c: 465c ff48 | bb00 0000 | 0000 0000 

  0x0000016221a4ee48: ;   {runtime_call nmethod}
  0x0000016221a4ee48: 00e9 fbff 

  0x0000016221a4ee4c: ;   {static_stub}
  0x0000016221a4ee4c: ffff 48bb | 0000 0000 | 0000 0000 

  0x0000016221a4ee58: ;   {runtime_call nmethod}
  0x0000016221a4ee58: e9fb ffff 

  0x0000016221a4ee5c: ;   {static_stub}
  0x0000016221a4ee5c: ff48 bb00 | 0000 0000 

  0x0000016221a4ee64: ;   {runtime_call nmethod}
  0x0000016221a4ee64: 0000 00e9 | fbff ffff 

  0x0000016221a4ee6c: ;   {static_stub}
  0x0000016221a4ee6c: 48bb 0000 | 0000 0000 

  0x0000016221a4ee74: ;   {runtime_call nmethod}
  0x0000016221a4ee74: 0000 e9fb 

  0x0000016221a4ee78: ;   {runtime_call ExceptionBlob}
  0x0000016221a4ee78: ffff ffe9 | 80c9 67ff 
[Deopt Handler Code]
  0x0000016221a4ee80: e800 0000 | 0048 832c 

  0x0000016221a4ee88: ;   {runtime_call DeoptimizationBlob}
  0x0000016221a4ee88: 2405 e991 | 585c fff4 
[/MachCode]


---------------  P R O C E S S  ---------------

Threads class SMR info:
_java_thread_list=0x000001625a289bf0, length=64, elements={
0x000001621692bc10, 0x00000162309c69c0, 0x00000162309c8430, 0x00000162309c9a00,
0x00000162309ea140, 0x00000162309ea7b0, 0x00000162309ebd80, 0x0000016230a06a20,
0x0000016230a0f7c0, 0x00000162309eefa0, 0x0000016230d019a0, 0x00000162355c5940,
0x0000016236d8a040, 0x000001623800a020, 0x0000016235090cd0, 0x0000016235092da0,
0x0000016235092080, 0x0000016235093ac0, 0x0000016235092710, 0x00000162350975d0,
0x00000162395eea90, 0x00000162395f11f0, 0x00000162395f1f10, 0x000001623c6ec730,
0x000001623c6ea660, 0x000001623c6ed450, 0x000001623c6eb380, 0x000001623c6eba10,
0x00000162351ad3a0, 0x00000162351ac680, 0x000001624faf7d80, 0x000001624f8e4fc0,
0x000001624f8ec5e0, 0x0000016245886ff0, 0x000001624f8ef3d0, 0x00000162395ee400,
0x00000162595b6420, 0x0000016252103490, 0x00000162595a7e70, 0x0000016250132fa0,
0x00000162501349e0, 0x0000016250135070, 0x0000016251981190, 0x0000016251981eb0,
0x0000016251982540, 0x000001624422c3a0, 0x000001624422aff0, 0x000001624422b680,
0x0000016251b0cf40, 0x0000016251b0dc60, 0x0000016251b0c220, 0x0000016251b0e2f0,
0x000001624422bd10, 0x000001624fec4150, 0x0000016250133630, 0x000001623b798440,
0x000001623b797720, 0x000001623b797db0, 0x000001624fec47e0, 0x00000162653bbe60,
0x000001624fec3ac0, 0x00000162653c0690, 0x00000162653bf2e0, 0x000001624fec3430
}

Java Threads: ( => current thread )
  0x000001621692bc10 JavaThread "main"                              [_thread_blocked, id=14804, stack(0x00000013d4c00000,0x00000013d4d00000) (1024K)]
  0x00000162309c69c0 JavaThread "Common-Cleaner"             daemon [_thread_blocked, id=8432, stack(0x00000013d5400000,0x00000013d5500000) (1024K)]
  0x00000162309c8430 JavaThread "Reference Handler"          daemon [_thread_blocked, id=13540, stack(0x00000013d5500000,0x00000013d5600000) (1024K)]
  0x00000162309c9a00 JavaThread "Finalizer"                  daemon [_thread_blocked, id=9420, stack(0x00000013d5600000,0x00000013d5700000) (1024K)]
  0x00000162309ea140 JavaThread "Signal Dispatcher"          daemon [_thread_blocked, id=8732, stack(0x00000013d5700000,0x00000013d5800000) (1024K)]
  0x00000162309ea7b0 JavaThread "Attach Listener"            daemon [_thread_blocked, id=1808, stack(0x00000013d5800000,0x00000013d5900000) (1024K)]
  0x00000162309ebd80 JavaThread "Service Thread"             daemon [_thread_blocked, id=8928, stack(0x00000013d5900000,0x00000013d5a00000) (1024K)]
  0x0000016230a06a20 JavaThread "Monitor Deflation Thread"   daemon [_thread_blocked, id=8656, stack(0x00000013d5a00000,0x00000013d5b00000) (1024K)]
  0x0000016230a0f7c0 JavaThread "C2 CompilerThread0"         daemon [_thread_blocked, id=10008, stack(0x00000013d5b00000,0x00000013d5c00000) (1024K)]
  0x00000162309eefa0 JavaThread "C1 CompilerThread0"         daemon [_thread_blocked, id=5432, stack(0x00000013d5c00000,0x00000013d5d00000) (1024K)]
  0x0000016230d019a0 JavaThread "Notification Thread"        daemon [_thread_blocked, id=9244, stack(0x00000013d5d00000,0x00000013d5e00000) (1024K)]
  0x00000162355c5940 JavaThread "Daemon health stats"               [_thread_blocked, id=11552, stack(0x00000013d6100000,0x00000013d6200000) (1024K)]
  0x0000016236d8a040 JavaThread "Incoming local TCP Connector on port 49577"        [_thread_in_native, id=13560, stack(0x00000013d6300000,0x00000013d6400000) (1024K)]
  0x000001623800a020 JavaThread "Daemon periodic checks"            [_thread_blocked, id=8984, stack(0x00000013d6400000,0x00000013d6500000) (1024K)]
  0x0000016235090cd0 JavaThread "Cache worker for journal cache (D:\Dev\caches\Gradle\caches\journal-1)"        [_thread_blocked, id=10040, stack(0x00000013d7100000,0x00000013d7200000) (1024K)]
  0x0000016235092da0 JavaThread "File lock request listener"        [_thread_in_native, id=13384, stack(0x00000013d7200000,0x00000013d7300000) (1024K)]
  0x0000016235092080 JavaThread "Cache worker for file hash cache (D:\Dev\caches\Gradle\caches\9.4.1\fileHashes)"        [_thread_blocked, id=13556, stack(0x00000013d7300000,0x00000013d7400000) (1024K)]
  0x0000016235093ac0 JavaThread "Cache worker for file content cache (D:\Dev\caches\Gradle\caches\9.4.1\fileContent)"        [_thread_blocked, id=11464, stack(0x00000013d7800000,0x00000013d7900000) (1024K)]
  0x0000016235092710 JavaThread "File watcher server"        daemon [_thread_in_native, id=5468, stack(0x00000013d7600000,0x00000013d7700000) (1024K)]
  0x00000162350975d0 JavaThread "File watcher consumer"      daemon [_thread_blocked, id=13896, stack(0x00000013d7700000,0x00000013d7800000) (1024K)]
  0x00000162395eea90 JavaThread "Memory manager"                    [_thread_blocked, id=15124, stack(0x00000013d7b00000,0x00000013d7c00000) (1024K)]
  0x00000162395f11f0 JavaThread "pool-2-thread-1"                   [_thread_blocked, id=9344, stack(0x00000013d8800000,0x00000013d8900000) (1024K)]
  0x00000162395f1f10 JavaThread "Java2D Disposer"            daemon [_thread_blocked, id=7700, stack(0x00000013d8a00000,0x00000013d8b00000) (1024K)]
  0x000001623c6ec730 JavaThread "AWT-Windows"                daemon [_thread_in_native, id=14308, stack(0x00000013d8c00000,0x00000013d8d00000) (1024K)]
  0x000001623c6ea660 JavaThread "DefaultDispatcher-worker-1" daemon [_thread_blocked, id=6120, stack(0x00000013d8b00000,0x00000013d8c00000) (1024K)]
  0x000001623c6ed450 JavaThread "DefaultDispatcher-worker-2" daemon [_thread_blocked, id=14488, stack(0x00000013d8d00000,0x00000013d8e00000) (1024K)]
  0x000001623c6eb380 JavaThread "DefaultDispatcher-worker-3" daemon [_thread_blocked, id=6848, stack(0x00000013d8e00000,0x00000013d8f00000) (1024K)]
  0x000001623c6eba10 JavaThread "DefaultDispatcher-worker-4" daemon [_thread_blocked, id=3596, stack(0x00000013d8f00000,0x00000013d9000000) (1024K)]
  0x00000162351ad3a0 JavaThread "Periodic tasks thread"      daemon [_thread_blocked, id=6564, stack(0x00000013d9100000,0x00000013d9200000) (1024K)]
  0x00000162351ac680 JavaThread "ApplicationImpl pooled thread 1"        [_thread_blocked, id=14112, stack(0x00000013d9200000,0x00000013d9300000) (1024K)]
  0x000001624faf7d80 JavaThread "pool-6-thread-1"                   [_thread_blocked, id=7592, stack(0x00000013d8400000,0x00000013d8500000) (1024K)]
  0x000001624f8e4fc0 JavaThread "Cache worker for Java compile cache (D:\Dev\caches\Gradle\caches\9.4.1\javaCompile)"        [_thread_blocked, id=14968, stack(0x00000013d9600000,0x00000013d9700000) (1024K)]
  0x000001624f8ec5e0 JavaThread "pool-10-thread-1"                  [_thread_blocked, id=14616, stack(0x00000013d8300000,0x00000013d8400000) (1024K)]
  0x0000016245886ff0 JavaThread "pool-13-thread-1"                  [_thread_blocked, id=14412, stack(0x00000013d8500000,0x00000013d8600000) (1024K)]
  0x000001624f8ef3d0 JavaThread "pool-16-thread-1"                  [_thread_blocked, id=6500, stack(0x00000013d8200000,0x00000013d8300000) (1024K)]
  0x00000162395ee400 JavaThread "pool-19-thread-1"                  [_thread_blocked, id=3484, stack(0x00000013d8600000,0x00000013d8700000) (1024K)]
  0x00000162595b6420 JavaThread "pool-23-thread-1"                  [_thread_blocked, id=13148, stack(0x00000013d8900000,0x00000013d8a00000) (1024K)]
  0x0000016252103490 JavaThread "pool-26-thread-1"                  [_thread_blocked, id=2824, stack(0x00000013d9400000,0x00000013d9500000) (1024K)]
  0x00000162595a7e70 JavaThread "Daemon Thread 9"                   [_thread_blocked, id=9076, stack(0x00000013d4900000,0x00000013d4a00000) (1024K)]
  0x0000016250132fa0 JavaThread "Handler for socket connection from /127.0.0.1:49577 to /127.0.0.1:58693"        [_thread_in_native, id=1976, stack(0x00000013d4a00000,0x00000013d4b00000) (1024K)]
  0x00000162501349e0 JavaThread "Cancel handler"                    [_thread_blocked, id=14456, stack(0x00000013d4b00000,0x00000013d4c00000) (1024K)]
  0x0000016250135070 JavaThread "Daemon worker Thread 9"            [_thread_blocked, id=8600, stack(0x00000013d6500000,0x00000013d6600000) (1024K)]
  0x0000016251981190 JavaThread "Asynchronous log dispatcher for DefaultDaemonConnection: socket connection from /127.0.0.1:49577 to /127.0.0.1:58693"        [_thread_blocked, id=10020, stack(0x00000013d6600000,0x00000013d6700000) (1024K)]
  0x0000016251981eb0 JavaThread "Stdin handler"                     [_thread_blocked, id=1564, stack(0x00000013d6700000,0x00000013d6800000) (1024K)]
  0x0000016251982540 JavaThread "Daemon client event forwarder"        [_thread_blocked, id=13888, stack(0x00000013d6800000,0x00000013d6900000) (1024K)]
  0x000001624422c3a0 JavaThread "Cache worker for file hash cache (D:\Proyectos\Dulceplay\.gradle\9.4.1\fileHashes)"        [_thread_blocked, id=2916, stack(0x00000013d6d00000,0x00000013d6e00000) (1024K)]
  0x000001624422aff0 JavaThread "Cache worker for checksums cache (D:\Proyectos\Dulceplay\.gradle\9.4.1\checksums)"        [_thread_blocked, id=15896, stack(0x00000013d6e00000,0x00000013d6f00000) (1024K)]
  0x000001624422b680 JavaThread "Cache worker for Build Output Cleanup Cache (D:\Proyectos\Dulceplay\.gradle\buildOutputCleanup)"        [_thread_blocked, id=6184, stack(0x00000013d6f00000,0x00000013d7000000) (1024K)]
  0x0000016251b0cf40 JavaThread "Cache worker for cache directory md-supplier (D:\Dev\caches\Gradle\caches\9.4.1\md-supplier)"        [_thread_blocked, id=2772, stack(0x00000013d7000000,0x00000013d7100000) (1024K)]
  0x0000016251b0dc60 JavaThread "Cache worker for cache directory md-rule (D:\Dev\caches\Gradle\caches\9.4.1\md-rule)"        [_thread_blocked, id=8936, stack(0x00000013d7400000,0x00000013d7500000) (1024K)]
  0x0000016251b0c220 JavaThread "build event listener"              [_thread_blocked, id=5036, stack(0x00000013d7900000,0x00000013d7a00000) (1024K)]
  0x0000016251b0e2f0 JavaThread "build event listener"              [_thread_blocked, id=5164, stack(0x00000013d7a00000,0x00000013d7b00000) (1024K)]
  0x000001624422bd10 JavaThread "build event listener"              [_thread_blocked, id=14752, stack(0x00000013d7c00000,0x00000013d7d00000) (1024K)]
  0x000001624fec4150 JavaThread "Build operations"                  [_thread_blocked, id=15056, stack(0x00000013d7d00000,0x00000013d7e00000) (1024K)]
  0x0000016250133630 JavaThread "included builds"                   [_thread_blocked, id=3380, stack(0x00000013d7500000,0x00000013d7600000) (1024K)]
  0x000001623b798440 JavaThread "Execution worker"                  [_thread_blocked, id=3660, stack(0x00000013d7e00000,0x00000013d7f00000) (1024K)]
  0x000001623b797720 JavaThread "Execution worker Thread 2"         [_thread_blocked, id=13760, stack(0x00000013d7f00000,0x00000013d8000000) (1024K)]
  0x000001623b797db0 JavaThread "Execution worker Thread 3"         [_thread_blocked, id=1900, stack(0x00000013d8000000,0x00000013d8100000) (1024K)]
  0x000001624fec47e0 JavaThread "Cache worker for execution history cache (D:\Proyectos\Dulceplay\.gradle\9.4.1\executionHistory)"        [_thread_blocked, id=7188, stack(0x00000013d8100000,0x00000013d8200000) (1024K)]
  0x00000162653bbe60 JavaThread "pool-29-thread-1"                  [_thread_blocked, id=14772, stack(0x00000013d8700000,0x00000013d8800000) (1024K)]
  0x000001624fec3ac0 JavaThread "File lock release action executor Thread 5"        [_thread_blocked, id=16188, stack(0x00000013d9000000,0x00000013d9100000) (1024K)]
  0x00000162653c0690 JavaThread "WorkerExecutor Queue"              [_thread_blocked, id=5548, stack(0x00000013d9500000,0x00000013d9600000) (1024K)]
  0x00000162653bf2e0 JavaThread "WorkerExecutor Queue Thread 2"        [_thread_blocked, id=12072, stack(0x00000013d9900000,0x00000013d9a00000) (1024K)]
=>0x000001624fec3430 JavaThread "pool-30-thread-1"                  [_thread_in_vm, id=9112, stack(0x00000013d9a00000,0x00000013d9b00000) (1024K)]
Total: 64

Other Threads:
  0x0000016230849b50 VMThread "VM Thread"                           [id=14504, stack(0x00000013d5300000,0x00000013d5400000) (1024K)]
  0x00000162307b6bb0 WatcherThread "VM Periodic Task Thread"        [id=8976, stack(0x00000013d5200000,0x00000013d5300000) (1024K)]
  0x00000162169937c0 WorkerThread "GC Thread#0"                     [id=4764, stack(0x00000013d4d00000,0x00000013d4e00000) (1024K)]
  0x0000016235c426c0 WorkerThread "GC Thread#1"                     [id=4404, stack(0x00000013d5e00000,0x00000013d5f00000) (1024K)]
  0x0000016235a3ce90 WorkerThread "GC Thread#2"                     [id=8164, stack(0x00000013d5f00000,0x00000013d6000000) (1024K)]
  0x00000162358eedc0 WorkerThread "GC Thread#3"                     [id=1768, stack(0x00000013d6000000,0x00000013d6100000) (1024K)]
  0x0000016235d03250 WorkerThread "GC Thread#4"                     [id=6248, stack(0x00000013d6200000,0x00000013d6300000) (1024K)]
  0x00000162377c6270 WorkerThread "GC Thread#5"                     [id=7520, stack(0x00000013d6900000,0x00000013d6a00000) (1024K)]
  0x00000162377c53b0 WorkerThread "GC Thread#6"                     [id=13132, stack(0x00000013d6a00000,0x00000013d6b00000) (1024K)]
  0x00000162377c6620 WorkerThread "GC Thread#7"                     [id=5412, stack(0x00000013d6b00000,0x00000013d6c00000) (1024K)]
  0x00000162169a4ed0 ConcurrentGCThread "G1 Main Marker"            [id=7648, stack(0x00000013d4e00000,0x00000013d4f00000) (1024K)]
  0x00000162169a7740 WorkerThread "G1 Conc#0"                       [id=8552, stack(0x00000013d4f00000,0x00000013d5000000) (1024K)]
  0x00000162377c5ec0 WorkerThread "G1 Conc#1"                       [id=8988, stack(0x00000013d6c00000,0x00000013d6d00000) (1024K)]
  0x00000162169eea10 ConcurrentGCThread "G1 Refine#0"               [id=7620, stack(0x00000013d5000000,0x00000013d5100000) (1024K)]
  0x0000016230689500 ConcurrentGCThread "G1 Service"                [id=4872, stack(0x00000013d5100000,0x00000013d5200000) (1024K)]
Total: 15

Threads with active compile tasks:
Total: 0

VM state: not at safepoint (normal execution)

VM Mutex/Monitor currently owned by a thread:  ([mutex/lock_event])
[0x00007ffd08b964d0] Metaspace_lock - owner thread: 0x000001624fec3430

Heap address: 0x0000000700000000, size: 4096 MB, Compressed Oops mode: Zero based, Oop shift amount: 3

CDS archive(s) not mapped
Compressed class space mapped at: 0x0000000800000000-0x0000000840000000, reserved size: 1073741824
Narrow klass base: 0x0000000800000000, Narrow klass shift: 0, Narrow klass range: 0x40000000

GC Precious Log:
 CardTable entry size: 512
 Card Set container configuration: InlinePtr #cards 4 size 8 Array Of Cards #cards 16 size 48 Howl #buckets 8 coarsen threshold 3686 Howl Bitmap #cards 512 size 80 coarsen threshold 460 Card regions per heap region 1 cards per card region 4096
 CPUs: 8 total, 8 available
 Memory: 8039M
 Large Page Support: Disabled
 NUMA Support: Disabled
 Compressed Oops: Enabled (Zero based)
 Heap Region Size: 2M
 Heap Min Capacity: 8M
 Heap Initial Capacity: 126M
 Heap Max Capacity: 4G
 Pre-touch: Disabled
 Parallel Workers: 8
 Concurrent Workers: 2
 Concurrent Refinement Workers: 8
 Periodic GC: Disabled

Heap:
 garbage-first heap   total 1196032K, used 626953K [0x0000000700000000, 0x0000000800000000)
  region size 2048K, 57 young (116736K), 3 survivors (6144K)
 Metaspace       used 269399K, committed 271040K, reserved 1441792K
  class space    used 33303K, committed 34112K, reserved 1048576K

Heap Regions: E=young(eden), S=young(survivor), O=old, HS=humongous(starts), HC=humongous(continues), CS=collection set, F=free, TAMS=top-at-mark-start, PB=parsable bottom
|   0|0x0000000700000000, 0x0000000700200000, 0x0000000700200000|100%|HS|  |TAMS 0x0000000700000000| PB 0x0000000700000000| Complete 
|   1|0x0000000700200000, 0x0000000700400000, 0x0000000700400000|100%|HC|  |TAMS 0x0000000700200000| PB 0x0000000700200000| Complete 
|   2|0x0000000700400000, 0x0000000700600000, 0x0000000700600000|100%| O|  |TAMS 0x0000000700400000| PB 0x0000000700400000| Untracked 
|   3|0x0000000700600000, 0x0000000700800000, 0x0000000700800000|100%| O|  |TAMS 0x0000000700600000| PB 0x0000000700600000| Untracked 
|   4|0x0000000700800000, 0x0000000700a00000, 0x0000000700a00000|100%| O|  |TAMS 0x0000000700800000| PB 0x0000000700800000| Untracked 
|   5|0x0000000700a00000, 0x0000000700c00000, 0x0000000700c00000|100%| O|  |TAMS 0x0000000700a00000| PB 0x0000000700a00000| Untracked 
|   6|0x0000000700c00000, 0x0000000700e00000, 0x0000000700e00000|100%| O|  |TAMS 0x0000000700c00000| PB 0x0000000700c00000| Untracked 
|   7|0x0000000700e00000, 0x0000000701000000, 0x0000000701000000|100%|HS|  |TAMS 0x0000000700e00000| PB 0x0000000700e00000| Complete 
|   8|0x0000000701000000, 0x0000000701200000, 0x0000000701200000|100%|HS|  |TAMS 0x0000000701000000| PB 0x0000000701000000| Complete 
|   9|0x0000000701200000, 0x0000000701400000, 0x0000000701400000|100%| O|  |TAMS 0x0000000701200000| PB 0x0000000701200000| Untracked 
|  10|0x0000000701400000, 0x0000000701600000, 0x0000000701600000|100%| O|Cm|TAMS 0x0000000701400000| PB 0x0000000701400000| Complete 
|  11|0x0000000701600000, 0x0000000701800000, 0x0000000701800000|100%| O|  |TAMS 0x0000000701600000| PB 0x0000000701600000| Untracked 
|  12|0x0000000701800000, 0x0000000701a00000, 0x0000000701a00000|100%| O|  |TAMS 0x0000000701800000| PB 0x0000000701800000| Untracked 
|  13|0x0000000701a00000, 0x0000000701c00000, 0x0000000701c00000|100%| O|  |TAMS 0x0000000701a00000| PB 0x0000000701a00000| Untracked 
|  14|0x0000000701c00000, 0x0000000701e00000, 0x0000000701e00000|100%| O|  |TAMS 0x0000000701c00000| PB 0x0000000701c00000| Untracked 
|  15|0x0000000701e00000, 0x0000000702000000, 0x0000000702000000|100%| O|  |TAMS 0x0000000701e00000| PB 0x0000000701e00000| Untracked 
|  16|0x0000000702000000, 0x0000000702200000, 0x0000000702200000|100%| O|  |TAMS 0x0000000702000000| PB 0x0000000702000000| Untracked 
|  17|0x0000000702200000, 0x0000000702400000, 0x0000000702400000|100%|HS|  |TAMS 0x0000000702200000| PB 0x0000000702200000| Complete 
|  18|0x0000000702400000, 0x0000000702600000, 0x0000000702600000|100%|HC|  |TAMS 0x0000000702400000| PB 0x0000000702400000| Complete 
|  19|0x0000000702600000, 0x0000000702800000, 0x0000000702800000|100%| O|  |TAMS 0x0000000702600000| PB 0x0000000702600000| Untracked 
|  20|0x0000000702800000, 0x0000000702a00000, 0x0000000702a00000|100%| O|Cm|TAMS 0x0000000702800000| PB 0x0000000702800000| Complete 
|  21|0x0000000702a00000, 0x0000000702c00000, 0x0000000702c00000|100%| O|  |TAMS 0x0000000702a00000| PB 0x0000000702a00000| Untracked 
|  22|0x0000000702c00000, 0x0000000702e00000, 0x0000000702e00000|100%| O|  |TAMS 0x0000000702c00000| PB 0x0000000702c00000| Untracked 
|  23|0x0000000702e00000, 0x0000000703000000, 0x0000000703000000|100%| O|  |TAMS 0x0000000702e00000| PB 0x0000000702e00000| Untracked 
|  24|0x0000000703000000, 0x0000000703200000, 0x0000000703200000|100%| O|  |TAMS 0x0000000703000000| PB 0x0000000703000000| Untracked 
|  25|0x0000000703200000, 0x0000000703400000, 0x0000000703400000|100%| O|  |TAMS 0x0000000703200000| PB 0x0000000703200000| Untracked 
|  26|0x0000000703400000, 0x0000000703600000, 0x0000000703600000|100%| O|  |TAMS 0x0000000703400000| PB 0x0000000703400000| Untracked 
|  27|0x0000000703600000, 0x0000000703800000, 0x0000000703800000|100%| O|  |TAMS 0x0000000703600000| PB 0x0000000703600000| Untracked 
|  28|0x0000000703800000, 0x0000000703a00000, 0x0000000703a00000|100%| O|  |TAMS 0x0000000703800000| PB 0x0000000703800000| Untracked 
|  29|0x0000000703a00000, 0x0000000703c00000, 0x0000000703c00000|100%| O|  |TAMS 0x0000000703a00000| PB 0x0000000703a00000| Untracked 
|  30|0x0000000703c00000, 0x0000000703e00000, 0x0000000703e00000|100%| O|  |TAMS 0x0000000703c00000| PB 0x0000000703c00000| Untracked 
|  31|0x0000000703e00000, 0x0000000704000000, 0x0000000704000000|100%| O|  |TAMS 0x0000000703e00000| PB 0x0000000703e00000| Untracked 
|  32|0x0000000704000000, 0x0000000704200000, 0x0000000704200000|100%| O|  |TAMS 0x0000000704000000| PB 0x0000000704000000| Untracked 
|  33|0x0000000704200000, 0x0000000704400000, 0x0000000704400000|100%| O|  |TAMS 0x0000000704200000| PB 0x0000000704200000| Untracked 
|  34|0x0000000704400000, 0x0000000704600000, 0x0000000704600000|100%| O|  |TAMS 0x0000000704400000| PB 0x0000000704400000| Untracked 
|  35|0x0000000704600000, 0x0000000704800000, 0x0000000704800000|100%| O|  |TAMS 0x0000000704600000| PB 0x0000000704600000| Untracked 
|  36|0x0000000704800000, 0x0000000704a00000, 0x0000000704a00000|100%| O|  |TAMS 0x0000000704800000| PB 0x0000000704800000| Untracked 
|  37|0x0000000704a00000, 0x0000000704c00000, 0x0000000704c00000|100%| O|  |TAMS 0x0000000704a00000| PB 0x0000000704a00000| Untracked 
|  38|0x0000000704c00000, 0x0000000704e00000, 0x0000000704e00000|100%| O|  |TAMS 0x0000000704c00000| PB 0x0000000704c00000| Untracked 
|  39|0x0000000704e00000, 0x0000000704e00000, 0x0000000705000000|  0%| F|  |TAMS 0x0000000704e00000| PB 0x0000000704e00000| Untracked 
|  40|0x0000000705000000, 0x0000000705200000, 0x0000000705200000|100%| O|  |TAMS 0x0000000705000000| PB 0x0000000705000000| Untracked 
|  41|0x0000000705200000, 0x0000000705400000, 0x0000000705400000|100%| O|  |TAMS 0x0000000705200000| PB 0x0000000705200000| Untracked 
|  42|0x0000000705400000, 0x0000000705600000, 0x0000000705600000|100%| O|  |TAMS 0x0000000705400000| PB 0x0000000705400000| Untracked 
|  43|0x0000000705600000, 0x0000000705800000, 0x0000000705800000|100%| O|  |TAMS 0x0000000705600000| PB 0x0000000705600000| Untracked 
|  44|0x0000000705800000, 0x0000000705a00000, 0x0000000705a00000|100%| O|  |TAMS 0x0000000705800000| PB 0x0000000705800000| Untracked 
|  45|0x0000000705a00000, 0x0000000705c00000, 0x0000000705c00000|100%|HS|  |TAMS 0x0000000705a00000| PB 0x0000000705a00000| Complete 
|  46|0x0000000705c00000, 0x0000000705e00000, 0x0000000705e00000|100%|HC|  |TAMS 0x0000000705c00000| PB 0x0000000705c00000| Complete 
|  47|0x0000000705e00000, 0x0000000706000000, 0x0000000706000000|100%|HC|  |TAMS 0x0000000705e00000| PB 0x0000000705e00000| Complete 
|  48|0x0000000706000000, 0x0000000706200000, 0x0000000706200000|100%| O|  |TAMS 0x0000000706000000| PB 0x0000000706000000| Untracked 
|  49|0x0000000706200000, 0x0000000706400000, 0x0000000706400000|100%| O|  |TAMS 0x0000000706200000| PB 0x0000000706200000| Untracked 
|  50|0x0000000706400000, 0x0000000706600000, 0x0000000706600000|100%| O|  |TAMS 0x0000000706400000| PB 0x0000000706400000| Untracked 
|  51|0x0000000706600000, 0x0000000706800000, 0x0000000706800000|100%| O|  |TAMS 0x0000000706600000| PB 0x0000000706600000| Untracked 
|  52|0x0000000706800000, 0x0000000706a00000, 0x0000000706a00000|100%| O|  |TAMS 0x0000000706800000| PB 0x0000000706800000| Untracked 
|  53|0x0000000706a00000, 0x0000000706c00000, 0x0000000706c00000|100%| O|Cm|TAMS 0x0000000706a00000| PB 0x0000000706a00000| Complete 
|  54|0x0000000706c00000, 0x0000000706e00000, 0x0000000706e00000|100%| O|  |TAMS 0x0000000706c00000| PB 0x0000000706c00000| Untracked 
|  55|0x0000000706e00000, 0x0000000707000000, 0x0000000707000000|100%| O|  |TAMS 0x0000000706e00000| PB 0x0000000706e00000| Untracked 
|  56|0x0000000707000000, 0x0000000707200000, 0x0000000707200000|100%| O|  |TAMS 0x0000000707000000| PB 0x0000000707000000| Untracked 
|  57|0x0000000707200000, 0x0000000707400000, 0x0000000707400000|100%| O|  |TAMS 0x0000000707200000| PB 0x0000000707200000| Untracked 
|  58|0x0000000707400000, 0x0000000707600000, 0x0000000707600000|100%| O|  |TAMS 0x0000000707400000| PB 0x0000000707400000| Untracked 
|  59|0x0000000707600000, 0x0000000707800000, 0x0000000707800000|100%| O|  |TAMS 0x0000000707600000| PB 0x0000000707600000| Untracked 
|  60|0x0000000707800000, 0x0000000707a00000, 0x0000000707a00000|100%| O|  |TAMS 0x0000000707800000| PB 0x0000000707800000| Untracked 
|  61|0x0000000707a00000, 0x0000000707c00000, 0x0000000707c00000|100%| O|  |TAMS 0x0000000707a00000| PB 0x0000000707a00000| Untracked 
|  62|0x0000000707c00000, 0x0000000707e00000, 0x0000000707e00000|100%| O|  |TAMS 0x0000000707c00000| PB 0x0000000707c00000| Untracked 
|  63|0x0000000707e00000, 0x0000000708000000, 0x0000000708000000|100%| O|  |TAMS 0x0000000707e00000| PB 0x0000000707e00000| Untracked 
|  64|0x0000000708000000, 0x0000000708200000, 0x0000000708200000|100%| O|  |TAMS 0x0000000708000000| PB 0x0000000708000000| Untracked 
|  65|0x0000000708200000, 0x0000000708400000, 0x0000000708400000|100%| O|  |TAMS 0x0000000708200000| PB 0x0000000708200000| Untracked 
|  66|0x0000000708400000, 0x0000000708600000, 0x0000000708600000|100%| O|  |TAMS 0x0000000708400000| PB 0x0000000708400000| Untracked 
|  67|0x0000000708600000, 0x0000000708800000, 0x0000000708800000|100%| O|  |TAMS 0x0000000708600000| PB 0x0000000708600000| Untracked 
|  68|0x0000000708800000, 0x0000000708a00000, 0x0000000708a00000|100%| O|  |TAMS 0x0000000708800000| PB 0x0000000708800000| Untracked 
|  69|0x0000000708a00000, 0x0000000708c00000, 0x0000000708c00000|100%| O|Cm|TAMS 0x0000000708a00000| PB 0x0000000708a00000| Complete 
|  70|0x0000000708c00000, 0x0000000708e00000, 0x0000000708e00000|100%| O|  |TAMS 0x0000000708c00000| PB 0x0000000708c00000| Untracked 
|  71|0x0000000708e00000, 0x0000000709000000, 0x0000000709000000|100%| O|  |TAMS 0x0000000708e00000| PB 0x0000000708e00000| Untracked 
|  72|0x0000000709000000, 0x0000000709200000, 0x0000000709200000|100%| O|  |TAMS 0x0000000709000000| PB 0x0000000709000000| Untracked 
|  73|0x0000000709200000, 0x0000000709400000, 0x0000000709400000|100%| O|  |TAMS 0x0000000709200000| PB 0x0000000709200000| Untracked 
|  74|0x0000000709400000, 0x0000000709600000, 0x0000000709600000|100%| O|  |TAMS 0x0000000709400000| PB 0x0000000709400000| Untracked 
|  75|0x0000000709600000, 0x0000000709800000, 0x0000000709800000|100%| O|  |TAMS 0x0000000709600000| PB 0x0000000709600000| Untracked 
|  76|0x0000000709800000, 0x0000000709a00000, 0x0000000709a00000|100%| O|  |TAMS 0x0000000709800000| PB 0x0000000709800000| Untracked 
|  77|0x0000000709a00000, 0x0000000709c00000, 0x0000000709c00000|100%| O|  |TAMS 0x0000000709a00000| PB 0x0000000709a00000| Untracked 
|  78|0x0000000709c00000, 0x0000000709e00000, 0x0000000709e00000|100%| O|  |TAMS 0x0000000709c00000| PB 0x0000000709c00000| Untracked 
|  79|0x0000000709e00000, 0x000000070a000000, 0x000000070a000000|100%| O|  |TAMS 0x0000000709e00000| PB 0x0000000709e00000| Untracked 
|  80|0x000000070a000000, 0x000000070a200000, 0x000000070a200000|100%| O|  |TAMS 0x000000070a000000| PB 0x000000070a000000| Untracked 
|  81|0x000000070a200000, 0x000000070a400000, 0x000000070a400000|100%| O|  |TAMS 0x000000070a200000| PB 0x000000070a200000| Untracked 
|  82|0x000000070a400000, 0x000000070a600000, 0x000000070a600000|100%| O|  |TAMS 0x000000070a400000| PB 0x000000070a400000| Untracked 
|  83|0x000000070a600000, 0x000000070a800000, 0x000000070a800000|100%| O|  |TAMS 0x000000070a600000| PB 0x000000070a600000| Untracked 
|  84|0x000000070a800000, 0x000000070aa00000, 0x000000070aa00000|100%| O|  |TAMS 0x000000070a800000| PB 0x000000070a800000| Untracked 
|  85|0x000000070aa00000, 0x000000070ac00000, 0x000000070ac00000|100%| O|Cm|TAMS 0x000000070aa00000| PB 0x000000070aa00000| Complete 
|  86|0x000000070ac00000, 0x000000070ae00000, 0x000000070ae00000|100%| O|  |TAMS 0x000000070ac00000| PB 0x000000070ac00000| Untracked 
|  87|0x000000070ae00000, 0x000000070b000000, 0x000000070b000000|100%| O|  |TAMS 0x000000070ae00000| PB 0x000000070ae00000| Untracked 
|  88|0x000000070b000000, 0x000000070b200000, 0x000000070b200000|100%| O|  |TAMS 0x000000070b000000| PB 0x000000070b000000| Untracked 
|  89|0x000000070b200000, 0x000000070b400000, 0x000000070b400000|100%| O|Cm|TAMS 0x000000070b200000| PB 0x000000070b200000| Complete 
|  90|0x000000070b400000, 0x000000070b600000, 0x000000070b600000|100%| O|  |TAMS 0x000000070b400000| PB 0x000000070b400000| Untracked 
|  91|0x000000070b600000, 0x000000070b800000, 0x000000070b800000|100%| O|  |TAMS 0x000000070b600000| PB 0x000000070b600000| Untracked 
|  92|0x000000070b800000, 0x000000070ba00000, 0x000000070ba00000|100%| O|  |TAMS 0x000000070b800000| PB 0x000000070b800000| Untracked 
|  93|0x000000070ba00000, 0x000000070bc00000, 0x000000070bc00000|100%| O|  |TAMS 0x000000070ba00000| PB 0x000000070ba00000| Untracked 
|  94|0x000000070bc00000, 0x000000070be00000, 0x000000070be00000|100%| O|  |TAMS 0x000000070bc00000| PB 0x000000070bc00000| Untracked 
|  95|0x000000070be00000, 0x000000070c000000, 0x000000070c000000|100%| O|  |TAMS 0x000000070be00000| PB 0x000000070be00000| Untracked 
|  96|0x000000070c000000, 0x000000070c200000, 0x000000070c200000|100%| O|  |TAMS 0x000000070c000000| PB 0x000000070c000000| Untracked 
|  97|0x000000070c200000, 0x000000070c400000, 0x000000070c400000|100%| O|  |TAMS 0x000000070c200000| PB 0x000000070c200000| Untracked 
|  98|0x000000070c400000, 0x000000070c600000, 0x000000070c600000|100%| O|Cm|TAMS 0x000000070c400000| PB 0x000000070c400000| Complete 
|  99|0x000000070c600000, 0x000000070c800000, 0x000000070c800000|100%| O|Cm|TAMS 0x000000070c600000| PB 0x000000070c600000| Complete 
| 100|0x000000070c800000, 0x000000070ca00000, 0x000000070ca00000|100%| O|  |TAMS 0x000000070c800000| PB 0x000000070c800000| Untracked 
| 101|0x000000070ca00000, 0x000000070cc00000, 0x000000070cc00000|100%| O|  |TAMS 0x000000070ca00000| PB 0x000000070ca00000| Untracked 
| 102|0x000000070cc00000, 0x000000070ce00000, 0x000000070ce00000|100%| O|  |TAMS 0x000000070cc00000| PB 0x000000070cc00000| Untracked 
| 103|0x000000070ce00000, 0x000000070d000000, 0x000000070d000000|100%| O|  |TAMS 0x000000070ce00000| PB 0x000000070ce00000| Untracked 
| 104|0x000000070d000000, 0x000000070d200000, 0x000000070d200000|100%| O|  |TAMS 0x000000070d000000| PB 0x000000070d000000| Untracked 
| 105|0x000000070d200000, 0x000000070d400000, 0x000000070d400000|100%| O|  |TAMS 0x000000070d200000| PB 0x000000070d200000| Untracked 
| 106|0x000000070d400000, 0x000000070d600000, 0x000000070d600000|100%| O|Cm|TAMS 0x000000070d400000| PB 0x000000070d400000| Complete 
| 107|0x000000070d600000, 0x000000070d800000, 0x000000070d800000|100%| O|  |TAMS 0x000000070d600000| PB 0x000000070d600000| Untracked 
| 108|0x000000070d800000, 0x000000070da00000, 0x000000070da00000|100%| O|  |TAMS 0x000000070d800000| PB 0x000000070d800000| Untracked 
| 109|0x000000070da00000, 0x000000070dc00000, 0x000000070dc00000|100%| O|Cm|TAMS 0x000000070da00000| PB 0x000000070da00000| Complete 
| 110|0x000000070dc00000, 0x000000070de00000, 0x000000070de00000|100%| O|  |TAMS 0x000000070dc00000| PB 0x000000070dc00000| Untracked 
| 111|0x000000070de00000, 0x000000070e000000, 0x000000070e000000|100%| O|  |TAMS 0x000000070de00000| PB 0x000000070de00000| Untracked 
| 112|0x000000070e000000, 0x000000070e200000, 0x000000070e200000|100%| O|  |TAMS 0x000000070e000000| PB 0x000000070e000000| Untracked 
| 113|0x000000070e200000, 0x000000070e400000, 0x000000070e400000|100%| O|  |TAMS 0x000000070e200000| PB 0x000000070e200000| Untracked 
| 114|0x000000070e400000, 0x000000070e600000, 0x000000070e600000|100%| O|Cm|TAMS 0x000000070e400000| PB 0x000000070e400000| Complete 
| 115|0x000000070e600000, 0x000000070e800000, 0x000000070e800000|100%| O|  |TAMS 0x000000070e600000| PB 0x000000070e600000| Untracked 
| 116|0x000000070e800000, 0x000000070ea00000, 0x000000070ea00000|100%| O|  |TAMS 0x000000070e800000| PB 0x000000070e800000| Untracked 
| 117|0x000000070ea00000, 0x000000070ec00000, 0x000000070ec00000|100%| O|Cm|TAMS 0x000000070ea00000| PB 0x000000070ea00000| Complete 
| 118|0x000000070ec00000, 0x000000070ee00000, 0x000000070ee00000|100%| O|  |TAMS 0x000000070ec00000| PB 0x000000070ec00000| Untracked 
| 119|0x000000070ee00000, 0x000000070f000000, 0x000000070f000000|100%| O|  |TAMS 0x000000070ee00000| PB 0x000000070ee00000| Untracked 
| 120|0x000000070f000000, 0x000000070f200000, 0x000000070f200000|100%| O|  |TAMS 0x000000070f000000| PB 0x000000070f000000| Untracked 
| 121|0x000000070f200000, 0x000000070f400000, 0x000000070f400000|100%| O|  |TAMS 0x000000070f200000| PB 0x000000070f200000| Untracked 
| 122|0x000000070f400000, 0x000000070f600000, 0x000000070f600000|100%| O|  |TAMS 0x000000070f400000| PB 0x000000070f400000| Untracked 
| 123|0x000000070f600000, 0x000000070f800000, 0x000000070f800000|100%| O|  |TAMS 0x000000070f600000| PB 0x000000070f600000| Untracked 
| 124|0x000000070f800000, 0x000000070fa00000, 0x000000070fa00000|100%| O|  |TAMS 0x000000070f800000| PB 0x000000070f800000| Untracked 
| 125|0x000000070fa00000, 0x000000070fc00000, 0x000000070fc00000|100%| O|  |TAMS 0x000000070fa00000| PB 0x000000070fa00000| Untracked 
| 126|0x000000070fc00000, 0x000000070fe00000, 0x000000070fe00000|100%| O|  |TAMS 0x000000070fc00000| PB 0x000000070fc00000| Untracked 
| 127|0x000000070fe00000, 0x0000000710000000, 0x0000000710000000|100%| O|  |TAMS 0x000000070fe00000| PB 0x000000070fe00000| Untracked 
| 128|0x0000000710000000, 0x0000000710200000, 0x0000000710200000|100%| O|  |TAMS 0x0000000710000000| PB 0x0000000710000000| Untracked 
| 129|0x0000000710200000, 0x0000000710400000, 0x0000000710400000|100%| O|Cm|TAMS 0x0000000710200000| PB 0x0000000710200000| Complete 
| 130|0x0000000710400000, 0x0000000710600000, 0x0000000710600000|100%| O|Cm|TAMS 0x0000000710400000| PB 0x0000000710400000| Complete 
| 131|0x0000000710600000, 0x0000000710800000, 0x0000000710800000|100%| O|  |TAMS 0x0000000710600000| PB 0x0000000710600000| Untracked 
| 132|0x0000000710800000, 0x0000000710a00000, 0x0000000710a00000|100%| O|  |TAMS 0x0000000710800000| PB 0x0000000710800000| Untracked 
| 133|0x0000000710a00000, 0x0000000710c00000, 0x0000000710c00000|100%| O|  |TAMS 0x0000000710a00000| PB 0x0000000710a00000| Untracked 
| 134|0x0000000710c00000, 0x0000000710c00000, 0x0000000710e00000|  0%| F|  |TAMS 0x0000000710c00000| PB 0x0000000710c00000| Untracked 
| 135|0x0000000710e00000, 0x0000000711000000, 0x0000000711000000|100%| O|  |TAMS 0x0000000710e00000| PB 0x0000000710e00000| Untracked 
| 136|0x0000000711000000, 0x0000000711200000, 0x0000000711200000|100%| O|  |TAMS 0x0000000711000000| PB 0x0000000711000000| Untracked 
| 137|0x0000000711200000, 0x0000000711400000, 0x0000000711400000|100%| O|  |TAMS 0x0000000711200000| PB 0x0000000711200000| Untracked 
| 138|0x0000000711400000, 0x0000000711600000, 0x0000000711600000|100%| O|  |TAMS 0x0000000711400000| PB 0x0000000711400000| Untracked 
| 139|0x0000000711600000, 0x0000000711800000, 0x0000000711800000|100%| O|  |TAMS 0x0000000711600000| PB 0x0000000711600000| Untracked 
| 140|0x0000000711800000, 0x0000000711a00000, 0x0000000711a00000|100%| O|  |TAMS 0x0000000711800000| PB 0x0000000711800000| Untracked 
| 141|0x0000000711a00000, 0x0000000711c00000, 0x0000000711c00000|100%| O|Cm|TAMS 0x0000000711a00000| PB 0x0000000711a00000| Complete 
| 142|0x0000000711c00000, 0x0000000711c00000, 0x0000000711e00000|  0%| F|  |TAMS 0x0000000711c00000| PB 0x0000000711c00000| Untracked 
| 143|0x0000000711e00000, 0x0000000712000000, 0x0000000712000000|100%| O|  |TAMS 0x0000000711e00000| PB 0x0000000711e00000| Untracked 
| 144|0x0000000712000000, 0x0000000712200000, 0x0000000712200000|100%| O|Cm|TAMS 0x0000000712000000| PB 0x0000000712000000| Complete 
| 145|0x0000000712200000, 0x0000000712400000, 0x0000000712400000|100%| O|Cm|TAMS 0x0000000712200000| PB 0x0000000712200000| Complete 
| 146|0x0000000712400000, 0x0000000712600000, 0x0000000712600000|100%| O|  |TAMS 0x0000000712400000| PB 0x0000000712400000| Untracked 
| 147|0x0000000712600000, 0x0000000712800000, 0x0000000712800000|100%| O|  |TAMS 0x0000000712600000| PB 0x0000000712600000| Untracked 
| 148|0x0000000712800000, 0x0000000712a00000, 0x0000000712a00000|100%| O|  |TAMS 0x0000000712800000| PB 0x0000000712800000| Untracked 
| 149|0x0000000712a00000, 0x0000000712c00000, 0x0000000712c00000|100%| O|  |TAMS 0x0000000712a00000| PB 0x0000000712a00000| Untracked 
| 150|0x0000000712c00000, 0x0000000712e00000, 0x0000000712e00000|100%| O|  |TAMS 0x0000000712c00000| PB 0x0000000712c00000| Untracked 
| 151|0x0000000712e00000, 0x0000000712e00000, 0x0000000713000000|  0%| F|  |TAMS 0x0000000712e00000| PB 0x0000000712e00000| Untracked 
| 152|0x0000000713000000, 0x0000000713200000, 0x0000000713200000|100%| O|  |TAMS 0x0000000713000000| PB 0x0000000713000000| Untracked 
| 153|0x0000000713200000, 0x0000000713400000, 0x0000000713400000|100%| O|  |TAMS 0x0000000713200000| PB 0x0000000713200000| Untracked 
| 154|0x0000000713400000, 0x0000000713400000, 0x0000000713600000|  0%| F|  |TAMS 0x0000000713400000| PB 0x0000000713400000| Untracked 
| 155|0x0000000713600000, 0x0000000713800000, 0x0000000713800000|100%| O|  |TAMS 0x0000000713600000| PB 0x0000000713600000| Untracked 
| 156|0x0000000713800000, 0x0000000713a00000, 0x0000000713a00000|100%| O|  |TAMS 0x0000000713800000| PB 0x0000000713800000| Untracked 
| 157|0x0000000713a00000, 0x0000000713c00000, 0x0000000713c00000|100%| O|  |TAMS 0x0000000713a00000| PB 0x0000000713a00000| Untracked 
| 158|0x0000000713c00000, 0x0000000713e00000, 0x0000000713e00000|100%| O|  |TAMS 0x0000000713c00000| PB 0x0000000713c00000| Untracked 
| 159|0x0000000713e00000, 0x0000000714000000, 0x0000000714000000|100%| O|  |TAMS 0x0000000713e00000| PB 0x0000000713e00000| Untracked 
| 160|0x0000000714000000, 0x0000000714200000, 0x0000000714200000|100%| O|  |TAMS 0x0000000714000000| PB 0x0000000714000000| Untracked 
| 161|0x0000000714200000, 0x0000000714400000, 0x0000000714400000|100%| O|  |TAMS 0x0000000714200000| PB 0x0000000714200000| Untracked 
| 162|0x0000000714400000, 0x0000000714600000, 0x0000000714600000|100%| O|  |TAMS 0x0000000714400000| PB 0x0000000714400000| Untracked 
| 163|0x0000000714600000, 0x0000000714800000, 0x0000000714800000|100%| O|  |TAMS 0x0000000714600000| PB 0x0000000714600000| Untracked 
| 164|0x0000000714800000, 0x0000000714a00000, 0x0000000714a00000|100%| O|  |TAMS 0x0000000714800000| PB 0x0000000714800000| Untracked 
| 165|0x0000000714a00000, 0x0000000714c00000, 0x0000000714c00000|100%| O|  |TAMS 0x0000000714a00000| PB 0x0000000714a00000| Untracked 
| 166|0x0000000714c00000, 0x0000000714e00000, 0x0000000714e00000|100%| O|  |TAMS 0x0000000714c00000| PB 0x0000000714c00000| Untracked 
| 167|0x0000000714e00000, 0x0000000715000000, 0x0000000715000000|100%| O|  |TAMS 0x0000000714e00000| PB 0x0000000714e00000| Untracked 
| 168|0x0000000715000000, 0x0000000715200000, 0x0000000715200000|100%| O|  |TAMS 0x0000000715000000| PB 0x0000000715000000| Untracked 
| 169|0x0000000715200000, 0x0000000715200000, 0x0000000715400000|  0%| F|  |TAMS 0x0000000715200000| PB 0x0000000715200000| Untracked 
| 170|0x0000000715400000, 0x0000000715600000, 0x0000000715600000|100%| O|  |TAMS 0x0000000715400000| PB 0x0000000715400000| Untracked 
| 171|0x0000000715600000, 0x0000000715800000, 0x0000000715800000|100%| O|  |TAMS 0x0000000715600000| PB 0x0000000715600000| Untracked 
| 172|0x0000000715800000, 0x0000000715800000, 0x0000000715a00000|  0%| F|  |TAMS 0x0000000715800000| PB 0x0000000715800000| Untracked 
| 173|0x0000000715a00000, 0x0000000715c00000, 0x0000000715c00000|100%| O|Cm|TAMS 0x0000000715a00000| PB 0x0000000715a00000| Complete 
| 174|0x0000000715c00000, 0x0000000715e00000, 0x0000000715e00000|100%| O|  |TAMS 0x0000000715c00000| PB 0x0000000715c00000| Untracked 
| 175|0x0000000715e00000, 0x0000000716000000, 0x0000000716000000|100%| O|  |TAMS 0x0000000715e00000| PB 0x0000000715e00000| Untracked 
| 176|0x0000000716000000, 0x0000000716200000, 0x0000000716200000|100%| O|Cm|TAMS 0x0000000716000000| PB 0x0000000716000000| Complete 
| 177|0x0000000716200000, 0x0000000716400000, 0x0000000716400000|100%| O|  |TAMS 0x0000000716200000| PB 0x0000000716200000| Untracked 
| 178|0x0000000716400000, 0x0000000716400000, 0x0000000716600000|  0%| F|  |TAMS 0x0000000716400000| PB 0x0000000716400000| Untracked 
| 179|0x0000000716600000, 0x0000000716800000, 0x0000000716800000|100%| O|  |TAMS 0x0000000716600000| PB 0x0000000716600000| Untracked 
| 180|0x0000000716800000, 0x0000000716a00000, 0x0000000716a00000|100%| O|  |TAMS 0x0000000716800000| PB 0x0000000716800000| Untracked 
| 181|0x0000000716a00000, 0x0000000716c00000, 0x0000000716c00000|100%| O|Cm|TAMS 0x0000000716a00000| PB 0x0000000716a00000| Complete 
| 182|0x0000000716c00000, 0x0000000716e00000, 0x0000000716e00000|100%| O|  |TAMS 0x0000000716c00000| PB 0x0000000716c00000| Untracked 
| 183|0x0000000716e00000, 0x0000000717000000, 0x0000000717000000|100%| O|  |TAMS 0x0000000716e00000| PB 0x0000000716e00000| Untracked 
| 184|0x0000000717000000, 0x0000000717200000, 0x0000000717200000|100%| O|  |TAMS 0x0000000717000000| PB 0x0000000717000000| Untracked 
| 185|0x0000000717200000, 0x0000000717400000, 0x0000000717400000|100%| O|  |TAMS 0x0000000717200000| PB 0x0000000717200000| Untracked 
| 186|0x0000000717400000, 0x0000000717600000, 0x0000000717600000|100%| O|  |TAMS 0x0000000717400000| PB 0x0000000717400000| Untracked 
| 187|0x0000000717600000, 0x0000000717800000, 0x0000000717800000|100%| O|  |TAMS 0x0000000717600000| PB 0x0000000717600000| Untracked 
| 188|0x0000000717800000, 0x0000000717a00000, 0x0000000717a00000|100%| O|  |TAMS 0x0000000717800000| PB 0x0000000717800000| Untracked 
| 189|0x0000000717a00000, 0x0000000717c00000, 0x0000000717c00000|100%| O|  |TAMS 0x0000000717a00000| PB 0x0000000717a00000| Untracked 
| 190|0x0000000717c00000, 0x0000000717e00000, 0x0000000717e00000|100%| O|  |TAMS 0x0000000717c00000| PB 0x0000000717c00000| Untracked 
| 191|0x0000000717e00000, 0x0000000718000000, 0x0000000718000000|100%| O|  |TAMS 0x0000000717e00000| PB 0x0000000717e00000| Untracked 
| 192|0x0000000718000000, 0x0000000718200000, 0x0000000718200000|100%| O|Cm|TAMS 0x0000000718000000| PB 0x0000000718000000| Complete 
| 193|0x0000000718200000, 0x0000000718400000, 0x0000000718400000|100%| O|  |TAMS 0x0000000718200000| PB 0x0000000718200000| Untracked 
| 194|0x0000000718400000, 0x0000000718600000, 0x0000000718600000|100%| O|  |TAMS 0x0000000718400000| PB 0x0000000718400000| Untracked 
| 195|0x0000000718600000, 0x0000000718800000, 0x0000000718800000|100%| O|Cm|TAMS 0x0000000718600000| PB 0x0000000718600000| Complete 
| 196|0x0000000718800000, 0x0000000718800000, 0x0000000718a00000|  0%| F|  |TAMS 0x0000000718800000| PB 0x0000000718800000| Untracked 
| 197|0x0000000718a00000, 0x0000000718c00000, 0x0000000718c00000|100%| O|  |TAMS 0x0000000718a00000| PB 0x0000000718a00000| Untracked 
| 198|0x0000000718c00000, 0x0000000718e00000, 0x0000000718e00000|100%| O|  |TAMS 0x0000000718c00000| PB 0x0000000718c00000| Untracked 
| 199|0x0000000718e00000, 0x0000000719000000, 0x0000000719000000|100%| O|  |TAMS 0x0000000718e00000| PB 0x0000000718e00000| Untracked 
| 200|0x0000000719000000, 0x0000000719200000, 0x0000000719200000|100%| O|  |TAMS 0x0000000719000000| PB 0x0000000719000000| Untracked 
| 201|0x0000000719200000, 0x0000000719400000, 0x0000000719400000|100%| O|  |TAMS 0x0000000719200000| PB 0x0000000719200000| Untracked 
| 202|0x0000000719400000, 0x0000000719600000, 0x0000000719600000|100%| O|Cm|TAMS 0x0000000719400000| PB 0x0000000719400000| Complete 
| 203|0x0000000719600000, 0x0000000719800000, 0x0000000719800000|100%| O|  |TAMS 0x0000000719600000| PB 0x0000000719600000| Untracked 
| 204|0x0000000719800000, 0x0000000719a00000, 0x0000000719a00000|100%| O|  |TAMS 0x0000000719800000| PB 0x0000000719800000| Untracked 
| 205|0x0000000719a00000, 0x0000000719c00000, 0x0000000719c00000|100%| O|  |TAMS 0x0000000719a00000| PB 0x0000000719a00000| Untracked 
| 206|0x0000000719c00000, 0x0000000719e00000, 0x0000000719e00000|100%| O|  |TAMS 0x0000000719c00000| PB 0x0000000719c00000| Untracked 
| 207|0x0000000719e00000, 0x000000071a000000, 0x000000071a000000|100%| O|  |TAMS 0x0000000719e00000| PB 0x0000000719e00000| Untracked 
| 208|0x000000071a000000, 0x000000071a200000, 0x000000071a200000|100%| O|  |TAMS 0x000000071a000000| PB 0x000000071a000000| Untracked 
| 209|0x000000071a200000, 0x000000071a400000, 0x000000071a400000|100%| O|  |TAMS 0x000000071a200000| PB 0x000000071a200000| Untracked 
| 210|0x000000071a400000, 0x000000071a600000, 0x000000071a600000|100%| O|  |TAMS 0x000000071a400000| PB 0x000000071a400000| Untracked 
| 211|0x000000071a600000, 0x000000071a800000, 0x000000071a800000|100%| O|  |TAMS 0x000000071a600000| PB 0x000000071a600000| Untracked 
| 212|0x000000071a800000, 0x000000071aa00000, 0x000000071aa00000|100%| O|  |TAMS 0x000000071a800000| PB 0x000000071a800000| Untracked 
| 213|0x000000071aa00000, 0x000000071ac00000, 0x000000071ac00000|100%| O|  |TAMS 0x000000071aa00000| PB 0x000000071aa00000| Untracked 
| 214|0x000000071ac00000, 0x000000071ae00000, 0x000000071ae00000|100%| O|  |TAMS 0x000000071ac00000| PB 0x000000071ac00000| Untracked 
| 215|0x000000071ae00000, 0x000000071b000000, 0x000000071b000000|100%| O|Cm|TAMS 0x000000071ae00000| PB 0x000000071ae00000| Complete 
| 216|0x000000071b000000, 0x000000071b200000, 0x000000071b200000|100%| O|  |TAMS 0x000000071b000000| PB 0x000000071b000000| Untracked 
| 217|0x000000071b200000, 0x000000071b400000, 0x000000071b400000|100%| O|  |TAMS 0x000000071b200000| PB 0x000000071b200000| Untracked 
| 218|0x000000071b400000, 0x000000071b600000, 0x000000071b600000|100%| O|  |TAMS 0x000000071b400000| PB 0x000000071b400000| Untracked 
| 219|0x000000071b600000, 0x000000071b800000, 0x000000071b800000|100%| O|  |TAMS 0x000000071b600000| PB 0x000000071b600000| Untracked 
| 220|0x000000071b800000, 0x000000071ba00000, 0x000000071ba00000|100%| O|  |TAMS 0x000000071b800000| PB 0x000000071b800000| Untracked 
| 221|0x000000071ba00000, 0x000000071bc00000, 0x000000071bc00000|100%| O|  |TAMS 0x000000071ba00000| PB 0x000000071ba00000| Untracked 
| 222|0x000000071bc00000, 0x000000071be00000, 0x000000071be00000|100%| O|  |TAMS 0x000000071bc00000| PB 0x000000071bc00000| Untracked 
| 223|0x000000071be00000, 0x000000071c000000, 0x000000071c000000|100%| O|  |TAMS 0x000000071be00000| PB 0x000000071be00000| Untracked 
| 224|0x000000071c000000, 0x000000071c200000, 0x000000071c200000|100%| O|  |TAMS 0x000000071c000000| PB 0x000000071c000000| Untracked 
| 225|0x000000071c200000, 0x000000071c400000, 0x000000071c400000|100%| O|Cm|TAMS 0x000000071c200000| PB 0x000000071c200000| Complete 
| 226|0x000000071c400000, 0x000000071c600000, 0x000000071c600000|100%| O|Cm|TAMS 0x000000071c400000| PB 0x000000071c400000| Complete 
| 227|0x000000071c600000, 0x000000071c800000, 0x000000071c800000|100%| O|  |TAMS 0x000000071c600000| PB 0x000000071c600000| Untracked 
| 228|0x000000071c800000, 0x000000071ca00000, 0x000000071ca00000|100%| O|  |TAMS 0x000000071c800000| PB 0x000000071c800000| Untracked 
| 229|0x000000071ca00000, 0x000000071cc00000, 0x000000071cc00000|100%| O|  |TAMS 0x000000071ca00000| PB 0x000000071ca00000| Untracked 
| 230|0x000000071cc00000, 0x000000071ce00000, 0x000000071ce00000|100%| O|  |TAMS 0x000000071cc00000| PB 0x000000071cc00000| Untracked 
| 231|0x000000071ce00000, 0x000000071d000000, 0x000000071d000000|100%| O|  |TAMS 0x000000071ce00000| PB 0x000000071ce00000| Untracked 
| 232|0x000000071d000000, 0x000000071d200000, 0x000000071d200000|100%| O|  |TAMS 0x000000071d000000| PB 0x000000071d000000| Untracked 
| 233|0x000000071d200000, 0x000000071d400000, 0x000000071d400000|100%| O|  |TAMS 0x000000071d200000| PB 0x000000071d200000| Untracked 
| 234|0x000000071d400000, 0x000000071d600000, 0x000000071d600000|100%| O|  |TAMS 0x000000071d400000| PB 0x000000071d400000| Untracked 
| 235|0x000000071d600000, 0x000000071d800000, 0x000000071d800000|100%| O|  |TAMS 0x000000071d600000| PB 0x000000071d600000| Untracked 
| 236|0x000000071d800000, 0x000000071da00000, 0x000000071da00000|100%| O|  |TAMS 0x000000071d800000| PB 0x000000071d800000| Untracked 
| 237|0x000000071da00000, 0x000000071dc00000, 0x000000071dc00000|100%| O|  |TAMS 0x000000071da00000| PB 0x000000071da00000| Untracked 
| 238|0x000000071dc00000, 0x000000071de00000, 0x000000071de00000|100%| O|  |TAMS 0x000000071dc00000| PB 0x000000071dc00000| Untracked 
| 239|0x000000071de00000, 0x000000071e000000, 0x000000071e000000|100%| O|  |TAMS 0x000000071de00000| PB 0x000000071de00000| Untracked 
| 240|0x000000071e000000, 0x000000071e200000, 0x000000071e200000|100%| O|  |TAMS 0x000000071e000000| PB 0x000000071e000000| Untracked 
| 241|0x000000071e200000, 0x000000071e400000, 0x000000071e400000|100%| O|  |TAMS 0x000000071e200000| PB 0x000000071e200000| Untracked 
| 242|0x000000071e400000, 0x000000071e600000, 0x000000071e600000|100%| O|  |TAMS 0x000000071e400000| PB 0x000000071e400000| Untracked 
| 243|0x000000071e600000, 0x000000071e800000, 0x000000071e800000|100%| O|  |TAMS 0x000000071e600000| PB 0x000000071e600000| Untracked 
| 244|0x000000071e800000, 0x000000071ea00000, 0x000000071ea00000|100%| O|  |TAMS 0x000000071e800000| PB 0x000000071e800000| Untracked 
| 245|0x000000071ea00000, 0x000000071ec00000, 0x000000071ec00000|100%| O|  |TAMS 0x000000071ea00000| PB 0x000000071ea00000| Untracked 
| 246|0x000000071ec00000, 0x000000071ee00000, 0x000000071ee00000|100%| O|  |TAMS 0x000000071ec00000| PB 0x000000071ec00000| Untracked 
| 247|0x000000071ee00000, 0x000000071f000000, 0x000000071f000000|100%| O|  |TAMS 0x000000071ee00000| PB 0x000000071ee00000| Untracked 
| 248|0x000000071f000000, 0x000000071f200000, 0x000000071f200000|100%| O|  |TAMS 0x000000071f000000| PB 0x000000071f000000| Untracked 
| 249|0x000000071f200000, 0x000000071f400000, 0x000000071f400000|100%| O|  |TAMS 0x000000071f200000| PB 0x000000071f200000| Untracked 
| 250|0x000000071f400000, 0x000000071f4deb58, 0x000000071f600000| 43%| O|  |TAMS 0x000000071f400000| PB 0x000000071f400000| Untracked 
| 251|0x000000071f600000, 0x000000071f600000, 0x000000071f800000|  0%| F|  |TAMS 0x000000071f600000| PB 0x000000071f600000| Untracked 
| 252|0x000000071f800000, 0x000000071f800000, 0x000000071fa00000|  0%| F|  |TAMS 0x000000071f800000| PB 0x000000071f800000| Untracked 
| 253|0x000000071fa00000, 0x000000071fa00000, 0x000000071fc00000|  0%| F|  |TAMS 0x000000071fa00000| PB 0x000000071fa00000| Untracked 
| 254|0x000000071fc00000, 0x000000071fc00000, 0x000000071fe00000|  0%| F|  |TAMS 0x000000071fc00000| PB 0x000000071fc00000| Untracked 
| 255|0x000000071fe00000, 0x000000071fe00000, 0x0000000720000000|  0%| F|  |TAMS 0x000000071fe00000| PB 0x000000071fe00000| Untracked 
| 256|0x0000000720000000, 0x0000000720000000, 0x0000000720200000|  0%| F|  |TAMS 0x0000000720000000| PB 0x0000000720000000| Untracked 
| 257|0x0000000720200000, 0x0000000720200000, 0x0000000720400000|  0%| F|  |TAMS 0x0000000720200000| PB 0x0000000720200000| Untracked 
| 258|0x0000000720400000, 0x0000000720400000, 0x0000000720600000|  0%| F|  |TAMS 0x0000000720400000| PB 0x0000000720400000| Untracked 
| 259|0x0000000720600000, 0x0000000720600000, 0x0000000720800000|  0%| F|  |TAMS 0x0000000720600000| PB 0x0000000720600000| Untracked 
| 260|0x0000000720800000, 0x0000000720800000, 0x0000000720a00000|  0%| F|  |TAMS 0x0000000720800000| PB 0x0000000720800000| Untracked 
| 261|0x0000000720a00000, 0x0000000720a00000, 0x0000000720c00000|  0%| F|  |TAMS 0x0000000720a00000| PB 0x0000000720a00000| Untracked 
| 262|0x0000000720c00000, 0x0000000720c00000, 0x0000000720e00000|  0%| F|  |TAMS 0x0000000720c00000| PB 0x0000000720c00000| Untracked 
| 263|0x0000000720e00000, 0x0000000720e00000, 0x0000000721000000|  0%| F|  |TAMS 0x0000000720e00000| PB 0x0000000720e00000| Untracked 
| 264|0x0000000721000000, 0x0000000721000000, 0x0000000721200000|  0%| F|  |TAMS 0x0000000721000000| PB 0x0000000721000000| Untracked 
| 265|0x0000000721200000, 0x0000000721200000, 0x0000000721400000|  0%| F|  |TAMS 0x0000000721200000| PB 0x0000000721200000| Untracked 
| 266|0x0000000721400000, 0x0000000721400000, 0x0000000721600000|  0%| F|  |TAMS 0x0000000721400000| PB 0x0000000721400000| Untracked 
| 267|0x0000000721600000, 0x0000000721600000, 0x0000000721800000|  0%| F|  |TAMS 0x0000000721600000| PB 0x0000000721600000| Untracked 
| 268|0x0000000721800000, 0x0000000721800000, 0x0000000721a00000|  0%| F|  |TAMS 0x0000000721800000| PB 0x0000000721800000| Untracked 
| 269|0x0000000721a00000, 0x0000000721a00000, 0x0000000721c00000|  0%| F|  |TAMS 0x0000000721a00000| PB 0x0000000721a00000| Untracked 
| 270|0x0000000721c00000, 0x0000000721c00000, 0x0000000721e00000|  0%| F|  |TAMS 0x0000000721c00000| PB 0x0000000721c00000| Untracked 
| 271|0x0000000721e00000, 0x0000000721e00000, 0x0000000722000000|  0%| F|  |TAMS 0x0000000721e00000| PB 0x0000000721e00000| Untracked 
| 272|0x0000000722000000, 0x0000000722000000, 0x0000000722200000|  0%| F|  |TAMS 0x0000000722000000| PB 0x0000000722000000| Untracked 
| 273|0x0000000722200000, 0x0000000722200000, 0x0000000722400000|  0%| F|  |TAMS 0x0000000722200000| PB 0x0000000722200000| Untracked 
| 274|0x0000000722400000, 0x0000000722400000, 0x0000000722600000|  0%| F|  |TAMS 0x0000000722400000| PB 0x0000000722400000| Untracked 
| 275|0x0000000722600000, 0x0000000722600000, 0x0000000722800000|  0%| F|  |TAMS 0x0000000722600000| PB 0x0000000722600000| Untracked 
| 276|0x0000000722800000, 0x0000000722800000, 0x0000000722a00000|  0%| F|  |TAMS 0x0000000722800000| PB 0x0000000722800000| Untracked 
| 277|0x0000000722a00000, 0x0000000722a00000, 0x0000000722c00000|  0%| F|  |TAMS 0x0000000722a00000| PB 0x0000000722a00000| Untracked 
| 278|0x0000000722c00000, 0x0000000722c00000, 0x0000000722e00000|  0%| F|  |TAMS 0x0000000722c00000| PB 0x0000000722c00000| Untracked 
| 279|0x0000000722e00000, 0x0000000722e00000, 0x0000000723000000|  0%| F|  |TAMS 0x0000000722e00000| PB 0x0000000722e00000| Untracked 
| 280|0x0000000723000000, 0x0000000723000000, 0x0000000723200000|  0%| F|  |TAMS 0x0000000723000000| PB 0x0000000723000000| Untracked 
| 281|0x0000000723200000, 0x0000000723200000, 0x0000000723400000|  0%| F|  |TAMS 0x0000000723200000| PB 0x0000000723200000| Untracked 
| 282|0x0000000723400000, 0x0000000723400000, 0x0000000723600000|  0%| F|  |TAMS 0x0000000723400000| PB 0x0000000723400000| Untracked 
| 283|0x0000000723600000, 0x0000000723600000, 0x0000000723800000|  0%| F|  |TAMS 0x0000000723600000| PB 0x0000000723600000| Untracked 
| 284|0x0000000723800000, 0x0000000723800000, 0x0000000723a00000|  0%| F|  |TAMS 0x0000000723800000| PB 0x0000000723800000| Untracked 
| 285|0x0000000723a00000, 0x0000000723a00000, 0x0000000723c00000|  0%| F|  |TAMS 0x0000000723a00000| PB 0x0000000723a00000| Untracked 
| 286|0x0000000723c00000, 0x0000000723c00000, 0x0000000723e00000|  0%| F|  |TAMS 0x0000000723c00000| PB 0x0000000723c00000| Untracked 
| 287|0x0000000723e00000, 0x0000000723e00000, 0x0000000724000000|  0%| F|  |TAMS 0x0000000723e00000| PB 0x0000000723e00000| Untracked 
| 288|0x0000000724000000, 0x0000000724000000, 0x0000000724200000|  0%| F|  |TAMS 0x0000000724000000| PB 0x0000000724000000| Untracked 
| 289|0x0000000724200000, 0x0000000724200000, 0x0000000724400000|  0%| F|  |TAMS 0x0000000724200000| PB 0x0000000724200000| Untracked 
| 290|0x0000000724400000, 0x0000000724400000, 0x0000000724600000|  0%| F|  |TAMS 0x0000000724400000| PB 0x0000000724400000| Untracked 
| 291|0x0000000724600000, 0x0000000724600000, 0x0000000724800000|  0%| F|  |TAMS 0x0000000724600000| PB 0x0000000724600000| Untracked 
| 292|0x0000000724800000, 0x0000000724800000, 0x0000000724a00000|  0%| F|  |TAMS 0x0000000724800000| PB 0x0000000724800000| Untracked 
| 293|0x0000000724a00000, 0x0000000724a00000, 0x0000000724c00000|  0%| F|  |TAMS 0x0000000724a00000| PB 0x0000000724a00000| Untracked 
| 294|0x0000000724c00000, 0x0000000724c00000, 0x0000000724e00000|  0%| F|  |TAMS 0x0000000724c00000| PB 0x0000000724c00000| Untracked 
| 295|0x0000000724e00000, 0x0000000724e00000, 0x0000000725000000|  0%| F|  |TAMS 0x0000000724e00000| PB 0x0000000724e00000| Untracked 
| 296|0x0000000725000000, 0x0000000725000000, 0x0000000725200000|  0%| F|  |TAMS 0x0000000725000000| PB 0x0000000725000000| Untracked 
| 297|0x0000000725200000, 0x0000000725200000, 0x0000000725400000|  0%| F|  |TAMS 0x0000000725200000| PB 0x0000000725200000| Untracked 
| 298|0x0000000725400000, 0x0000000725400000, 0x0000000725600000|  0%| F|  |TAMS 0x0000000725400000| PB 0x0000000725400000| Untracked 
| 299|0x0000000725600000, 0x0000000725600000, 0x0000000725800000|  0%| F|  |TAMS 0x0000000725600000| PB 0x0000000725600000| Untracked 
| 300|0x0000000725800000, 0x0000000725800000, 0x0000000725a00000|  0%| F|  |TAMS 0x0000000725800000| PB 0x0000000725800000| Untracked 
| 301|0x0000000725a00000, 0x0000000725a00000, 0x0000000725c00000|  0%| F|  |TAMS 0x0000000725a00000| PB 0x0000000725a00000| Untracked 
| 302|0x0000000725c00000, 0x0000000725c00000, 0x0000000725e00000|  0%| F|  |TAMS 0x0000000725c00000| PB 0x0000000725c00000| Untracked 
| 303|0x0000000725e00000, 0x0000000725e00000, 0x0000000726000000|  0%| F|  |TAMS 0x0000000725e00000| PB 0x0000000725e00000| Untracked 
| 304|0x0000000726000000, 0x0000000726000000, 0x0000000726200000|  0%| F|  |TAMS 0x0000000726000000| PB 0x0000000726000000| Untracked 
| 305|0x0000000726200000, 0x0000000726200000, 0x0000000726400000|  0%| F|  |TAMS 0x0000000726200000| PB 0x0000000726200000| Untracked 
| 306|0x0000000726400000, 0x0000000726400000, 0x0000000726600000|  0%| F|  |TAMS 0x0000000726400000| PB 0x0000000726400000| Untracked 
| 307|0x0000000726600000, 0x0000000726600000, 0x0000000726800000|  0%| F|  |TAMS 0x0000000726600000| PB 0x0000000726600000| Untracked 
| 308|0x0000000726800000, 0x0000000726800000, 0x0000000726a00000|  0%| F|  |TAMS 0x0000000726800000| PB 0x0000000726800000| Untracked 
| 309|0x0000000726a00000, 0x0000000726a00000, 0x0000000726c00000|  0%| F|  |TAMS 0x0000000726a00000| PB 0x0000000726a00000| Untracked 
| 310|0x0000000726c00000, 0x0000000726c00000, 0x0000000726e00000|  0%| F|  |TAMS 0x0000000726c00000| PB 0x0000000726c00000| Untracked 
| 311|0x0000000726e00000, 0x0000000726e00000, 0x0000000727000000|  0%| F|  |TAMS 0x0000000726e00000| PB 0x0000000726e00000| Untracked 
| 312|0x0000000727000000, 0x0000000727000000, 0x0000000727200000|  0%| F|  |TAMS 0x0000000727000000| PB 0x0000000727000000| Untracked 
| 313|0x0000000727200000, 0x0000000727200000, 0x0000000727400000|  0%| F|  |TAMS 0x0000000727200000| PB 0x0000000727200000| Untracked 
| 314|0x0000000727400000, 0x0000000727400000, 0x0000000727600000|  0%| F|  |TAMS 0x0000000727400000| PB 0x0000000727400000| Untracked 
| 315|0x0000000727600000, 0x0000000727600000, 0x0000000727800000|  0%| F|  |TAMS 0x0000000727600000| PB 0x0000000727600000| Untracked 
| 316|0x0000000727800000, 0x0000000727800000, 0x0000000727a00000|  0%| F|  |TAMS 0x0000000727800000| PB 0x0000000727800000| Untracked 
| 317|0x0000000727a00000, 0x0000000727a00000, 0x0000000727c00000|  0%| F|  |TAMS 0x0000000727a00000| PB 0x0000000727a00000| Untracked 
| 318|0x0000000727c00000, 0x0000000727c00000, 0x0000000727e00000|  0%| F|  |TAMS 0x0000000727c00000| PB 0x0000000727c00000| Untracked 
| 319|0x0000000727e00000, 0x0000000727e00000, 0x0000000728000000|  0%| F|  |TAMS 0x0000000727e00000| PB 0x0000000727e00000| Untracked 
| 320|0x0000000728000000, 0x0000000728000000, 0x0000000728200000|  0%| F|  |TAMS 0x0000000728000000| PB 0x0000000728000000| Untracked 
| 321|0x0000000728200000, 0x0000000728200000, 0x0000000728400000|  0%| F|  |TAMS 0x0000000728200000| PB 0x0000000728200000| Untracked 
| 322|0x0000000728400000, 0x0000000728400000, 0x0000000728600000|  0%| F|  |TAMS 0x0000000728400000| PB 0x0000000728400000| Untracked 
| 323|0x0000000728600000, 0x0000000728600000, 0x0000000728800000|  0%| F|  |TAMS 0x0000000728600000| PB 0x0000000728600000| Untracked 
| 324|0x0000000728800000, 0x0000000728800000, 0x0000000728a00000|  0%| F|  |TAMS 0x0000000728800000| PB 0x0000000728800000| Untracked 
| 325|0x0000000728a00000, 0x0000000728a00000, 0x0000000728c00000|  0%| F|  |TAMS 0x0000000728a00000| PB 0x0000000728a00000| Untracked 
| 326|0x0000000728c00000, 0x0000000728c00000, 0x0000000728e00000|  0%| F|  |TAMS 0x0000000728c00000| PB 0x0000000728c00000| Untracked 
| 327|0x0000000728e00000, 0x0000000728e00000, 0x0000000729000000|  0%| F|  |TAMS 0x0000000728e00000| PB 0x0000000728e00000| Untracked 
| 328|0x0000000729000000, 0x0000000729000000, 0x0000000729200000|  0%| F|  |TAMS 0x0000000729000000| PB 0x0000000729000000| Untracked 
| 329|0x0000000729200000, 0x0000000729200000, 0x0000000729400000|  0%| F|  |TAMS 0x0000000729200000| PB 0x0000000729200000| Untracked 
| 330|0x0000000729400000, 0x0000000729400000, 0x0000000729600000|  0%| F|  |TAMS 0x0000000729400000| PB 0x0000000729400000| Untracked 
| 331|0x0000000729600000, 0x0000000729600000, 0x0000000729800000|  0%| F|  |TAMS 0x0000000729600000| PB 0x0000000729600000| Untracked 
| 332|0x0000000729800000, 0x0000000729800000, 0x0000000729a00000|  0%| F|  |TAMS 0x0000000729800000| PB 0x0000000729800000| Untracked 
| 333|0x0000000729a00000, 0x0000000729a00000, 0x0000000729c00000|  0%| F|  |TAMS 0x0000000729a00000| PB 0x0000000729a00000| Untracked 
| 334|0x0000000729c00000, 0x0000000729c00000, 0x0000000729e00000|  0%| F|  |TAMS 0x0000000729c00000| PB 0x0000000729c00000| Untracked 
| 335|0x0000000729e00000, 0x0000000729e00000, 0x000000072a000000|  0%| F|  |TAMS 0x0000000729e00000| PB 0x0000000729e00000| Untracked 
| 336|0x000000072a000000, 0x000000072a000000, 0x000000072a200000|  0%| F|  |TAMS 0x000000072a000000| PB 0x000000072a000000| Untracked 
| 337|0x000000072a200000, 0x000000072a200000, 0x000000072a400000|  0%| F|  |TAMS 0x000000072a200000| PB 0x000000072a200000| Untracked 
| 338|0x000000072a400000, 0x000000072a400000, 0x000000072a600000|  0%| F|  |TAMS 0x000000072a400000| PB 0x000000072a400000| Untracked 
| 339|0x000000072a600000, 0x000000072a600000, 0x000000072a800000|  0%| F|  |TAMS 0x000000072a600000| PB 0x000000072a600000| Untracked 
| 340|0x000000072a800000, 0x000000072a800000, 0x000000072aa00000|  0%| F|  |TAMS 0x000000072a800000| PB 0x000000072a800000| Untracked 
| 341|0x000000072aa00000, 0x000000072aa00000, 0x000000072ac00000|  0%| F|  |TAMS 0x000000072aa00000| PB 0x000000072aa00000| Untracked 
| 342|0x000000072ac00000, 0x000000072ac00000, 0x000000072ae00000|  0%| F|  |TAMS 0x000000072ac00000| PB 0x000000072ac00000| Untracked 
| 343|0x000000072ae00000, 0x000000072ae00000, 0x000000072b000000|  0%| F|  |TAMS 0x000000072ae00000| PB 0x000000072ae00000| Untracked 
| 344|0x000000072b000000, 0x000000072b000000, 0x000000072b200000|  0%| F|  |TAMS 0x000000072b000000| PB 0x000000072b000000| Untracked 
| 345|0x000000072b200000, 0x000000072b200000, 0x000000072b400000|  0%| F|  |TAMS 0x000000072b200000| PB 0x000000072b200000| Untracked 
| 346|0x000000072b400000, 0x000000072b400000, 0x000000072b600000|  0%| F|  |TAMS 0x000000072b400000| PB 0x000000072b400000| Untracked 
| 347|0x000000072b600000, 0x000000072b600000, 0x000000072b800000|  0%| F|  |TAMS 0x000000072b600000| PB 0x000000072b600000| Untracked 
| 348|0x000000072b800000, 0x000000072b800000, 0x000000072ba00000|  0%| F|  |TAMS 0x000000072b800000| PB 0x000000072b800000| Untracked 
| 349|0x000000072ba00000, 0x000000072ba00000, 0x000000072bc00000|  0%| F|  |TAMS 0x000000072ba00000| PB 0x000000072ba00000| Untracked 
| 350|0x000000072bc00000, 0x000000072bc00000, 0x000000072be00000|  0%| F|  |TAMS 0x000000072bc00000| PB 0x000000072bc00000| Untracked 
| 351|0x000000072be00000, 0x000000072be00000, 0x000000072c000000|  0%| F|  |TAMS 0x000000072be00000| PB 0x000000072be00000| Untracked 
| 352|0x000000072c000000, 0x000000072c000000, 0x000000072c200000|  0%| F|  |TAMS 0x000000072c000000| PB 0x000000072c000000| Untracked 
| 353|0x000000072c200000, 0x000000072c200000, 0x000000072c400000|  0%| F|  |TAMS 0x000000072c200000| PB 0x000000072c200000| Untracked 
| 354|0x000000072c400000, 0x000000072c400000, 0x000000072c600000|  0%| F|  |TAMS 0x000000072c400000| PB 0x000000072c400000| Untracked 
| 355|0x000000072c600000, 0x000000072c600000, 0x000000072c800000|  0%| F|  |TAMS 0x000000072c600000| PB 0x000000072c600000| Untracked 
| 356|0x000000072c800000, 0x000000072c800000, 0x000000072ca00000|  0%| F|  |TAMS 0x000000072c800000| PB 0x000000072c800000| Untracked 
| 357|0x000000072ca00000, 0x000000072ca00000, 0x000000072cc00000|  0%| F|  |TAMS 0x000000072ca00000| PB 0x000000072ca00000| Untracked 
| 358|0x000000072cc00000, 0x000000072cc00000, 0x000000072ce00000|  0%| F|  |TAMS 0x000000072cc00000| PB 0x000000072cc00000| Untracked 
| 359|0x000000072ce00000, 0x000000072ce00000, 0x000000072d000000|  0%| F|  |TAMS 0x000000072ce00000| PB 0x000000072ce00000| Untracked 
| 360|0x000000072d000000, 0x000000072d000000, 0x000000072d200000|  0%| F|  |TAMS 0x000000072d000000| PB 0x000000072d000000| Untracked 
| 361|0x000000072d200000, 0x000000072d200000, 0x000000072d400000|  0%| F|  |TAMS 0x000000072d200000| PB 0x000000072d200000| Untracked 
| 362|0x000000072d400000, 0x000000072d400000, 0x000000072d600000|  0%| F|  |TAMS 0x000000072d400000| PB 0x000000072d400000| Untracked 
| 363|0x000000072d600000, 0x000000072d600000, 0x000000072d800000|  0%| F|  |TAMS 0x000000072d600000| PB 0x000000072d600000| Untracked 
| 364|0x000000072d800000, 0x000000072d800000, 0x000000072da00000|  0%| F|  |TAMS 0x000000072d800000| PB 0x000000072d800000| Untracked 
| 365|0x000000072da00000, 0x000000072da00000, 0x000000072dc00000|  0%| F|  |TAMS 0x000000072da00000| PB 0x000000072da00000| Untracked 
| 366|0x000000072dc00000, 0x000000072dc00000, 0x000000072de00000|  0%| F|  |TAMS 0x000000072dc00000| PB 0x000000072dc00000| Untracked 
| 367|0x000000072de00000, 0x000000072de00000, 0x000000072e000000|  0%| F|  |TAMS 0x000000072de00000| PB 0x000000072de00000| Untracked 
| 368|0x000000072e000000, 0x000000072e000000, 0x000000072e200000|  0%| F|  |TAMS 0x000000072e000000| PB 0x000000072e000000| Untracked 
| 369|0x000000072e200000, 0x000000072e200000, 0x000000072e400000|  0%| F|  |TAMS 0x000000072e200000| PB 0x000000072e200000| Untracked 
| 370|0x000000072e400000, 0x000000072e400000, 0x000000072e600000|  0%| F|  |TAMS 0x000000072e400000| PB 0x000000072e400000| Untracked 
| 371|0x000000072e600000, 0x000000072e600000, 0x000000072e800000|  0%| F|  |TAMS 0x000000072e600000| PB 0x000000072e600000| Untracked 
| 372|0x000000072e800000, 0x000000072e800000, 0x000000072ea00000|  0%| F|  |TAMS 0x000000072e800000| PB 0x000000072e800000| Untracked 
| 373|0x000000072ea00000, 0x000000072ea00000, 0x000000072ec00000|  0%| F|  |TAMS 0x000000072ea00000| PB 0x000000072ea00000| Untracked 
| 374|0x000000072ec00000, 0x000000072ec00000, 0x000000072ee00000|  0%| F|  |TAMS 0x000000072ec00000| PB 0x000000072ec00000| Untracked 
| 375|0x000000072ee00000, 0x000000072ee00000, 0x000000072f000000|  0%| F|  |TAMS 0x000000072ee00000| PB 0x000000072ee00000| Untracked 
| 376|0x000000072f000000, 0x000000072f000000, 0x000000072f200000|  0%| F|  |TAMS 0x000000072f000000| PB 0x000000072f000000| Untracked 
| 377|0x000000072f200000, 0x000000072f200000, 0x000000072f400000|  0%| F|  |TAMS 0x000000072f200000| PB 0x000000072f200000| Untracked 
| 378|0x000000072f400000, 0x000000072f400000, 0x000000072f600000|  0%| F|  |TAMS 0x000000072f400000| PB 0x000000072f400000| Untracked 
| 379|0x000000072f600000, 0x000000072f600000, 0x000000072f800000|  0%| F|  |TAMS 0x000000072f600000| PB 0x000000072f600000| Untracked 
| 380|0x000000072f800000, 0x000000072f800000, 0x000000072fa00000|  0%| F|  |TAMS 0x000000072f800000| PB 0x000000072f800000| Untracked 
| 381|0x000000072fa00000, 0x000000072fa00000, 0x000000072fc00000|  0%| F|  |TAMS 0x000000072fa00000| PB 0x000000072fa00000| Untracked 
| 382|0x000000072fc00000, 0x000000072fc00000, 0x000000072fe00000|  0%| F|  |TAMS 0x000000072fc00000| PB 0x000000072fc00000| Untracked 
| 383|0x000000072fe00000, 0x000000072fe00000, 0x0000000730000000|  0%| F|  |TAMS 0x000000072fe00000| PB 0x000000072fe00000| Untracked 
| 384|0x0000000730000000, 0x0000000730000000, 0x0000000730200000|  0%| F|  |TAMS 0x0000000730000000| PB 0x0000000730000000| Untracked 
| 385|0x0000000730200000, 0x0000000730200000, 0x0000000730400000|  0%| F|  |TAMS 0x0000000730200000| PB 0x0000000730200000| Untracked 
| 386|0x0000000730400000, 0x0000000730400000, 0x0000000730600000|  0%| F|  |TAMS 0x0000000730400000| PB 0x0000000730400000| Untracked 
| 387|0x0000000730600000, 0x0000000730600000, 0x0000000730800000|  0%| F|  |TAMS 0x0000000730600000| PB 0x0000000730600000| Untracked 
| 388|0x0000000730800000, 0x0000000730800000, 0x0000000730a00000|  0%| F|  |TAMS 0x0000000730800000| PB 0x0000000730800000| Untracked 
| 389|0x0000000730a00000, 0x0000000730a00000, 0x0000000730c00000|  0%| F|  |TAMS 0x0000000730a00000| PB 0x0000000730a00000| Untracked 
| 390|0x0000000730c00000, 0x0000000730c00000, 0x0000000730e00000|  0%| F|  |TAMS 0x0000000730c00000| PB 0x0000000730c00000| Untracked 
| 391|0x0000000730e00000, 0x0000000730e00000, 0x0000000731000000|  0%| F|  |TAMS 0x0000000730e00000| PB 0x0000000730e00000| Untracked 
| 392|0x0000000731000000, 0x0000000731000000, 0x0000000731200000|  0%| F|  |TAMS 0x0000000731000000| PB 0x0000000731000000| Untracked 
| 393|0x0000000731200000, 0x0000000731200000, 0x0000000731400000|  0%| F|  |TAMS 0x0000000731200000| PB 0x0000000731200000| Untracked 
| 394|0x0000000731400000, 0x0000000731400000, 0x0000000731600000|  0%| F|  |TAMS 0x0000000731400000| PB 0x0000000731400000| Untracked 
| 395|0x0000000731600000, 0x0000000731600000, 0x0000000731800000|  0%| F|  |TAMS 0x0000000731600000| PB 0x0000000731600000| Untracked 
| 396|0x0000000731800000, 0x0000000731800000, 0x0000000731a00000|  0%| F|  |TAMS 0x0000000731800000| PB 0x0000000731800000| Untracked 
| 397|0x0000000731a00000, 0x0000000731a00000, 0x0000000731c00000|  0%| F|  |TAMS 0x0000000731a00000| PB 0x0000000731a00000| Untracked 
| 398|0x0000000731c00000, 0x0000000731c00000, 0x0000000731e00000|  0%| F|  |TAMS 0x0000000731c00000| PB 0x0000000731c00000| Untracked 
| 399|0x0000000731e00000, 0x0000000731e00000, 0x0000000732000000|  0%| F|  |TAMS 0x0000000731e00000| PB 0x0000000731e00000| Untracked 
| 400|0x0000000732000000, 0x0000000732000000, 0x0000000732200000|  0%| F|  |TAMS 0x0000000732000000| PB 0x0000000732000000| Untracked 
| 401|0x0000000732200000, 0x0000000732200000, 0x0000000732400000|  0%| F|  |TAMS 0x0000000732200000| PB 0x0000000732200000| Untracked 
| 402|0x0000000732400000, 0x0000000732400000, 0x0000000732600000|  0%| F|  |TAMS 0x0000000732400000| PB 0x0000000732400000| Untracked 
| 403|0x0000000732600000, 0x0000000732600000, 0x0000000732800000|  0%| F|  |TAMS 0x0000000732600000| PB 0x0000000732600000| Untracked 
| 404|0x0000000732800000, 0x0000000732800000, 0x0000000732a00000|  0%| F|  |TAMS 0x0000000732800000| PB 0x0000000732800000| Untracked 
| 405|0x0000000732a00000, 0x0000000732a00000, 0x0000000732c00000|  0%| F|  |TAMS 0x0000000732a00000| PB 0x0000000732a00000| Untracked 
| 406|0x0000000732c00000, 0x0000000732c00000, 0x0000000732e00000|  0%| F|  |TAMS 0x0000000732c00000| PB 0x0000000732c00000| Untracked 
| 407|0x0000000732e00000, 0x0000000732e00000, 0x0000000733000000|  0%| F|  |TAMS 0x0000000732e00000| PB 0x0000000732e00000| Untracked 
| 408|0x0000000733000000, 0x0000000733000000, 0x0000000733200000|  0%| F|  |TAMS 0x0000000733000000| PB 0x0000000733000000| Untracked 
| 409|0x0000000733200000, 0x0000000733200000, 0x0000000733400000|  0%| F|  |TAMS 0x0000000733200000| PB 0x0000000733200000| Untracked 
| 410|0x0000000733400000, 0x0000000733400000, 0x0000000733600000|  0%| F|  |TAMS 0x0000000733400000| PB 0x0000000733400000| Untracked 
| 411|0x0000000733600000, 0x0000000733600000, 0x0000000733800000|  0%| F|  |TAMS 0x0000000733600000| PB 0x0000000733600000| Untracked 
| 412|0x0000000733800000, 0x0000000733800000, 0x0000000733a00000|  0%| F|  |TAMS 0x0000000733800000| PB 0x0000000733800000| Untracked 
| 413|0x0000000733a00000, 0x0000000733a00000, 0x0000000733c00000|  0%| F|  |TAMS 0x0000000733a00000| PB 0x0000000733a00000| Untracked 
| 414|0x0000000733c00000, 0x0000000733c00000, 0x0000000733e00000|  0%| F|  |TAMS 0x0000000733c00000| PB 0x0000000733c00000| Untracked 
| 415|0x0000000733e00000, 0x0000000733e00000, 0x0000000734000000|  0%| F|  |TAMS 0x0000000733e00000| PB 0x0000000733e00000| Untracked 
| 416|0x0000000734000000, 0x0000000734000000, 0x0000000734200000|  0%| F|  |TAMS 0x0000000734000000| PB 0x0000000734000000| Untracked 
| 417|0x0000000734200000, 0x0000000734200000, 0x0000000734400000|  0%| F|  |TAMS 0x0000000734200000| PB 0x0000000734200000| Untracked 
| 418|0x0000000734400000, 0x0000000734400000, 0x0000000734600000|  0%| F|  |TAMS 0x0000000734400000| PB 0x0000000734400000| Untracked 
| 419|0x0000000734600000, 0x0000000734600000, 0x0000000734800000|  0%| F|  |TAMS 0x0000000734600000| PB 0x0000000734600000| Untracked 
| 420|0x0000000734800000, 0x0000000734800000, 0x0000000734a00000|  0%| F|  |TAMS 0x0000000734800000| PB 0x0000000734800000| Untracked 
| 421|0x0000000734a00000, 0x0000000734a00000, 0x0000000734c00000|  0%| F|  |TAMS 0x0000000734a00000| PB 0x0000000734a00000| Untracked 
| 422|0x0000000734c00000, 0x0000000734c00000, 0x0000000734e00000|  0%| F|  |TAMS 0x0000000734c00000| PB 0x0000000734c00000| Untracked 
| 423|0x0000000734e00000, 0x0000000734e00000, 0x0000000735000000|  0%| F|  |TAMS 0x0000000734e00000| PB 0x0000000734e00000| Untracked 
| 424|0x0000000735000000, 0x0000000735000000, 0x0000000735200000|  0%| F|  |TAMS 0x0000000735000000| PB 0x0000000735000000| Untracked 
| 425|0x0000000735200000, 0x0000000735200000, 0x0000000735400000|  0%| F|  |TAMS 0x0000000735200000| PB 0x0000000735200000| Untracked 
| 426|0x0000000735400000, 0x0000000735400000, 0x0000000735600000|  0%| F|  |TAMS 0x0000000735400000| PB 0x0000000735400000| Untracked 
| 427|0x0000000735600000, 0x0000000735600000, 0x0000000735800000|  0%| F|  |TAMS 0x0000000735600000| PB 0x0000000735600000| Untracked 
| 428|0x0000000735800000, 0x0000000735800000, 0x0000000735a00000|  0%| F|  |TAMS 0x0000000735800000| PB 0x0000000735800000| Untracked 
| 429|0x0000000735a00000, 0x0000000735a00000, 0x0000000735c00000|  0%| F|  |TAMS 0x0000000735a00000| PB 0x0000000735a00000| Untracked 
| 430|0x0000000735c00000, 0x0000000735c00000, 0x0000000735e00000|  0%| F|  |TAMS 0x0000000735c00000| PB 0x0000000735c00000| Untracked 
| 431|0x0000000735e00000, 0x0000000735e00000, 0x0000000736000000|  0%| F|  |TAMS 0x0000000735e00000| PB 0x0000000735e00000| Untracked 
| 432|0x0000000736000000, 0x0000000736000000, 0x0000000736200000|  0%| F|  |TAMS 0x0000000736000000| PB 0x0000000736000000| Untracked 
| 433|0x0000000736200000, 0x0000000736200000, 0x0000000736400000|  0%| F|  |TAMS 0x0000000736200000| PB 0x0000000736200000| Untracked 
| 434|0x0000000736400000, 0x0000000736400000, 0x0000000736600000|  0%| F|  |TAMS 0x0000000736400000| PB 0x0000000736400000| Untracked 
| 435|0x0000000736600000, 0x0000000736600000, 0x0000000736800000|  0%| F|  |TAMS 0x0000000736600000| PB 0x0000000736600000| Untracked 
| 436|0x0000000736800000, 0x0000000736800000, 0x0000000736a00000|  0%| F|  |TAMS 0x0000000736800000| PB 0x0000000736800000| Untracked 
| 437|0x0000000736a00000, 0x0000000736a00000, 0x0000000736c00000|  0%| F|  |TAMS 0x0000000736a00000| PB 0x0000000736a00000| Untracked 
| 438|0x0000000736c00000, 0x0000000736c00000, 0x0000000736e00000|  0%| F|  |TAMS 0x0000000736c00000| PB 0x0000000736c00000| Untracked 
| 439|0x0000000736e00000, 0x0000000736e00000, 0x0000000737000000|  0%| F|  |TAMS 0x0000000736e00000| PB 0x0000000736e00000| Untracked 
| 440|0x0000000737000000, 0x0000000737000000, 0x0000000737200000|  0%| F|  |TAMS 0x0000000737000000| PB 0x0000000737000000| Untracked 
| 441|0x0000000737200000, 0x0000000737200000, 0x0000000737400000|  0%| F|  |TAMS 0x0000000737200000| PB 0x0000000737200000| Untracked 
| 442|0x0000000737400000, 0x0000000737400000, 0x0000000737600000|  0%| F|  |TAMS 0x0000000737400000| PB 0x0000000737400000| Untracked 
| 443|0x0000000737600000, 0x0000000737600000, 0x0000000737800000|  0%| F|  |TAMS 0x0000000737600000| PB 0x0000000737600000| Untracked 
| 444|0x0000000737800000, 0x0000000737800000, 0x0000000737a00000|  0%| F|  |TAMS 0x0000000737800000| PB 0x0000000737800000| Untracked 
| 445|0x0000000737a00000, 0x0000000737a00000, 0x0000000737c00000|  0%| F|  |TAMS 0x0000000737a00000| PB 0x0000000737a00000| Untracked 
| 446|0x0000000737c00000, 0x0000000737c00000, 0x0000000737e00000|  0%| F|  |TAMS 0x0000000737c00000| PB 0x0000000737c00000| Untracked 
| 447|0x0000000737e00000, 0x0000000737e00000, 0x0000000738000000|  0%| F|  |TAMS 0x0000000737e00000| PB 0x0000000737e00000| Untracked 
| 448|0x0000000738000000, 0x0000000738000000, 0x0000000738200000|  0%| F|  |TAMS 0x0000000738000000| PB 0x0000000738000000| Untracked 
| 449|0x0000000738200000, 0x0000000738200000, 0x0000000738400000|  0%| F|  |TAMS 0x0000000738200000| PB 0x0000000738200000| Untracked 
| 450|0x0000000738400000, 0x0000000738400000, 0x0000000738600000|  0%| F|  |TAMS 0x0000000738400000| PB 0x0000000738400000| Untracked 
| 451|0x0000000738600000, 0x0000000738600000, 0x0000000738800000|  0%| F|  |TAMS 0x0000000738600000| PB 0x0000000738600000| Untracked 
| 452|0x0000000738800000, 0x0000000738800000, 0x0000000738a00000|  0%| F|  |TAMS 0x0000000738800000| PB 0x0000000738800000| Untracked 
| 453|0x0000000738a00000, 0x0000000738a00000, 0x0000000738c00000|  0%| F|  |TAMS 0x0000000738a00000| PB 0x0000000738a00000| Untracked 
| 454|0x0000000738c00000, 0x0000000738c00000, 0x0000000738e00000|  0%| F|  |TAMS 0x0000000738c00000| PB 0x0000000738c00000| Untracked 
| 455|0x0000000738e00000, 0x0000000738e00000, 0x0000000739000000|  0%| F|  |TAMS 0x0000000738e00000| PB 0x0000000738e00000| Untracked 
| 456|0x0000000739000000, 0x0000000739000000, 0x0000000739200000|  0%| F|  |TAMS 0x0000000739000000| PB 0x0000000739000000| Untracked 
| 457|0x0000000739200000, 0x0000000739200000, 0x0000000739400000|  0%| F|  |TAMS 0x0000000739200000| PB 0x0000000739200000| Untracked 
| 458|0x0000000739400000, 0x0000000739400000, 0x0000000739600000|  0%| F|  |TAMS 0x0000000739400000| PB 0x0000000739400000| Untracked 
| 459|0x0000000739600000, 0x0000000739600000, 0x0000000739800000|  0%| F|  |TAMS 0x0000000739600000| PB 0x0000000739600000| Untracked 
| 460|0x0000000739800000, 0x0000000739800000, 0x0000000739a00000|  0%| F|  |TAMS 0x0000000739800000| PB 0x0000000739800000| Untracked 
| 461|0x0000000739a00000, 0x0000000739a00000, 0x0000000739c00000|  0%| F|  |TAMS 0x0000000739a00000| PB 0x0000000739a00000| Untracked 
| 462|0x0000000739c00000, 0x0000000739c00000, 0x0000000739e00000|  0%| F|  |TAMS 0x0000000739c00000| PB 0x0000000739c00000| Untracked 
| 463|0x0000000739e00000, 0x0000000739e00000, 0x000000073a000000|  0%| F|  |TAMS 0x0000000739e00000| PB 0x0000000739e00000| Untracked 
| 464|0x000000073a000000, 0x000000073a000000, 0x000000073a200000|  0%| F|  |TAMS 0x000000073a000000| PB 0x000000073a000000| Untracked 
| 465|0x000000073a200000, 0x000000073a200000, 0x000000073a400000|  0%| F|  |TAMS 0x000000073a200000| PB 0x000000073a200000| Untracked 
| 466|0x000000073a400000, 0x000000073a400000, 0x000000073a600000|  0%| F|  |TAMS 0x000000073a400000| PB 0x000000073a400000| Untracked 
| 467|0x000000073a600000, 0x000000073a600000, 0x000000073a800000|  0%| F|  |TAMS 0x000000073a600000| PB 0x000000073a600000| Untracked 
| 468|0x000000073a800000, 0x000000073a800000, 0x000000073aa00000|  0%| F|  |TAMS 0x000000073a800000| PB 0x000000073a800000| Untracked 
| 469|0x000000073aa00000, 0x000000073aa00000, 0x000000073ac00000|  0%| F|  |TAMS 0x000000073aa00000| PB 0x000000073aa00000| Untracked 
| 470|0x000000073ac00000, 0x000000073ac00000, 0x000000073ae00000|  0%| F|  |TAMS 0x000000073ac00000| PB 0x000000073ac00000| Untracked 
| 471|0x000000073ae00000, 0x000000073ae00000, 0x000000073b000000|  0%| F|  |TAMS 0x000000073ae00000| PB 0x000000073ae00000| Untracked 
| 472|0x000000073b000000, 0x000000073b000000, 0x000000073b200000|  0%| F|  |TAMS 0x000000073b000000| PB 0x000000073b000000| Untracked 
| 473|0x000000073b200000, 0x000000073b200000, 0x000000073b400000|  0%| F|  |TAMS 0x000000073b200000| PB 0x000000073b200000| Untracked 
| 474|0x000000073b400000, 0x000000073b400000, 0x000000073b600000|  0%| F|  |TAMS 0x000000073b400000| PB 0x000000073b400000| Untracked 
| 475|0x000000073b600000, 0x000000073b600000, 0x000000073b800000|  0%| F|  |TAMS 0x000000073b600000| PB 0x000000073b600000| Untracked 
| 476|0x000000073b800000, 0x000000073b800000, 0x000000073ba00000|  0%| F|  |TAMS 0x000000073b800000| PB 0x000000073b800000| Untracked 
| 477|0x000000073ba00000, 0x000000073ba00000, 0x000000073bc00000|  0%| F|  |TAMS 0x000000073ba00000| PB 0x000000073ba00000| Untracked 
| 478|0x000000073bc00000, 0x000000073bc00000, 0x000000073be00000|  0%| F|  |TAMS 0x000000073bc00000| PB 0x000000073bc00000| Untracked 
| 479|0x000000073be00000, 0x000000073be00000, 0x000000073c000000|  0%| F|  |TAMS 0x000000073be00000| PB 0x000000073be00000| Untracked 
| 480|0x000000073c000000, 0x000000073c000000, 0x000000073c200000|  0%| F|  |TAMS 0x000000073c000000| PB 0x000000073c000000| Untracked 
| 481|0x000000073c200000, 0x000000073c200000, 0x000000073c400000|  0%| F|  |TAMS 0x000000073c200000| PB 0x000000073c200000| Untracked 
| 482|0x000000073c400000, 0x000000073c400000, 0x000000073c600000|  0%| F|  |TAMS 0x000000073c400000| PB 0x000000073c400000| Untracked 
| 483|0x000000073c600000, 0x000000073c600000, 0x000000073c800000|  0%| F|  |TAMS 0x000000073c600000| PB 0x000000073c600000| Untracked 
| 484|0x000000073c800000, 0x000000073c800000, 0x000000073ca00000|  0%| F|  |TAMS 0x000000073c800000| PB 0x000000073c800000| Untracked 
| 485|0x000000073ca00000, 0x000000073ca00000, 0x000000073cc00000|  0%| F|  |TAMS 0x000000073ca00000| PB 0x000000073ca00000| Untracked 
| 486|0x000000073cc00000, 0x000000073cc00000, 0x000000073ce00000|  0%| F|  |TAMS 0x000000073cc00000| PB 0x000000073cc00000| Untracked 
| 487|0x000000073ce00000, 0x000000073ce00000, 0x000000073d000000|  0%| F|  |TAMS 0x000000073ce00000| PB 0x000000073ce00000| Untracked 
| 488|0x000000073d000000, 0x000000073d000000, 0x000000073d200000|  0%| F|  |TAMS 0x000000073d000000| PB 0x000000073d000000| Untracked 
| 489|0x000000073d200000, 0x000000073d200000, 0x000000073d400000|  0%| F|  |TAMS 0x000000073d200000| PB 0x000000073d200000| Untracked 
| 490|0x000000073d400000, 0x000000073d400000, 0x000000073d600000|  0%| F|  |TAMS 0x000000073d400000| PB 0x000000073d400000| Untracked 
| 491|0x000000073d600000, 0x000000073d600000, 0x000000073d800000|  0%| F|  |TAMS 0x000000073d600000| PB 0x000000073d600000| Untracked 
| 492|0x000000073d800000, 0x000000073d800000, 0x000000073da00000|  0%| F|  |TAMS 0x000000073d800000| PB 0x000000073d800000| Untracked 
| 493|0x000000073da00000, 0x000000073da00000, 0x000000073dc00000|  0%| F|  |TAMS 0x000000073da00000| PB 0x000000073da00000| Untracked 
| 494|0x000000073dc00000, 0x000000073dc00000, 0x000000073de00000|  0%| F|  |TAMS 0x000000073dc00000| PB 0x000000073dc00000| Untracked 
| 495|0x000000073de00000, 0x000000073de00000, 0x000000073e000000|  0%| F|  |TAMS 0x000000073de00000| PB 0x000000073de00000| Untracked 
| 496|0x000000073e000000, 0x000000073e000000, 0x000000073e200000|  0%| F|  |TAMS 0x000000073e000000| PB 0x000000073e000000| Untracked 
| 497|0x000000073e200000, 0x000000073e200000, 0x000000073e400000|  0%| F|  |TAMS 0x000000073e200000| PB 0x000000073e200000| Untracked 
| 498|0x000000073e400000, 0x000000073e400000, 0x000000073e600000|  0%| F|  |TAMS 0x000000073e400000| PB 0x000000073e400000| Untracked 
| 499|0x000000073e600000, 0x000000073e600000, 0x000000073e800000|  0%| F|  |TAMS 0x000000073e600000| PB 0x000000073e600000| Untracked 
| 500|0x000000073e800000, 0x000000073e800000, 0x000000073ea00000|  0%| F|  |TAMS 0x000000073e800000| PB 0x000000073e800000| Untracked 
| 501|0x000000073ea00000, 0x000000073ea00000, 0x000000073ec00000|  0%| F|  |TAMS 0x000000073ea00000| PB 0x000000073ea00000| Untracked 
| 502|0x000000073ec00000, 0x000000073ec00000, 0x000000073ee00000|  0%| F|  |TAMS 0x000000073ec00000| PB 0x000000073ec00000| Untracked 
| 503|0x000000073ee00000, 0x000000073ee00000, 0x000000073f000000|  0%| F|  |TAMS 0x000000073ee00000| PB 0x000000073ee00000| Untracked 
| 504|0x000000073f000000, 0x000000073f000000, 0x000000073f200000|  0%| F|  |TAMS 0x000000073f000000| PB 0x000000073f000000| Untracked 
| 505|0x000000073f200000, 0x000000073f200000, 0x000000073f400000|  0%| F|  |TAMS 0x000000073f200000| PB 0x000000073f200000| Untracked 
| 506|0x000000073f400000, 0x000000073f400000, 0x000000073f600000|  0%| F|  |TAMS 0x000000073f400000| PB 0x000000073f400000| Untracked 
| 507|0x000000073f600000, 0x000000073f600000, 0x000000073f800000|  0%| F|  |TAMS 0x000000073f600000| PB 0x000000073f600000| Untracked 
| 508|0x000000073f800000, 0x000000073f800000, 0x000000073fa00000|  0%| F|  |TAMS 0x000000073f800000| PB 0x000000073f800000| Untracked 
| 509|0x000000073fa00000, 0x000000073fa00000, 0x000000073fc00000|  0%| F|  |TAMS 0x000000073fa00000| PB 0x000000073fa00000| Untracked 
| 510|0x000000073fc00000, 0x000000073fc00000, 0x000000073fe00000|  0%| F|  |TAMS 0x000000073fc00000| PB 0x000000073fc00000| Untracked 
| 511|0x000000073fe00000, 0x000000073fe00000, 0x0000000740000000|  0%| F|  |TAMS 0x000000073fe00000| PB 0x000000073fe00000| Untracked 
| 512|0x0000000740000000, 0x0000000740000000, 0x0000000740200000|  0%| F|  |TAMS 0x0000000740000000| PB 0x0000000740000000| Untracked 
| 513|0x0000000740200000, 0x0000000740200000, 0x0000000740400000|  0%| F|  |TAMS 0x0000000740200000| PB 0x0000000740200000| Untracked 
| 514|0x0000000740400000, 0x0000000740400000, 0x0000000740600000|  0%| F|  |TAMS 0x0000000740400000| PB 0x0000000740400000| Untracked 
| 515|0x0000000740600000, 0x0000000740600000, 0x0000000740800000|  0%| F|  |TAMS 0x0000000740600000| PB 0x0000000740600000| Untracked 
| 516|0x0000000740800000, 0x0000000740800000, 0x0000000740a00000|  0%| F|  |TAMS 0x0000000740800000| PB 0x0000000740800000| Untracked 
| 517|0x0000000740a00000, 0x0000000740a00000, 0x0000000740c00000|  0%| F|  |TAMS 0x0000000740a00000| PB 0x0000000740a00000| Untracked 
| 518|0x0000000740c00000, 0x0000000740c065c0, 0x0000000740e00000|  1%| E|  |TAMS 0x0000000740c00000| PB 0x0000000740c00000| Complete 
| 519|0x0000000740e00000, 0x0000000741000000, 0x0000000741000000|100%| E|CS|TAMS 0x0000000740e00000| PB 0x0000000740e00000| Complete 
| 520|0x0000000741000000, 0x0000000741200000, 0x0000000741200000|100%| E|CS|TAMS 0x0000000741000000| PB 0x0000000741000000| Complete 
| 521|0x0000000741200000, 0x0000000741400000, 0x0000000741400000|100%| E|CS|TAMS 0x0000000741200000| PB 0x0000000741200000| Complete 
| 522|0x0000000741400000, 0x0000000741600000, 0x0000000741600000|100%| E|CS|TAMS 0x0000000741400000| PB 0x0000000741400000| Complete 
| 523|0x0000000741600000, 0x0000000741800000, 0x0000000741800000|100%| E|CS|TAMS 0x0000000741600000| PB 0x0000000741600000| Complete 
| 524|0x0000000741800000, 0x0000000741a00000, 0x0000000741a00000|100%| E|CS|TAMS 0x0000000741800000| PB 0x0000000741800000| Complete 
| 525|0x0000000741a00000, 0x0000000741c00000, 0x0000000741c00000|100%| E|CS|TAMS 0x0000000741a00000| PB 0x0000000741a00000| Complete 
| 526|0x0000000741c00000, 0x0000000741e00000, 0x0000000741e00000|100%| E|CS|TAMS 0x0000000741c00000| PB 0x0000000741c00000| Complete 
| 527|0x0000000741e00000, 0x0000000742000000, 0x0000000742000000|100%| E|CS|TAMS 0x0000000741e00000| PB 0x0000000741e00000| Complete 
| 528|0x0000000742000000, 0x0000000742200000, 0x0000000742200000|100%| E|CS|TAMS 0x0000000742000000| PB 0x0000000742000000| Complete 
| 529|0x0000000742200000, 0x0000000742400000, 0x0000000742400000|100%| E|CS|TAMS 0x0000000742200000| PB 0x0000000742200000| Complete 
| 530|0x0000000742400000, 0x0000000742600000, 0x0000000742600000|100%| E|CS|TAMS 0x0000000742400000| PB 0x0000000742400000| Complete 
| 531|0x0000000742600000, 0x0000000742800000, 0x0000000742800000|100%| E|CS|TAMS 0x0000000742600000| PB 0x0000000742600000| Complete 
| 532|0x0000000742800000, 0x0000000742a00000, 0x0000000742a00000|100%| E|CS|TAMS 0x0000000742800000| PB 0x0000000742800000| Complete 
| 533|0x0000000742a00000, 0x0000000742c00000, 0x0000000742c00000|100%| E|CS|TAMS 0x0000000742a00000| PB 0x0000000742a00000| Complete 
| 534|0x0000000742c00000, 0x0000000742e00000, 0x0000000742e00000|100%| E|CS|TAMS 0x0000000742c00000| PB 0x0000000742c00000| Complete 
| 535|0x0000000742e00000, 0x0000000743000000, 0x0000000743000000|100%| E|CS|TAMS 0x0000000742e00000| PB 0x0000000742e00000| Complete 
| 536|0x0000000743000000, 0x0000000743200000, 0x0000000743200000|100%| E|CS|TAMS 0x0000000743000000| PB 0x0000000743000000| Complete 
| 537|0x0000000743200000, 0x0000000743400000, 0x0000000743400000|100%| E|CS|TAMS 0x0000000743200000| PB 0x0000000743200000| Complete 
| 538|0x0000000743400000, 0x0000000743600000, 0x0000000743600000|100%| E|CS|TAMS 0x0000000743400000| PB 0x0000000743400000| Complete 
| 539|0x0000000743600000, 0x0000000743800000, 0x0000000743800000|100%| E|CS|TAMS 0x0000000743600000| PB 0x0000000743600000| Complete 
| 540|0x0000000743800000, 0x0000000743a00000, 0x0000000743a00000|100%| E|CS|TAMS 0x0000000743800000| PB 0x0000000743800000| Complete 
| 541|0x0000000743a00000, 0x0000000743c00000, 0x0000000743c00000|100%| E|CS|TAMS 0x0000000743a00000| PB 0x0000000743a00000| Complete 
| 542|0x0000000743c00000, 0x0000000743e00000, 0x0000000743e00000|100%| E|CS|TAMS 0x0000000743c00000| PB 0x0000000743c00000| Complete 
| 543|0x0000000743e00000, 0x0000000744000000, 0x0000000744000000|100%| E|CS|TAMS 0x0000000743e00000| PB 0x0000000743e00000| Complete 
| 544|0x0000000744000000, 0x0000000744200000, 0x0000000744200000|100%| E|CS|TAMS 0x0000000744000000| PB 0x0000000744000000| Complete 
| 545|0x0000000744200000, 0x0000000744400000, 0x0000000744400000|100%| E|CS|TAMS 0x0000000744200000| PB 0x0000000744200000| Complete 
| 546|0x0000000744400000, 0x0000000744600000, 0x0000000744600000|100%| E|CS|TAMS 0x0000000744400000| PB 0x0000000744400000| Complete 
| 547|0x0000000744600000, 0x0000000744800000, 0x0000000744800000|100%| E|CS|TAMS 0x0000000744600000| PB 0x0000000744600000| Complete 
| 548|0x0000000744800000, 0x0000000744963bb0, 0x0000000744a00000| 69%| S|CS|TAMS 0x0000000744800000| PB 0x0000000744800000| Complete 
| 549|0x0000000744a00000, 0x0000000744c00000, 0x0000000744c00000|100%| S|CS|TAMS 0x0000000744a00000| PB 0x0000000744a00000| Complete 
| 550|0x0000000744c00000, 0x0000000744e00000, 0x0000000744e00000|100%| S|CS|TAMS 0x0000000744c00000| PB 0x0000000744c00000| Complete 
| 551|0x0000000744e00000, 0x0000000745000000, 0x0000000745000000|100%| E|CS|TAMS 0x0000000744e00000| PB 0x0000000744e00000| Complete 
| 552|0x0000000745000000, 0x0000000745200000, 0x0000000745200000|100%| E|CS|TAMS 0x0000000745000000| PB 0x0000000745000000| Complete 
| 553|0x0000000745200000, 0x0000000745400000, 0x0000000745400000|100%| E|CS|TAMS 0x0000000745200000| PB 0x0000000745200000| Complete 
| 554|0x0000000745400000, 0x0000000745600000, 0x0000000745600000|100%| E|CS|TAMS 0x0000000745400000| PB 0x0000000745400000| Complete 
| 555|0x0000000745600000, 0x0000000745800000, 0x0000000745800000|100%| E|CS|TAMS 0x0000000745600000| PB 0x0000000745600000| Complete 
| 556|0x0000000745800000, 0x0000000745a00000, 0x0000000745a00000|100%| E|CS|TAMS 0x0000000745800000| PB 0x0000000745800000| Complete 
| 557|0x0000000745a00000, 0x0000000745c00000, 0x0000000745c00000|100%| E|CS|TAMS 0x0000000745a00000| PB 0x0000000745a00000| Complete 
| 558|0x0000000745c00000, 0x0000000745e00000, 0x0000000745e00000|100%| E|CS|TAMS 0x0000000745c00000| PB 0x0000000745c00000| Complete 
| 559|0x0000000745e00000, 0x0000000746000000, 0x0000000746000000|100%| E|CS|TAMS 0x0000000745e00000| PB 0x0000000745e00000| Complete 
| 560|0x0000000746000000, 0x0000000746200000, 0x0000000746200000|100%| E|CS|TAMS 0x0000000746000000| PB 0x0000000746000000| Complete 
| 561|0x0000000746200000, 0x0000000746400000, 0x0000000746400000|100%| E|CS|TAMS 0x0000000746200000| PB 0x0000000746200000| Complete 
| 562|0x0000000746400000, 0x0000000746600000, 0x0000000746600000|100%| E|CS|TAMS 0x0000000746400000| PB 0x0000000746400000| Complete 
| 563|0x0000000746600000, 0x0000000746800000, 0x0000000746800000|100%| E|CS|TAMS 0x0000000746600000| PB 0x0000000746600000| Complete 
| 564|0x0000000746800000, 0x0000000746a00000, 0x0000000746a00000|100%| E|CS|TAMS 0x0000000746800000| PB 0x0000000746800000| Complete 
| 565|0x0000000746a00000, 0x0000000746c00000, 0x0000000746c00000|100%| E|CS|TAMS 0x0000000746a00000| PB 0x0000000746a00000| Complete 
| 566|0x0000000746c00000, 0x0000000746e00000, 0x0000000746e00000|100%| E|CS|TAMS 0x0000000746c00000| PB 0x0000000746c00000| Complete 
| 567|0x0000000746e00000, 0x0000000747000000, 0x0000000747000000|100%| E|CS|TAMS 0x0000000746e00000| PB 0x0000000746e00000| Complete 
| 568|0x0000000747000000, 0x0000000747200000, 0x0000000747200000|100%| E|CS|TAMS 0x0000000747000000| PB 0x0000000747000000| Complete 
| 569|0x0000000747200000, 0x0000000747400000, 0x0000000747400000|100%| E|CS|TAMS 0x0000000747200000| PB 0x0000000747200000| Complete 
|1003|0x000000077d600000, 0x000000077d800000, 0x000000077d800000|100%| E|CS|TAMS 0x000000077d600000| PB 0x000000077d600000| Complete 
|1004|0x000000077d800000, 0x000000077da00000, 0x000000077da00000|100%| E|CS|TAMS 0x000000077d800000| PB 0x000000077d800000| Complete 
|1005|0x000000077da00000, 0x000000077dc00000, 0x000000077dc00000|100%| E|CS|TAMS 0x000000077da00000| PB 0x000000077da00000| Complete 
|1006|0x000000077dc00000, 0x000000077de00000, 0x000000077de00000|100%| E|CS|TAMS 0x000000077dc00000| PB 0x000000077dc00000| Complete 
|2023|0x00000007fce00000, 0x00000007fd000000, 0x00000007fd000000|100%| O|  |TAMS 0x00000007fce00000| PB 0x00000007fce00000| Untracked 
|2024|0x00000007fd000000, 0x00000007fd200000, 0x00000007fd200000|100%| O|  |TAMS 0x00000007fd000000| PB 0x00000007fd000000| Untracked 
|2025|0x00000007fd200000, 0x00000007fd400000, 0x00000007fd400000|100%| O|Cm|TAMS 0x00000007fd200000| PB 0x00000007fd200000| Complete 
|2039|0x00000007fee00000, 0x00000007ff000000, 0x00000007ff000000|100%| O|  |TAMS 0x00000007fee00000| PB 0x00000007fee00000| Untracked 
|2042|0x00000007ff400000, 0x00000007ff600000, 0x00000007ff600000|100%| O|  |TAMS 0x00000007ff400000| PB 0x00000007ff400000| Untracked 
|2043|0x00000007ff600000, 0x00000007ff800000, 0x00000007ff800000|100%| E|CS|TAMS 0x00000007ff600000| PB 0x00000007ff600000| Complete 
|2044|0x00000007ff800000, 0x00000007ffa00000, 0x00000007ffa00000|100%| O|  |TAMS 0x00000007ff800000| PB 0x00000007ff800000| Untracked 
|2045|0x00000007ffa00000, 0x00000007ffc00000, 0x00000007ffc00000|100%| O|  |TAMS 0x00000007ffa00000| PB 0x00000007ffa00000| Untracked 
|2046|0x00000007ffc00000, 0x00000007ffe00000, 0x00000007ffe00000|100%| O|  |TAMS 0x00000007ffc00000| PB 0x00000007ffc00000| Untracked 
|2047|0x00000007ffe00000, 0x0000000800000000, 0x0000000800000000|100%| O|  |TAMS 0x00000007ffe00000| PB 0x00000007ffe00000| Untracked 

Card table byte_map: [0x00000162295c0000,0x0000016229dc0000] _byte_map_base: 0x0000016225dc0000

Marking Bits: (CMBitMap*) 0x0000016216993de0
 Bits: [0x0000016229dc0000, 0x000001622ddc0000)

Polling page: 0x00000162145f0000

Metaspace:

Usage:
  Non-class:    230.56 MB used.
      Class:     32.52 MB used.
       Both:    263.09 MB used.

Virtual space:
  Non-class space:      384.00 MB reserved,     231.38 MB ( 60%) committed,  6 nodes.
      Class space:        1.00 GB reserved,      33.31 MB (  3%) committed,  1 nodes.
             Both:        1.38 GB reserved,     264.69 MB ( 19%) committed. 

Chunk freelists:
   Non-Class:  152.61 MB
       Class:  30.61 MB
        Both:  183.22 MB

MaxMetaspaceSize: unlimited
CompressedClassSpaceSize: 1.00 GB
Initial GC threshold: 21.00 MB
Current GC threshold: 639.31 MB
CDS: off
 - commit_granule_bytes: 65536.
 - commit_granule_words: 8192.
 - virtual_space_node_default_size: 8388608.
 - enlarge_chunks_in_place: 1.
 - use_allocation_guard: 0.


Internal statistics:

num_allocs_failed_limit: 9.
num_arena_births: 5676.
num_arena_deaths: 2536.
num_vsnodes_births: 7.
num_vsnodes_deaths: 0.
num_space_committed: 11189.
num_space_uncommitted: 1227.
num_chunks_returned_to_freelist: 21633.
num_chunks_taken_from_freelist: 36731.
num_chunk_merges: 8039.
num_chunk_splits: 25925.
num_chunks_enlarged: 22153.
num_inconsistent_stats: 0.

CodeHeap 'non-profiled nmethods': size=120000Kb used=28658Kb max_used=30387Kb free=91341Kb
 bounds [0x0000016221560000, 0x0000016223320000, 0x0000016228a90000]
CodeHeap 'profiled nmethods': size=120000Kb used=71980Kb max_used=96251Kb free=48019Kb
 bounds [0x0000016219a90000, 0x000001621f930000, 0x0000016220fc0000]
CodeHeap 'non-nmethods': size=5760Kb used=2499Kb max_used=2682Kb free=3260Kb
 bounds [0x0000016220fc0000, 0x0000016221280000, 0x0000016221560000]
CodeCache: size=245760Kb, used=103137Kb, max_used=129320Kb, free=142620Kb
 total_blobs=25019, nmethods=23704, adapters=1213, full_count=0
Compilation: enabled, stopped_count=0, restarted_count=0

Compilation events (20 events):
Event: 7214.125 Thread 0x00000162309eefa0 176681       3       kotlin.jvm.internal.Reflection::getOrCreateKotlinClass (8 bytes)
Event: 7214.126 Thread 0x00000162309eefa0 nmethod 176681 0x000001621b453590 code [0x000001621b453740, 0x000001621b4538d0]
Event: 7214.126 Thread 0x00000162309eefa0 176682       3       kotlin.reflect.jvm.internal.ReflectionFactoryImpl::getOrCreateKotlinClass (5 bytes)
Event: 7214.126 Thread 0x00000162309eefa0 nmethod 176682 0x000001621b453210 code [0x000001621b4533c0, 0x000001621b4534f8]
Event: 7214.126 Thread 0x00000162309eefa0 176683       3       kotlin.reflect.jvm.internal.KClassCacheKt::getOrCreateKotlinClass (250 bytes)
Event: 7214.166 Thread 0x00000162309eefa0 nmethod 176683 0x000001621f0eaa10 code [0x000001621f0eae40, 0x000001621f0ed1c8]
Event: 7214.168 Thread 0x00000162309eefa0 176684       3       kotlin.reflect.jvm.internal.ReflectProperties::lazy (17 bytes)
Event: 7214.168 Thread 0x00000162309eefa0 nmethod 176684 0x000001621b452a90 code [0x000001621b452c80, 0x000001621b4530a0]
Event: 7214.169 Thread 0x00000162309eefa0 176685       3       kotlin.reflect.jvm.internal.ReflectProperties$LazyVal::<init> (23 bytes)
Event: 7214.169 Thread 0x00000162309eefa0 nmethod 176685 0x000001621b452490 code [0x000001621b452660, 0x000001621b452970]
Event: 7214.215 Thread 0x00000162309eefa0 176687       3       kotlin.reflect.jvm.internal.impl.name.FqName::<init> (26 bytes)
Event: 7214.216 Thread 0x00000162309eefa0 nmethod 176687 0x000001621b451c90 code [0x000001621b451e80, 0x000001621b452330]
Event: 7214.216 Thread 0x00000162309eefa0 176688       3       kotlin.reflect.jvm.internal.impl.name.FqNameUnsafe::<init> (31 bytes)
Event: 7214.216 Thread 0x00000162309eefa0 nmethod 176688 0x000001621b451690 code [0x000001621b451860, 0x000001621b451b60]
Event: 7214.216 Thread 0x00000162309eefa0 176686       3       kotlin.reflect.jvm.internal.impl.name.Name::<init> (23 bytes)
Event: 7214.217 Thread 0x00000162309eefa0 nmethod 176686 0x000001621b451190 code [0x000001621b451340, 0x000001621b451590]
Event: 7214.747 Thread 0x00000162309eefa0 176689       3       java.util.regex.Pattern$Branch::<init> (37 bytes)
Event: 7214.748 Thread 0x00000162309eefa0 nmethod 176689 0x000001621f0ea010 code [0x000001621f0ea1e0, 0x000001621f0ea898]
Event: 7215.076 Thread 0x00000162309eefa0 176690       1       org.jetbrains.kotlin.com.intellij.psi.tree.IElementType::getIndex (5 bytes)
Event: 7215.076 Thread 0x00000162309eefa0 nmethod 176690 0x0000016222f6d310 code [0x0000016222f6d4a0, 0x0000016222f6d570]

GC Heap History (20 events):
Event: 6832.100 GC heap before
{Heap before GC invocations=212 (full 0):
 garbage-first heap   total 1196032K, used 454924K [0x0000000700000000, 0x0000000800000000)
  region size 2048K, 53 young (108544K), 4 survivors (8192K)
 Metaspace       used 229754K, committed 233856K, reserved 1441792K
  class space    used 28922K, committed 32320K, reserved 1048576K
}
Event: 6832.168 GC heap after
{Heap after GC invocations=213 (full 0):
 garbage-first heap   total 1196032K, used 366592K [0x0000000700000000, 0x0000000800000000)
  region size 2048K, 7 young (14336K), 7 survivors (14336K)
 Metaspace       used 229754K, committed 233856K, reserved 1441792K
  class space    used 28922K, committed 32320K, reserved 1048576K
}
Event: 6836.020 GC heap before
{Heap before GC invocations=213 (full 0):
 garbage-first heap   total 1196032K, used 450560K [0x0000000700000000, 0x0000000800000000)
  region size 2048K, 48 young (98304K), 7 survivors (14336K)
 Metaspace       used 230208K, committed 234304K, reserved 1441792K
  class space    used 28952K, committed 32320K, reserved 1048576K
}
Event: 6836.115 GC heap after
{Heap after GC invocations=214 (full 0):
 garbage-first heap   total 1196032K, used 373484K [0x0000000700000000, 0x0000000800000000)
  region size 2048K, 6 young (12288K), 6 survivors (12288K)
 Metaspace       used 230208K, committed 234304K, reserved 1441792K
  class space    used 28952K, committed 32320K, reserved 1048576K
}
Event: 6847.698 GC heap before
{Heap before GC invocations=214 (full 0):
 garbage-first heap   total 1196032K, used 496364K [0x0000000700000000, 0x0000000800000000)
  region size 2048K, 67 young (137216K), 6 survivors (12288K)
 Metaspace       used 238212K, committed 241536K, reserved 1441792K
  class space    used 29721K, committed 32320K, reserved 1048576K
}
Event: 6847.762 GC heap after
{Heap after GC invocations=215 (full 0):
 garbage-first heap   total 1196032K, used 394385K [0x0000000700000000, 0x0000000800000000)
  region size 2048K, 10 young (20480K), 10 survivors (20480K)
 Metaspace       used 238212K, committed 241536K, reserved 1441792K
  class space    used 29721K, committed 32320K, reserved 1048576K
}
Event: 6862.668 GC heap before
{Heap before GC invocations=216 (full 0):
 garbage-first heap   total 1196032K, used 511121K [0x0000000700000000, 0x0000000800000000)
  region size 2048K, 67 young (137216K), 10 survivors (20480K)
 Metaspace       used 239494K, committed 242688K, reserved 1441792K
  class space    used 29847K, committed 32320K, reserved 1048576K
}
Event: 6862.801 GC heap after
{Heap after GC invocations=217 (full 0):
 garbage-first heap   total 1196032K, used 415165K [0x0000000700000000, 0x0000000800000000)
  region size 2048K, 9 young (18432K), 9 survivors (18432K)
 Metaspace       used 239494K, committed 242688K, reserved 1441792K
  class space    used 29847K, committed 32320K, reserved 1048576K
}
Event: 6883.124 GC heap before
{Heap before GC invocations=217 (full 0):
 garbage-first heap   total 1196032K, used 597437K [0x0000000700000000, 0x0000000800000000)
  region size 2048K, 98 young (200704K), 9 survivors (18432K)
 Metaspace       used 240000K, committed 243200K, reserved 1441792K
  class space    used 29866K, committed 32320K, reserved 1048576K
}
Event: 6883.238 GC heap after
{Heap after GC invocations=218 (full 0):
 garbage-first heap   total 1196032K, used 436224K [0x0000000700000000, 0x0000000800000000)
  region size 2048K, 13 young (26624K), 13 survivors (26624K)
 Metaspace       used 240000K, committed 243200K, reserved 1441792K
  class space    used 29866K, committed 32320K, reserved 1048576K
}
Event: 6909.101 GC heap before
{Heap before GC invocations=218 (full 0):
 garbage-first heap   total 1196032K, used 548864K [0x0000000700000000, 0x0000000800000000)
  region size 2048K, 69 young (141312K), 13 survivors (26624K)
 Metaspace       used 244023K, committed 246912K, reserved 1441792K
  class space    used 30188K, committed 32320K, reserved 1048576K
}
Event: 6909.199 GC heap after
{Heap after GC invocations=219 (full 0):
 garbage-first heap   total 1196032K, used 453816K [0x0000000700000000, 0x0000000800000000)
  region size 2048K, 8 young (16384K), 8 survivors (16384K)
 Metaspace       used 244023K, committed 246912K, reserved 1441792K
  class space    used 30188K, committed 32320K, reserved 1048576K
}
Event: 7118.086 GC heap before
{Heap before GC invocations=220 (full 0):
 garbage-first heap   total 1196032K, used 658616K [0x0000000700000000, 0x0000000800000000)
  region size 2048K, 108 young (221184K), 8 survivors (16384K)
 Metaspace       used 246567K, committed 249344K, reserved 1441792K
  class space    used 30357K, committed 32320K, reserved 1048576K
}
Event: 7118.305 GC heap after
{Heap after GC invocations=221 (full 0):
 garbage-first heap   total 1196032K, used 468992K [0x0000000700000000, 0x0000000800000000)
  region size 2048K, 14 young (28672K), 14 survivors (28672K)
 Metaspace       used 246567K, committed 249344K, reserved 1441792K
  class space    used 30357K, committed 32320K, reserved 1048576K
}
Event: 7138.979 GC heap before
{Heap before GC invocations=221 (full 0):
 garbage-first heap   total 1196032K, used 657408K [0x0000000700000000, 0x0000000800000000)
  region size 2048K, 104 young (212992K), 14 survivors (28672K)
 Metaspace       used 246636K, committed 249408K, reserved 1441792K
  class space    used 30360K, committed 32320K, reserved 1048576K
}
Event: 7139.163 GC heap after
{Heap after GC invocations=222 (full 0):
 garbage-first heap   total 1196032K, used 471660K [0x0000000700000000, 0x0000000800000000)
  region size 2048K, 7 young (14336K), 7 survivors (14336K)
 Metaspace       used 246636K, committed 249408K, reserved 1441792K
  class space    used 30360K, committed 32320K, reserved 1048576K
}
Event: 7159.749 GC heap before
{Heap before GC invocations=222 (full 0):
 garbage-first heap   total 1196032K, used 744044K [0x0000000700000000, 0x0000000800000000)
  region size 2048K, 136 young (278528K), 7 survivors (14336K)
 Metaspace       used 247470K, committed 250176K, reserved 1441792K
  class space    used 30421K, committed 32320K, reserved 1048576K
}
Event: 7159.975 GC heap after
{Heap after GC invocations=223 (full 0):
 garbage-first heap   total 1196032K, used 530432K [0x0000000700000000, 0x0000000800000000)
  region size 2048K, 17 young (34816K), 17 survivors (34816K)
 Metaspace       used 247470K, committed 250176K, reserved 1441792K
  class space    used 30421K, committed 32320K, reserved 1048576K
}
Event: 7182.552 GC heap before
{Heap before GC invocations=223 (full 0):
 garbage-first heap   total 1196032K, used 577536K [0x0000000700000000, 0x0000000800000000)
  region size 2048K, 41 young (83968K), 17 survivors (34816K)
 Metaspace       used 254063K, committed 256320K, reserved 1441792K
  class space    used 31128K, committed 32576K, reserved 1048576K
}
Event: 7182.685 GC heap after
{Heap after GC invocations=224 (full 0):
 garbage-first heap   total 1196032K, used 518409K [0x0000000700000000, 0x0000000800000000)
  region size 2048K, 3 young (6144K), 3 survivors (6144K)
 Metaspace       used 254063K, committed 256320K, reserved 1441792K
  class space    used 31128K, committed 32576K, reserved 1048576K
}

Dll operation events (11 events):
Event: 0.355 Loaded shared library D:\Dev\Android Studio\jbr\bin\java.dll
Event: 0.443 Loaded shared library D:\Dev\Android Studio\jbr\bin\zip.dll
Event: 2.539 Loaded shared library D:\Dev\Android Studio\jbr\bin\verify.dll
Event: 137.438 Unloaded dll "D:\Dev\Temp\sqlite-3.41.2.2-f9f47071-6913-450f-b974-ea1dd3c74bb5-sqlitejdbc.dll" [0x00007ffd72530000]
Event: 563.778 Unloaded dll "D:\Dev\Temp\sqlite-3.41.2.2-9107512f-2323-495f-8396-e70ad76175d3-sqlitejdbc.dll" [0x00007ffd72450000]
Event: 2338.315 Unloaded dll "D:\Dev\Temp\sqlite-3.41.2.2-a0fdfd8f-c353-45e5-8215-b9cd6af65b80-sqlitejdbc.dll" [0x00007ffd8afc0000]
Event: 2615.215 Unloaded dll "D:\Dev\Temp\sqlite-3.41.2.2-5ceaacb2-f497-4c63-a556-773a723ae9b5-sqlitejdbc.dll" [0x00007ffd66020000]
Event: 3510.085 Unloaded dll "D:\Dev\Temp\sqlite-3.41.2.2-3ca819cf-0cca-4048-9ec4-0f36a660dc66-sqlitejdbc.dll" [0x00007ffd8af70000]
Event: 4102.608 Unloaded dll "D:\Dev\Temp\sqlite-3.41.2.2-aecee907-9f35-4671-b719-9a88c13e11ce-sqlitejdbc.dll" [0x00007ffd50320000]
Event: 6400.523 Unloaded dll "D:\Dev\Temp\sqlite-3.41.2.2-b27a4f1e-d5b9-4b49-96f6-ad845b59ba9d-sqlitejdbc.dll" [0x00007ffd03e30000]
Event: 6806.337 Unloaded dll "D:\Dev\Temp\sqlite-3.41.2.2-10758338-6027-42a4-b673-4e3d8a37fd23-sqlitejdbc.dll" [0x00007ffd50320000]

Deoptimization events (20 events):
Event: 7211.251 Thread 0x000001624fec3430 Uncommon trap: trap_request=0xffffffde fr.pc=0x0000016222382678 relative=0x0000000000000058
Event: 7211.251 Thread 0x000001624fec3430 Uncommon trap: reason=class_check action=maybe_recompile pc=0x0000016222382678 method=kotlin.collections.CollectionsKt___CollectionsKt.getOrNull(Ljava/util/List;I)Ljava/lang/Object; @ 13 c2
Event: 7211.251 Thread 0x000001624fec3430 DEOPT PACKING pc=0x0000016222382678 sp=0x00000013d9afe070
Event: 7211.251 Thread 0x000001624fec3430 DEOPT UNPACKING pc=0x0000016221014422 sp=0x00000013d9afdff8 mode 2
Event: 7211.251 Thread 0x000001624fec3430 Uncommon trap: trap_request=0xffffffde fr.pc=0x0000016222382678 relative=0x0000000000000058
Event: 7211.251 Thread 0x000001624fec3430 Uncommon trap: reason=class_check action=maybe_recompile pc=0x0000016222382678 method=kotlin.collections.CollectionsKt___CollectionsKt.getOrNull(Ljava/util/List;I)Ljava/lang/Object; @ 13 c2
Event: 7211.251 Thread 0x000001624fec3430 DEOPT PACKING pc=0x0000016222382678 sp=0x00000013d9afe070
Event: 7211.251 Thread 0x000001624fec3430 DEOPT UNPACKING pc=0x0000016221014422 sp=0x00000013d9afdff8 mode 2
Event: 7211.251 Thread 0x000001624fec3430 Uncommon trap: trap_request=0xffffff45 fr.pc=0x0000016222383060 relative=0x0000000000000600
Event: 7211.251 Thread 0x000001624fec3430 Uncommon trap: reason=unstable_if action=reinterpret pc=0x0000016222383060 method=org.jetbrains.kotlin.protobuf.LazyStringArrayList.get(I)Ljava/lang/String; @ 15 c2
Event: 7211.251 Thread 0x000001624fec3430 DEOPT PACKING pc=0x0000016222383060 sp=0x00000013d9afded0
Event: 7211.251 Thread 0x000001624fec3430 DEOPT UNPACKING pc=0x0000016221014422 sp=0x00000013d9afde40 mode 2
Event: 7211.342 Thread 0x000001624fec3430 Uncommon trap: trap_request=0xffffff45 fr.pc=0x00000162223845e0 relative=0x0000000000000600
Event: 7211.342 Thread 0x000001624fec3430 Uncommon trap: reason=unstable_if action=reinterpret pc=0x00000162223845e0 method=org.jetbrains.kotlin.protobuf.LazyStringArrayList.get(I)Ljava/lang/String; @ 15 c2
Event: 7211.342 Thread 0x000001624fec3430 DEOPT PACKING pc=0x00000162223845e0 sp=0x00000013d9afdf30
Event: 7211.342 Thread 0x000001624fec3430 DEOPT UNPACKING pc=0x0000016221014422 sp=0x00000013d9afdef8 mode 2
Event: 7211.518 Thread 0x000001624fec3430 Uncommon trap: trap_request=0xffffff45 fr.pc=0x0000016222388ea4 relative=0x00000000000005a4
Event: 7211.518 Thread 0x000001624fec3430 Uncommon trap: reason=unstable_if action=reinterpret pc=0x0000016222388ea4 method=org.jetbrains.kotlin.protobuf.CodedInputStream.readBytes()Lorg/jetbrains/kotlin/protobuf/ByteString; @ 19 c2
Event: 7211.518 Thread 0x000001624fec3430 DEOPT PACKING pc=0x0000016222388ea4 sp=0x00000013d9afda30
Event: 7211.518 Thread 0x000001624fec3430 DEOPT UNPACKING pc=0x0000016221014422 sp=0x00000013d9afda00 mode 2

Classes loaded (20 events):
Event: 682.777 Loading class java/util/concurrent/ForkJoinTask$InterruptibleTask done
Event: 682.778 Loading class java/util/concurrent/ForkJoinTask$AdaptedInterruptibleCallable done
Event: 682.836 Loading class java/util/concurrent/CountedCompleter
Event: 682.837 Loading class java/util/concurrent/CountedCompleter done
Event: 683.298 Loading class java/security/InvalidAlgorithmParameterException
Event: 683.298 Loading class java/security/InvalidAlgorithmParameterException done
Event: 683.298 Loading class java/security/DigestException
Event: 683.298 Loading class java/security/DigestException done
Event: 683.320 Loading class java/security/spec/InvalidKeySpecException
Event: 683.320 Loading class java/security/spec/InvalidKeySpecException done
Event: 683.355 Loading class java/security/spec/MGF1ParameterSpec
Event: 683.355 Loading class java/security/spec/MGF1ParameterSpec done
Event: 683.366 Loading class java/util/concurrent/ForkJoinTask$AdaptedInterruptibleRunnable
Event: 683.367 Loading class java/util/concurrent/ForkJoinTask$AdaptedInterruptibleRunnable done
Event: 683.943 Loading class sun/security/rsa/RSACore$BlindingParameters
Event: 683.943 Loading class sun/security/rsa/RSACore$BlindingParameters done
Event: 683.943 Loading class sun/security/jca/JCAUtil$CachedSecureRandomHolder
Event: 683.944 Loading class sun/security/jca/JCAUtil$CachedSecureRandomHolder done
Event: 683.951 Loading class sun/security/rsa/RSACore$BlindingRandomPair
Event: 683.951 Loading class sun/security/rsa/RSACore$BlindingRandomPair done

Classes unloaded (20 events):
Event: 6805.662 Thread 0x0000016230849b50 Unloading class 0x00000008014030d8 'org/jetbrains/kotlin/config/CompilerConfiguration'
Event: 6805.662 Thread 0x0000016230849b50 Unloading class 0x0000000801402e80 'org/jetbrains/kotlin/cli/common/arguments/CommonCompilerArguments'
Event: 6805.662 Thread 0x0000016230849b50 Unloading class 0x0000000801402c38 'org/jetbrains/kotlin/cli/common/arguments/CommonToolArguments'
Event: 6805.662 Thread 0x0000016230849b50 Unloading class 0x00000008014029f8 'org/jetbrains/kotlin/cli/common/arguments/Freezable'
Event: 6805.662 Thread 0x0000016230849b50 Unloading class 0x00000008014027c0 'org/jetbrains/kotlin/cli/jvm/K2JVMCompiler$Companion'
Event: 6805.662 Thread 0x0000016230849b50 Unloading class 0x0000000801402530 'org/jetbrains/kotlin/cli/jvm/compiler/CompileEnvironmentException'
Event: 6805.662 Thread 0x0000016230849b50 Unloading class 0x00000008014022f8 'org/jetbrains/kotlin/cli/common/CLICompiler$Companion'
Event: 6805.662 Thread 0x0000016230849b50 Unloading class 0x0000000801402000 'org/jetbrains/kotlin/codegen/CompilationException'
Event: 6805.662 Thread 0x0000016230849b50 Unloading class 0x0000000802825c10 'org/jetbrains/kotlin/utils/KotlinExceptionWithAttachments'
Event: 6805.662 Thread 0x0000016230849b50 Unloading class 0x00000008028259e0 'org/jetbrains/kotlin/utils/exceptions/KotlinExceptionWithAttachments'
Event: 6805.662 Thread 0x0000016230849b50 Unloading class 0x00000008028257b0 'org/jetbrains/kotlin/com/intellij/openapi/diagnostic/ExceptionWithAttachments'
Event: 6805.662 Thread 0x0000016230849b50 Unloading class 0x0000000802825520 'org/jetbrains/kotlin/analyzer/CompilationErrorException'
Event: 6805.662 Thread 0x0000016230849b50 Unloading class 0x0000000802825290 'org/jetbrains/kotlin/progress/CompilationCanceledException'
Event: 6805.662 Thread 0x0000016230849b50 Unloading class 0x0000000802825000 'org/jetbrains/kotlin/com/intellij/openapi/progress/ProcessCanceledException'
Event: 6805.662 Thread 0x0000016230849b50 Unloading class 0x00000008022b3d30 'org/jetbrains/kotlin/com/intellij/openapi/diagnostic/ControlFlowException'
Event: 6805.662 Thread 0x0000016230849b50 Unloading class 0x00000008022b3a98 'org/jetbrains/kotlin/cli/jvm/K2JVMCompiler'
Event: 6805.663 Thread 0x0000016230849b50 Unloading class 0x00000008022b3800 'org/jetbrains/kotlin/cli/common/CLICompiler'
Event: 6805.663 Thread 0x0000016230849b50 Unloading class 0x00000008022b2c78 'org/jetbrains/kotlin/config/Services$Builder'
Event: 6805.663 Thread 0x0000016230849b50 Unloading class 0x00000008022b2a40 'org/jetbrains/kotlin/config/Services$Companion'
Event: 6805.663 Thread 0x0000016230849b50 Unloading class 0x00000008022b2800 'org/jetbrains/kotlin/config/Services'

Classes redefined (0 events):
No events

Internal exceptions (20 events):
Event: 7175.376 Thread 0x000001623b798440 Exception <a 'sun/nio/fs/WindowsException'{0x0000000746fa6f50}> (0x0000000746fa6f50) 
thrown [s\src\hotspot\share\prims\jni.cpp, line 537]
Event: 7175.608 Thread 0x000001623b798440 Exception <a 'sun/nio/fs/WindowsException'{0x0000000746fc4e78}> (0x0000000746fc4e78) 
thrown [s\src\hotspot\share\prims\jni.cpp, line 537]
Event: 7175.609 Thread 0x000001623b798440 Exception <a 'sun/nio/fs/WindowsException'{0x0000000746fc7b38}> (0x0000000746fc7b38) 
thrown [s\src\hotspot\share\prims\jni.cpp, line 537]
Event: 7175.613 Thread 0x000001623b798440 Exception <a 'sun/nio/fs/WindowsException'{0x0000000746fcc608}> (0x0000000746fcc608) 
thrown [s\src\hotspot\share\prims\jni.cpp, line 537]
Event: 7175.748 Thread 0x000001623b798440 Exception <a 'sun/nio/fs/WindowsException'{0x0000000746ff48b0}> (0x0000000746ff48b0) 
thrown [s\src\hotspot\share\prims\jni.cpp, line 537]
Event: 7175.749 Thread 0x000001623b798440 Exception <a 'sun/nio/fs/WindowsException'{0x0000000746ff5be8}> (0x0000000746ff5be8) 
thrown [s\src\hotspot\share\prims\jni.cpp, line 537]
Event: 7181.602 Thread 0x000001624fec3430 Exception <a 'sun/nio/fs/WindowsException'{0x00000007458b44f8}> (0x00000007458b44f8) 
thrown [s\src\hotspot\share\prims\jni.cpp, line 537]
Event: 7181.603 Thread 0x000001624fec3430 Exception <a 'sun/nio/fs/WindowsException'{0x00000007458b4fb8}> (0x00000007458b4fb8) 
thrown [s\src\hotspot\share\prims\jni.cpp, line 537]
Event: 7181.603 Thread 0x000001624fec3430 Exception <a 'sun/nio/fs/WindowsException'{0x00000007458b59f0}> (0x00000007458b59f0) 
thrown [s\src\hotspot\share\prims\jni.cpp, line 537]
Event: 7181.603 Thread 0x000001624fec3430 Exception <a 'sun/nio/fs/WindowsException'{0x00000007458b6410}> (0x00000007458b6410) 
thrown [s\src\hotspot\share\prims\jni.cpp, line 537]
Event: 7185.324 Thread 0x000001623800a020 Exception <a 'sun/nio/fs/WindowsException'{0x000000077db12890}> (0x000000077db12890) 
thrown [s\src\hotspot\share\prims\jni.cpp, line 537]
Event: 7190.755 Thread 0x000001624fec3430 Exception <a 'sun/nio/fs/WindowsException'{0x000000077db7da10}> (0x000000077db7da10) 
thrown [s\src\hotspot\share\prims\jni.cpp, line 537]
Event: 7191.288 Thread 0x000001624fec3430 Exception <a 'sun/nio/fs/WindowsException'{0x000000077dbdc1c0}> (0x000000077dbdc1c0) 
thrown [s\src\hotspot\share\prims\jni.cpp, line 537]
Event: 7191.288 Thread 0x000001624fec3430 Exception <a 'sun/nio/fs/WindowsException'{0x000000077dbdc9c0}> (0x000000077dbdc9c0) 
thrown [s\src\hotspot\share\prims\jni.cpp, line 537]
Event: 7192.648 Thread 0x000001624fec3430 Exception <a 'sun/nio/fs/WindowsException'{0x000000077d661bb0}> (0x000000077d661bb0) 
thrown [s\src\hotspot\share\prims\jni.cpp, line 537]
Event: 7195.328 Thread 0x000001623800a020 Exception <a 'sun/nio/fs/WindowsException'{0x0000000746a04fd0}> (0x0000000746a04fd0) 
thrown [s\src\hotspot\share\prims\jni.cpp, line 537]
Event: 7199.312 Thread 0x000001624fec3430 Implicit null exception at 0x00000162223afd76 to 0x00000162223b01a8
Event: 7199.393 Thread 0x000001624fec3430 Implicit null exception at 0x00000162223a4932 to 0x00000162223a5764
Event: 7205.355 Thread 0x000001623800a020 Exception <a 'sun/nio/fs/WindowsException'{0x0000000743307398}> (0x0000000743307398) 
thrown [s\src\hotspot\share\prims\jni.cpp, line 537]
Event: 7215.297 Thread 0x000001623800a020 Exception <a 'sun/nio/fs/WindowsException'{0x0000000740f06d00}> (0x0000000740f06d00) 
thrown [s\src\hotspot\share\prims\jni.cpp, line 537]

ZGC Phase Switch (0 events):
No events

VM Operations (20 events):
Event: 7197.774 Executing safepoint VM operation: Cleanup
Event: 7197.790 Executing safepoint VM operation: Cleanup done
Event: 7198.797 Executing safepoint VM operation: Cleanup
Event: 7198.799 Executing safepoint VM operation: Cleanup done
Event: 7199.799 Executing safepoint VM operation: Cleanup
Event: 7199.815 Executing safepoint VM operation: Cleanup done
Event: 7200.830 Executing safepoint VM operation: Cleanup
Event: 7200.849 Executing safepoint VM operation: Cleanup done
Event: 7205.897 Executing safepoint VM operation: Cleanup
Event: 7205.897 Executing safepoint VM operation: Cleanup done
Event: 7206.898 Executing safepoint VM operation: Cleanup
Event: 7206.916 Executing safepoint VM operation: Cleanup done
Event: 7207.932 Executing safepoint VM operation: Cleanup
Event: 7207.948 Executing safepoint VM operation: Cleanup done
Event: 7209.964 Executing safepoint VM operation: Cleanup
Event: 7209.968 Executing safepoint VM operation: Cleanup done
Event: 7210.981 Executing safepoint VM operation: Cleanup
Event: 7210.995 Executing safepoint VM operation: Cleanup done
Event: 7211.997 Executing safepoint VM operation: Cleanup
Event: 7211.998 Executing safepoint VM operation: Cleanup done

Memory protections (0 events):
No events

Nmethod flushes (20 events):
Event: 6910.109 Thread 0x0000016230849b50 flushing  nmethod 0x000001621e8bea10
Event: 6910.109 Thread 0x0000016230849b50 flushing  nmethod 0x000001621e8c2e90
Event: 6910.109 Thread 0x0000016230849b50 flushing  nmethod 0x000001621e8f9590
Event: 6910.109 Thread 0x0000016230849b50 flushing  nmethod 0x000001621e901990
Event: 6910.109 Thread 0x0000016230849b50 flushing  nmethod 0x000001621e9be610
Event: 6910.109 Thread 0x0000016230849b50 flushing  nmethod 0x000001621e9c0e10
Event: 6910.109 Thread 0x0000016230849b50 flushing  nmethod 0x000001621e9c1e90
Event: 6910.109 Thread 0x0000016230849b50 flushing  nmethod 0x000001621ea6f710
Event: 6910.109 Thread 0x0000016230849b50 flushing  nmethod 0x000001621ea70290
Event: 6910.109 Thread 0x0000016230849b50 flushing  nmethod 0x000001621ea71110
Event: 6910.109 Thread 0x0000016230849b50 flushing  nmethod 0x000001621ea7c110
Event: 6910.109 Thread 0x0000016230849b50 flushing  nmethod 0x000001621ea80610
Event: 6910.109 Thread 0x0000016230849b50 flushing  nmethod 0x000001621eab6210
Event: 6910.109 Thread 0x0000016230849b50 flushing  nmethod 0x000001621ebdee90
Event: 6910.109 Thread 0x0000016230849b50 flushing  nmethod 0x000001621ec46510
Event: 6910.109 Thread 0x0000016230849b50 flushing  nmethod 0x000001621ec47f90
Event: 6910.110 Thread 0x0000016230849b50 flushing  nmethod 0x000001621f490f90
Event: 6910.110 Thread 0x0000016230849b50 flushing  nmethod 0x000001621f5c8890
Event: 6910.110 Thread 0x0000016230849b50 flushing  nmethod 0x000001621f734390
Event: 6910.110 Thread 0x0000016230849b50 flushing  nmethod 0x000001621f734a90

Events (20 events):
Event: 7166.482 Thread 0x00000162653c0690 Thread added: 0x0000016252104840
Event: 7166.484 Thread 0x00000162653c0690 Thread added: 0x00000162521041b0
Event: 7167.347 Thread 0x0000016251b0bb90 Thread exited: 0x0000016251b0bb90
Event: 7167.493 Thread 0x0000016252104840 Thread exited: 0x0000016252104840
Event: 7167.493 Thread 0x00000162521041b0 Thread exited: 0x00000162521041b0
Event: 7175.806 Thread 0x000001623b798440 Thread added: 0x00000162653bf2e0
Event: 7175.853 Thread 0x00000162653c0690 Thread added: 0x000001624fec3430
Event: 7175.923 Thread 0x00000162653c2760 Thread exited: 0x00000162653c2760
Event: 7184.506 Thread 0x0000016251b0b500 Thread exited: 0x0000016251b0b500
Event: 7193.080 Thread 0x0000016250135700 Thread exited: 0x0000016250135700
Event: 7196.385 Thread 0x000001623c6ec730 Thread added: 0x0000016244279c80
Event: 7197.435 Thread 0x0000016244279c80 Thread exited: 0x0000016244279c80
Event: 7199.056 Thread 0x00000162309eefa0 Thread added: 0x000001625060c740
Event: 7199.057 Thread 0x00000162309eefa0 Thread added: 0x000001625060b2d0
Event: 7199.210 Thread 0x000001625060b2d0 Thread exited: 0x000001625060b2d0
Event: 7199.718 Thread 0x000001625060c740 Thread exited: 0x000001625060c740
Event: 7211.058 Thread 0x00000162309eefa0 Thread added: 0x000001625060b2d0
Event: 7211.115 Thread 0x000001625060b2d0 Thread added: 0x000001625060b9a0
Event: 7212.049 Thread 0x000001625060b2d0 Thread exited: 0x000001625060b2d0
Event: 7212.050 Thread 0x000001625060b9a0 Thread exited: 0x000001625060b9a0


Dynamic libraries:
0x00007ff7bd310000 - 0x00007ff7bd31a000 	D:\Dev\Android Studio\jbr\bin\java.exe
0x00007ffda73e0000 - 0x00007ffda7646000 	C:\WINDOWS\SYSTEM32\ntdll.dll
0x00007ffda67e0000 - 0x00007ffda68a9000 	C:\WINDOWS\System32\KERNEL32.DLL
0x00007ffda4d50000 - 0x00007ffda514a000 	C:\WINDOWS\System32\KERNELBASE.dll
0x00007ffda4b40000 - 0x00007ffda4c8c000 	C:\WINDOWS\System32\ucrtbase.dll
0x00007ffd7d0f0000 - 0x00007ffd7d108000 	D:\Dev\Android Studio\jbr\bin\jli.dll
0x00007ffd07fc0000 - 0x00007ffd07fdb000 	D:\Dev\Android Studio\jbr\bin\VCRUNTIME140.dll
0x00007ffda6da0000 - 0x00007ffda6f67000 	C:\WINDOWS\System32\USER32.dll
0x00007ffd8e1e0000 - 0x00007ffd8e472000 	C:\WINDOWS\WinSxS\amd64_microsoft.windows.common-controls_6595b64144ccf1df_6.0.26100.8521_none_3e08b75ce33403b3\COMCTL32.dll
0x00007ffda49d0000 - 0x00007ffda49f7000 	C:\WINDOWS\System32\win32u.dll
0x00007ffda5150000 - 0x00007ffda517b000 	C:\WINDOWS\System32\GDI32.dll
0x00007ffda6910000 - 0x00007ffda69b9000 	C:\WINDOWS\System32\msvcrt.dll
0x00007ffda47f0000 - 0x00007ffda491b000 	C:\WINDOWS\System32\gdi32full.dll
0x00007ffda4a00000 - 0x00007ffda4aa3000 	C:\WINDOWS\System32\msvcp_win.dll
0x00007ffda7180000 - 0x00007ffda71b2000 	C:\WINDOWS\System32\IMM32.DLL
0x00007ffd7d3c0000 - 0x00007ffd7d3cc000 	D:\Dev\Android Studio\jbr\bin\vcruntime140_1.dll
0x00007ffd65f70000 - 0x00007ffd65ffd000 	D:\Dev\Android Studio\jbr\bin\msvcp140.dll
0x00007ffd07fe0000 - 0x00007ffd08c76000 	D:\Dev\Android Studio\jbr\bin\server\jvm.dll
0x00007ffda69c0000 - 0x00007ffda6a76000 	C:\WINDOWS\System32\ADVAPI32.dll
0x00007ffda6430000 - 0x00007ffda64da000 	C:\WINDOWS\System32\sechost.dll
0x00007ffda6c80000 - 0x00007ffda6d98000 	C:\WINDOWS\System32\RPCRT4.dll
0x00007ffda6500000 - 0x00007ffda6580000 	C:\WINDOWS\System32\WS2_32.dll
0x00007ffda44d0000 - 0x00007ffda452e000 	C:\WINDOWS\SYSTEM32\POWRPROF.dll
0x00007ffd8f650000 - 0x00007ffd8f686000 	C:\WINDOWS\SYSTEM32\WINMM.dll
0x00007ffd9aa60000 - 0x00007ffd9aa6b000 	C:\WINDOWS\SYSTEM32\VERSION.dll
0x00007ffda44b0000 - 0x00007ffda44c4000 	C:\WINDOWS\SYSTEM32\UMPDC.dll
0x00007ffda33d0000 - 0x00007ffda33eb000 	C:\WINDOWS\SYSTEM32\kernel.appcore.dll
0x00007ffd7c670000 - 0x00007ffd7c67a000 	D:\Dev\Android Studio\jbr\bin\jimage.dll
0x00007ffda1ef0000 - 0x00007ffda2132000 	C:\WINDOWS\SYSTEM32\DBGHELP.DLL
0x00007ffda5610000 - 0x00007ffda5993000 	C:\WINDOWS\System32\combase.dll
0x00007ffda6350000 - 0x00007ffda6429000 	C:\WINDOWS\System32\OLEAUT32.dll
0x00007ffd85970000 - 0x00007ffd859ab000 	C:\WINDOWS\SYSTEM32\dbgcore.DLL
0x00007ffda4920000 - 0x00007ffda49c8000 	C:\WINDOWS\System32\bcryptPrimitives.dll
0x00007ffd9ba70000 - 0x00007ffd9ba7e000 	D:\Dev\Android Studio\jbr\bin\instrument.dll
0x00007ffd07fa0000 - 0x00007ffd07fc0000 	D:\Dev\Android Studio\jbr\bin\java.dll
0x00007ffd07f80000 - 0x00007ffd07f98000 	D:\Dev\Android Studio\jbr\bin\zip.dll
0x00007ffda5bc0000 - 0x00007ffda6344000 	C:\WINDOWS\System32\SHELL32.dll
0x00007ffda2220000 - 0x00007ffda2aa0000 	C:\WINDOWS\SYSTEM32\windows.storage.dll
0x00007ffda6b00000 - 0x00007ffda6bf6000 	C:\WINDOWS\System32\SHCORE.dll
0x00007ffda70e0000 - 0x00007ffda7147000 	C:\WINDOWS\System32\shlwapi.dll
0x00007ffda4590000 - 0x00007ffda45b9000 	C:\WINDOWS\SYSTEM32\profapi.dll
0x00007ffd7c0f0000 - 0x00007ffd7c100000 	D:\Dev\Android Studio\jbr\bin\net.dll
0x00007ffd99eb0000 - 0x00007ffd99fd9000 	C:\WINDOWS\SYSTEM32\WINHTTP.dll
0x00007ffda3970000 - 0x00007ffda39dc000 	C:\WINDOWS\system32\mswsock.dll
0x00007ffd07f60000 - 0x00007ffd07f76000 	D:\Dev\Android Studio\jbr\bin\nio.dll
0x00007ffd93ae0000 - 0x00007ffd93af0000 	D:\Dev\Android Studio\jbr\bin\verify.dll
0x00007ffd72620000 - 0x00007ffd72647000 	D:\Dev\caches\Gradle\native\660c5614fbf4a5f2a75b1949f50a0caf5cd603558e7d8a26e50b933a0cfb79d1\windows-amd64\native-platform.dll
0x00007ffd2dac0000 - 0x00007ffd2db37000 	D:\Dev\caches\Gradle\native\0.2.8\x86_64-windows-gnu\gradle-fileevents.dll
0x00007ffd9e960000 - 0x00007ffd9e969000 	D:\Dev\Android Studio\jbr\bin\management.dll
0x00007ffd9e950000 - 0x00007ffd9e95b000 	D:\Dev\Android Studio\jbr\bin\management_ext.dll
0x00007ffda70d0000 - 0x00007ffda70d8000 	C:\WINDOWS\System32\PSAPI.DLL
0x00007ffda2db0000 - 0x00007ffda2de3000 	C:\WINDOWS\SYSTEM32\IPHLPAPI.DLL
0x00007ffda5a00000 - 0x00007ffda5a0a000 	C:\WINDOWS\System32\NSI.dll
0x00007ffd9e970000 - 0x00007ffd9e979000 	D:\Dev\Android Studio\jbr\bin\extnet.dll
0x00007ffda3c50000 - 0x00007ffda3c6b000 	C:\WINDOWS\SYSTEM32\CRYPTSP.dll
0x00007ffda3330000 - 0x00007ffda3369000 	C:\WINDOWS\system32\rsaenh.dll
0x00007ffda3a20000 - 0x00007ffda3a53000 	C:\WINDOWS\SYSTEM32\USERENV.dll
0x00007ffda4560000 - 0x00007ffda458a000 	C:\WINDOWS\SYSTEM32\bcrypt.dll
0x00007ffda3c70000 - 0x00007ffda3c7c000 	C:\WINDOWS\SYSTEM32\CRYPTBASE.dll
0x00007ffd911f0000 - 0x00007ffd911f8000 	C:\WINDOWS\system32\wshunix.dll
0x00007ffd07dc0000 - 0x00007ffd07f59000 	D:\Dev\Android Studio\jbr\bin\awt.dll
0x00007ffd9f190000 - 0x00007ffd9f1bf000 	C:\WINDOWS\SYSTEM32\dwmapi.dll
0x00007ffd7c450000 - 0x00007ffd7c4c6000 	C:\WINDOWS\SYSTEM32\OLEACC.dll
0x00007ffd362d0000 - 0x00007ffd36314000 	D:\Dev\Android Studio\jbr\bin\nvdaControllerClient64.dll
0x00007ffd9eab0000 - 0x00007ffd9eb50000 	C:\WINDOWS\SYSTEM32\apphelp.dll
0x00007ffd9ed00000 - 0x00007ffd9edaa000 	C:\WINDOWS\system32\uxtheme.dll
0x00007ffda6f70000 - 0x00007ffda70cd000 	C:\WINDOWS\System32\MSCTF.dll
0x00007ffda5a20000 - 0x00007ffda5bb8000 	C:\WINDOWS\System32\ole32.dll
0x00007ffda3500000 - 0x00007ffda3536000 	C:\WINDOWS\SYSTEM32\ntmarta.dll
0x00007ffcf77d0000 - 0x00007ffcf78b9000 	D:\Dev\Temp\sqlite-3.41.2.2-08f17f30-b8ee-44d1-a132-92125de088c8-sqlitejdbc.dll

JVMTI agents:
D:\Dev\caches\Gradle\wrapper\dists\gradle-9.4.1-bin\arn2x92ynaizyzdaamcbpbhtj\gradle-9.4.1\lib\agents\gradle-instrumentation-agent-9.4.1.jar path:D:\Dev\Android Studio\jbr\bin\instrument.dll, loaded, initialized, instrumentlib options:none

dbghelp: loaded successfully - version: 4.0.5 - missing functions: none
symbol engine: initialized successfully - sym options: 0x614 - pdb path: .;D:\Dev\Android Studio\jbr\bin;C:\WINDOWS\SYSTEM32;C:\WINDOWS\WinSxS\amd64_microsoft.windows.common-controls_6595b64144ccf1df_6.0.26100.8521_none_3e08b75ce33403b3;D:\Dev\Android Studio\jbr\bin\server;D:\Dev\caches\Gradle\native\660c5614fbf4a5f2a75b1949f50a0caf5cd603558e7d8a26e50b933a0cfb79d1\windows-amd64;D:\Dev\caches\Gradle\native\0.2.8\x86_64-windows-gnu;D:\Dev\Temp

VM Arguments:
jvm_args: --add-opens=java.base/java.lang=ALL-UNNAMED --add-opens=java.base/java.lang.invoke=ALL-UNNAMED --add-opens=java.base/java.util=ALL-UNNAMED --add-opens=java.prefs/java.util.prefs=ALL-UNNAMED --add-exports=jdk.compiler/com.sun.tools.javac.api=ALL-UNNAMED --add-exports=jdk.compiler/com.sun.tools.javac.util=ALL-UNNAMED --add-opens=java.base/java.util=ALL-UNNAMED --add-opens=java.prefs/java.util.prefs=ALL-UNNAMED --add-opens=java.base/java.nio.charset=ALL-UNNAMED --add-opens=java.base/java.net=ALL-UNNAMED --add-opens=java.base/java.util.concurrent=ALL-UNNAMED --add-opens=java.base/java.util.concurrent.atomic=ALL-UNNAMED --add-opens=java.xml/javax.xml.namespace=ALL-UNNAMED --add-opens=java.base/java.time=ALL-UNNAMED -Xmx4g -Dfile.encoding=UTF-8 -Duser.country=CO -Duser.language=es -Duser.variant -javaagent:D:\Dev\caches\Gradle\wrapper\dists\gradle-9.4.1-bin\arn2x92ynaizyzdaamcbpbhtj\gradle-9.4.1\lib\agents\gradle-instrumentation-agent-9.4.1.jar 
java_command: org.gradle.launcher.daemon.bootstrap.GradleDaemon 9.4.1
java_class_path (initial): D:\Dev\caches\Gradle\wrapper\dists\gradle-9.4.1-bin\arn2x92ynaizyzdaamcbpbhtj\gradle-9.4.1\lib\gradle-daemon-main-9.4.1.jar
Launcher Type: SUN_STANDARD

[Global flags]
     intx CICompilerCount                          = 4                                         {product} {ergonomic}
     uint ConcGCThreads                            = 2                                         {product} {ergonomic}
     uint G1ConcRefinementThreads                  = 8                                         {product} {ergonomic}
   size_t G1HeapRegionSize                         = 2097152                                   {product} {ergonomic}
    uintx GCDrainStackTargetSize                   = 64                                        {product} {ergonomic}
   size_t InitialHeapSize                          = 132120576                                 {product} {ergonomic}
   size_t MarkStackSize                            = 4194304                                   {product} {ergonomic}
   size_t MaxHeapSize                              = 4294967296                                {product} {command line}
   size_t MaxNewSize                               = 2575302656                                {product} {ergonomic}
   size_t MinHeapDeltaBytes                        = 2097152                                   {product} {ergonomic}
   size_t MinHeapSize                              = 8388608                                   {product} {ergonomic}
    uintx NonNMethodCodeHeapSize                   = 5839372                                {pd product} {ergonomic}
    uintx NonProfiledCodeHeapSize                  = 122909434                              {pd product} {ergonomic}
    uintx ProfiledCodeHeapSize                     = 122909434                              {pd product} {ergonomic}
    uintx ReservedCodeCacheSize                    = 251658240                              {pd product} {ergonomic}
     bool SegmentedCodeCache                       = true                                      {product} {ergonomic}
   size_t SoftMaxHeapSize                          = 4294967296                             {manageable} {ergonomic}
     bool UseCompressedOops                        = true                           {product lp64_product} {ergonomic}
     bool UseG1GC                                  = true                                      {product} {ergonomic}
     bool UseLargePagesIndividualAllocation        = false                                  {pd product} {ergonomic}

Logging:
Log output configuration:
 #0: stdout all=warning uptime,level,tags foldmultilines=false
 #1: stderr all=off uptime,level,tags foldmultilines=false

Release file:
JAVA_VERSION="21.0.10" 
MODULES="java.base java.compiler java.datatransfer java.xml java.prefs java.desktop java.instrument java.logging java.management java.security.sasl java.naming java.rmi java.management.rmi java.net.http java.scripting java.security.jgss java.transaction.xa java.sql java.sql.rowset java.xml.crypto java.se java.smartcardio jdk.accessibility jdk.internal.jvmstat jdk.attach jdk.charsets jdk.internal.opt jdk.zipfs jdk.compiler jdk.crypto.ec jdk.crypto.cryptoki jdk.dynalink jdk.hotspot.agent jdk.httpserver jdk.internal.ed jdk.internal.le jdk.internal.vm.ci jdk.jartool jdk.javadoc jdk.jcmd jdk.jdeps jdk.jdwp.agent jdk.jdi jdk.jfr jdk.jlink jdk.jsobject jdk.localedata jdk.management jdk.management.agent jdk.management.jfr jdk.naming.dns jdk.naming.rmi jdk.net jdk.sctp jdk.security.auth jdk.security.jgss jdk.unsupported jdk.unsupported.desktop jdk.xml.dom" 
IMPLEMENTOR="JetBrains s.r.o." 
JAVA_RUNTIME_VERSION="21.0.10+-14961533-b1163.108" 
LIBC="default" 
OS_ARCH="x86_64" 
OS_NAME="Windows" 
SOURCE=".:git:1351622c2ff2" 

Environment Variables:
PATH=C:\Program Files (x86)\Common Files\Oracle\Java\java8path;C:\Program Files (x86)\Common Files\Oracle\Java\javapath;C:\Windows\system32;C:\Windows;C:\Windows\System32\Wbem;C:\Windows\System32\WindowsPowerShell\v1.0\;C:\Windows\System32\OpenSSH\;C:\Program Files (x86)\NVIDIA Corporation\PhysX\Common;C:\Program Files\Common Files\Autodesk Shared\;C:\Program Files\Microsoft SQL Server\120\Tools\Binn\;C:\WINDOWS\system32;C:\WINDOWS;C:\WINDOWS\System32\Wbem;C:\WINDOWS\System32\WindowsPowerShell\v1.0\;C:\WINDOWS\System32\OpenSSH\;C:\Program Files\NVIDIA Corporation\NVIDIA App\NvDLISR;C:\Program Files\dotnet\;C:\Program Files\PowerShell\7\;D:\IPTV\node\;C:\ProgramData\chocolatey\bin;C:\Program Files\Git\cmd;C:\Users\PABLO MEJIA\.cargo\bin;C:\Users\PABLO MEJIA\.local\bin;D:\Dev\Python\Scripts\;D:\Dev\Python\;C:\Users\PABLO MEJIA\AppData\Local\Microsoft\WindowsApps;C:\Users\PABLO MEJIA\AppData\Local\Muse Hub\lib;C:\Users\PABLO MEJIA\AppData\Roaming\npm;D:\PTV\App - Dulce vision\Microsoft VS Code\bin;C:\Users\PABLO MEJIA\AppData\Local\GitHubDesktop\bin;C:\Users\PABLO MEJIA\.dotnet\tools;C:\Users\PABLO MEJIA\AppData\Local\Programs\Ollama;C:\Users\PABLO MEJIA\AppData\Local\cursor-agent;C:\Users\PABLO MEJIA\.dotnet\tools;D:\Dev\Tesseract-OCR;C:\Users\PABLO MEJIA\.local\bin;D:\Dev\VS code\bin;C:\Users\PABLO MEJIA\AppData\Local\Google\Cloud SDK\google-cloud-sdk\bin
USERNAME=Sebastian Gonzalez
OS=Windows_NT
PROCESSOR_IDENTIFIER=Intel64 Family 6 Model 142 Stepping 12, GenuineIntel
TMP=D:\Dev\Temp
TEMP=D:\Dev\Temp




Periodic native trim disabled

JNI global refs:
JNI global refs: 55, weak refs: 10

JNI global refs memory usage: 835, weak refs: 897

Process memory usage:
Resident Set Size: 295484K (3% of 8232180K total physical memory with 779556K free physical memory)

OOME stack traces (most recent first):
Classloader memory used:
Loader java.net.URLClassLoader                                                         : 133M
Loader org.gradle.internal.classloader.VisitableURLClassLoader$InstrumentingVisitableURLClassLoader: 46086K
Loader org.gradle.internal.classloader.VisitableURLClassLoader                         : 43085K
Loader bootstrap                                                                       : 30713K
Loader org.gradle.initialization.MixInLegacyTypesClassLoader                           : 10152K
Loader jdk.internal.reflect.DelegatingClassLoader                                      : 1581K
Loader jdk.internal.jrtfs.JrtFileSystemProvider$JrtFsLoader                            : 970K
Loader jdk.internal.loader.ClassLoaders$PlatformClassLoader                            : 320K
Loader jdk.internal.loader.ClassLoaders$AppClassLoader                                 : 197K
Loader sun.reflect.misc.MethodUtil                                                     : 3000B

Classes loaded by more than one classloader:
Class kotlin.jvm.KotlinReflectionNotSupportedError                                    : loaded 4 times (x 82B)
Class kotlin.io.FileWalkDirection                                                     : loaded 4 times (x 79B)
Class jdk.internal.jimage.decompressor.ResourceDecompressor$StringsProvider           : loaded 4 times (x 70B)
Class kotlin.coroutines.CoroutineContext                                              : loaded 4 times (x 70B)
Class kotlin.coroutines.jvm.internal.DebugProbesKt                                    : loaded 4 times (x 71B)
Class kotlin.collections.CollectionsKt                                                : loaded 4 times (x 71B)
Class kotlin.reflect.KMutableProperty2                                                : loaded 4 times (x 70B)
Class kotlin.io.NoSuchFileException                                                   : loaded 4 times (x 82B)
Class kotlin.reflect.KMutableProperty1                                                : loaded 4 times (x 70B)
Class kotlin.coroutines.jvm.internal.CoroutineStackFrame                              : loaded 4 times (x 70B)
Class kotlin.coroutines.intrinsics.IntrinsicsKt__IntrinsicsJvmKt                      : loaded 4 times (x 71B)
Class kotlin.reflect.KClassifier                                                      : loaded 4 times (x 70B)
Class kotlin.sequences.FlatteningSequence                                             : loaded 4 times (x 75B)
Class kotlin.reflect.KMutableProperty0                                                : loaded 4 times (x 70B)
Class kotlin.coroutines.jvm.internal.SuspendFunction                                  : loaded 4 times (x 70B)
Class kotlin.io.FileTreeWalk                                                          : loaded 4 times (x 75B)
Class [Lkotlin.io.FileWalkDirection;                                                  : loaded 4 times (x 69B)
Class kotlin.jvm.internal.markers.KMappedMarker                                       : loaded 4 times (x 70B)
Class kotlin.coroutines.jvm.internal.CompletedContinuation                            : loaded 4 times (x 75B)
Class [Lkotlin.reflect.KProperty;                                                     : loaded 4 times (x 69B)
Class kotlin.sequences.ConstrainedOnceSequence                                        : loaded 4 times (x 75B)
Class kotlin.NoWhenBranchMatchedException                                             : loaded 4 times (x 82B)
Class kotlin.Lazy                                                                     : loaded 4 times (x 70B)
Class kotlin.jvm.functions.Function19                                                 : loaded 4 times (x 70B)
Class kotlin.jvm.internal.CallableReference$NoReceiver                                : loaded 4 times (x 71B)
Class kotlin.text.StringsKt__StringBuilderKt                                          : loaded 4 times (x 71B)
Class kotlin.jvm.functions.Function18                                                 : loaded 4 times (x 70B)
Class kotlin.collections.ArraysKt__ArraysJVMKt                                        : loaded 4 times (x 71B)
Class kotlin.jvm.functions.Function17                                                 : loaded 4 times (x 70B)
Class kotlin.io.TextStreamsKt                                                         : loaded 4 times (x 71B)
Class kotlin.LazyKt                                                                   : loaded 4 times (x 71B)
Class kotlin.collections.SetsKt__SetsKt                                               : loaded 4 times (x 71B)
Class kotlin.jvm.functions.Function16                                                 : loaded 4 times (x 70B)
Class kotlin.text.StringsKt__StringsKt                                                : loaded 4 times (x 71B)
Class kotlin.NotImplementedError                                                      : loaded 4 times (x 82B)
Class kotlin.coroutines.EmptyCoroutineContext                                         : loaded 4 times (x 77B)
Class kotlin.collections.ArraysKt                                                     : loaded 4 times (x 71B)
Class kotlin.jvm.functions.Function15                                                 : loaded 4 times (x 70B)
Class kotlin.text.CharsKt__CharKt                                                     : loaded 4 times (x 71B)
Class kotlin.ranges.RangesKt___RangesKt                                               : loaded 4 times (x 71B)
Class kotlin.jvm.functions.Function14                                                 : loaded 4 times (x 70B)
Class kotlin.KotlinNullPointerException                                               : loaded 4 times (x 83B)
Class jdk.internal.jimage.BasicImageReader                                            : loaded 4 times (x 95B)
Class kotlin.jvm.functions.Function13                                                 : loaded 4 times (x 70B)
Class kotlin.text.Charsets                                                            : loaded 4 times (x 71B)
Class kotlin.ranges.OpenEndRange                                                      : loaded 4 times (x 70B)
Class jdk.internal.jimage.decompressor.CompressedResourceHeader                       : loaded 4 times (x 71B)
Class kotlin.collections.CollectionsKt__IterablesKt                                   : loaded 4 times (x 71B)
Class kotlin.collections.MapsKt                                                       : loaded 4 times (x 71B)
Class kotlin.jvm.functions.Function12                                                 : loaded 4 times (x 70B)
Class kotlin.coroutines.intrinsics.CoroutineSingletons                                : loaded 4 times (x 79B)
Class jdk.internal.jrtfs.JrtFileSystem                                                : loaded 4 times (x 102B)
Class kotlin.jvm.internal.Intrinsics                                                  : loaded 4 times (x 71B)
Class kotlin.reflect.KAnnotatedElement                                                : loaded 4 times (x 70B)
Class kotlin.collections.EmptyMap                                                     : loaded 4 times (x 108B)
Class kotlin.jvm.internal.markers.KMutableCollection                                  : loaded 4 times (x 70B)
Class kotlin.jvm.functions.Function11                                                 : loaded 4 times (x 70B)
Class kotlin.ranges.IntRange$Companion                                                : loaded 4 times (x 71B)
Class kotlin.coroutines.intrinsics.IntrinsicsKt                                       : loaded 4 times (x 71B)
Class [Lkotlin.reflect.KClassifier;                                                   : loaded 4 times (x 69B)
Class [Lkotlin.LazyThreadSafetyMode;                                                  : loaded 4 times (x 69B)
Class kotlin.jvm.functions.Function9                                                  : loaded 4 times (x 70B)
Class kotlin.jvm.functions.Function10                                                 : loaded 4 times (x 70B)
Class kotlin.enums.EnumEntriesKt                                                      : loaded 4 times (x 71B)
Class kotlin.text.StringsKt___StringsKt                                               : loaded 4 times (x 71B)
Class kotlin.collections.CollectionsKt__MutableCollectionsJVMKt                       : loaded 4 times (x 71B)
Class kotlin.collections.builders.MapBuilder$Companion                                : loaded 4 times (x 71B)
Class kotlin.jvm.functions.Function8                                                  : loaded 4 times (x 70B)
Class kotlin.collections.MapsKt__MapWithDefaultKt                                     : loaded 4 times (x 71B)
Class kotlin.jvm.functions.Function7                                                  : loaded 4 times (x 70B)
Class kotlin.collections.ArraysKt___ArraysKt                                          : loaded 4 times (x 71B)
Class kotlin.collections.MapsKt___MapsKt                                              : loaded 4 times (x 71B)
Class kotlin.sequences.FilteringSequence$iterator$1                                   : loaded 4 times (x 79B)
Class kotlin.jvm.functions.Function6                                                  : loaded 4 times (x 70B)
Class kotlin.io.FilesKt                                                               : loaded 4 times (x 71B)
Class kotlin.reflect.KDeclarationContainer                                            : loaded 4 times (x 70B)
Class kotlin.sequences.SequencesKt__SequenceBuilderKt                                 : loaded 4 times (x 71B)
Class kotlin.io.FilesKt__FileTreeWalkKt                                               : loaded 4 times (x 71B)
Class kotlin.text.StringsKt___StringsJvmKt                                            : loaded 4 times (x 71B)
Class kotlin.jvm.functions.Function5                                                  : loaded 4 times (x 70B)
Class kotlin.annotation.Retention                                                     : loaded 4 times (x 70B)
Class jdk.internal.jimage.ImageStrings                                                : loaded 4 times (x 70B)
Class kotlin.collections.CollectionsKt___CollectionsKt                                : loaded 4 times (x 71B)
Class kotlin.jvm.internal.CollectionToArray                                           : loaded 4 times (x 71B)
Class kotlin.collections.EmptySet                                                     : loaded 4 times (x 122B)
Class kotlin.collections.CollectionsKt__ReversedViewsKt                               : loaded 4 times (x 71B)
Class kotlin.annotation.Target                                                        : loaded 4 times (x 70B)
Class kotlin.jvm.functions.Function4                                                  : loaded 4 times (x 70B)
Class kotlin.collections.MapsKt___MapsJvmKt                                           : loaded 4 times (x 71B)
Class kotlin.jvm.functions.Function3                                                  : loaded 4 times (x 70B)
Class kotlin.io.FileTreeWalk$WalkState                                                : loaded 4 times (x 73B)
Class kotlin.jvm.internal.markers.KMutableIterator                                    : loaded 4 times (x 70B)
Class kotlin.jvm.functions.Function2                                                  : loaded 4 times (x 70B)
Class kotlin.KotlinNothingValueException                                              : loaded 4 times (x 82B)
Class kotlin.jvm.functions.Function1                                                  : loaded 4 times (x 70B)
Class kotlin.collections.AbstractMutableList                                          : loaded 4 times (x 206B)
Class jdk.internal.jimage.decompressor.ZipDecompressor                                : loaded 4 times (x 75B)
Class kotlin.jvm.functions.Function0                                                  : loaded 4 times (x 70B)
Class kotlin.collections.ArraysUtilJVM                                                : loaded 4 times (x 71B)
Class kotlin.sequences.FlatteningSequence$iterator$1                                  : loaded 4 times (x 79B)
Class kotlin.ranges.RangesKt                                                          : loaded 4 times (x 71B)
Class kotlin.jvm.internal.markers.KMutableIterable                                    : loaded 4 times (x 70B)
Class kotlin.TuplesKt                                                                 : loaded 4 times (x 71B)
Class kotlin.Unit                                                                     : loaded 4 times (x 71B)
Class kotlin.sequences.SequencesKt___SequencesJvmKt                                   : loaded 4 times (x 71B)
Class kotlin.jvm.internal.FunctionReferenceImpl                                       : loaded 4 times (x 122B)
Class kotlin.collections.CollectionsKt___CollectionsJvmKt                             : loaded 4 times (x 71B)
Class kotlin.reflect.KType                                                            : loaded 4 times (x 70B)
Class kotlin.text.CharsKt__CharJVMKt                                                  : loaded 4 times (x 71B)
Class kotlin.Result$Companion                                                         : loaded 4 times (x 71B)
Class kotlin.sequences.FilteringSequence                                              : loaded 4 times (x 75B)
Class kotlin.coroutines.jvm.internal.BaseContinuationImpl                             : loaded 4 times (x 87B)
Class jdk.internal.jimage.decompressor.ZipDecompressorFactory                         : loaded 4 times (x 74B)
Class kotlin.ranges.RangesKt__RangesKt                                                : loaded 4 times (x 71B)
Class kotlin.jvm.internal.ClassBasedDeclarationContainer                              : loaded 4 times (x 70B)
Class kotlin.collections.SetsKt___SetsKt                                              : loaded 4 times (x 71B)
Class kotlin.sequences.SequencesKt__SequencesKt                                       : loaded 4 times (x 71B)
Class kotlin.coroutines.Continuation                                                  : loaded 4 times (x 70B)
Class kotlin.SafePublicationLazyImpl$Companion                                        : loaded 4 times (x 71B)
Class kotlin.jvm.internal.PropertyReference1Impl                                      : loaded 4 times (x 127B)
Class kotlin.jvm.internal.MutablePropertyReference1                                   : loaded 4 times (x 137B)
Class kotlin.UNINITIALIZED_VALUE                                                      : loaded 4 times (x 71B)
Class kotlin.jvm.internal.ReflectionFactory                                           : loaded 4 times (x 91B)
Class kotlin.jvm.internal.Ref$ObjectRef                                               : loaded 4 times (x 72B)
Class kotlin.LazyKt__LazyKt                                                           : loaded 4 times (x 71B)
Class kotlin.text.StringsKt__StringBuilderJVMKt                                       : loaded 4 times (x 71B)
Class kotlin.text.Regex                                                               : loaded 4 times (x 72B)
Class kotlin.collections.ArrayAsCollection                                            : loaded 4 times (x 105B)
Class kotlin.collections.AbstractCollection                                           : loaded 4 times (x 117B)
Class kotlin.collections.AbstractList                                                 : loaded 4 times (x 197B)
Class kotlin.sequences.SequencesKt__SequencesJVMKt                                    : loaded 4 times (x 71B)
Class kotlin.io.FilePathComponents                                                    : loaded 4 times (x 72B)
Class jdk.internal.jimage.ImageReader$Directory                                       : loaded 4 times (x 84B)
Class kotlin.SynchronizedLazyImpl                                                     : loaded 4 times (x 76B)
Class kotlin.text.StringsKt__RegexExtensionsKt                                        : loaded 4 times (x 71B)
Class kotlin.collections.EmptyIterator                                                : loaded 4 times (x 89B)
Class kotlin.jvm.internal.SpreadBuilder                                               : loaded 4 times (x 76B)
Class jdk.internal.jimage.decompressor.ResourceDecompressorRepository                 : loaded 4 times (x 71B)
Class kotlin.jvm.internal.ArrayIterator                                               : loaded 4 times (x 79B)
Class kotlin.LazyThreadSafetyMode                                                     : loaded 4 times (x 79B)
Class kotlin.jvm.internal.MutablePropertyReference                                    : loaded 4 times (x 119B)
Class kotlin.ranges.IntProgression$Companion                                          : loaded 4 times (x 71B)
Class kotlin.LazyKt__LazyJVMKt$WhenMappings                                           : loaded 4 times (x 71B)
Class kotlin.jvm.internal.PropertyReference1                                          : loaded 4 times (x 127B)
Class kotlin.jvm.internal.DefaultConstructorMarker                                    : loaded 4 times (x 71B)
Class kotlin.io.FileSystemException                                                   : loaded 4 times (x 82B)
Class jdk.internal.jrtfs.JrtPath                                                      : loaded 4 times (x 118B)
Class jdk.internal.jimage.ImageBufferCache                                            : loaded 4 times (x 71B)
Class kotlin.enums.EnumEntries                                                        : loaded 4 times (x 70B)
Class kotlin.jvm.internal.markers.KMutableMap                                         : loaded 4 times (x 70B)
Class kotlin.properties.ReadOnlyProperty                                              : loaded 4 times (x 70B)
Class kotlin.ranges.IntRange                                                          : loaded 4 times (x 93B)
Class kotlin.jvm.internal.CallableReference                                           : loaded 4 times (x 106B)
Class kotlin.collections.AbstractList$IteratorImpl                                    : loaded 4 times (x 82B)
Class [Lkotlin.sequences.Sequence;                                                    : loaded 4 times (x 69B)
Class kotlin.text.StringsKt__StringNumberConversionsKt                                : loaded 4 times (x 71B)
Class [Lkotlin.Pair;                                                                  : loaded 4 times (x 69B)
Class kotlin.jvm.internal.markers.KMutableList                                        : loaded 4 times (x 70B)
Class kotlin.io.FilesKt__FileReadWriteKt                                              : loaded 4 times (x 71B)
Class jdk.internal.jimage.decompressor.Decompressor                                   : loaded 4 times (x 72B)
Class kotlin.LazyKt__LazyJVMKt                                                        : loaded 4 times (x 71B)
Class kotlin.ranges.IntProgression                                                    : loaded 4 times (x 81B)
Class kotlin.coroutines.CoroutineContext$Key                                          : loaded 4 times (x 70B)
Class kotlin.text.StringsKt                                                           : loaded 4 times (x 71B)
Class kotlin.jvm.internal.markers.KMutableSet                                         : loaded 4 times (x 70B)
Class kotlin.collections.CollectionsKt__IteratorsKt                                   : loaded 4 times (x 71B)
Class kotlin.collections.builders.MapBuilder                                          : loaded 4 times (x 112B)
Class kotlin.collections.builders.MapBuilder$Itr                                      : loaded 4 times (x 72B)
Class kotlin.KotlinVersionCurrentValue                                                : loaded 4 times (x 71B)
Class jdk.internal.jimage.decompressor.StringSharingDecompressorFactory               : loaded 4 times (x 74B)
Class kotlin.sequences.SequencesKt                                                    : loaded 4 times (x 71B)
Class jdk.internal.jimage.BasicImageReader$1                                          : loaded 4 times (x 77B)
Class kotlin.collections.CollectionsKt__CollectionsJVMKt                              : loaded 4 times (x 71B)
Class kotlin.io.FilesKt__UtilsKt                                                      : loaded 4 times (x 71B)
Class jdk.internal.jimage.ImageReader$Node                                            : loaded 4 times (x 84B)
Class kotlin.coroutines.intrinsics.IntrinsicsKt__IntrinsicsKt                         : loaded 4 times (x 71B)
Class jdk.internal.jimage.decompressor.ResourceDecompressorFactory                    : loaded 4 times (x 74B)
Class kotlin.SafePublicationLazyImpl                                                  : loaded 4 times (x 76B)
Class jdk.internal.jimage.ImageReader$SharedImageReader                               : loaded 4 times (x 95B)
Class kotlin.reflect.KProperty$Getter                                                 : loaded 4 times (x 70B)
Class jdk.internal.jimage.ImageReader                                                 : loaded 4 times (x 75B)
Class kotlin.UninitializedPropertyAccessException                                     : loaded 4 times (x 82B)
Class kotlin.collections.AbstractMutableSet                                           : loaded 4 times (x 142B)
Class kotlin.Metadata                                                                 : loaded 4 times (x 70B)
Class kotlin.jvm.internal.markers.KMutableMap$Entry                                   : loaded 4 times (x 70B)
Class jdk.internal.jimage.ImageStringsReader                                          : loaded 4 times (x 80B)
Class kotlin.sequences.TransformingSequence                                           : loaded 4 times (x 75B)
Class kotlin.collections.MapsKt__MapsKt                                               : loaded 4 times (x 71B)
Class [Lkotlin.reflect.KDeclarationContainer;                                         : loaded 4 times (x 69B)
Class kotlin.jvm.internal.Lambda                                                      : loaded 4 times (x 75B)
Class kotlin.reflect.KFunction                                                        : loaded 4 times (x 70B)
Class kotlin.text.StringsKt__IndentKt                                                 : loaded 4 times (x 71B)
Class kotlin.collections.SetsKt                                                       : loaded 4 times (x 71B)
Class kotlin.text.StringsKt__StringsJVMKt                                             : loaded 4 times (x 71B)
Class kotlin.jvm.internal.TypeIntrinsics                                              : loaded 4 times (x 71B)
Class jdk.internal.jimage.decompressor.ResourceDecompressor                           : loaded 4 times (x 70B)
Class kotlin.jvm.JvmClassMappingKt                                                    : loaded 4 times (x 71B)
Class kotlin.jvm.internal.Reflection                                                  : loaded 4 times (x 71B)
Class kotlin.reflect.KProperty                                                        : loaded 4 times (x 70B)
Class kotlin.ranges.ClosedRange                                                       : loaded 4 times (x 70B)
Class [Lkotlin.reflect.KAnnotatedElement;                                             : loaded 4 times (x 69B)
Class kotlin.jvm.internal.PropertyReference                                           : loaded 4 times (x 115B)
Class jdk.internal.jimage.ImageHeader                                                 : loaded 4 times (x 71B)
Class kotlin.reflect.KMutableProperty                                                 : loaded 4 times (x 70B)
Class kotlin.KotlinVersion                                                            : loaded 4 times (x 74B)
Class kotlin.io.FileAlreadyExistsException                                            : loaded 4 times (x 82B)
Class kotlin.internal.ProgressionUtilKt                                               : loaded 4 times (x 71B)
Class kotlin.Function                                                                 : loaded 4 times (x 70B)
Class kotlin.collections.SetsKt__SetsJVMKt                                            : loaded 4 times (x 71B)
Class kotlin.collections.ArraysKt__ArraysKt                                           : loaded 4 times (x 71B)
Class kotlin.Result$Failure                                                           : loaded 4 times (x 72B)
Class kotlin.ResultKt                                                                 : loaded 4 times (x 71B)
Class kotlin.collections.builders.ListBuilderKt                                       : loaded 4 times (x 71B)
Class jdk.internal.jimage.ImageBufferCache$2                                          : loaded 4 times (x 91B)
Class kotlin.collections.EmptyList                                                    : loaded 4 times (x 174B)
Class kotlin.collections.MapsKt__MapsJVMKt                                            : loaded 4 times (x 71B)
Class kotlin.collections.ArraysKt___ArraysKt$asSequence$$inlined$Sequence$1           : loaded 4 times (x 75B)
Class jdk.internal.jimage.ImageBufferCache$1                                          : loaded 4 times (x 83B)
Class kotlin.collections.builders.MapBuilder$EntriesItr                               : loaded 4 times (x 81B)
Class kotlin.coroutines.ContinuationInterceptor$Key                                   : loaded 4 times (x 71B)
Class jdk.internal.jimage.ImageLocation                                               : loaded 4 times (x 90B)
Class kotlin.text.CharsKt                                                             : loaded 4 times (x 71B)
Class kotlin.collections.AbstractIterator                                             : loaded 4 times (x 83B)
Class kotlin.reflect.KCallable                                                        : loaded 4 times (x 70B)
Class kotlin.io.FilesKt__FilePathComponentsKt                                         : loaded 4 times (x 71B)
Class kotlin.io.TerminateException                                                    : loaded 4 times (x 82B)
Class kotlin.coroutines.CoroutineContext$Element                                      : loaded 4 times (x 70B)
Class kotlin.collections.CollectionsKt__MutableCollectionsKt                          : loaded 4 times (x 71B)
Class kotlin.reflect.KProperty2                                                       : loaded 4 times (x 70B)
Class kotlin.io.CloseableKt                                                           : loaded 4 times (x 71B)
Class kotlin.reflect.KClass                                                           : loaded 4 times (x 70B)
Class kotlin.reflect.KProperty1                                                       : loaded 4 times (x 70B)
Class kotlin.Pair                                                                     : loaded 4 times (x 72B)
Class kotlin.sequences.TransformingSequence$iterator$1                                : loaded 4 times (x 79B)
Class jdk.internal.jrtfs.JrtFileSystemProvider                                        : loaded 4 times (x 101B)
Class kotlin.reflect.KProperty0                                                       : loaded 4 times (x 70B)
Class [Lkotlin.reflect.KClass;                                                        : loaded 4 times (x 69B)
Class kotlin.Result                                                                   : loaded 4 times (x 72B)
Class kotlin.collections.CollectionsKt__IteratorsJVMKt                                : loaded 4 times (x 71B)
Class kotlin.collections.builders.AbstractMapBuilderEntrySet                          : loaded 4 times (x 144B)
Class kotlin.enums.EnumEntriesList                                                    : loaded 4 times (x 223B)
Class kotlin.jvm.internal.FunctionBase                                                : loaded 4 times (x 70B)
Class kotlin.jvm.internal.FunctionReference                                           : loaded 4 times (x 122B)
Class [Lkotlin.coroutines.intrinsics.CoroutineSingletons;                             : loaded 4 times (x 69B)
Class kotlin._Assertions                                                              : loaded 4 times (x 71B)
Class kotlin.text.Regex$Companion                                                     : loaded 4 times (x 71B)
Class kotlin.text.StringsKt__RegexExtensionsJVMKt                                     : loaded 4 times (x 71B)
Class kotlin.collections.CollectionsKt__CollectionsKt                                 : loaded 4 times (x 71B)
Class kotlin.collections.ArraysKt___ArraysJvmKt                                       : loaded 4 times (x 71B)
Class kotlin.reflect.KTypeParameter                                                   : loaded 4 times (x 70B)
Class kotlin.collections.builders.MapBuilderEntries                                   : loaded 4 times (x 145B)
Class kotlin.jvm.functions.Function22                                                 : loaded 4 times (x 70B)
Class kotlin.coroutines.jvm.internal.ContinuationImpl                                 : loaded 4 times (x 87B)
Class kotlin.coroutines.jvm.internal.SuspendLambda                                    : loaded 4 times (x 91B)
Class kotlin.collections.MapWithDefault                                               : loaded 4 times (x 70B)
Class kotlin.jvm.functions.Function21                                                 : loaded 4 times (x 70B)
Class kotlin.jvm.functions.Function20                                                 : loaded 4 times (x 70B)
Class kotlin.collections.CollectionsKt___CollectionsKt$asSequence$$inlined$Sequence$1 : loaded 4 times (x 75B)
Class kotlin.text.StringsKt__StringNumberConversionsJVMKt                             : loaded 4 times (x 71B)
Class kotlin.collections.builders.MapBuilder$EntryRef                                 : loaded 4 times (x 81B)
Class kotlin.sequences.Sequence                                                       : loaded 4 times (x 70B)
Class kotlin.jvm.internal.ArrayIteratorKt                                             : loaded 4 times (x 71B)
Class [Lkotlin.reflect.KCallable;                                                     : loaded 4 times (x 69B)
Class kotlin.reflect.KProperty$Accessor                                               : loaded 4 times (x 70B)
Class kotlin.jvm.internal.AdaptedFunctionReference                                    : loaded 4 times (x 77B)
Class kotlin.text.StringsKt__AppendableKt                                             : loaded 4 times (x 71B)
Class kotlin.coroutines.ContinuationInterceptor                                       : loaded 4 times (x 70B)
Class kotlin.sequences.SequencesKt___SequencesKt$flatMap$2                            : loaded 4 times (x 125B)
Class kotlin.io.FileTreeWalk$FileTreeWalkIterator                                     : loaded 4 times (x 83B)
Class kotlin.collections.AbstractList$Companion                                       : loaded 4 times (x 71B)
Class kotlin.KotlinVersion$Companion                                                  : loaded 4 times (x 71B)
Class kotlin.sequences.SequencesKt___SequencesKt                                      : loaded 4 times (x 71B)
Class kotlinx.coroutines.ExecutorCoroutineDispatcher$Key                              : loaded 3 times (x 72B)
Class kotlin.ranges.IntProgressionIterator                                            : loaded 3 times (x 82B)
Class kotlin.reflect.jvm.internal.RuntimeTypeMapper                                   : loaded 3 times (x 71B)
Class kotlinx.coroutines.intrinsics.CancellableKt                                     : loaded 3 times (x 71B)
Class kotlin.time.DurationUnitKt                                                      : loaded 3 times (x 71B)
Class kotlinx.coroutines.Dispatchers                                                  : loaded 3 times (x 71B)
Class kotlinx.coroutines.scheduling.DefaultScheduler                                  : loaded 3 times (x 108B)
Class kotlinx.coroutines.internal.LockFreeTaskQueue                                   : loaded 3 times (x 72B)
Class kotlin.jvm.internal.StringCompanionObject                                       : loaded 3 times (x 71B)
Class kotlinx.coroutines.BlockingCoroutine                                            : loaded 3 times (x 143B)
Class kotlin.sequences.SequencesKt___SequencesKt$flatMap$1                            : loaded 3 times (x 125B)
Class kotlinx.coroutines.scheduling.Task                                              : loaded 3 times (x 76B)
Class jdk.internal.jrtfs.ExplodedImage                                                : loaded 3 times (x 77B)
Class kotlin.jvm.internal.Ref$BooleanRef                                              : loaded 3 times (x 71B)
Class org.jetbrains.kotlin.util.capitalizeDecapitalize.CapitalizeDecapitalizeKt       : loaded 3 times (x 71B)
Class jdk.internal.jrtfs.JrtDirectoryStream                                           : loaded 3 times (x 89B)
Class org.jetbrains.kotlin.cli.common.messages.CompilerMessageSeverity$Companion      : loaded 3 times (x 71B)
Class kotlinx.coroutines.Empty                                                        : loaded 3 times (x 75B)
Class kotlinx.coroutines.internal.OpDescriptor                                        : loaded 3 times (x 73B)
Class kotlin.time.Duration                                                            : loaded 3 times (x 74B)
Class kotlinx.coroutines.internal.ResizableAtomicArray                                : loaded 3 times (x 72B)
Class kotlinx.coroutines.AbstractTimeSourceKt                                         : loaded 3 times (x 71B)
Class org.jetbrains.kotlin.cli.common.messages.MessageRenderer                        : loaded 3 times (x 70B)
Class kotlinx.coroutines.Incomplete                                                   : loaded 3 times (x 70B)
Class kotlin.reflect.KMutableProperty$Setter                                          : loaded 3 times (x 70B)
Class kotlinx.coroutines.scheduling.TaskContextImpl                                   : loaded 3 times (x 75B)
Class kotlin.InitializedLazyImpl                                                      : loaded 3 times (x 76B)
Class kotlin.sequences.DropTakeSequence                                               : loaded 3 times (x 70B)
Class kotlin.collections.ArrayDeque$Companion                                         : loaded 3 times (x 71B)
Class org.jetbrains.kotlin.cli.common.arguments.CommonToolArguments                   : loaded 3 times (x 73B)
Class org.jetbrains.kotlin.cli.common.CompilerSystemProperties$Companion              : loaded 3 times (x 71B)
Class kotlinx.coroutines.internal.LockFreeTaskQueueCore$Companion                     : loaded 3 times (x 71B)
Class org.jetbrains.kotlin.cli.common.ExitCode                                        : loaded 3 times (x 79B)
Class kotlin.jvm.internal.PropertyReference0Impl                                      : loaded 3 times (x 127B)
Class kotlin.coroutines.CoroutineContext$DefaultImpls                                 : loaded 3 times (x 71B)
Class kotlinx.coroutines.internal.LockFreeLinkedListNode                              : loaded 3 times (x 75B)
Class kotlin.annotation.MustBeDocumented                                              : loaded 3 times (x 70B)
Class kotlin.reflect.jvm.internal.EmptyContainerForLocal                              : loaded 3 times (x 84B)
Class kotlinx.coroutines.scheduling.TaskContext                                       : loaded 3 times (x 70B)
Class [Lkotlin.annotation.AnnotationRetention;                                        : loaded 3 times (x 69B)
Class org.jetbrains.kotlin.cli.common.arguments.CommonCompilerArgumentsConfigurator   : loaded 3 times (x 74B)
Class kotlin.reflect.jvm.internal.impl.name.FqNameUnsafe                              : loaded 3 times (x 72B)
Class kotlinx.coroutines.internal.ThreadContextKt                                     : loaded 3 times (x 71B)
Class org.jetbrains.kotlin.cli.common.arguments.CommonCompilerArguments               : loaded 3 times (x 75B)
Class kotlinx.coroutines.CoroutineContextKt$hasCopyableElements$1                     : loaded 3 times (x 78B)
Class kotlin.reflect.jvm.internal.impl.name.Name                                      : loaded 3 times (x 75B)
Class kotlinx.coroutines.BuildersKt                                                   : loaded 3 times (x 71B)
Class kotlinx.coroutines.AbstractCoroutine                                            : loaded 3 times (x 143B)
Class [Lkotlin.time.DurationUnit;                                                     : loaded 3 times (x 69B)
Class kotlin.reflect.jvm.internal.KTypeParameterOwnerImpl                             : loaded 3 times (x 70B)
Class kotlinx.coroutines.GlobalScope                                                  : loaded 3 times (x 74B)
Class kotlinx.coroutines.Unconfined                                                   : loaded 3 times (x 99B)
Class kotlinx.coroutines.DefaultExecutorKt                                            : loaded 3 times (x 71B)
Class kotlin.reflect.jvm.internal.impl.builtins.CompanionObjectMapping                : loaded 3 times (x 71B)
Class kotlin.collections.AbstractMap$Companion                                        : loaded 3 times (x 71B)
Class org.jetbrains.kotlin.cli.common.arguments.K2JVMCompilerArguments                : loaded 3 times (x 76B)
Class kotlin.jvm.internal.MutablePropertyReference0                                   : loaded 3 times (x 137B)
Class kotlin.reflect.jvm.internal.KClassImpl$Data                                     : loaded 3 times (x 72B)
Class kotlin.reflect.jvm.internal.impl.builtins.PrimitiveType$Companion               : loaded 3 times (x 71B)
Class kotlinx.coroutines.EventLoopImplBase                                            : loaded 3 times (x 117B)
Class kotlinx.coroutines.CoroutineId                                                  : loaded 3 times (x 93B)
Class kotlin.reflect.jvm.internal.KDeclarationContainerImpl$Data                      : loaded 3 times (x 72B)
Class kotlinx.coroutines.scheduling.UnlimitedIoScheduler                              : loaded 3 times (x 99B)
Class kotlinx.coroutines.CoroutineStart                                               : loaded 3 times (x 79B)
Class kotlin.properties.ReadWriteProperty                                             : loaded 3 times (x 70B)
Class org.jetbrains.kotlin.cli.common.messages.GradleStyleMessageRenderer             : loaded 3 times (x 78B)
Class kotlinx.coroutines.DebugKt                                                      : loaded 3 times (x 71B)
Class kotlin.coroutines.AbstractCoroutineContextKey                                   : loaded 3 times (x 72B)
Class kotlinx.coroutines.CompletedExceptionally                                       : loaded 3 times (x 72B)
Class kotlin.sequences.GeneratorSequence                                              : loaded 3 times (x 75B)
Class [Lkotlin.DeprecationLevel;                                                      : loaded 3 times (x 69B)
Class kotlin.reflect.jvm.internal.KClassImpl                                          : loaded 3 times (x 115B)
Class org.jetbrains.kotlin.config.Services$Builder                                    : loaded 3 times (x 72B)
Class kotlin.collections.AbstractSet$Companion                                        : loaded 3 times (x 71B)
Class kotlinx.coroutines.CoroutineStart$WhenMappings                                  : loaded 3 times (x 71B)
Class kotlin.time.DurationKt                                                          : loaded 3 times (x 71B)
Class kotlin.collections.ReversedListReadOnly                                         : loaded 3 times (x 198B)
Class kotlin.reflect.jvm.internal.ReflectProperties$Val$1                             : loaded 3 times (x 71B)
Class kotlin.text.DelimitedRangesSequence                                             : loaded 3 times (x 75B)
Class kotlin.UInt                                                                     : loaded 3 times (x 74B)
Class kotlin.UInt$Companion                                                           : loaded 3 times (x 71B)
Class kotlin.comparisons.ComparisonsKt___ComparisonsKt                                : loaded 3 times (x 71B)
Class kotlin.comparisons.ComparisonsKt                                                : loaded 3 times (x 71B)
Class kotlin.collections.ReversedListReadOnly$listIterator$1                          : loaded 3 times (x 90B)
Class kotlin.comparisons.ComparisonsKt__ComparisonsKt                                 : loaded 3 times (x 71B)
Class [Lkotlin.reflect.jvm.internal.impl.resolve.jvm.JvmPrimitiveType;                : loaded 3 times (x 69B)
Class kotlin.coroutines.CoroutineContext$Element$DefaultImpls                         : loaded 3 times (x 71B)
Class kotlinx.coroutines.Job$DefaultImpls                                             : loaded 3 times (x 71B)
Class kotlin.Triple                                                                   : loaded 3 times (x 72B)
Class kotlinx.coroutines.EventLoopKt                                                  : loaded 3 times (x 71B)
Class kotlinx.coroutines.internal.Symbol                                              : loaded 3 times (x 72B)
Class kotlinx.coroutines.internal.DispatchedContinuation                              : loaded 3 times (x 90B)
Class kotlin.reflect.full.IllegalPropertyDelegateAccessException                      : loaded 3 times (x 82B)
Class [Lkotlin.reflect.jvm.internal.impl.builtins.jvm.JavaToKotlinClassMap$PlatformMutabilityMapping;: loaded 3 times (x 69B)
Class kotlinx.coroutines.CoroutineContextKt                                           : loaded 3 times (x 71B)
Class kotlin.UnsafeLazyImpl                                                           : loaded 3 times (x 76B)
Class kotlin.jvm.internal.PropertyReference2                                          : loaded 3 times (x 127B)
Class jdk.internal.jimage.ImageReader$SharedImageReader$LocationVisitor               : loaded 3 times (x 70B)
Class kotlin.reflect.full.IllegalCallableAccessException                              : loaded 3 times (x 82B)
Class kotlin.sequences.EmptySequence                                                  : loaded 3 times (x 78B)
Class org.jetbrains.kotlin.cli.common.arguments.ParseCommandLineArgumentsKt           : loaded 3 times (x 71B)
Class kotlinx.coroutines.EventLoop_commonKt                                           : loaded 3 times (x 71B)
Class kotlin.jvm.internal.PropertyReference0                                          : loaded 3 times (x 127B)
Class kotlinx.coroutines.NonDisposableHandle                                          : loaded 3 times (x 78B)
Class kotlin.reflect.jvm.internal.KDeclarationContainerImpl$Companion                 : loaded 3 times (x 71B)
Class [Lorg.jetbrains.kotlin.cli.common.CompilerSystemProperties;                     : loaded 3 times (x 69B)
Class kotlinx.coroutines.CoroutineDispatcher                                          : loaded 3 times (x 99B)
Class kotlinx.coroutines.CoroutineDispatcher$Key$1                                    : loaded 3 times (x 78B)
Class kotlinx.coroutines.CompletionStateKt                                            : loaded 3 times (x 71B)
Class kotlin.reflect.jvm.internal.impl.descriptors.runtime.structure.ReflectClassUtilKt: loaded 3 times (x 71B)
Class kotlinx.coroutines.ThreadLocalEventLoop                                         : loaded 3 times (x 71B)
Class kotlin.coroutines.AbstractCoroutineContextElement                               : loaded 3 times (x 89B)
Class kotlinx.coroutines.BlockingEventLoop                                            : loaded 3 times (x 117B)
Class kotlin.collections.AbstractMap                                                  : loaded 3 times (x 122B)
Class kotlinx.coroutines.JobSupportKt                                                 : loaded 3 times (x 71B)
Class org.jetbrains.kotlin.cli.common.arguments.ArgumentParseErrors                   : loaded 3 times (x 72B)
Class kotlin.reflect.jvm.internal.impl.builtins.PrimitiveType                         : loaded 3 times (x 79B)
Class kotlinx.coroutines.CompletionHandlerBase                                        : loaded 3 times (x 80B)
Class kotlin.jvm.internal.MutablePropertyReference1Impl                               : loaded 3 times (x 137B)
Class kotlinx.coroutines.scheduling.SchedulerCoroutineDispatcher                      : loaded 3 times (x 108B)
Class kotlinx.coroutines.ChildHandleNode                                              : loaded 3 times (x 94B)
Class jdk.internal.jrtfs.JrtFileAttributes                                            : loaded 3 times (x 83B)
Class [Lorg.jetbrains.kotlin.cli.common.ExitCode;                                     : loaded 3 times (x 69B)
Class kotlinx.coroutines.internal.SystemPropsKt__SystemPropsKt                        : loaded 3 times (x 71B)
Class kotlinx.coroutines.scheduling.TasksKt                                           : loaded 3 times (x 71B)
Class kotlinx.coroutines.ChildJob                                                     : loaded 3 times (x 70B)
Class jdk.internal.jimage.ImageReader$Resource                                        : loaded 3 times (x 84B)
Class kotlin.reflect.jvm.internal.ReflectProperties$Val                               : loaded 3 times (x 74B)
Class kotlin.jvm.internal.MutablePropertyReference2                                   : loaded 3 times (x 137B)
Class jdk.internal.jimage.BasicImageReader$2                                          : loaded 3 times (x 77B)
Class kotlin.collections.IndexedValue                                                 : loaded 3 times (x 72B)
Class org.jetbrains.kotlin.cli.common.arguments.ArgumentField                         : loaded 3 times (x 72B)
Class kotlin.reflect.jvm.internal.impl.name.SpecialNames                              : loaded 3 times (x 71B)
Class kotlin.collections.AbstractSet                                                  : loaded 3 times (x 135B)
Class kotlinx.coroutines.EventLoop                                                    : loaded 3 times (x 105B)
Class kotlin.reflect.jvm.internal.KDeclarationContainerImpl                           : loaded 3 times (x 84B)
Class kotlinx.coroutines.DefaultExecutor                                              : loaded 3 times (x 120B)
Class kotlinx.coroutines.Job$Key                                                      : loaded 3 times (x 71B)
Class kotlin.time.Duration$Companion                                                  : loaded 3 times (x 71B)
Class kotlin.reflect.jvm.internal.ReflectProperties                                   : loaded 3 times (x 71B)
Class kotlin.time.DurationJvmKt                                                       : loaded 3 times (x 71B)
Class [Lorg.jetbrains.kotlin.cli.common.messages.CompilerMessageSeverity;             : loaded 3 times (x 69B)
Class kotlin.properties.Delegates                                                     : loaded 3 times (x 71B)
Class kotlinx.coroutines.ExecutorCoroutineDispatcher$Key$1                            : loaded 3 times (x 78B)
Class kotlinx.coroutines.ChildHandle                                                  : loaded 3 times (x 70B)
Class org.jetbrains.kotlin.cli.common.arguments.Freezable                             : loaded 3 times (x 72B)
Class kotlinx.coroutines.CoroutineScope                                               : loaded 3 times (x 70B)
Class kotlin.coroutines.ContinuationInterceptor$DefaultImpls                          : loaded 3 times (x 71B)
Class kotlinx.coroutines.CoroutineDispatcher$Key                                      : loaded 3 times (x 72B)
Class [Lkotlinx.coroutines.CoroutineStart;                                            : loaded 3 times (x 69B)
Class kotlin.time.DurationUnitKt__DurationUnitKt                                      : loaded 3 times (x 71B)
Class kotlin.collections.ArrayDeque                                                   : loaded 3 times (x 207B)
Class [Lkotlin.reflect.jvm.internal.impl.name.FqName;                                 : loaded 3 times (x 69B)
Class kotlin.reflect.jvm.internal.KPackageImpl                                        : loaded 3 times (x 85B)
Class org.jetbrains.kotlin.cli.common.arguments.K2JVMCompilerArgumentsConfigurator    : loaded 3 times (x 74B)
Class kotlin.time.DurationUnit                                                        : loaded 3 times (x 79B)
Class kotlin.collections.IntIterator                                                  : loaded 3 times (x 82B)
Class kotlin.reflect.jvm.internal.impl.resolve.jvm.JvmPrimitiveType                   : loaded 3 times (x 79B)
Class kotlinx.coroutines.ThreadContextElement                                         : loaded 3 times (x 70B)
Class kotlin.reflect.jvm.internal.impl.builtins.jvm.JavaToKotlinClassMap$PlatformMutabilityMapping: loaded 3 times (x 72B)
Class kotlinx.coroutines.internal.SystemPropsKt__SystemProps_commonKt                 : loaded 3 times (x 71B)
Class kotlinx.coroutines.DispatchedTaskKt                                             : loaded 3 times (x 71B)
Class kotlin.annotation.AnnotationTarget                                              : loaded 3 times (x 79B)
Class org.jetbrains.kotlin.cli.common.messages.MessageCollector                       : loaded 3 times (x 70B)
Class kotlin.reflect.jvm.internal.ReflectProperties$LazySoftVal                       : loaded 3 times (x 78B)
Class kotlin.reflect.jvm.internal.impl.builtins.StandardNames                         : loaded 3 times (x 71B)
Class [Lkotlin.reflect.jvm.internal.impl.builtins.PrimitiveType;                      : loaded 3 times (x 69B)
Class kotlin.collections.IndexingIterator                                             : loaded 3 times (x 79B)
Class kotlin.coroutines.CombinedContext                                               : loaded 3 times (x 78B)
Class org.jetbrains.kotlin.config.Services$Companion                                  : loaded 3 times (x 71B)
Class jdk.internal.jrtfs.SystemImage                                                  : loaded 3 times (x 74B)
Class kotlinx.coroutines.internal.LockFreeTaskQueueCore                               : loaded 3 times (x 72B)
Class kotlinx.coroutines.JobCancellingNode                                            : loaded 3 times (x 90B)
Class kotlinx.coroutines.internal.DispatchedContinuationKt                            : loaded 3 times (x 71B)
Class kotlin.reflect.jvm.internal.KotlinReflectionInternalError                       : loaded 3 times (x 82B)
Class kotlin.reflect.jvm.internal.impl.builtins.jvm.JavaToKotlinClassMap              : loaded 3 times (x 71B)
Class kotlinx.coroutines.Job                                                          : loaded 3 times (x 70B)
Class kotlin.collections.IndexingIterable                                             : loaded 3 times (x 79B)
Class kotlinx.coroutines.CopyableThreadContextElement                                 : loaded 3 times (x 70B)
Class kotlinx.coroutines.ExecutorCoroutineDispatcher                                  : loaded 3 times (x 107B)
Class kotlin.reflect.jvm.internal.impl.builtins.StandardNames$FqNames                 : loaded 3 times (x 71B)
Class kotlinx.coroutines.JobSupport                                                   : loaded 3 times (x 132B)
Class kotlin.DeprecationLevel                                                         : loaded 3 times (x 79B)
Class kotlinx.coroutines.JobNode                                                      : loaded 3 times (x 90B)
Class kotlinx.coroutines.ParentJob                                                    : loaded 3 times (x 70B)
Class kotlinx.coroutines.Delay                                                        : loaded 3 times (x 70B)
Class kotlin.reflect.jvm.internal.ReflectionFactoryImpl                               : loaded 3 times (x 91B)
Class kotlinx.coroutines.internal.ThreadLocalKt                                       : loaded 3 times (x 71B)
Class kotlin.time.DurationUnitKt__DurationUnitJvmKt                                   : loaded 3 times (x 71B)
Class org.jetbrains.kotlin.config.Services                                            : loaded 3 times (x 72B)
Class kotlin.text.DelimitedRangesSequence$iterator$1                                  : loaded 3 times (x 79B)
Class jdk.internal.jrtfs.JrtDirectoryStream$1                                         : loaded 3 times (x 83B)
Class kotlinx.coroutines.scheduling.CoroutineScheduler                                : loaded 3 times (x 81B)
Class kotlin.io.LinesSequence$iterator$1                                              : loaded 3 times (x 79B)
Class kotlinx.coroutines.scheduling.SchedulerTimeSource                               : loaded 3 times (x 72B)
Class kotlinx.coroutines.EventLoopImplPlatform                                        : loaded 3 times (x 107B)
Class kotlin.reflect.jvm.internal.impl.utils.CollectionsKt                            : loaded 3 times (x 71B)
Class kotlinx.coroutines.internal.LimitedDispatcherKt                                 : loaded 3 times (x 71B)
Class kotlin.sequences.GeneratorSequence$iterator$1                                   : loaded 3 times (x 79B)
Class kotlinx.coroutines.scheduling.GlobalQueue                                       : loaded 3 times (x 72B)
Class kotlin.io.LinesSequence                                                         : loaded 3 times (x 75B)
Class kotlin.reflect.jvm.internal.impl.name.FqName                                    : loaded 3 times (x 72B)
Class jdk.internal.jrtfs.JrtFileSystem$1                                              : loaded 3 times (x 107B)
Class org.jetbrains.kotlin.cli.common.arguments.Argument                              : loaded 3 times (x 70B)
Class org.jetbrains.kotlin.cli.common.CompilerSystemProperties                        : loaded 3 times (x 80B)
Class org.jetbrains.kotlin.cli.common.arguments.PreprocessCommandLineArgumentsKt      : loaded 3 times (x 71B)
Class kotlinx.coroutines.BuildersKt__BuildersKt                                       : loaded 3 times (x 71B)
Class kotlinx.coroutines.scheduling.NanoTimeSource                                    : loaded 3 times (x 72B)
Class kotlin.comparisons.ComparisonsKt___ComparisonsJvmKt                             : loaded 3 times (x 71B)
Class kotlin.reflect.jvm.internal.impl.name.FqNamesUtilKt                             : loaded 3 times (x 71B)
Class kotlin.collections.builders.ListBuilder                                         : loaded 3 times (x 207B)
Class kotlin.collections.builders.ListBuilder$Companion                               : loaded 3 times (x 71B)
Class kotlinx.coroutines.scheduling.CoroutineScheduler$Companion                      : loaded 3 times (x 71B)
Class jdk.internal.jrtfs.SystemImage$2                                                : loaded 3 times (x 76B)
Class [Lkotlin.annotation.AnnotationTarget;                                           : loaded 3 times (x 69B)
Class kotlinx.coroutines.DisposableHandle                                             : loaded 3 times (x 70B)
Class jdk.internal.jrtfs.SystemImage$1                                                : loaded 3 times (x 78B)
Class jdk.internal.jimage.ImageReader$LinkNode                                        : loaded 3 times (x 84B)
Class kotlinx.coroutines.scheduling.DefaultIoScheduler                                : loaded 3 times (x 110B)
Class kotlinx.coroutines.DispatchedTask                                               : loaded 3 times (x 81B)
Class jdk.internal.jrtfs.JrtFileStore                                                 : loaded 3 times (x 83B)
Class kotlin.annotation.AnnotationRetention                                           : loaded 3 times (x 79B)
Class org.jetbrains.kotlin.cli.common.messages.CompilerMessageSeverity                : loaded 3 times (x 79B)
Class kotlinx.coroutines.IncompleteStateBox                                           : loaded 3 times (x 72B)
Class kotlinx.coroutines.internal.SystemPropsKt                                       : loaded 3 times (x 71B)
Class kotlin.reflect.jvm.internal.impl.name.ClassId                                   : loaded 3 times (x 72B)
Class org.jetbrains.kotlin.com.intellij.lexer.LexerBase                               : loaded 2 times (x 83B)
Class org.jetbrains.kotlin.kotlinx.collections.immutable.implementations.immutableList.AbstractListIterator: loaded 2 times (x 98B)
Class org.jetbrains.kotlin.com.intellij.psi.PsiLanguageInjectionHost                  : loaded 2 times (x 70B)
Class org.jetbrains.kotlin.backend.jvm.lower.ExternalPackageParentPatcherLowering     : loaded 2 times (x 80B)
Class org.jetbrains.kotlin.backend.common.CommonBackendContext                        : loaded 2 times (x 70B)
Class org.jetbrains.kotlin.backend.jvm.lower.FakeLocalVariablesForBytecodeInlinerLowering: loaded 2 times (x 179B)
Class org.jetbrains.kotlin.backend.jvm.JvmLoweringPhasesKt$jvmFilePhases$53           : loaded 2 times (x 125B)
Class org.jetbrains.kotlin.backend.jvm.lower.PropertyReferenceDelegationLowering      : loaded 2 times (x 80B)
Class org.jetbrains.kotlin.backend.jvm.JvmLoweringPhasesKt$jvmFilePhases$2            : loaded 2 times (x 125B)
Class org.jetbrains.kotlin.load.java.JavaTypeEnhancementState                         : loaded 2 times (x 72B)
Class org.jetbrains.kotlin.cli.common.UtilsKt                                         : loaded 2 times (x 71B)
Class org.jetbrains.kotlin.com.fasterxml.aalto.in.ElementScope                        : loaded 2 times (x 72B)
Class org.jetbrains.kotlin.com.intellij.util.diff.FlyweightCapableTreeStructure       : loaded 2 times (x 70B)
Class com.google.common.collect.Sets$4                                                : loaded 2 times (x 139B)
Class com.google.common.reflect.Types$ClassOwnership$2                                : loaded 2 times (x 80B)
Class com.google.common.reflect.TypeResolver                                          : loaded 2 times (x 72B)
Class com.google.common.cache.LocalCache$Strength$1                                   : loaded 2 times (x 81B)
Class androidx.compose.compiler.plugins.kotlin.ComposePluginRegistrar$Companion       : loaded 2 times (x 71B)
Class org.jetbrains.kotlin.psi.stubs.elements.KtStringInterpolationPrefixElementType  : loaded 2 times (x 100B)
Class org.jetbrains.kotlin.psi.KtTypeParameterList                                    : loaded 2 times (x 446B)
Class org.jetbrains.kotlin.fir.scopes.impl.FirGeneratedMemberDeclarationsStorage$StorageContext: loaded 2 times (x 72B)
Class org.jetbrains.kotlin.metadata.ProtoBuf$QualifiedNameTable$QualifiedNameOrBuilder: loaded 2 times (x 70B)
Class org.jetbrains.kotlin.metadata.jvm.JvmModuleProtoBuf$Module                      : loaded 2 times (x 124B)
Class org.jetbrains.kotlin.protobuf.GeneratedMessageLite$ExtendableMessage            : loaded 2 times (x 113B)
Class org.jetbrains.kotlin.com.fasterxml.aalto.in.ByteBasedPNameTable$Bucket          : loaded 2 times (x 72B)
Class org.jetbrains.kotlin.fir.FirBinaryDependenciesModuleData                        : loaded 2 times (x 82B)
Class org.jetbrains.kotlin.resolve.jvm.extensions.AnalysisHandlerExtension            : loaded 2 times (x 70B)
Class org.jetbrains.kotlin.cli.jvm.compiler.KotlinCliJavaFileManagerImpl              : loaded 2 times (x 91B)
Class [Lorg.jetbrains.kotlin.com.intellij.psi.search.SearchScope;                     : loaded 2 times (x 69B)
Class [Lorg.jetbrains.kotlin.com.intellij.openapi.vfs.VirtualFile;                    : loaded 2 times (x 69B)
Class org.jetbrains.kotlin.com.intellij.psi.impl.PsiTreeChangeEventImpl               : loaded 2 times (x 86B)
Class org.jetbrains.kotlin.com.intellij.psi.impl.search.MethodSuperSearcher           : loaded 2 times (x 75B)
Class org.jetbrains.kotlin.com.intellij.psi.PsiTypes                                  : loaded 2 times (x 71B)
Class org.jetbrains.kotlin.resolve.jvm.KotlinCliJavaFileManager                       : loaded 2 times (x 70B)
Class org.jetbrains.kotlin.com.intellij.util.graph.GraphAlgorithms                    : loaded 2 times (x 71B)
Class org.jetbrains.kotlin.com.intellij.psi.PsiFileSystemItem                         : loaded 2 times (x 70B)
Class org.jetbrains.kotlin.com.intellij.openapi.util.Condition$1                      : loaded 2 times (x 86B)
Class org.jetbrains.kotlin.backend.jvm.JvmLoweringPhasesKt$jvmFilePhases$54           : loaded 2 times (x 125B)
Class org.jetbrains.kotlin.backend.jvm.JvmLoweringPhasesKt$jvmFilePhases$3            : loaded 2 times (x 125B)
Class org.jetbrains.kotlin.load.java.NullabilityAnnotationStates$Companion            : loaded 2 times (x 71B)
Class [Lorg.jetbrains.kotlin.com.intellij.psi.PsiQualifiedNamedElement;               : loaded 2 times (x 69B)
Class org.jetbrains.org.objectweb.asm.ClassVisitor                                    : loaded 2 times (x 88B)
Class org.jetbrains.kotlin.com.intellij.psi.search.LocalSearchScope                   : loaded 2 times (x 85B)
Class org.jetbrains.kotlin.com.intellij.openapi.util.RecursionManager$2               : loaded 2 times (x 75B)
Class com.google.common.collect.Collections2$FilteredCollection                       : loaded 2 times (x 119B)
Class com.google.common.reflect.Types$ClassOwnership$3                                : loaded 2 times (x 71B)
Class com.google.common.util.concurrent.SettableFuture                                : loaded 2 times (x 114B)
Class com.google.common.cache.LocalCache$Strength$2                                   : loaded 2 times (x 81B)
Class org.jetbrains.kotlin.load.java.structure.JavaElement                            : loaded 2 times (x 70B)
Class [Lorg.jetbrains.kotlin.psi.KtDeclarationWithInitializer;                        : loaded 2 times (x 69B)
Class org.jetbrains.kotlin.psi.stubs.elements.KtValueArgumentListElementType          : loaded 2 times (x 103B)
Class org.jetbrains.kotlin.resolve.checkers.ExplicitApiDeclarationChecker             : loaded 2 times (x 74B)
Class org.jetbrains.kotlin.fir.FirVisibilityChecker                                   : loaded 2 times (x 73B)
Class org.jetbrains.kotlin.fir.extensions.predicate.PredicateVisitor                  : loaded 2 times (x 80B)
Class [Lorg.jetbrains.kotlin.types.model.TypeArgumentMarker;                          : loaded 2 times (x 69B)
Class org.jetbrains.kotlin.protobuf.CodedOutputStream$OutOfSpaceException             : loaded 2 times (x 82B)
Class org.jetbrains.kotlin.metadata.ProtoBuf$Annotation$Argument$Value                : loaded 2 times (x 127B)
Class org.jetbrains.kotlin.KtVirtualFileSourceFile                                    : loaded 2 times (x 77B)
Class org.jetbrains.kotlin.cli.pipeline.jvm.JvmFrontendPipelinePhase$EnvironmentAndSources: loaded 2 times (x 72B)
Class org.jetbrains.kotlin.cli.jvm.compiler.CliMetadataFinderFactory                  : loaded 2 times (x 76B)
Class org.jetbrains.kotlin.fir.extensions.FirExtensionRegistrarAdapter$Companion      : loaded 2 times (x 72B)
Class org.jetbrains.kotlin.com.intellij.openapi.roots.PackageIndex                    : loaded 2 times (x 73B)
Class kotlinx.coroutines.internal.ThreadContextKt$countAll$1                          : loaded 2 times (x 78B)
Class [Lorg.jetbrains.org.objectweb.asm.Attribute;                                    : loaded 2 times (x 69B)
Class [Lorg.jetbrains.kotlin.it.unimi.dsi.fastutil.objects.n;                         : loaded 2 times (x 69B)
Class org.jetbrains.kotlin.com.intellij.navigation.NavigationItem                     : loaded 2 times (x 70B)
Class org.jetbrains.kotlin.com.intellij.util.text.StringKt                            : loaded 2 times (x 71B)
Class org.jetbrains.kotlin.com.intellij.ide.plugins.DisabledPluginsState$Companion    : loaded 2 times (x 71B)
Class org.jetbrains.kotlin.cli.pipeline.jvm.JvmFrontendPipelinePhase$checkNotSupportedPlugins$notSupportedPlugins$1$1: loaded 2 times (x 127B)
Class org.jetbrains.kotlin.com.intellij.openapi.util.Condition$2                      : loaded 2 times (x 86B)
Class org.jetbrains.kotlin.cli.common.modules.ModuleBuilder                           : loaded 2 times (x 83B)
Class org.jetbrains.kotlin.backend.jvm.lower.JvmIrInliner                             : loaded 2 times (x 80B)
Class org.jetbrains.kotlin.backend.jvm.lower.FakeInliningLocalVariables               : loaded 2 times (x 70B)
Class org.jetbrains.kotlin.backend.jvm.lower.TypeOperatorLowering                     : loaded 2 times (x 344B)
Class org.jetbrains.kotlin.backend.jvm.lower.AdditionalClassAnnotationLowering        : loaded 2 times (x 85B)
Class org.jetbrains.kotlin.backend.jvm.JvmLoweringPhasesKt$jvmFilePhases$55           : loaded 2 times (x 125B)
Class org.jetbrains.kotlin.backend.jvm.lower.JvmReturnableBlockLowering               : loaded 2 times (x 85B)
Class org.jetbrains.kotlin.backend.jvm.lower.MappedEnumWhenLowering                   : loaded 2 times (x 357B)
Class org.jetbrains.kotlin.backend.jvm.JvmLoweringPhasesKt$jvmFilePhases$4            : loaded 2 times (x 125B)
Class org.jetbrains.kotlin.cli.common.arguments.JavaTypeEnhancementStateParser$Companion: loaded 2 times (x 71B)
Class org.jetbrains.kotlin.com.google.common.collect.AbstractMapBasedMultimap$RandomAccessWrappedList: loaded 2 times (x 205B)
Class org.jetbrains.kotlin.com.intellij.util.containers.RefHashMap$MyMap              : loaded 2 times (x 180B)
Class org.jetbrains.kotlin.it.unimi.dsi.fastutil.objects.Object2ObjectOpenHashMap     : loaded 2 times (x 180B)
Class kotlin.reflect.jvm.internal.KClassImpl$Data$descriptor$2                        : loaded 2 times (x 79B)
Class [Lorg.jetbrains.kotlin.it.unimi.dsi.fastutil.objects.Object2ObjectMap;          : loaded 2 times (x 69B)
Class org.jetbrains.kotlin.util.MetadataHelpersKt                                     : loaded 2 times (x 71B)
Class org.jetbrains.kotlin.protobuf.LazyStringArrayList                               : loaded 2 times (x 280B)
Class org.jetbrains.kotlin.fir.types.impl.FirImplicitThrowableTypeRef                 : loaded 2 times (x 107B)
Class com.google.common.collect.TransformedIterator                                   : loaded 2 times (x 80B)
Class [Lcom.google.common.collect.Maps$EntryFunction;                                 : loaded 2 times (x 69B)
Class com.google.common.cache.LocalCache$Strength$3                                   : loaded 2 times (x 81B)
Class com.google.common.collect.MapDifference                                         : loaded 2 times (x 70B)
Class org.jetbrains.kotlin.metadata.ProtoBuf$StringTableOrBuilder                     : loaded 2 times (x 70B)
Class [Lorg.jetbrains.kotlin.psi.KtModifierList;                                      : loaded 2 times (x 69B)
Class org.jetbrains.kotlin.psi.KtDeclarationModifierList                              : loaded 2 times (x 512B)
Class org.jetbrains.kotlin.psi.KtTypeParameter                                        : loaded 2 times (x 915B)
Class org.jetbrains.kotlin.com.intellij.psi.stubs.NamedStub                           : loaded 2 times (x 70B)
Class org.jetbrains.kotlin.fir.analysis.FirOverridesBackwardCompatibilityHelper       : loaded 2 times (x 74B)
Class org.jetbrains.kotlin.fir.declarations.FirAnnotationsPlatformSpecificSupportComponent: loaded 2 times (x 78B)
Class org.jetbrains.kotlin.types.TypeSystemCommonBackendContext                       : loaded 2 times (x 70B)
Class org.jetbrains.kotlin.fir.types.impl.FirImplicitNumberTypeRef                    : loaded 2 times (x 107B)
Class org.jetbrains.kotlin.fir.types.ConeTypeProjection$Companion                     : loaded 2 times (x 71B)
Class org.jetbrains.kotlin.fir.types.ConeLookupTagBasedType                           : loaded 2 times (x 81B)
Class org.jetbrains.kotlin.resolve.jvm.modules.JavaModule$Root                        : loaded 2 times (x 72B)
Class [Lorg.jetbrains.kotlin.extensions.CompilerConfigurationExtension;               : loaded 2 times (x 69B)
Class org.jetbrains.kotlin.com.intellij.psi.JavaPsiFacade                             : loaded 2 times (x 86B)
Class org.jetbrains.kotlin.com.intellij.lang.jvm.types.JvmPrimitiveType               : loaded 2 times (x 70B)
Class org.jetbrains.kotlin.com.intellij.psi.impl.PsiFileFactoryImpl                   : loaded 2 times (x 86B)
Class org.jetbrains.kotlin.com.intellij.util.messages.impl.ToParentMessagePublisher   : loaded 2 times (x 76B)
Class org.jetbrains.kotlin.kotlinx.collections.immutable.implementations.immutableSet.TrieNodeKt: loaded 2 times (x 71B)
Class org.jetbrains.kotlin.com.intellij.ide.plugins.DescriptorListLoadingContext$disabledPlugins$2: loaded 2 times (x 79B)
Class org.jetbrains.kotlin.com.intellij.util.containers.ConcurrentRefHashMap$KeyReference: loaded 2 times (x 70B)
Class org.jetbrains.kotlin.com.intellij.psi.PsiParameterListOwner                     : loaded 2 times (x 70B)
Class org.jetbrains.kotlin.com.intellij.psi.PsiModifierListOwner                      : loaded 2 times (x 70B)
Class org.jetbrains.kotlin.com.intellij.psi.impl.source.tree.java.PsiKeywordImpl      : loaded 2 times (x 434B)
Class org.jetbrains.kotlin.com.intellij.openapi.command.CommandEvent                  : loaded 2 times (x 76B)
Class org.jetbrains.kotlin.com.intellij.openapi.vfs.VirtualFileEvent                  : loaded 2 times (x 77B)
Class org.jetbrains.kotlin.com.intellij.openapi.editor.Document                       : loaded 2 times (x 70B)
Class org.jetbrains.kotlin.com.intellij.util.messages.impl.MessageQueue               : loaded 2 times (x 72B)
Class org.jetbrains.kotlin.com.intellij.util.concurrency.SynchronizedClearableLazy    : loaded 2 times (x 75B)
Class org.jetbrains.kotlin.com.intellij.openapi.util.UserDataHolderEx                 : loaded 2 times (x 70B)
Class org.jetbrains.kotlin.cli.pipeline.jvm.JvmFrontendPipelinePhase$checkNotSupportedPlugins$notSupportedPlugins$1$2: loaded 2 times (x 127B)
Class org.jetbrains.kotlin.com.intellij.openapi.util.Condition$3                      : loaded 2 times (x 86B)
Class org.jetbrains.kotlin.backend.jvm.lower.ResolveInlineCalls                       : loaded 2 times (x 344B)
Class org.jetbrains.kotlin.backend.common.ErrorReportingContext                       : loaded 2 times (x 70B)
Class org.jetbrains.kotlin.backend.jvm.JvmLoweringPhasesKt$jvmFilePhases$56           : loaded 2 times (x 125B)
Class org.jetbrains.kotlin.backend.jvm.lower.JvmTailrecLowering                       : loaded 2 times (x 89B)
Class org.jetbrains.kotlin.backend.jvm.JvmLoweringPhasesKt$jvmFilePhases$5            : loaded 2 times (x 125B)
Class org.jetbrains.kotlin.cli.pipeline.ArgumentsPipelineArtifact                     : loaded 2 times (x 72B)
Class [Lorg.jetbrains.kotlin.fir.caches.FirCachesFactory$ValueReferenceStrength;      : loaded 2 times (x 69B)
Class org.jetbrains.kotlin.config.LanguageFeatureBehaviorAfterSinceVersion            : loaded 2 times (x 71B)
Class [Lorg.jetbrains.kotlin.config.LanguageFeature;                                  : loaded 2 times (x 69B)
Class org.jetbrains.kotlin.mpp.CallableSymbolMarker                                   : loaded 2 times (x 70B)
Class com.google.common.reflect.Invokable                                             : loaded 2 times (x 103B)
Class com.google.common.cache.CacheBuilder$NullListener                               : loaded 2 times (x 82B)
Class org.gradle.internal.classpath.TransformedClassPath                              : loaded 2 times (x 96B)
Class org.gradle.internal.classloader.InstrumentingClassLoader                        : loaded 2 times (x 70B)
Class [Lorg.jetbrains.kotlin.protobuf.WireFormat$JavaType;                            : loaded 2 times (x 69B)
Class [Lorg.jetbrains.kotlin.psi.KtTypeParameterListOwnerStub;                        : loaded 2 times (x 69B)
Class org.jetbrains.kotlin.com.intellij.psi.StubBasedPsiElement                       : loaded 2 times (x 70B)
Class org.jetbrains.kotlin.fir.resolve.transformers.FirDummyCompilerLazyDeclarationResolver: loaded 2 times (x 77B)
Class org.jetbrains.kotlin.com.intellij.util.io.UnsyncByteArrayInputStream            : loaded 2 times (x 92B)
Class org.jetbrains.kotlin.fir.backend.Fir2IrReplSnippetConfiguratorExtension         : loaded 2 times (x 76B)
Class org.jetbrains.kotlin.metadata.ProtoBuf$MemberKind$1                             : loaded 2 times (x 74B)
Class org.jetbrains.kotlin.backend.jvm.extensions.ClassGeneratorExtension$Companion   : loaded 2 times (x 72B)
Class org.jetbrains.kotlin.com.intellij.psi.JvmPsiConversionHelper                    : loaded 2 times (x 70B)
Class [Lorg.jetbrains.kotlin.com.fasterxml.aalto.in.ByteBasedPNameTable$Bucket;       : loaded 2 times (x 69B)
Class org.jetbrains.kotlin.container.ComponentStorage                                 : loaded 2 times (x 75B)
Class org.jetbrains.kotlin.fir.extensions.FirRegisteredPluginAnnotationsImpl          : loaded 2 times (x 79B)
Class org.jetbrains.kotlin.com.intellij.openapi.projectRoots.JavaVersionService       : loaded 2 times (x 72B)
Class org.jetbrains.kotlin.com.intellij.psi.impl.java.stubs.PsiJavaFileStub           : loaded 2 times (x 70B)
Class org.jetbrains.kotlin.com.intellij.psi.PsiJavaToken                              : loaded 2 times (x 70B)
Class org.jetbrains.kotlin.com.intellij.util.messages.MessageBusConnection            : loaded 2 times (x 70B)
Class org.jetbrains.kotlin.com.intellij.util.containers.FastUtilHashingStrategies$SerializableHashStrategy: loaded 2 times (x 70B)
Class org.jetbrains.kotlin.cli.common.config.KotlinSourceRoot                         : loaded 2 times (x 72B)
Class org.jetbrains.kotlin.backend.jvm.JvmLoweringPhasesKt$jvmFilePhases$57           : loaded 2 times (x 125B)
Class org.jetbrains.kotlin.backend.jvm.lower.InheritedDefaultMethodsOnClassesLowering : loaded 2 times (x 85B)
Class org.jetbrains.kotlin.backend.jvm.lower.JvmDefaultParameterCleaner               : loaded 2 times (x 88B)
Class org.jetbrains.kotlin.backend.jvm.lower.JvmValueClassAbstractLowering            : loaded 2 times (x 367B)
Class org.jetbrains.kotlin.backend.jvm.JvmLoweringPhasesKt$jvmFilePhases$20           : loaded 2 times (x 125B)
Class org.jetbrains.kotlin.backend.jvm.JvmLoweringPhasesKt$jvmFilePhases$6            : loaded 2 times (x 125B)
Class org.jetbrains.kotlin.com.intellij.openapi.util.CheckedDisposable                : loaded 2 times (x 70B)
Class org.jetbrains.kotlin.storage.StorageManager                                     : loaded 2 times (x 70B)
Class org.jetbrains.kotlin.diagnostics.impl.BaseDiagnosticsCollector$RawReporter$Companion: loaded 2 times (x 71B)
Class org.jetbrains.kotlin.com.google.common.base.Preconditions                       : loaded 2 times (x 71B)
Class org.jetbrains.kotlin.cli.common.environment.UtilKt                              : loaded 2 times (x 71B)
Class kotlin.reflect.jvm.internal.KPropertyImpl$_javaField$1                          : loaded 2 times (x 79B)
Class kotlin.reflect.jvm.internal.KClassImpl$data$1                                   : loaded 2 times (x 79B)
Class org.jetbrains.kotlin.util.OperatorNameConventions                               : loaded 2 times (x 71B)
Class org.jetbrains.kotlin.types.UnwrappedType                                        : loaded 2 times (x 86B)
Class org.gradle.internal.classloader.DefaultClassLoaderFactory                       : loaded 2 times (x 82B)
Class org.jetbrains.kotlin.fir.types.ConeTypeApproximator                             : loaded 2 times (x 740B)
Class com.google.common.collect.Maps$IteratorBasedAbstractMap$1                       : loaded 2 times (x 138B)
Class com.google.common.reflect.Types$ParameterizedTypeImpl                           : loaded 2 times (x 81B)
Class com.google.common.collect.Iterators$ArrayItr                                    : loaded 2 times (x 97B)
Class com.google.common.cache.CacheLoader$FunctionToCacheLoader                       : loaded 2 times (x 75B)
Class com.google.common.collect.ImmutableCollection$Builder                           : loaded 2 times (x 76B)
Class org.jetbrains.kotlin.fir.resolve.inference.InferenceComponents$ConstraintSystemFactory: loaded 2 times (x 72B)
Class org.jetbrains.kotlin.psi.KtSimpleNameExpression                                 : loaded 2 times (x 70B)
Class [Lorg.jetbrains.kotlin.psi.KtImportList;                                        : loaded 2 times (x 69B)
Class org.jetbrains.kotlin.psi.stubs.KotlinClassStub                                  : loaded 2 times (x 70B)
Class org.jetbrains.kotlin.psi.stubs.elements.KtTypeProjectionElementType             : loaded 2 times (x 103B)
Class org.jetbrains.kotlin.psi.stubs.elements.KtPlaceHolderStubElementType            : loaded 2 times (x 103B)
Class org.jetbrains.kotlin.psi.KtTypeReference                                        : loaded 2 times (x 642B)
Class org.jetbrains.kotlin.fir.FirLanguageSettingsComponent                           : loaded 2 times (x 72B)
Class org.jetbrains.kotlin.resolve.TargetPlatform                                     : loaded 2 times (x 70B)
Class org.jetbrains.kotlin.com.intellij.psi.impl.light.LightElement                   : loaded 2 times (x 292B)
Class org.jetbrains.kotlin.com.intellij.util.containers.LinkedCustomHashMap           : loaded 2 times (x 72B)
Class org.jetbrains.kotlin.com.intellij.psi.impl.source.PsiFileWithStubSupport        : loaded 2 times (x 70B)
Class org.jetbrains.kotlin.com.intellij.psi.search.GlobalSearchScope$EmptyScope       : loaded 2 times (x 96B)
Class org.jetbrains.kotlin.kotlinx.collections.immutable.internal.EndOfChain          : loaded 2 times (x 71B)
Class org.jetbrains.kotlin.resolve.checkers.TailrecFunctionChecker                    : loaded 2 times (x 74B)
Class org.jetbrains.kotlin.com.intellij.codeInsight.runner.JavaMainMethodProvider     : loaded 2 times (x 70B)
Class org.jetbrains.kotlin.com.intellij.navigation.ItemPresentationProvider           : loaded 2 times (x 70B)
Class [Lorg.jetbrains.kotlin.com.intellij.util.ConcurrentLongObjectHashMap$CounterCell;: loaded 2 times (x 69B)
Class org.jetbrains.kotlin.com.intellij.lang.SyntaxTreeBuilder                        : loaded 2 times (x 70B)
Class org.jetbrains.kotlin.com.intellij.openapi.util.text.StringUtil                  : loaded 2 times (x 71B)
Class org.jetbrains.kotlin.cli.jvm.config.JavaSourceRoot                              : loaded 2 times (x 77B)
Class org.jetbrains.kotlin.ir.inline.CommonInlineCallableReferenceToLambdaPhase       : loaded 2 times (x 261B)
Class org.jetbrains.kotlin.backend.jvm.JvmLoweringPhasesKt$jvmFilePhases$58           : loaded 2 times (x 125B)
Class org.jetbrains.kotlin.backend.jvm.lower.SingletonReferencesLowering              : loaded 2 times (x 353B)
Class org.jetbrains.kotlin.backend.jvm.JvmLoweringPhasesKt$jvmFilePhases$21           : loaded 2 times (x 125B)
Class org.jetbrains.kotlin.backend.jvm.JvmLoweringPhasesKt$jvmFilePhases$7            : loaded 2 times (x 125B)
Class [Lorg.jetbrains.kotlin.psi.KtCallableDeclaration;                               : loaded 2 times (x 69B)
Class [Lorg.jetbrains.kotlin.psi.KtVariableDeclaration;                               : loaded 2 times (x 69B)
Class org.jetbrains.kotlin.config.AnnotationDefaultTargetMode                         : loaded 2 times (x 79B)
Class org.jetbrains.kotlin.it.unimi.dsi.fastutil.ints.IntIterable                     : loaded 2 times (x 70B)
Class org.jetbrains.kotlin.it.unimi.dsi.fastutil.objects.ObjectIterable               : loaded 2 times (x 70B)
Class org.gradle.internal.service.UnknownServiceException                             : loaded 2 times (x 83B)
Class org.jetbrains.kotlin.config.LanguageFeature                                     : loaded 2 times (x 80B)
Class com.google.common.base.Suppliers                                                : loaded 2 times (x 71B)
Class [Lcom.google.common.cache.CacheBuilder$OneWeigher;                              : loaded 2 times (x 69B)
Class com.google.common.cache.LocalCache$LocalLoadingCache                            : loaded 2 times (x 134B)
Class com.google.common.reflect.TypeResolver$TypeVariableKey                          : loaded 2 times (x 72B)
Class com.google.common.base.Joiner                                                   : loaded 2 times (x 79B)
Class com.google.common.base.MoreObjects                                              : loaded 2 times (x 71B)
Class androidx.compose.compiler.plugins.kotlin.inference.ApplierInferencer            : loaded 2 times (x 72B)
Class [Lorg.jetbrains.kotlin.lexer.KtKeywordToken;                                    : loaded 2 times (x 69B)
Class org.jetbrains.kotlin.fir.types.FirMissingDependencyStorage                      : loaded 2 times (x 72B)
Class org.jetbrains.kotlin.metadata.ProtoBuf$PropertyOrBuilder                        : loaded 2 times (x 70B)
Class org.jetbrains.kotlin.metadata.ProtoBuf$Constructor$1                            : loaded 2 times (x 144B)
Class org.jetbrains.kotlin.resolve.CommonCompilerDeserializationConfiguration         : loaded 2 times (x 85B)
Class org.jetbrains.kotlin.serialization.deserialization.KotlinMetadataFinder         : loaded 2 times (x 70B)
Class org.jetbrains.kotlin.cli.jvm.index.JvmDependenciesIndex                         : loaded 2 times (x 70B)
Class org.jetbrains.kotlin.utils.CollectionsKt                                        : loaded 2 times (x 71B)
Class org.jetbrains.kotlin.com.intellij.util.containers.ConcurrentRefValueHashMap     : loaded 2 times (x 149B)
Class org.jetbrains.kotlin.com.intellij.psi.impl.PsiJavaParserFacadeImpl              : loaded 2 times (x 127B)
Class org.jetbrains.kotlin.com.intellij.psi.PsiRecursiveElementWalkingVisitor         : loaded 2 times (x 84B)
Class org.jetbrains.kotlin.com.intellij.psi.impl.file.impl.FileManager                : loaded 2 times (x 70B)
Class org.jetbrains.kotlin.kotlinx.collections.immutable.implementations.persistentOrderedSet.PersistentOrderedSet$Companion: loaded 2 times (x 71B)
Class com.google.common.reflect.Types$ClassOwnership$1                                : loaded 2 times (x 80B)
Class com.google.common.collect.Sets$3                                                : loaded 2 times (x 139B)
Class org.jetbrains.kotlin.com.intellij.util.containers.CanonicalHashingStrategy      : loaded 2 times (x 75B)
Class org.jetbrains.kotlin.com.intellij.util.containers.ConcurrentRefHashMap$1        : loaded 2 times (x 77B)
Class org.jetbrains.kotlin.com.intellij.psi.search.searches.SmartExtensionPoint$1     : loaded 2 times (x 82B)
Class org.jetbrains.kotlin.com.intellij.psi.search.searches.ExtensibleQueryFactory    : loaded 2 times (x 77B)
Class org.jetbrains.kotlin.com.intellij.openapi.progress.ProgressIndicator            : loaded 2 times (x 70B)
Class org.jetbrains.kotlin.com.intellij.core.CoreEncodingProjectManager               : loaded 2 times (x 74B)
Class org.jetbrains.kotlin.com.intellij.openapi.vfs.local.CoreLocalVirtualFile        : loaded 2 times (x 156B)
Class [Lorg.jetbrains.kotlin.com.intellij.openapi.diagnostic.LogLevel;                : loaded 2 times (x 69B)
Class org.jetbrains.kotlin.com.intellij.util.containers.FastUtilCaseInsensitiveStringHashingStrategy: loaded 2 times (x 75B)
Class com.google.common.base.Platform$JdkPatternCompiler                              : loaded 2 times (x 75B)
Class org.jetbrains.kotlin.backend.jvm.lower.JvmArgumentNullabilityAssertionsLowering : loaded 2 times (x 256B)
Class org.jetbrains.kotlin.backend.jvm.JvmLoweringPhasesKt$jvmFilePhases$59           : loaded 2 times (x 125B)
Class org.jetbrains.kotlin.backend.jvm.lower.JvmSingleAbstractMethodLowering          : loaded 2 times (x 363B)
Class org.jetbrains.kotlin.backend.common.lower.RangeContainsLowering                 : loaded 2 times (x 85B)
Class org.jetbrains.kotlin.backend.jvm.JvmLoweringPhasesKt$jvmFilePhases$22           : loaded 2 times (x 125B)
Class org.jetbrains.kotlin.backend.jvm.JvmLoweringPhasesKt$jvmFilePhases$8            : loaded 2 times (x 125B)
Class org.jetbrains.kotlin.backend.jvm.lower.MainMethodGenerationLowering             : loaded 2 times (x 85B)
Class org.jetbrains.kotlin.storage.CacheWithNotNullValues                             : loaded 2 times (x 70B)
Class [Lorg.jetbrains.kotlin.config.phaser.BeforeOrAfter;                             : loaded 2 times (x 69B)
Class org.jetbrains.kotlin.it.unimi.dsi.fastutil.objects.Reference2ObjectOpenHashMap  : loaded 2 times (x 179B)
Class org.jetbrains.kotlin.config.JvmTarget$Companion                                 : loaded 2 times (x 71B)
Class org.jetbrains.kotlin.config.LanguageOrApiVersion                                : loaded 2 times (x 70B)
Class org.jetbrains.kotlin.cli.jvm.K2JVMCompiler$Companion                            : loaded 2 times (x 71B)
Class kotlin.jvm.internal.BooleanCompanionObject                                      : loaded 2 times (x 71B)
Class com.google.common.collect.Platform                                              : loaded 2 times (x 71B)
Class com.google.common.collect.UnmodifiableIterator                                  : loaded 2 times (x 80B)
Class org.gradle.internal.service.ServiceLocator                                      : loaded 2 times (x 70B)
Class org.jetbrains.kotlin.config.LanguageVersion$Companion                           : loaded 2 times (x 71B)
Class org.jetbrains.kotlin.com.fasterxml.aalto.WFCException                           : loaded 2 times (x 85B)
Class [Lorg.jetbrains.kotlin.psi.KtReferenceExpression;                               : loaded 2 times (x 69B)
Class [Lorg.jetbrains.kotlin.com.intellij.psi.NavigatablePsiElement;                  : loaded 2 times (x 69B)
Class org.jetbrains.kotlin.psi.stubs.elements.KtClassLiteralExpressionElementType     : loaded 2 times (x 100B)
Class org.jetbrains.kotlin.resolve.checkers.VolatileAnnotationChecker                 : loaded 2 times (x 74B)
Class org.jetbrains.kotlin.psi.KtParameterList                                        : loaded 2 times (x 454B)
Class org.jetbrains.kotlin.fir.FirVisibilityChecker$Default                           : loaded 2 times (x 73B)
Class org.jetbrains.kotlin.types.model.TypeSystemInferenceExtensionContext            : loaded 2 times (x 70B)
Class org.jetbrains.kotlin.fir.types.ConeClassLikeLookupTag                           : loaded 2 times (x 75B)
Class org.jetbrains.kotlin.fir.session.FirAbstractSessionFactory                      : loaded 2 times (x 77B)
Class org.jetbrains.kotlin.psi.KtCommonFile                                           : loaded 2 times (x 869B)
Class org.jetbrains.kotlin.com.intellij.mock.MockDumbUtil                             : loaded 2 times (x 71B)
Class org.jetbrains.kotlin.com.intellij.testFramework.LightVirtualFileBase            : loaded 2 times (x 164B)
Class org.jetbrains.kotlin.com.intellij.openapi.vfs.VirtualFileSet                    : loaded 2 times (x 70B)
Class org.jetbrains.kotlin.com.intellij.util.Query                                    : loaded 2 times (x 70B)
Class org.jetbrains.kotlin.com.intellij.util.QueryFactory                             : loaded 2 times (x 76B)
Class org.jetbrains.kotlin.it.unimi.dsi.fastutil.objects.ReferenceCollection          : loaded 2 times (x 70B)
Class org.jetbrains.kotlin.com.intellij.util.ConcurrentLongObjectHashMap              : loaded 2 times (x 79B)
Class org.jetbrains.kotlin.com.intellij.psi.impl.source.resolve.reference.PsiReferenceRegistrarImpl: loaded 2 times (x 87B)
Class org.jetbrains.kotlin.kotlinx.collections.immutable.implementations.immutableList.SmallPersistentVector: loaded 2 times (x 299B)
Class org.jetbrains.kotlin.com.intellij.openapi.components.ComponentManager           : loaded 2 times (x 70B)
Class org.jetbrains.kotlin.backend.jvm.JvmLoweringPhasesKt$jvmFilePhases$23           : loaded 2 times (x 125B)
Class org.jetbrains.kotlin.backend.jvm.JvmLoweringPhasesKt$jvmFilePhases$9            : loaded 2 times (x 125B)
Class [Lkotlin.Function;                                                              : loaded 2 times (x 69B)
Class org.jetbrains.kotlin.com.google.common.collect.LinkedHashMultimapGwtSerializationDependencies: loaded 2 times (x 174B)
Class org.jetbrains.kotlin.cli.common.CLIConfigurationKeysKt                          : loaded 2 times (x 71B)
Class org.jetbrains.kotlin.config.phaser.CompilerPhaseKt                              : loaded 2 times (x 71B)
Class org.jetbrains.kotlin.com.intellij.openapi.progress.ProcessCanceledException     : loaded 2 times (x 82B)
Class com.google.common.collect.HashBiMap$BiEntry                                     : loaded 2 times (x 83B)
Class com.google.common.collect.SingletonImmutableBiMap                               : loaded 2 times (x 143B)
Class com.google.common.collect.Iterators$SingletonIterator                           : loaded 2 times (x 81B)
Class com.google.common.cache.LocalCache$1                                            : loaded 2 times (x 89B)
Class com.google.common.collect.AbstractMapEntry                                      : loaded 2 times (x 81B)
Class org.jetbrains.kotlin.resolve.checkers.UnderscoreChecker                         : loaded 2 times (x 74B)
Class org.jetbrains.kotlin.fir.analysis.checkers.FirPrimaryConstructorSuperTypeCheckerPlatformComponent$Default: loaded 2 times (x 72B)
Class org.jetbrains.kotlin.types.model.TypeCheckerProviderContext                     : loaded 2 times (x 70B)
Class org.jetbrains.kotlin.metadata.deserialization.NameResolverImpl                  : loaded 2 times (x 77B)
Class [Lorg.jetbrains.kotlin.com.intellij.lang.jvm.JvmNamedElement;                   : loaded 2 times (x 69B)
Class org.jetbrains.kotlin.com.intellij.psi.impl.ElementBase$ElementIconRequest       : loaded 2 times (x 72B)
Class org.jetbrains.kotlin.com.intellij.psi.codeStyle.JavaCodeStyleManager            : loaded 2 times (x 97B)
Class org.jetbrains.kotlin.com.intellij.openapi.roots.LanguageLevelProjectExtension$LanguageLevelChangeListener: loaded 2 times (x 70B)
Class org.jetbrains.kotlin.com.intellij.psi.search.GlobalSearchScope$FileTypeRestrictionScope: loaded 2 times (x 101B)
Class org.jetbrains.kotlin.com.intellij.ide.plugins.PluginContentDescriptor$Companion : loaded 2 times (x 71B)
Class org.jetbrains.kotlin.com.fasterxml.aalto.in.ByteBasedPNameTable                 : loaded 2 times (x 72B)
Class org.jetbrains.kotlin.utils.WrappedValues                                        : loaded 2 times (x 71B)
Class org.jetbrains.kotlin.com.intellij.ide.plugins.DescriptorListLoadingContext$brokenPluginVersions$2: loaded 2 times (x 79B)
Class org.jetbrains.kotlin.com.intellij.psi.impl.smartPointers.SmartPointerAnchorProvider: loaded 2 times (x 73B)
Class org.jetbrains.kotlin.com.intellij.psi.search.searches.SuperMethodsSearch        : loaded 2 times (x 77B)
Class org.jetbrains.kotlin.com.intellij.psi.stubs.PsiClassHolderFileStub              : loaded 2 times (x 70B)
Class org.jetbrains.kotlin.com.intellij.util.messages.impl.MessageBusFactoryImpl      : loaded 2 times (x 71B)
Class org.jetbrains.kotlin.cli.jvm.config.JvmClasspathRoot                            : loaded 2 times (x 80B)
Class org.jetbrains.kotlin.com.intellij.util.containers.ConcurrentFactoryMap          : loaded 2 times (x 148B)
Class org.jetbrains.kotlin.backend.jvm.JvmLoweringPhasesKt$jvmFilePhases$24           : loaded 2 times (x 125B)
Class org.jetbrains.kotlin.backend.jvm.JvmLoweringPhasesKt$jvmFilePhases$83           : loaded 2 times (x 125B)
Class org.jetbrains.kotlin.cli.jvm.plugins.PluginCliParser$UrlClassLoaderDisposable   : loaded 2 times (x 75B)
Class [Lorg.jetbrains.kotlin.name.FqName;                                             : loaded 2 times (x 69B)
Class org.jetbrains.kotlin.storage.EmptySimpleLock                                    : loaded 2 times (x 75B)
Class org.jetbrains.kotlin.config.IrVerificationMode                                  : loaded 2 times (x 79B)
Class kotlin.reflect.jvm.internal.KClassImpl$Data$qualifiedName$2                     : loaded 2 times (x 79B)
Class org.jetbrains.kotlin.backend.jvm.JvmLoweringPhasesKt$jvmLoweringPhases$19       : loaded 2 times (x 125B)
Class org.jetbrains.kotlin.com.intellij.diagnostic.LoadingState                       : loaded 2 times (x 79B)
Class org.jetbrains.kotlin.com.intellij.util.ObjectUtils$Sentinel                     : loaded 2 times (x 72B)
Class com.google.common.collect.Sets$ImprovedAbstractSet                              : loaded 2 times (x 135B)
Class com.google.common.collect.ImmutableList$Builder                                 : loaded 2 times (x 77B)
Class com.google.common.reflect.TypeToken$SimpleTypeToken                             : loaded 2 times (x 73B)
Class com.google.common.cache.LocalCache$2                                            : loaded 2 times (x 142B)
Class com.google.common.collect.AbstractMultimap                                      : loaded 2 times (x 123B)
Class [Lorg.jetbrains.kotlin.psi.KtTypeConstraint;                                    : loaded 2 times (x 69B)
Class org.jetbrains.kotlin.fir.scopes.impl.FirTypealiasConstructorStorage             : loaded 2 times (x 72B)
Class [Lorg.jetbrains.kotlin.fir.types.ConeTypeProjection;                            : loaded 2 times (x 69B)
Class org.jetbrains.kotlin.fir.FirSession$Companion                                   : loaded 2 times (x 73B)
Class [Lorg.jetbrains.kotlin.com.intellij.psi.PsiDirectoryContainer;                  : loaded 2 times (x 69B)
Class org.jetbrains.kotlin.cli.common.CliModuleVisibilityManagerImpl                  : loaded 2 times (x 82B)
Class org.jetbrains.kotlin.serialization.DescriptorSerializerPlugin$Companion         : loaded 2 times (x 72B)
Class org.jetbrains.kotlin.com.intellij.psi.util.PsiModificationTracker$Listener      : loaded 2 times (x 70B)
Class org.jetbrains.kotlin.com.fasterxml.aalto.in.PNameN                              : loaded 2 times (x 80B)
Class org.jetbrains.kotlin.com.fasterxml.aalto.impl.StreamExceptionBase               : loaded 2 times (x 85B)
Class org.jetbrains.kotlin.compiler.plugin.ComponentRegistrar$Companion               : loaded 2 times (x 71B)
Class org.jetbrains.kotlin.com.intellij.openapi.fileTypes.FileTypeRegistry            : loaded 2 times (x 80B)
Class org.jetbrains.kotlin.com.intellij.psi.stubs.IndexSink                           : loaded 2 times (x 70B)
Class org.jetbrains.kotlin.com.intellij.psi.impl.source.tree.PsiCommentImpl           : loaded 2 times (x 549B)
Class org.jetbrains.kotlin.com.intellij.psi.PsiElement                                : loaded 2 times (x 70B)
Class org.jetbrains.kotlin.com.intellij.psi.tree.ILazyParseableElementType            : loaded 2 times (x 84B)
Class org.jetbrains.kotlin.com.intellij.openapi.editor.impl.DocumentImpl              : loaded 2 times (x 134B)
Class org.jetbrains.kotlin.com.intellij.util.text.CharSequenceBackedByArray           : loaded 2 times (x 70B)
Class org.jetbrains.kotlin.it.unimi.dsi.fastutil.objects.ObjectIterator               : loaded 2 times (x 70B)
Class org.jetbrains.kotlin.cli.jvm.config.JvmContentRootBase                          : loaded 2 times (x 70B)
Class org.jetbrains.kotlin.com.intellij.openapi.extensions.ExtensionPointName$Companion: loaded 2 times (x 71B)
Class org.jetbrains.kotlin.backend.jvm.JvmLoweringPhasesKt$jvmFilePhases$25           : loaded 2 times (x 125B)
Class org.jetbrains.kotlin.backend.jvm.lower.JvmInlineCallableReferenceToLambdaPhase  : loaded 2 times (x 259B)
Class org.jetbrains.kotlin.com.intellij.psi.impl.source.tree.CompositeElement         : loaded 2 times (x 223B)
Class org.jetbrains.kotlin.com.intellij.psi.PsiDocCommentOwner                        : loaded 2 times (x 70B)
Class org.jetbrains.kotlin.util.ServiceLoaderLite$ServiceLoadingException             : loaded 2 times (x 82B)
Class org.jetbrains.kotlin.load.java.Jsr305Settings                                   : loaded 2 times (x 72B)
Class org.jetbrains.kotlin.com.google.common.collect.AbstractSetMultimap              : loaded 2 times (x 174B)
Class org.jetbrains.kotlin.backend.jvm.JvmLoweringPhasesKt$jvmFilePhases$1            : loaded 2 times (x 125B)
Class org.jetbrains.kotlin.config.MavenComparableVersion$IntegerItem                  : loaded 2 times (x 80B)
Class org.jetbrains.kotlin.com.intellij.util.containers.WeakList                      : loaded 2 times (x 122B)
Class org.jetbrains.kotlin.utils.KotlinPaths                                          : loaded 2 times (x 70B)
Class com.google.common.collect.RegularImmutableAsList                                : loaded 2 times (x 217B)
Class org.jetbrains.kotlin.psi.KtFunctionType                                         : loaded 2 times (x 513B)
Class org.jetbrains.kotlin.psi.KtConstructor                                          : loaded 2 times (x 1274B)
Class org.jetbrains.kotlin.fir.FirSessionProvider                                     : loaded 2 times (x 72B)
Class org.jetbrains.kotlin.protobuf.GeneratedMessageLite                              : loaded 2 times (x 101B)
Class org.jetbrains.kotlin.metadata.deserialization.MetadataVersion                   : loaded 2 times (x 74B)
Class org.jetbrains.kotlin.backend.jvm.JvmLoweringPhasesKt$jvmFilePhases$52           : loaded 2 times (x 125B)
Class org.jetbrains.kotlin.fir.builder.FirReplSnippetConfiguratorExtension            : loaded 2 times (x 78B)
Class org.jetbrains.kotlin.protobuf.Internal$EnumLiteMap                              : loaded 2 times (x 70B)
Class org.jetbrains.kotlin.backend.common.extensions.IrGenerationExtension            : loaded 2 times (x 70B)
Class org.jetbrains.kotlin.resolve.CodeAnalyzerInitializer                            : loaded 2 times (x 70B)
Class org.jetbrains.kotlin.com.intellij.psi.impl.source.JavaDummyElement              : loaded 2 times (x 268B)
Class org.jetbrains.kotlin.com.intellij.psi.PsiJavaParserFacade                       : loaded 2 times (x 70B)
Class org.jetbrains.kotlin.com.intellij.psi.search.ProjectScopeImpl                   : loaded 2 times (x 96B)
Class org.jetbrains.kotlin.com.intellij.core.MockDocumentCommitProcessor              : loaded 2 times (x 77B)
Class org.jetbrains.kotlin.com.intellij.psi.SmartPointerManager                       : loaded 2 times (x 77B)
Class org.jetbrains.kotlin.com.intellij.util.containers.ConcurrentWeakKeySoftValueHashMap$ValueReference: loaded 2 times (x 70B)
Class org.jetbrains.kotlin.kotlinx.collections.immutable.internal.DeltaCounter        : loaded 2 times (x 71B)
Class org.jetbrains.kotlin.com.intellij.openapi.util.registry.RegistryValue           : loaded 2 times (x 83B)
Class org.jetbrains.kotlin.kotlinx.collections.immutable.internal.ListImplementation  : loaded 2 times (x 71B)
Class org.jetbrains.kotlin.io.opentelemetry.api.trace.DefaultTracerProvider           : loaded 2 times (x 79B)
Class org.jetbrains.kotlin.backend.jvm.JvmLoweringPhasesKt$jvmFilePhases$26           : loaded 2 times (x 125B)
Class org.jetbrains.kotlin.backend.common.lower.LateinitLowering                      : loaded 2 times (x 346B)
Class org.jetbrains.kotlin.compiler.plugin.CommandLineProcessor                       : loaded 2 times (x 70B)
Class org.jetbrains.kotlin.backend.jvm.lower.StaticInitializersLowering               : loaded 2 times (x 86B)
Class org.jetbrains.kotlin.backend.jvm.lower.JvmIrValidationBeforeLoweringPhase       : loaded 2 times (x 77B)
Class org.jetbrains.kotlin.cli.common.messages.MessageCollector$Companion             : loaded 2 times (x 71B)
Class org.jetbrains.kotlin.config.CompilerConfiguration                               : loaded 2 times (x 88B)
Class com.google.common.base.Optional                                                 : loaded 2 times (x 80B)
Class com.google.common.util.concurrent.AbstractFuture$Trusted                        : loaded 2 times (x 70B)
Class com.google.common.collect.Iterators                                             : loaded 2 times (x 71B)
Class org.jetbrains.kotlin.modules.JavaRootPath                                       : loaded 2 times (x 72B)
Class org.jetbrains.kotlin.com.intellij.lang.folding.LanguageFolding                  : loaded 2 times (x 96B)
Class org.jetbrains.kotlin.psi.stubs.KotlinImportDirectiveStub                        : loaded 2 times (x 70B)
Class org.jetbrains.kotlin.psi.KtBackingField                                         : loaded 2 times (x 790B)
Class org.jetbrains.kotlin.psi.KtExpressionCodeFragmentType                           : loaded 2 times (x 84B)
Class org.jetbrains.kotlin.psi.stubs.elements.KtObjectElementType                     : loaded 2 times (x 104B)
Class org.jetbrains.kotlin.resolve.checkers.ReservedMembersAndConstructsForValueClass$Companion: loaded 2 times (x 71B)
Class org.jetbrains.kotlin.resolve.PlatformDependentAnalyzerServices                  : loaded 2 times (x 77B)
Class org.jetbrains.kotlin.metadata.jvm.JvmModuleProtoBuf$ModuleOrBuilder             : loaded 2 times (x 70B)
Class org.jetbrains.kotlin.protobuf.Parser                                            : loaded 2 times (x 70B)
Class org.jetbrains.kotlin.config.KotlinCompilerVersion                               : loaded 2 times (x 71B)
Class org.jetbrains.kotlin.cli.jvm.compiler.MockInferredAnnotationsManager            : loaded 2 times (x 74B)
Class org.jetbrains.kotlin.asJava.KotlinAsJavaSupport                                 : loaded 2 times (x 89B)
Class [Lorg.jetbrains.kotlin.com.intellij.pom.java.LanguageLevel;                     : loaded 2 times (x 69B)
Class org.jetbrains.kotlin.com.intellij.openapi.util.NotNullFactory                   : loaded 2 times (x 70B)
Class org.jetbrains.kotlin.com.intellij.mock.MockFileIndexFacade                      : loaded 2 times (x 85B)
Class org.jetbrains.kotlin.com.intellij.psi.PsiSubstitutor                            : loaded 2 times (x 70B)
Class org.jetbrains.kotlin.com.intellij.openapi.application.impl.AnyModalityState     : loaded 2 times (x 72B)
Class org.jetbrains.kotlin.com.intellij.psi.stubs.StubOutputStream                    : loaded 2 times (x 108B)
Class org.jetbrains.kotlin.com.intellij.openapi.progress.TaskInfo                     : loaded 2 times (x 70B)
Class org.jetbrains.kotlin.com.intellij.openapi.vfs.impl.ZipHandler                   : loaded 2 times (x 83B)
Class [Lorg.jetbrains.kotlin.com.intellij.diagnostic.LoadingState;                    : loaded 2 times (x 69B)
Class org.jetbrains.kotlin.config.JVMConfigurationKeysKt                              : loaded 2 times (x 71B)
Class org.jetbrains.kotlin.backend.jvm.JvmLoweringPhasesKt$jvmFilePhases$27           : loaded 2 times (x 125B)
Class org.jetbrains.kotlin.backend.jvm.lower.SuspendLoweringUtils                     : loaded 2 times (x 72B)
Class org.jetbrains.kotlin.com.google.common.collect.LinkedHashMultimap$ValueSetLink  : loaded 2 times (x 70B)
Class org.jetbrains.kotlin.it.unimi.dsi.fastutil.HashCommon                           : loaded 2 times (x 71B)
Class [Lorg.jetbrains.kotlin.config.LanguageFeature$Kind;                             : loaded 2 times (x 69B)
Class org.jetbrains.kotlin.config.LanguageFeature$Kind                                : loaded 2 times (x 79B)
Class org.jetbrains.kotlin.cli.common.messages.XmlMessageRenderer                     : loaded 2 times (x 83B)
Class org.jetbrains.kotlin.com.intellij.openapi.application.ApplicationInfo           : loaded 2 times (x 72B)
Class kotlin.jvm.internal.IntCompanionObject                                          : loaded 2 times (x 71B)
Class kotlin.collections.MutableMapWithDefault                                        : loaded 2 times (x 70B)
Class com.google.common.collect.Lists$StringAsImmutableList                           : loaded 2 times (x 207B)
Class com.google.common.util.concurrent.UncheckedExecutionException                   : loaded 2 times (x 82B)
Class [Lorg.jetbrains.kotlin.com.intellij.psi.StubBasedPsiElement;                    : loaded 2 times (x 69B)
Class org.jetbrains.kotlin.psi.stubs.KotlinClassifierStub                             : loaded 2 times (x 70B)
Class org.jetbrains.kotlin.psi.stubs.elements.KtStubElementType                       : loaded 2 times (x 100B)
Class org.jetbrains.kotlin.resolve.checkers.SubtypingBetweenContextReceiversChecker   : loaded 2 times (x 74B)
Class org.jetbrains.kotlin.resolve.checkers.MissingDependencySupertypeChecker$ForDeclarations: loaded 2 times (x 74B)
Class org.jetbrains.kotlin.fir.declarations.FirAnnotationsPlatformSpecificSupportComponent$Default: loaded 2 times (x 78B)
Class org.jetbrains.kotlin.fir.scopes.impl.FirDeclaredMemberScopeProvider$DeclaredMemberScopeContext: loaded 2 times (x 72B)
Class org.jetbrains.kotlin.fir.extensions.FirRegisteredPluginAnnotations              : loaded 2 times (x 77B)
Class org.jetbrains.kotlin.fir.BuiltinTypes                                           : loaded 2 times (x 72B)
Class org.jetbrains.kotlin.protobuf.WireFormat$JavaType                               : loaded 2 times (x 79B)
Class kotlin.jvm.internal.Ref$IntRef                                                  : loaded 2 times (x 71B)
Class org.jetbrains.kotlin.load.java.structure.JavaClass                              : loaded 2 times (x 70B)
Class org.jetbrains.kotlin.types.TypeAttributeTranslator                              : loaded 2 times (x 70B)
Class org.jetbrains.kotlin.com.intellij.psi.codeStyle.CodeStyleSettingsFacade         : loaded 2 times (x 70B)
Class org.jetbrains.kotlin.com.intellij.lang.jvm.types.JvmType                        : loaded 2 times (x 70B)
Class org.jetbrains.kotlin.parsing.KotlinParserDefinition$Companion                   : loaded 2 times (x 71B)
Class org.jetbrains.kotlin.com.intellij.lang.folding.FoldingBuilder                   : loaded 2 times (x 70B)
Class org.jetbrains.kotlin.com.intellij.codeInsight.ContainerProvider                 : loaded 2 times (x 70B)
Class org.jetbrains.kotlin.com.intellij.psi.stubs.StubSerializer                      : loaded 2 times (x 70B)
Class org.jetbrains.kotlin.com.intellij.platform.diagnostic.telemetry.IJNoopTracer    : loaded 2 times (x 77B)
Class org.jetbrains.kotlin.com.intellij.openapi.util.Condition                        : loaded 2 times (x 70B)
Class org.jetbrains.kotlin.backend.jvm.lower.JvmStaticInCompanionLowering             : loaded 2 times (x 80B)
Class org.jetbrains.kotlin.backend.jvm.JvmLoweringPhasesKt$jvmFilePhases$28           : loaded 2 times (x 125B)
Class org.jetbrains.kotlin.load.java.JavaNullabilityAnnotationsStatus                 : loaded 2 times (x 72B)
Class org.jetbrains.kotlin.config.phaser.PhaserState                                  : loaded 2 times (x 72B)
Class [Lorg.jetbrains.kotlin.config.phaser.CompilerPhase;                             : loaded 2 times (x 69B)
Class org.jetbrains.kotlin.com.intellij.util.containers.HashingStrategy               : loaded 2 times (x 70B)
Class kotlin.reflect.jvm.internal.KClassImpl$Data$declaredMembers$2                   : loaded 2 times (x 79B)
Class org.jetbrains.kotlin.platform.jvm.JvmPlatforms                                  : loaded 2 times (x 71B)
Class kotlin.reflect.jvm.internal.pcollections.ConsPStack                             : loaded 2 times (x 79B)
Class org.jetbrains.kotlin.config.MavenComparableVersion                              : loaded 2 times (x 78B)
Class org.jetbrains.kotlin.com.intellij.openapi.wm.ex.ProgressIndicatorEx             : loaded 2 times (x 70B)
Class kotlin.io.FileTreeWalk$FileTreeWalkIterator$WhenMappings                        : loaded 2 times (x 71B)
Class org.jetbrains.kotlin.com.intellij.util.containers.ConcurrentSoftValueHashMap    : loaded 2 times (x 149B)
Class org.jetbrains.kotlin.com.intellij.psi.TokenType$1                               : loaded 2 times (x 75B)
Class org.jetbrains.kotlin.resolve.calls.checkers.UnsupportedUntilRangeDeclarationChecker: loaded 2 times (x 74B)
Class org.jetbrains.kotlin.com.intellij.lexer.Lexer                                   : loaded 2 times (x 83B)
Class org.jetbrains.kotlin.fir.types.ConeAttributes                                   : loaded 2 times (x 82B)
Class org.jetbrains.kotlin.protobuf.SmallSortedMap$1                                  : loaded 2 times (x 130B)
Class org.jetbrains.kotlin.fir.deserialization.LibraryPathFilter$TakeAll              : loaded 2 times (x 72B)
Class org.jetbrains.kotlin.load.kotlin.KotlinClassFinder                              : loaded 2 times (x 70B)
Class org.jetbrains.kotlin.fir.extensions.FirSupertypeGenerationExtension             : loaded 2 times (x 78B)
Class org.jetbrains.kotlin.fir.builder.FirScriptConfiguratorExtension                 : loaded 2 times (x 78B)
Class org.jetbrains.kotlin.com.intellij.util.containers.hash.EqualityPolicy           : loaded 2 times (x 70B)
Class org.jetbrains.kotlin.com.intellij.lang.jvm.facade.JvmFacadeImpl                 : loaded 2 times (x 72B)
Class org.jetbrains.kotlin.com.intellij.psi.impl.source.tree.RecursiveTreeElementWalkingVisitor: loaded 2 times (x 77B)
Class org.jetbrains.kotlin.com.intellij.psi.PsiTreeChangeEvent                        : loaded 2 times (x 85B)
Class org.jetbrains.kotlin.com.intellij.openapi.extensions.LoadingOrder$Companion     : loaded 2 times (x 71B)
Class org.jetbrains.kotlin.com.intellij.ide.plugins.MyXmlInterner                     : loaded 2 times (x 76B)
Class org.jetbrains.kotlin.com.intellij.util.containers.ConcurrentRefHashMap$HardKey  : loaded 2 times (x 78B)
Class org.jetbrains.kotlin.com.intellij.openapi.application.ex.ApplicationInfoEx      : loaded 2 times (x 73B)
Class org.jetbrains.kotlin.com.intellij.util.ConcurrentLongObjectHashMap$ReservationNode: loaded 2 times (x 77B)
Class [Lorg.jetbrains.kotlin.com.intellij.util.ConcurrentLongObjectHashMap$Node;      : loaded 2 times (x 69B)
Class org.jetbrains.kotlin.com.intellij.openapi.diagnostic.RuntimeExceptionWithAttachments: loaded 2 times (x 87B)
Class org.jetbrains.kotlin.backend.common.phaser.IrValidationAfterLoweringPhase       : loaded 2 times (x 77B)
Class org.jetbrains.kotlin.backend.common.ir.ExpectSymbolTransformer                  : loaded 2 times (x 340B)
Class org.jetbrains.kotlin.backend.jvm.JvmLoweringPhasesKt$jvmFilePhases$29           : loaded 2 times (x 125B)
Class org.jetbrains.kotlin.backend.common.lower.InventNamesForLocalClasses            : loaded 2 times (x 84B)
Class org.jetbrains.kotlin.com.intellij.util.containers.MultiMap$EmptyMap             : loaded 2 times (x 75B)
Class org.jetbrains.kotlin.com.intellij.util.ObjectUtils                              : loaded 2 times (x 71B)
Class org.jetbrains.kotlin.load.java.NullabilityAnnotationStatesImpl                  : loaded 2 times (x 75B)
Class org.jetbrains.kotlin.com.intellij.util.containers.IntObjectMap                  : loaded 2 times (x 70B)
Class org.jetbrains.kotlin.com.google.common.collect.Maps$8                           : loaded 2 times (x 82B)
Class org.jetbrains.kotlin.com.intellij.psi.PsiDirectoryContainer                     : loaded 2 times (x 70B)
Class org.jetbrains.kotlin.cli.common.arguments.Disables                              : loaded 2 times (x 70B)
Class [Lorg.jetbrains.kotlin.com.intellij.pom.Navigatable;                            : loaded 2 times (x 69B)
Class org.jetbrains.kotlin.load.kotlin.VirtualFileFinderFactory                       : loaded 2 times (x 70B)
Class org.jetbrains.kotlin.cli.common.CLICompiler                                     : loaded 2 times (x 83B)
Class org.jetbrains.kotlin.com.intellij.psi.util.ParameterizedCachedValue             : loaded 2 times (x 70B)
Class kotlin.collections.builders.SetBuilder$Companion                                : loaded 2 times (x 71B)
Class kotlin.jvm.JvmStatic                                                            : loaded 2 times (x 70B)
Class com.google.common.cache.CacheLoader$UnsupportedLoadingOperationException        : loaded 2 times (x 82B)
Class org.jetbrains.kotlin.fir.DependencyListForCliModule$Builder$build$$inlined$sortedBy$1: loaded 2 times (x 90B)
Class org.jetbrains.kotlin.psi.KtDeclarationWithInitializer                           : loaded 2 times (x 70B)
Class org.jetbrains.kotlin.psi.KtElementImplStub                                      : loaded 2 times (x 443B)
Class org.jetbrains.kotlin.fir.declarations.FirReceiverParameter                      : loaded 2 times (x 112B)
Class org.jetbrains.kotlin.fir.FirCliExceptionHandler                                 : loaded 2 times (x 73B)
Class org.jetbrains.kotlin.types.model.KotlinTypeMarker                               : loaded 2 times (x 70B)
Class org.jetbrains.kotlin.metadata.jvm.deserialization.PackageParts                  : loaded 2 times (x 72B)
Class org.jetbrains.kotlin.protobuf.BoundedByteString                                 : loaded 2 times (x 112B)
Class org.jetbrains.kotlin.load.kotlin.JvmPackagePartProviderBase$Companion           : loaded 2 times (x 71B)
Class org.jetbrains.kotlin.fir.session.environment.AbstractProjectFileSearchScope$ANY : loaded 2 times (x 77B)
Class [Lorg.jetbrains.kotlin.extensions.PreprocessedVirtualFileFactoryExtension;      : loaded 2 times (x 69B)
Class org.jetbrains.kotlin.cli.jvm.index.JavaRoot$RootType                            : loaded 2 times (x 79B)
Class [Lorg.jetbrains.kotlin.cli.jvm.compiler.jarfs.ZipEntryDescription$CompressionKind;: loaded 2 times (x 69B)
Class org.jetbrains.kotlin.com.intellij.psi.impl.source.PsiFileImpl                   : loaded 2 times (x 724B)
Class org.jetbrains.kotlin.com.intellij.psi.impl.source.HolderFactory                 : loaded 2 times (x 70B)
Class org.jetbrains.kotlin.kotlinx.collections.immutable.implementations.persistentOrderedSet.PersistentOrderedSet: loaded 2 times (x 204B)
Class org.jetbrains.kotlin.com.intellij.util.xml.dom.StaxFactory                      : loaded 2 times (x 71B)
Class org.jetbrains.kotlin.com.intellij.openapi.util.RecursionManager$1               : loaded 2 times (x 76B)
Class org.jetbrains.kotlin.com.intellij.ide.plugins.PluginXmlPathResolver             : loaded 2 times (x 79B)
Class org.jetbrains.kotlin.com.intellij.psi.presentation.java.FieldPresentationProvider: loaded 2 times (x 74B)
Class org.jetbrains.kotlin.com.intellij.psi.PsiCheckedRenameElement                   : loaded 2 times (x 70B)
Class org.jetbrains.kotlin.com.intellij.psi.PsiNamedElement                           : loaded 2 times (x 70B)
Class org.jetbrains.kotlin.com.intellij.util.KeyedLazyInstance                        : loaded 2 times (x 70B)
Class org.jetbrains.kotlin.com.intellij.openapi.extensions.impl.ExtensionPointImpl$Companion: loaded 2 times (x 71B)
Class org.jetbrains.kotlin.com.intellij.util.ArrayFactory                             : loaded 2 times (x 70B)
Class org.jetbrains.kotlin.com.intellij.openapi.util.ClassExtension                   : loaded 2 times (x 86B)
Class org.jetbrains.kotlin.com.intellij.openapi.vfs.VirtualFileSystem                 : loaded 2 times (x 88B)
Class org.jetbrains.kotlin.backend.jvm.lower.JvmInitializersCleanupLowering           : loaded 2 times (x 88B)
Class org.jetbrains.kotlin.backend.jvm.lower.JvmPropertiesLowering                    : loaded 2 times (x 353B)
Class org.jetbrains.kotlin.backend.common.lower.ProvisionalFunctionExpressionLowering : loaded 2 times (x 260B)
Class [Lorg.jetbrains.kotlin.compiler.plugin.AbstractCliOption;                       : loaded 2 times (x 69B)
Class org.jetbrains.kotlin.com.intellij.util.SmartList                                : loaded 2 times (x 199B)
Class org.jetbrains.kotlin.storage.NullableLazyValue                                  : loaded 2 times (x 70B)
Class org.jetbrains.kotlin.config.AnalysisFlags                                       : loaded 2 times (x 71B)
Class org.jetbrains.kotlin.config.IncrementalCompilation                              : loaded 2 times (x 71B)
Class org.jetbrains.kotlin.it.unimi.dsi.fastutil.ints.Int2ObjectFunction              : loaded 2 times (x 70B)
Class org.jetbrains.kotlin.com.google.common.collect.AbstractMapBasedMultimap         : loaded 2 times (x 139B)
Class org.jetbrains.kotlin.load.java.structure.impl.classFiles.BinaryClassSignatureParser: loaded 2 times (x 72B)
Class org.jetbrains.kotlin.types.model.TypeConstructorMarker                          : loaded 2 times (x 70B)
Class kotlin.coroutines.ContinuationKt                                                : loaded 2 times (x 71B)
Class com.google.common.collect.FluentIterable$1                                      : loaded 2 times (x 81B)
Class com.google.common.base.Objects                                                  : loaded 2 times (x 71B)
Class com.google.common.collect.IndexedImmutableSet                                   : loaded 2 times (x 152B)
Class com.google.common.collect.ImmutableMap$1                                        : loaded 2 times (x 81B)
Class com.google.common.collect.BiMap                                                 : loaded 2 times (x 70B)
Class org.gradle.api.internal.classpath.DefaultModuleRegistry$DefaultModule           : loaded 2 times (x 82B)
Class [Lorg.jetbrains.kotlin.psi.KtSimpleNameExpression;                              : loaded 2 times (x 69B)
Class org.jetbrains.kotlin.psi.KtTypeConstraint                                       : loaded 2 times (x 571B)
Class org.jetbrains.kotlin.psi.stubs.elements.KtScriptElementType                     : loaded 2 times (x 100B)
Class org.jetbrains.kotlin.fir.scopes.FirOverrideService                              : loaded 2 times (x 72B)
Class org.jetbrains.kotlin.fir.extensions.AbstractFirRegisteredPluginAnnotations$special$$inlined$createCache$1: loaded 2 times (x 75B)
Class org.jetbrains.kotlin.metadata.ProtoBuf$TypeParameter$Variance                   : loaded 2 times (x 82B)
Class org.jetbrains.kotlin.metadata.ProtoBuf$Annotation$Argument$Value$1              : loaded 2 times (x 144B)
Class org.jetbrains.kotlin.load.kotlin.ModuleVisibilityManager                        : loaded 2 times (x 70B)
Class org.jetbrains.kotlin.resolve.extensions.ExtraImportsProviderExtension$Companion : loaded 2 times (x 72B)
Class org.jetbrains.kotlin.asJava.classes.ImplUtilsKt                                 : loaded 2 times (x 71B)
Class org.jetbrains.kotlin.com.intellij.psi.codeStyle.JavaFileCodeStyleFacade         : loaded 2 times (x 70B)
Class org.jetbrains.kotlin.com.intellij.lang.jvm.types.JvmPrimitiveTypeKind           : loaded 2 times (x 72B)
Class org.jetbrains.kotlin.com.intellij.psi.search.GlobalSearchScope$NotScope         : loaded 2 times (x 98B)
Class org.jetbrains.kotlin.com.intellij.psi.PsiRecursiveVisitor                       : loaded 2 times (x 70B)
Class org.jetbrains.kotlin.com.intellij.psi.util.PsiModificationTracker               : loaded 2 times (x 70B)
Class org.jetbrains.kotlin.com.fasterxml.aalto.in.Utf8Scanner                         : loaded 2 times (x 134B)
Class org.jetbrains.kotlin.com.intellij.util.messages.impl.CompositeMessageBus        : loaded 2 times (x 101B)
Class org.jetbrains.kotlin.com.intellij.openapi.fileTypes.FileTypeExtension           : loaded 2 times (x 90B)
Class org.jetbrains.kotlin.fir.expressions.FirStatement                               : loaded 2 times (x 70B)
Class org.jetbrains.kotlin.backend.jvm.JvmLoweringPhasesKt$jvmLoweringPhases$20       : loaded 2 times (x 125B)
Class org.jetbrains.kotlin.backend.jvm.lower.CreateSeparateCallForInlinedLambdasLowering: loaded 2 times (x 344B)
Class org.jetbrains.kotlin.backend.common.phaser.PhaseFactoriesKt                     : loaded 2 times (x 71B)
Class org.jetbrains.kotlin.storage.SimpleLock                                         : loaded 2 times (x 70B)
Class org.jetbrains.kotlin.diagnostics.impl.BaseDiagnosticsCollector                  : loaded 2 times (x 77B)
Class org.jetbrains.kotlin.com.google.common.collect.ImmutableMap$IteratorBasedImmutableMap: loaded 2 times (x 126B)
Class org.jetbrains.kotlin.platform.jvm.JvmPlatform                                   : loaded 2 times (x 75B)
Class org.jetbrains.kotlin.name.ClassId                                               : loaded 2 times (x 72B)
Class com.google.common.collect.FluentIterable$2                                      : loaded 2 times (x 81B)
Class com.google.common.base.Absent                                                   : loaded 2 times (x 80B)
Class com.google.common.primitives.Ints                                               : loaded 2 times (x 71B)
Class com.google.common.reflect.Reflection                                            : loaded 2 times (x 71B)
Class com.google.common.collect.AbstractIterator                                      : loaded 2 times (x 82B)
Class [Lorg.jetbrains.kotlin.psi.KtPureClassOrObject;                                 : loaded 2 times (x 69B)
Class [Lorg.jetbrains.kotlin.psi.KtDeclaration;                                       : loaded 2 times (x 69B)
Class org.jetbrains.kotlin.com.intellij.psi.tree.IErrorCounterReparseableElementType  : loaded 2 times (x 95B)
Class org.jetbrains.kotlin.psi.stubs.elements.KtContextReceiverElementType            : loaded 2 times (x 100B)
Class org.jetbrains.kotlin.resolve.DefaultImportProvider$DefaultImportsKey            : loaded 2 times (x 71B)
Class org.jetbrains.kotlin.fir.symbols.impl.FirConstructorSymbol                      : loaded 2 times (x 80B)
Class org.jetbrains.kotlin.fir.types.impl.FirImplicitCharIteratorTypeRef              : loaded 2 times (x 107B)
Class org.jetbrains.kotlin.protobuf.GeneratedMessageLite$ExtensionDescriptor          : loaded 2 times (x 84B)
Class org.jetbrains.kotlin.protobuf.InvalidProtocolBufferException                    : loaded 2 times (x 84B)
Class org.jetbrains.kotlin.metadata.deserialization.NameResolver                      : loaded 2 times (x 70B)
Class org.jetbrains.kotlin.cli.jvm.compiler.jarfs.LargeDynamicMappedBuffer$Mapping    : loaded 2 times (x 72B)
Class org.jetbrains.kotlin.load.java.structure.impl.source.JavaElementSourceFactory   : loaded 2 times (x 79B)
Class org.jetbrains.kotlin.metadata.ProtoBuf$Visibility$1                             : loaded 2 times (x 74B)
Class org.jetbrains.kotlin.extensions.internal.CandidateInterceptor$Companion         : loaded 2 times (x 72B)
Class org.jetbrains.kotlin.resolve.jvm.extensions.PackageFragmentProviderExtension$Companion: loaded 2 times (x 72B)
Class org.jetbrains.kotlin.resolve.jvm.extensions.PackageFragmentProviderExtension    : loaded 2 times (x 70B)
Class org.jetbrains.kotlin.com.intellij.core.CoreJavaCodeStyleSettingsFacade          : loaded 2 times (x 73B)
Class [Lorg.jetbrains.kotlin.com.intellij.psi.search.ProjectAwareFileFilter;          : loaded 2 times (x 69B)
Class org.jetbrains.kotlin.com.intellij.psi.search.DelegatingGlobalSearchScope        : loaded 2 times (x 98B)
Class org.jetbrains.kotlin.com.intellij.openapi.util.BuildNumber                      : loaded 2 times (x 75B)
Class [Lorg.jetbrains.kotlin.com.fasterxml.aalto.in.ByteBasedPName;                   : loaded 2 times (x 69B)
Class org.jetbrains.kotlin.metadata.ProtoBuf$MemberKind                               : loaded 2 times (x 82B)
Class org.jetbrains.kotlin.com.intellij.ide.highlighter.JavaFileType                  : loaded 2 times (x 90B)
Class org.jetbrains.kotlin.cli.jvm.compiler.CompatKt                                  : loaded 2 times (x 71B)
Class org.jetbrains.kotlin.fir.symbols.FirBasedSymbol                                 : loaded 2 times (x 72B)
Class org.jetbrains.kotlin.backend.jvm.JvmLoweringPhasesKt$jvmLoweringPhases$21       : loaded 2 times (x 125B)
Class org.jetbrains.kotlin.ir.declarations.IrMutableAnnotationContainer               : loaded 2 times (x 70B)
Class org.jetbrains.kotlin.backend.common.lower.InnerClassesMemberBodyLowering        : loaded 2 times (x 86B)
Class org.jetbrains.kotlin.config.ReturnValueCheckerMode$Companion                    : loaded 2 times (x 71B)
Class kotlin.reflect.jvm.internal.KClassImpl$Data$inheritedStaticMembers$2            : loaded 2 times (x 79B)
Class org.jetbrains.kotlin.fir.scopes.FirPlatformClassMapper$Default                  : loaded 2 times (x 75B)
Class org.jetbrains.kotlin.platform.TargetPlatform                                    : loaded 2 times (x 119B)
Class org.jetbrains.kotlin.protobuf.LazyStringList                                    : loaded 2 times (x 70B)
Class com.google.common.collect.FluentIterable$3                                      : loaded 2 times (x 81B)
Class com.google.common.collect.ObjectArrays                                          : loaded 2 times (x 71B)
Class com.google.common.math.MathPreconditions                                        : loaded 2 times (x 71B)
Class com.google.common.collect.AbstractIndexedListIterator                           : loaded 2 times (x 96B)
Class com.google.common.collect.ArrayListMultimapGwtSerializationDependencies         : loaded 2 times (x 172B)
Class com.google.common.collect.Multiset                                              : loaded 2 times (x 70B)
Class androidx.compose.compiler.plugins.kotlin.ComposePluginRegistrar                 : loaded 2 times (x 73B)
Class [Lorg.jetbrains.kotlin.psi.KtAnnotation;                                        : loaded 2 times (x 69B)
Class org.jetbrains.kotlin.resolve.checkers.SealedInheritorInSamePackageChecker       : loaded 2 times (x 74B)
Class org.jetbrains.kotlin.fir.scopes.impl.FirAbstractOverrideChecker                 : loaded 2 times (x 80B)
Class org.jetbrains.kotlin.fir.types.TypeUtilsKt                                      : loaded 2 times (x 71B)
Class org.jetbrains.kotlin.fir.resolve.FirSamConstructorStorage                       : loaded 2 times (x 72B)
Class org.jetbrains.kotlin.fir.types.TypeComponents$typeContext$1                     : loaded 2 times (x 1082B)
Class [Lorg.jetbrains.kotlin.name.ClassId;                                            : loaded 2 times (x 69B)
Class org.jetbrains.kotlin.protobuf.ByteString$ByteIterator                           : loaded 2 times (x 70B)
Class org.jetbrains.kotlin.com.intellij.extapi.psi.PsiFileBase                        : loaded 2 times (x 725B)
Class [Lorg.jetbrains.kotlin.com.intellij.psi.PsiJvmModifiersOwner;                   : loaded 2 times (x 69B)
Class org.jetbrains.kotlin.fir.extensions.FirExtensionRegistrar$Companion             : loaded 2 times (x 71B)
Class org.jetbrains.kotlin.com.intellij.util.io.FileAccessorCache$1                   : loaded 2 times (x 81B)
Class org.jetbrains.kotlin.com.intellij.openapi.util.RecursionManager$CachingPreventedException: loaded 2 times (x 82B)
Class org.jetbrains.kotlin.com.intellij.psi.controlFlow.ControlFlowFactory            : loaded 2 times (x 75B)
Class org.jetbrains.kotlin.com.fasterxml.aalto.util.XmlCharTypes                      : loaded 2 times (x 72B)
Class org.jetbrains.kotlin.fir.declarations.SealedClassInheritorsProviderImpl         : loaded 2 times (x 72B)
Class org.jetbrains.kotlin.com.intellij.psi.compiled.ClassFileDecompilers             : loaded 2 times (x 72B)
Class org.jetbrains.kotlin.com.intellij.psi.PsiJavaDocumentedElement                  : loaded 2 times (x 70B)
Class org.jetbrains.kotlin.com.intellij.util.containers.ConcurrentLongObjectMap$LongEntry: loaded 2 times (x 70B)
Class org.jetbrains.kotlin.com.intellij.util.messages.impl.MessageBusImpl$MessageHandlerHolder: loaded 2 times (x 70B)
Class org.jetbrains.kotlin.com.intellij.util.containers.DisposableWrapperList$DisposableWrapper: loaded 2 times (x 77B)
Class org.jetbrains.kotlin.kotlinx.collections.immutable.ImmutableList                : loaded 2 times (x 70B)
Class org.jetbrains.kotlin.com.intellij.openapi.editor.ReadOnlyFragmentModificationException: loaded 2 times (x 82B)
Class org.jetbrains.kotlin.com.intellij.openapi.editor.ex.DocumentEx                  : loaded 2 times (x 70B)
Class org.jetbrains.kotlin.com.intellij.openapi.extensions.Extensions                 : loaded 2 times (x 71B)
Class org.jetbrains.kotlin.com.google.common.collect.LinkedHashMultimap$1             : loaded 2 times (x 83B)
Class org.jetbrains.kotlin.backend.common.phaser.DumperVerifierKt                     : loaded 2 times (x 71B)
Class org.jetbrains.kotlin.fir.declarations.FirClassLikeDeclaration                   : loaded 2 times (x 141B)
Class org.jetbrains.kotlin.resolve.checkers.InfixModifierChecker                      : loaded 2 times (x 74B)
Class org.jetbrains.kotlin.resolve.checkers.AnnotationClassTargetAndRetentionChecker  : loaded 2 times (x 74B)
Class org.jetbrains.kotlin.config.LanguageFeatureBehaviorAfterSinceVersion$CanStillBeDisabledForNow: loaded 2 times (x 72B)
Class org.jetbrains.kotlin.psi.stubs.elements.KtPropertyElementType                   : loaded 2 times (x 104B)
Class org.jetbrains.kotlin.com.intellij.openapi.Disposable                            : loaded 2 times (x 70B)
Class com.google.common.collect.ImmutableMapEntrySet                                  : loaded 2 times (x 152B)
Class org.gradle.api.internal.classpath.Module                                        : loaded 2 times (x 70B)
Class androidx.compose.compiler.plugins.kotlin.k1.ComposableAnnotationChecker         : loaded 2 times (x 77B)
Class org.jetbrains.kotlin.resolve.RequireKotlinConstants                             : loaded 2 times (x 71B)
Class org.jetbrains.kotlin.psi.KtTypeParameterListOwner                               : loaded 2 times (x 70B)
Class org.jetbrains.kotlin.storage.LockBasedStorageManager$MapBasedMemoizedFunctionToNotNull: loaded 2 times (x 85B)
Class org.jetbrains.kotlin.resolve.calls.inference.components.ConstraintInjector      : loaded 2 times (x 72B)
Class org.jetbrains.kotlin.metadata.deserialization.VersionSpecificBehaviorKt         : loaded 2 times (x 71B)
Class org.jetbrains.kotlin.metadata.deserialization.Flags$FlagField                   : loaded 2 times (x 73B)
Class [Lorg.jetbrains.kotlin.com.intellij.openapi.util.Iconable;                      : loaded 2 times (x 69B)
Class org.jetbrains.kotlin.com.intellij.psi.PsiQualifiedReferenceElement              : loaded 2 times (x 70B)
Class org.jetbrains.kotlin.psi.stubs.elements.KtTypeParameterElementType              : loaded 2 times (x 103B)
Class [Lorg.jetbrains.kotlin.psi.KtBackingField;                                      : loaded 2 times (x 69B)
Class org.jetbrains.kotlin.io.opentelemetry.api.trace.Tracer                          : loaded 2 times (x 70B)
Class org.jetbrains.kotlin.com.intellij.psi.impl.ElementBase                          : loaded 2 times (x 104B)
Class org.jetbrains.kotlin.com.intellij.openapi.vfs.VirtualFileMoveEvent              : loaded 2 times (x 79B)
Class org.jetbrains.kotlin.com.intellij.util.ReflectionUtil                           : loaded 2 times (x 71B)
Class org.jetbrains.kotlin.com.intellij.util.messages.impl.MessageBusImpl$Companion   : loaded 2 times (x 71B)
Class org.jetbrains.kotlin.com.intellij.ide.plugins.DisabledPluginsState              : loaded 2 times (x 75B)
Class org.jetbrains.kotlin.com.intellij.navigation.ItemPresentationProviders          : loaded 2 times (x 86B)
Class org.jetbrains.kotlin.backend.common.lower.TailrecLowering                       : loaded 2 times (x 89B)
Class [Landroidx.compose.compiler.plugins.kotlin.FeatureFlag;                         : loaded 2 times (x 69B)
Class androidx.compose.compiler.plugins.kotlin.FeatureFlag$Companion                  : loaded 2 times (x 71B)
Class org.jetbrains.kotlin.cli.pipeline.PerformanceNotifications$AbstractNotification : loaded 2 times (x 77B)
Class org.jetbrains.kotlin.com.intellij.util.containers.IdentityHashingStrategy       : loaded 2 times (x 75B)
Class org.jetbrains.kotlin.com.intellij.openapi.util.Disposer                         : loaded 2 times (x 71B)
Class kotlin.reflect.jvm.internal.KClassifierImpl                                     : loaded 2 times (x 70B)
Class kotlin.reflect.jvm.internal.pcollections.IntTree                                : loaded 2 times (x 72B)
Class androidx.compose.compiler.plugins.kotlin.ComposePluginKt                        : loaded 2 times (x 71B)
Class com.google.common.cache.Weigher                                                 : loaded 2 times (x 70B)
Class org.gradle.api.internal.classpath.UnknownModuleException                        : loaded 2 times (x 82B)
Class com.google.common.collect.UnmodifiableListIterator                              : loaded 2 times (x 95B)
Class androidx.compose.compiler.plugins.kotlin.k1.ComposableTargetChecker$infer$1     : loaded 2 times (x 77B)
Class [Lorg.jetbrains.kotlin.psi.KtTypeConstraintList;                                : loaded 2 times (x 69B)
Class org.jetbrains.kotlin.lexer.KtToken                                              : loaded 2 times (x 75B)
Class org.jetbrains.kotlin.psi.KtSuperTypeList                                        : loaded 2 times (x 447B)
Class org.jetbrains.kotlin.fir.types.ConeDynamicType                                  : loaded 2 times (x 80B)
Class org.jetbrains.kotlin.fir.types.ConeTypeContext                                  : loaded 2 times (x 70B)
Class org.jetbrains.kotlin.fir.types.impl.FirImplicitIntTypeRef                       : loaded 2 times (x 107B)
Class org.jetbrains.kotlin.resolve.jvm.platform.JvmPlatform                           : loaded 2 times (x 70B)
Class org.jetbrains.kotlin.metadata.ProtoBuf$QualifiedNameTable$QualifiedName         : loaded 2 times (x 110B)
Class org.jetbrains.kotlin.metadata.jvm.deserialization.BinaryModuleData              : loaded 2 times (x 72B)
Class org.jetbrains.kotlin.cli.jvm.compiler.TopDownAnalyzerFacadeForJVM$AllJavaSourcesInProjectScope: loaded 2 times (x 98B)
Class org.jetbrains.kotlin.com.intellij.util.text.ImmutableText                       : loaded 2 times (x 102B)
Class [Lorg.jetbrains.kotlin.metadata.ProtoBuf$Class$Kind;                            : loaded 2 times (x 69B)
Class org.jetbrains.kotlin.resolve.jvm.KotlinFinderMarker                             : loaded 2 times (x 70B)
Class org.jetbrains.kotlin.com.intellij.lang.java.parser.JavaParserUtil$ParserWrapper : loaded 2 times (x 70B)
Class org.jetbrains.kotlin.com.intellij.psi.impl.file.impl.FileManagerImpl$1          : loaded 2 times (x 74B)
Class org.jetbrains.kotlin.com.intellij.core.CorePackageIndex                         : loaded 2 times (x 75B)
Class org.jetbrains.kotlin.com.intellij.openapi.vfs.VirtualFileSetFactory             : loaded 2 times (x 70B)
Class [Lorg.jetbrains.kotlin.psi.KtDeclarationModifierList;                           : loaded 2 times (x 69B)
Class org.jetbrains.kotlin.com.fasterxml.aalto.in.ReaderConfig                        : loaded 2 times (x 74B)
Class org.jetbrains.kotlin.psi.KtIntersectionType                                     : loaded 2 times (x 505B)
Class org.jetbrains.kotlin.com.intellij.psi.impl.compiled.ClsDecompilerImpl$MyClsStubBuilder: loaded 2 times (x 73B)
Class org.jetbrains.kotlin.com.intellij.codeInsight.folding.impl.JavaCodeFoldingSettingsBase: loaded 2 times (x 71B)
Class org.jetbrains.kotlin.com.intellij.lexer.MergingLexerAdapter                     : loaded 2 times (x 87B)
Class org.jetbrains.kotlin.com.intellij.lang.ASTNode                                  : loaded 2 times (x 70B)
Class org.jetbrains.kotlin.com.intellij.openapi.vfs.encoding.EncodingManager          : loaded 2 times (x 74B)
Class org.jetbrains.kotlin.kotlinx.collections.immutable.internal.CommonFunctionsKt   : loaded 2 times (x 71B)
Class org.jetbrains.kotlin.com.intellij.openapi.vfs.pointers.VirtualFilePointerManager: loaded 2 times (x 76B)
Class [Lorg.jetbrains.kotlin.cli.jvm.compiler.EnvironmentConfigFiles;                 : loaded 2 times (x 69B)
Class org.jetbrains.kotlin.com.intellij.util.containers.FastUtilCharSequenceHashingStrategy: loaded 2 times (x 75B)
Class org.jetbrains.kotlin.backend.jvm.lower.RestoreInlineLambda                      : loaded 2 times (x 344B)
Class org.jetbrains.kotlin.backend.jvm.lower.AnnotationLowering                       : loaded 2 times (x 84B)
Class org.jetbrains.kotlin.utils.KotlinPathsFromHomeDir                               : loaded 2 times (x 118B)
Class org.jetbrains.kotlin.platform.TargetPlatformVersion$NoVersion                   : loaded 2 times (x 74B)
Class com.google.common.reflect.TypeCapture                                           : loaded 2 times (x 71B)
Class org.jetbrains.kotlin.config.ApiVersion                                          : loaded 2 times (x 86B)
Class org.jetbrains.kotlin.cli.common.messages.PlainTextMessageRenderer               : loaded 2 times (x 86B)
Class org.gradle.api.internal.ClassPathProvider                                       : loaded 2 times (x 70B)
Class com.google.common.base.Stopwatch                                                : loaded 2 times (x 72B)
Class com.google.common.cache.LocalCache$Strength                                     : loaded 2 times (x 81B)
Class com.google.common.cache.Cache                                                   : loaded 2 times (x 70B)
Class androidx.compose.compiler.plugins.kotlin.k1.ComposableTargetChecker$infer$2     : loaded 2 times (x 79B)
Class androidx.compose.compiler.plugins.kotlin.ComposeCommandLineProcessor            : loaded 2 times (x 85B)
Class org.jetbrains.kotlin.psi.stubs.KotlinUserTypeStub                               : loaded 2 times (x 70B)
Class [Lorg.jetbrains.kotlin.psi.KtTypeAlias;                                         : loaded 2 times (x 69B)
Class org.jetbrains.kotlin.psi.stubs.elements.KtSecondaryConstructorElementType       : loaded 2 times (x 107B)
Class org.jetbrains.kotlin.fir.types.impl.FirImplicitUnitTypeRef                      : loaded 2 times (x 107B)
Class org.jetbrains.kotlin.cli.common.SessionConstructionUtils                        : loaded 2 times (x 71B)
Class org.jetbrains.kotlin.protobuf.LazyFieldLite                                     : loaded 2 times (x 82B)
Class org.jetbrains.kotlin.com.intellij.util.io.FileAccessorCache$Handle              : loaded 2 times (x 80B)
Class org.jetbrains.kotlin.protobuf.LiteralByteString                                 : loaded 2 times (x 112B)
Class org.jetbrains.kotlin.cli.common.FirSessionConstructionUtilsKt                   : loaded 2 times (x 71B)
Class org.jetbrains.kotlin.fir.deserialization.ModuleDataProvider                     : loaded 2 times (x 73B)
Class org.jetbrains.kotlin.fir.deserialization.LibraryPathFilter$LibraryList          : loaded 2 times (x 73B)
Class org.jetbrains.kotlin.fir.resolve.FirSamConversionTransformerExtension           : loaded 2 times (x 76B)
Class org.jetbrains.kotlin.com.intellij.psi.PsiInferenceHelper                        : loaded 2 times (x 70B)
Class org.jetbrains.kotlin.kotlinx.collections.immutable.implementations.immutableMap.TrieNode$Companion: loaded 2 times (x 71B)
Class [Lorg.gradle.api.internal.ClassPathProvider;                                    : loaded 2 times (x 69B)
Class [Lorg.jetbrains.kotlin.com.intellij.openapi.extensions.impl.ObjectComponentAdapter;: loaded 2 times (x 69B)
Class org.jetbrains.kotlin.com.intellij.psi.impl.PsiExpressionEvaluator               : loaded 2 times (x 75B)
Class org.jetbrains.kotlin.com.intellij.psi.impl.source.javadoc.PsiSnippetAttributeValueImpl: loaded 2 times (x 379B)
Class org.jetbrains.kotlin.com.intellij.psi.stubs.StubTree                            : loaded 2 times (x 81B)
Class org.jetbrains.kotlin.com.intellij.psi.impl.source.tree.FileElement              : loaded 2 times (x 264B)
Class org.jetbrains.kotlin.cli.common.CLIConfigurationKeys                            : loaded 2 times (x 71B)
Class org.jetbrains.kotlin.com.intellij.util.containers.ConcurrentIntObjectMap        : loaded 2 times (x 70B)
Class kotlin.reflect.jvm.internal.KClassImpl$Data$nestedClasses$2                     : loaded 2 times (x 79B)
Class [Lorg.jetbrains.kotlin.util.CompilerType;                                       : loaded 2 times (x 69B)
Class com.google.common.collect.Sets$2                                                : loaded 2 times (x 139B)
Class com.google.common.base.NullnessCasts                                            : loaded 2 times (x 71B)
Class com.google.common.collect.ImmutableMap$Builder                                  : loaded 2 times (x 82B)
Class com.google.common.util.concurrent.AbstractFuture$Cancellation                   : loaded 2 times (x 72B)
Class androidx.compose.compiler.plugins.kotlin.k2.ComposeFirExtensionRegistrar        : loaded 2 times (x 73B)
Class androidx.compose.compiler.plugins.kotlin.k1.ComposableTargetChecker$infer$3     : loaded 2 times (x 77B)
Class [Lorg.jetbrains.kotlin.psi.KtTypeParameterList;                                 : loaded 2 times (x 69B)
Class [Lorg.jetbrains.kotlin.psi.KtNamedFunction;                                     : loaded 2 times (x 69B)
Class [Lorg.jetbrains.kotlin.psi.KtNamedDeclarationStub;                              : loaded 2 times (x 69B)
Class org.jetbrains.kotlin.lexer.KtModifierKeywordToken                               : loaded 2 times (x 78B)
Class org.jetbrains.kotlin.fir.resolve.calls.overloads.FirDeclarationOverloadabilityHelperImpl: loaded 2 times (x 78B)
Class org.jetbrains.kotlin.types.model.TypeSystemBuiltInsContext                      : loaded 2 times (x 70B)
Class org.jetbrains.kotlin.fir.FirSession                                             : loaded 2 times (x 83B)
Class org.jetbrains.kotlin.cli.jvm.index.SingleJavaFileRootsIndex                     : loaded 2 times (x 72B)
Class org.jetbrains.kotlin.resolve.jvm.modules.JavaModuleFinder                       : loaded 2 times (x 70B)
Class org.jetbrains.kotlin.resolve.jvm.NotFoundPackagesCachingStrategy$Default        : loaded 2 times (x 74B)
Class org.jetbrains.kotlin.extensions.DeclarationAttributeAltererExtension$Companion  : loaded 2 times (x 72B)
Class [Lorg.jetbrains.kotlin.com.intellij.util.containers.LinkedCustomHashMap$Entry;  : loaded 2 times (x 69B)
Class [Lorg.jetbrains.kotlin.com.intellij.psi.PsiElement;                             : loaded 2 times (x 69B)
Class org.jetbrains.kotlin.com.intellij.psi.search.GlobalSearchScope$IntersectionScope: loaded 2 times (x 99B)
Class org.jetbrains.kotlin.com.intellij.psi.impl.source.resolve.ResolveCache$StrongValueReference: loaded 2 times (x 81B)
Class org.jetbrains.kotlin.com.intellij.lang.java.lexer.JavaLexer                     : loaded 2 times (x 84B)
Class org.jetbrains.kotlin.com.intellij.util.graph.impl.GraphAlgorithmsImpl           : loaded 2 times (x 71B)
Class org.jetbrains.kotlin.com.intellij.util.KeyedLazyInstanceEP                      : loaded 2 times (x 83B)
Class org.jetbrains.kotlin.com.intellij.openapi.vfs.newvfs.BulkFileListener           : loaded 2 times (x 70B)
Class org.jetbrains.kotlin.com.intellij.openapi.editor.ReadOnlyModificationException  : loaded 2 times (x 82B)
Class org.jetbrains.kotlin.com.intellij.openapi.util.KeyedExtensionCollector          : loaded 2 times (x 86B)
Class org.jetbrains.kotlin.backend.jvm.lower.MarkNecessaryInlinedClassesAsRegeneratedLowering: loaded 2 times (x 344B)
Class org.jetbrains.kotlin.backend.common.lower.loops.ForLoopsLowering                : loaded 2 times (x 87B)
Class org.jetbrains.kotlin.backend.jvm.lower.FunctionReferenceLowering                : loaded 2 times (x 354B)
Class org.jetbrains.kotlin.ir.visitors.IrElementTransformerVoid                       : loaded 2 times (x 335B)
Class org.jetbrains.kotlin.ir.visitors.IrElementTransformer                           : loaded 2 times (x 70B)
Class org.jetbrains.kotlin.utils.KotlinPathsFromBaseDirectory                         : loaded 2 times (x 118B)
Class org.jetbrains.kotlin.config.AnnotationDefaultTargetMode$Companion               : loaded 2 times (x 71B)
Class org.jetbrains.kotlin.it.unimi.dsi.fastutil.objects.A                            : loaded 2 times (x 174B)
Class [Lcom.google.common.base.Function;                                              : loaded 2 times (x 69B)
Class com.google.common.collect.Maps$ViewCachingAbstractMap                           : loaded 2 times (x 125B)
Class kotlin.reflect.jvm.internal.KClassImpl$Data$annotations$2                       : loaded 2 times (x 79B)
Class kotlin.sequences.SequenceScope                                                  : loaded 2 times (x 73B)
Class kotlin.reflect.jvm.internal.pcollections.HashPMap                               : loaded 2 times (x 72B)
Class kotlin.collections.builders.ListBuilder$Itr                                     : loaded 2 times (x 94B)
Class com.google.common.collect.Maps$EntryFunction$1                                  : loaded 2 times (x 91B)
Class com.google.common.base.Present                                                  : loaded 2 times (x 81B)
Class com.google.common.cache.RemovalListener                                         : loaded 2 times (x 70B)
Class org.gradle.api.internal.DefaultClassPathRegistry                                : loaded 2 times (x 76B)
Class androidx.compose.compiler.plugins.kotlin.k1.ComposableTargetChecker$infer$4     : loaded 2 times (x 76B)
Class org.jetbrains.kotlin.psi.KtExpressionImplStub                                   : loaded 2 times (x 505B)
Class [Lorg.jetbrains.kotlin.psi.KtClassInitializer;                                  : loaded 2 times (x 69B)
Class org.jetbrains.kotlin.psi.KtVariableDeclaration                                  : loaded 2 times (x 70B)
Class [Lorg.jetbrains.kotlin.com.intellij.psi.tree.TokenSet;                          : loaded 2 times (x 69B)
Class org.jetbrains.kotlin.resolve.checkers.ValueParameterUsageInDefaultArgumentChecker: loaded 2 times (x 74B)
Class org.jetbrains.kotlin.psi.KtClassOrObject                                        : loaded 2 times (x 1101B)
Class org.jetbrains.kotlin.fir.scopes.impl.FirEnumEntriesSupport                      : loaded 2 times (x 73B)
Class org.jetbrains.kotlin.fir.scopes.impl.FirGeneratedMemberDeclarationsStorage$CallableStorage: loaded 2 times (x 72B)
Class org.jetbrains.kotlin.fir.types.impl.FirImplicitShortTypeRef                     : loaded 2 times (x 107B)
Class org.jetbrains.kotlin.types.model.RigidTypeMarker                                : loaded 2 times (x 70B)
Class org.jetbrains.kotlin.protobuf.SmallSortedMap$EmptySet$1                         : loaded 2 times (x 78B)
Class org.jetbrains.kotlin.protobuf.AbstractMessageLite$Builder$LimitedInputStream    : loaded 2 times (x 92B)
Class org.jetbrains.kotlin.resolve.jvm.modules.JavaModuleInfo$Companion$read$1        : loaded 2 times (x 88B)
Class org.jetbrains.kotlin.com.intellij.psi.impl.PsiFileEx                            : loaded 2 times (x 70B)
Class org.jetbrains.kotlin.com.intellij.psi.search.GlobalSearchScope$FileScope        : loaded 2 times (x 101B)
Class org.jetbrains.kotlin.com.fasterxml.aalto.in.NsBinding                           : loaded 2 times (x 72B)
Class org.jetbrains.kotlin.it.unimi.dsi.fastutil.Hash                                 : loaded 2 times (x 70B)
Class org.jetbrains.kotlin.com.intellij.psi.tree.ILightStubFileElementType            : loaded 2 times (x 110B)
Class org.jetbrains.kotlin.com.intellij.util.pico.CachingConstructorInjectionComponentAdapter: loaded 2 times (x 77B)
Class org.jetbrains.kotlin.com.intellij.psi.impl.source.CharTableImpl$StringHashToCharSequencesMap: loaded 2 times (x 205B)
Class org.jetbrains.kotlin.com.intellij.openapi.application.CachedSingletonsRegistry  : loaded 2 times (x 71B)
Class org.jetbrains.kotlin.com.intellij.util.pico.PicoException                       : loaded 2 times (x 82B)
Class org.jetbrains.kotlin.it.unimi.dsi.fastutil.ints.Int2ObjectOpenHashMap           : loaded 2 times (x 205B)
Class org.jetbrains.kotlin.config.phaser.CompilerPhase                                : loaded 2 times (x 70B)
Class kotlin.reflect.jvm.internal.KPropertyImpl                                       : loaded 2 times (x 115B)
Class org.jetbrains.kotlin.config.ExplicitApiMode$Companion                           : loaded 2 times (x 71B)
Class org.jetbrains.kotlin.compiler.plugin.AbstractCliOption                          : loaded 2 times (x 70B)
Class org.jetbrains.kotlin.backend.jvm.lower.ToArrayLowering                          : loaded 2 times (x 85B)
Class org.jetbrains.kotlin.load.java.JvmAbi                                           : loaded 2 times (x 71B)
Class kotlin.text.MatchResult                                                         : loaded 2 times (x 70B)
Class kotlin.jvm.internal.ShortCompanionObject                                        : loaded 2 times (x 71B)
Class org.jetbrains.kotlin.com.intellij.psi.meta.MetaDataContributor                  : loaded 2 times (x 70B)
Class com.google.common.collect.Maps$EntryFunction$2                                  : loaded 2 times (x 91B)
Class com.google.common.primitives.IntsMethodsForWeb                                  : loaded 2 times (x 71B)
Class com.google.common.reflect.Invokable$ConstructorInvokable                        : loaded 2 times (x 107B)
Class com.google.common.collect.Multimap                                              : loaded 2 times (x 70B)
Class org.gradle.internal.classpath.DefaultClassPath$ImmutableUniqueList              : loaded 2 times (x 199B)
Class org.gradle.api.internal.ClassPathRegistry                                       : loaded 2 times (x 70B)
Class org.jetbrains.kotlin.backend.jvm.JvmLoweringPhasesKt$jvmFilePhases$82           : loaded 2 times (x 125B)
Class androidx.compose.compiler.plugins.kotlin.EmptyModuleMetrics                     : loaded 2 times (x 86B)
Class org.jetbrains.kotlin.psi.KtImportInfo$ImportContent                             : loaded 2 times (x 71B)
Class org.jetbrains.kotlin.KtNodeTypes                                                : loaded 2 times (x 70B)
Class org.jetbrains.kotlin.resolve.checkers.SuspendFunctionAsSupertypeChecker         : loaded 2 times (x 74B)
Class org.jetbrains.kotlin.resolve.checkers.ActualClassifierMustHasTheSameMembersAsNonFinalExpectClassifierChecker: loaded 2 times (x 74B)
Class org.jetbrains.kotlin.fir.resolve.calls.overloads.ConeCallConflictResolverFactory: loaded 2 times (x 72B)
Class org.jetbrains.kotlin.fir.analysis.checkers.expression.FirGenericArrayClassLiteralSupport$Disabled: loaded 2 times (x 74B)
Class org.jetbrains.kotlin.backend.common.phaser.BackendContextHolder                 : loaded 2 times (x 70B)
Class org.jetbrains.kotlin.fir.scopes.impl.FirGeneratedMemberDeclarationsStorage      : loaded 2 times (x 72B)
Class org.jetbrains.kotlin.fir.types.impl.FirImplicitStringTypeRef                    : loaded 2 times (x 107B)
Class org.jetbrains.kotlin.fir.FirElement                                             : loaded 2 times (x 70B)
Class org.jetbrains.kotlin.mpp.TypeRefMarker                                          : loaded 2 times (x 70B)
Class org.jetbrains.kotlin.metadata.ProtoBuf$ValueParameterOrBuilder                  : loaded 2 times (x 70B)
Class org.jetbrains.kotlin.protobuf.SmallSortedMap$EmptySet$2                         : loaded 2 times (x 78B)
Class org.jetbrains.kotlin.metadata.ProtoBuf$PackageOrBuilder                         : loaded 2 times (x 70B)
Class [Lorg.jetbrains.kotlin.com.intellij.psi.PsiPackage;                             : loaded 2 times (x 69B)
Class org.jetbrains.kotlin.extensions.StorageComponentContainerContributor            : loaded 2 times (x 70B)
Class org.jetbrains.kotlin.com.intellij.psi.scope.NameHint                            : loaded 2 times (x 70B)
Class org.jetbrains.kotlin.com.intellij.core.JavaCoreProjectEnvironment               : loaded 2 times (x 88B)
Class org.jetbrains.kotlin.com.intellij.psi.StubBuilder                               : loaded 2 times (x 70B)
Class [Lorg.jetbrains.kotlin.cli.common.arguments.Enables;                            : loaded 2 times (x 69B)
Class kotlin.reflect.jvm.internal.impl.builtins.PrimitiveType$arrayTypeFqName$2       : loaded 2 times (x 79B)
Class org.jetbrains.kotlin.com.intellij.DynamicBundle$LanguageBundleEP                : loaded 2 times (x 75B)
Class org.jetbrains.kotlin.kotlinx.collections.immutable.implementations.immutableList.SmallPersistentVector$Companion: loaded 2 times (x 71B)
Class org.jetbrains.kotlin.com.intellij.openapi.util.SimpleModificationTracker        : loaded 2 times (x 76B)
Class org.jetbrains.kotlin.config.phaser.PhaseConfig                                  : loaded 2 times (x 72B)
Class org.jetbrains.kotlin.com.google.common.collect.BiMap                            : loaded 2 times (x 70B)
Class org.jetbrains.kotlin.config.LanguageVersionSettingsImpl$Companion               : loaded 2 times (x 71B)
Class kotlin.reflect.jvm.internal.KClassImpl$Data$declaredNonStaticMembers$2          : loaded 2 times (x 79B)
Class org.jetbrains.kotlin.ir.declarations.IrFile                                     : loaded 2 times (x 128B)
Class [Lorg.jetbrains.kotlin.com.intellij.psi.tree.IElementType;                      : loaded 2 times (x 69B)
Class com.google.common.base.ExtraObjectsMethodsForWeb                                : loaded 2 times (x 71B)
Class com.google.common.reflect.TypeToken                                             : loaded 2 times (x 73B)
Class org.jetbrains.kotlin.fir.caches.FirCachesFactory$KeyReferenceStrength           : loaded 2 times (x 79B)
Class org.jetbrains.kotlin.fir.declarations.FirMemberDeclaration                      : loaded 2 times (x 122B)
Class org.jetbrains.kotlin.fir.declarations.FirControlFlowGraphOwner                  : loaded 2 times (x 70B)
Class org.jetbrains.kotlin.backend.jvm.JvmLoweringPhasesKt$jvmFilePhases$51           : loaded 2 times (x 125B)
Class org.jetbrains.kotlin.fir.caches.NullableMap                                     : loaded 2 times (x 72B)
Class org.jetbrains.kotlin.fir.session.IncrementalCompilationContext                  : loaded 2 times (x 72B)
Class org.jetbrains.kotlin.com.intellij.psi.impl.light.LightModifierList              : loaded 2 times (x 375B)
Class org.jetbrains.kotlin.compiler.plugin.CompilerPluginRegistrar$ExtensionStorage   : loaded 2 times (x 72B)
Class org.jetbrains.kotlin.com.intellij.util.containers.LinkedCustomHashMap$RemoveCallback: loaded 2 times (x 70B)
Class org.jetbrains.kotlin.com.intellij.psi.impl.JvmPsiConversionHelperImpl           : loaded 2 times (x 78B)
Class org.jetbrains.kotlin.com.intellij.openapi.extensions.ExtensionPointUtil         : loaded 2 times (x 71B)
Class org.jetbrains.kotlin.com.intellij.openapi.extensions.ProjectExtensionPointName  : loaded 2 times (x 72B)
Class org.jetbrains.kotlin.com.fasterxml.aalto.util.BufferRecycler                    : loaded 2 times (x 72B)
Class org.jetbrains.kotlin.com.intellij.ide.plugins.DescriptorListLoadingContext$expiredPlugins$2: loaded 2 times (x 79B)
Class org.jetbrains.kotlin.com.intellij.psi.impl.compiled.ClsDecompilerImpl           : loaded 2 times (x 78B)
Class org.jetbrains.kotlin.com.intellij.psi.PsiLocalVariable                          : loaded 2 times (x 70B)
Class org.jetbrains.kotlin.com.intellij.psi.presentation.java.ClassPresentationProvider: loaded 2 times (x 74B)
Class org.jetbrains.kotlin.com.intellij.psi.tree.IStubFileElementType                 : loaded 2 times (x 108B)
Class org.jetbrains.kotlin.com.intellij.psi.javadoc.PsiDocToken                       : loaded 2 times (x 70B)
Class org.jetbrains.kotlin.backend.common.phaser.IrValidationPhase                    : loaded 2 times (x 77B)
Class org.jetbrains.kotlin.compiler.plugin.CompilerPluginRegistrar$Companion          : loaded 2 times (x 71B)
Class org.jetbrains.kotlin.backend.jvm.JvmLoweringPhasesKt$jvmLoweringPhases$18       : loaded 2 times (x 125B)
Class org.jetbrains.kotlin.name.FqNameUnsafe$Companion                                : loaded 2 times (x 71B)
Class org.jetbrains.kotlin.backend.jvm.lower.EnumExternalEntriesLowering              : loaded 2 times (x 353B)
Class org.jetbrains.kotlin.cli.jvm.JvmArgumentsKt$configureStandardLibs$3             : loaded 2 times (x 127B)
Class org.jetbrains.kotlin.cli.common.messages.CompilerMessageSourceLocation          : loaded 2 times (x 70B)
Class com.google.common.collect.SingletonImmutableList                                : loaded 2 times (x 207B)
Class com.google.common.cache.CacheBuilder                                            : loaded 2 times (x 72B)
Class org.gradle.internal.classpath.ClassPath                                         : loaded 2 times (x 70B)
Class [Lorg.jetbrains.kotlin.psi.KtDynamicType;                                       : loaded 2 times (x 69B)
Class org.jetbrains.kotlin.resolve.checkers.TrailingCommaCallChecker                  : loaded 2 times (x 74B)
Class org.jetbrains.kotlin.resolve.PlatformConfigurator                               : loaded 2 times (x 70B)
Class org.jetbrains.kotlin.utils.JavaSdkUtil                                          : loaded 2 times (x 71B)
Class org.jetbrains.kotlin.fir.analysis.extensions.FirAdditionalCheckersExtension     : loaded 2 times (x 79B)
Class org.jetbrains.kotlin.extensions.internal.TypeResolutionInterceptor              : loaded 2 times (x 72B)
Class org.jetbrains.kotlin.com.intellij.psi.scope.MethodProcessorSetupFailedException : loaded 2 times (x 82B)
Class org.jetbrains.kotlin.com.intellij.psi.PsiType$Stub                              : loaded 2 times (x 100B)
Class org.jetbrains.kotlin.idea.KotlinLanguage                                        : loaded 2 times (x 107B)
Class org.jetbrains.kotlin.com.fasterxml.aalto.util.DataUtil                          : loaded 2 times (x 71B)
Class org.jetbrains.kotlin.com.intellij.ide.plugins.ActionDescriptorName              : loaded 2 times (x 79B)
Class org.jetbrains.kotlin.com.intellij.ide.plugins.NonShareableJavaZipFilePool$load$1: loaded 2 times (x 81B)
Class org.jetbrains.kotlin.com.intellij.lang.java.lexer.BasicJavaLexer                : loaded 2 times (x 84B)
Class org.jetbrains.kotlin.kotlinx.collections.immutable.implementations.immutableSet.PersistentHashSetIterator: loaded 2 times (x 82B)
Class org.jetbrains.kotlin.com.intellij.psi.PsiReferenceProvider                      : loaded 2 times (x 74B)
Class org.jetbrains.kotlin.ir.IrElement                                               : loaded 2 times (x 70B)
Class org.jetbrains.kotlin.util.ServiceLoaderLite                                     : loaded 2 times (x 71B)
Class org.jetbrains.kotlin.load.java.JavaNullabilityAnnotationSettingsKt              : loaded 2 times (x 71B)
Class org.jetbrains.kotlin.com.google.common.collect.AbstractMapBasedMultimap$WrappedList: loaded 2 times (x 205B)
Class org.jetbrains.kotlin.com.intellij.util.containers.CollectionFactory             : loaded 2 times (x 71B)
Class org.jetbrains.kotlin.it.unimi.dsi.fastutil.objects.ObjectOpenCustomHashSet      : loaded 2 times (x 183B)
Class org.jetbrains.kotlin.com.intellij.openapi.util.registry.EarlyAccessRegistryManagerKt$configFile$2: loaded 2 times (x 78B)
Class org.jetbrains.kotlin.com.intellij.core.CoreJobLauncher                          : loaded 2 times (x 71B)
Class [Lcom.google.common.reflect.Types$JavaVersion;                                  : loaded 2 times (x 69B)
Class com.google.common.collect.ImmutableList$ReverseImmutableList                    : loaded 2 times (x 209B)
Class com.google.common.base.JdkPattern                                               : loaded 2 times (x 75B)
Class [Lorg.jetbrains.kotlin.psi.KtSecondaryConstructor;                              : loaded 2 times (x 69B)
Class [Lorg.jetbrains.kotlin.psi.KtAnnotated;                                         : loaded 2 times (x 69B)
Class org.jetbrains.kotlin.psi.stubs.elements.KtPrimaryConstructorElementType         : loaded 2 times (x 107B)
Class org.jetbrains.kotlin.resolve.checkers.DataClassDeclarationChecker               : loaded 2 times (x 74B)
Class org.jetbrains.kotlin.com.intellij.openapi.vfs.impl.CoreVirtualFilePointerManager: loaded 2 times (x 80B)
Class org.jetbrains.kotlin.fir.extensions.FirPredicateBasedProviderImpl$Cache         : loaded 2 times (x 72B)
Class org.jetbrains.kotlin.util.ComponentArrayOwner                                   : loaded 2 times (x 82B)
Class org.jetbrains.kotlin.protobuf.GeneratedMessageLite$GeneratedExtension           : loaded 2 times (x 79B)
Class org.jetbrains.kotlin.load.kotlin.JvmPackagePartProviderBase                     : loaded 2 times (x 93B)
Class org.jetbrains.kotlin.fir.session.environment.AbstractProjectFileSearchScope     : loaded 2 times (x 70B)
Class org.jetbrains.kotlin.cli.jvm.compiler.jarfs.ZipImplementationKt$WhenMappings    : loaded 2 times (x 71B)
Class org.jetbrains.kotlin.cli.jvm.compiler.jarfs.ZipEntryDescription$CompressionKind : loaded 2 times (x 79B)
Class org.jetbrains.kotlin.resolve.jvm.modules.JavaModuleInfo$FileReadingException    : loaded 2 times (x 82B)
Class org.jetbrains.kotlin.com.intellij.codeInsight.ExternalAnnotationsManager        : loaded 2 times (x 87B)
Class org.jetbrains.kotlin.com.intellij.psi.impl.PsiModificationTrackerImpl$1         : loaded 2 times (x 74B)
Class org.jetbrains.kotlin.com.intellij.mock.MockProject                              : loaded 2 times (x 206B)
Class org.jetbrains.kotlin.com.intellij.psi.impl.ResolveScopeManager                  : loaded 2 times (x 74B)
Class org.jetbrains.kotlin.com.intellij.util.containers.UtilKt                        : loaded 2 times (x 71B)
Class org.jetbrains.kotlin.com.intellij.platform.diagnostic.telemetry.NoopTelemetryManager: loaded 2 times (x 74B)
Class org.jetbrains.kotlin.com.intellij.codeInsight.folding.JavaCodeFoldingSettings   : loaded 2 times (x 71B)
Class org.jetbrains.kotlin.com.intellij.openapi.extensions.impl.ObjectComponentAdapter: loaded 2 times (x 80B)
Class org.jetbrains.kotlin.com.intellij.psi.stubs.Stub                                : loaded 2 times (x 70B)
Class org.jetbrains.kotlin.com.intellij.openapi.util.KeyWithDefaultValue              : loaded 2 times (x 78B)
Class org.jetbrains.kotlin.kotlinx.collections.immutable.implementations.immutableSet.TrieNode$Companion: loaded 2 times (x 71B)
Class org.jetbrains.kotlin.com.intellij.util.pico.PicoInitializationException         : loaded 2 times (x 82B)
Class org.jetbrains.kotlin.com.intellij.psi.impl.source.tree.LeafElement              : loaded 2 times (x 204B)
Class [Lorg.jetbrains.kotlin.com.intellij.openapi.vfs.VirtualFileSystem;              : loaded 2 times (x 69B)
Class org.jetbrains.kotlin.com.intellij.openapi.vfs.VirtualFileManagerListener        : loaded 2 times (x 70B)
Class org.jetbrains.kotlin.com.intellij.util.text.CharArrayCharSequence               : loaded 2 times (x 99B)
Class org.jetbrains.kotlin.com.intellij.openapi.diagnostic.Logger                     : loaded 2 times (x 99B)
Class org.jetbrains.kotlin.com.intellij.openapi.util.SystemInfoRt                     : loaded 2 times (x 71B)
Class org.jetbrains.kotlin.ir.visitors.IrVisitor                                      : loaded 2 times (x 159B)
Class org.jetbrains.kotlin.config.CommonConfigurationKeys                             : loaded 2 times (x 71B)
Class kotlin.reflect.jvm.internal.KClassImpl$Data$declaredStaticMembers$2             : loaded 2 times (x 79B)
Class kotlin.reflect.jvm.internal.KProperty1Impl$delegateSource$1                     : loaded 2 times (x 79B)
Class org.jetbrains.kotlin.com.fasterxml.aalto.stax.StreamReaderImpl                  : loaded 2 times (x 142B)
Class org.jetbrains.kotlin.com.intellij.openapi.vfs.impl.ZipHandlerBase               : loaded 2 times (x 83B)
Class org.jetbrains.kotlin.cli.common.arguments.Enables                               : loaded 2 times (x 70B)
Class org.jetbrains.kotlin.com.intellij.ide.highlighter.JavaClassFileType             : loaded 2 times (x 80B)
Class org.jetbrains.kotlin.com.fasterxml.aalto.in.PNameC                              : loaded 2 times (x 75B)
Class org.gradle.api.internal.classpath.DefaultModuleRegistry$DefaultModuleAlias      : loaded 2 times (x 80B)
Class org.jetbrains.kotlin.com.intellij.codeInsight.folding.impl.JavaFoldingBuilderBase: loaded 2 times (x 77B)
Class androidx.compose.compiler.plugins.kotlin.k1.ComposeTypeResolutionInterceptorExtension: loaded 2 times (x 77B)
Class [Lorg.jetbrains.kotlin.com.intellij.extapi.psi.ASTDelegatePsiElement;           : loaded 2 times (x 69B)
Class org.jetbrains.kotlin.psi.stubs.elements.KtStubElementTypes                      : loaded 2 times (x 70B)
Class [Lorg.jetbrains.kotlin.lexer.KtToken;                                           : loaded 2 times (x 69B)
Class org.jetbrains.kotlin.psi.KtNamedDeclarationStub                                 : loaded 2 times (x 912B)
Class org.jetbrains.kotlin.fir.scopes.impl.FirSynthesizedStorage                      : loaded 2 times (x 72B)
Class org.jetbrains.kotlin.metadata.ProtoBuf$Property$1                               : loaded 2 times (x 144B)
Class org.jetbrains.kotlin.metadata.ProtoBuf$Type                                     : loaded 2 times (x 145B)
Class org.jetbrains.kotlin.metadata.ProtoBuf$Class                                    : loaded 2 times (x 186B)
Class org.jetbrains.kotlin.fir.FirModuleCapabilities                                  : loaded 2 times (x 82B)
Class org.jetbrains.kotlin.fir.backend.Fir2IrScriptConfiguratorExtension              : loaded 2 times (x 76B)
Class org.jetbrains.kotlin.cli.jvm.compiler.jarfs.FastJarFileSystem$cachedOpenFileHandles$1: loaded 2 times (x 83B)
Class org.jetbrains.kotlin.cli.jvm.compiler.CliKotlinAsJavaSupport                    : loaded 2 times (x 104B)
Class org.jetbrains.kotlin.com.intellij.psi.PsiJavaCodeReferenceElement               : loaded 2 times (x 70B)
Class org.jetbrains.kotlin.com.intellij.diagnostic.ImplementationConflictException    : loaded 2 times (x 82B)
Class org.jetbrains.kotlin.com.intellij.openapi.command.CommandListener               : loaded 2 times (x 70B)
Class org.jetbrains.kotlin.com.intellij.openapi.progress.Task$Backgroundable          : loaded 2 times (x 89B)
Class org.jetbrains.kotlin.com.intellij.openapi.util.text.StringUtilRt                : loaded 2 times (x 71B)
Class org.jetbrains.kotlin.ir.declarations.IrSymbolOwner                              : loaded 2 times (x 70B)
Class org.jetbrains.kotlin.backend.jvm.lower.JvmLocalDeclarationsLowering             : loaded 2 times (x 88B)
Class org.jetbrains.kotlin.config.CommonConfigurationKeysKt                           : loaded 2 times (x 71B)
Class org.jetbrains.kotlin.com.google.common.collect.MapDifference                    : loaded 2 times (x 70B)
Class org.jetbrains.kotlin.com.intellij.util.keyFMap.OneElementFMap                   : loaded 2 times (x 80B)
Class com.google.common.collect.Iterators$1                                           : loaded 2 times (x 81B)
Class com.google.common.base.Suppliers$SupplierOfInstance                             : loaded 2 times (x 79B)
Class org.jetbrains.kotlin.psi.KtQualifiedExpression                                  : loaded 2 times (x 70B)
Class org.jetbrains.kotlin.psi.stubs.KotlinTypeProjectionStub                         : loaded 2 times (x 70B)
Class org.jetbrains.kotlin.psi.stubs.KotlinModifierListStub                           : loaded 2 times (x 70B)
Class [Lorg.jetbrains.kotlin.psi.KtClassBody;                                         : loaded 2 times (x 69B)
Class org.jetbrains.kotlin.psi.KtValVarKeywordOwner                                   : loaded 2 times (x 70B)
Class org.jetbrains.kotlin.kdoc.lexer.KDocToken                                       : loaded 2 times (x 75B)
Class org.jetbrains.kotlin.resolve.calls.checkers.SafeCallChecker                     : loaded 2 times (x 74B)
Class org.jetbrains.kotlin.psi.KtExpression                                           : loaded 2 times (x 70B)
Class org.jetbrains.kotlin.fir.scopes.impl.FirDelegatedMembersFilter                  : loaded 2 times (x 72B)
Class org.jetbrains.kotlin.types.AbstractTypeApproximator                             : loaded 2 times (x 740B)
Class org.jetbrains.kotlin.util.ArrayMap                                              : loaded 2 times (x 83B)
Class org.jetbrains.kotlin.platform.JsPlatform                                        : loaded 2 times (x 75B)
Class org.jetbrains.kotlin.com.intellij.psi.PsiImportHolder                           : loaded 2 times (x 70B)
Class org.jetbrains.kotlin.com.intellij.openapi.roots.LanguageLevelProjectExtension   : loaded 2 times (x 73B)
Class org.jetbrains.kotlin.com.intellij.openapi.fileTypes.CharsetUtil                 : loaded 2 times (x 71B)
Class org.jetbrains.kotlin.org.codehaus.stax2.typed.TypedValueDecoder                 : loaded 2 times (x 73B)
Class org.jetbrains.kotlin.com.intellij.openapi.application.TransactionGuardImpl      : loaded 2 times (x 74B)
Class [Lorg.jetbrains.kotlin.com.intellij.util.xml.dom.XmlInterner;                   : loaded 2 times (x 69B)
Class org.jetbrains.kotlin.com.intellij.pom.PomTarget                                 : loaded 2 times (x 70B)
Class org.jetbrains.kotlin.com.intellij.psi.javadoc.PsiDocTagValue                    : loaded 2 times (x 70B)
Class org.jetbrains.kotlin.com.intellij.psi.PsiPlainText                              : loaded 2 times (x 70B)
Class org.jetbrains.kotlin.backend.jvm.lower.GenerateMultifileFacades                 : loaded 2 times (x 75B)
Class org.jetbrains.kotlin.backend.jvm.lower.FragmentSharedVariablesLowering          : loaded 2 times (x 353B)
Class org.jetbrains.kotlin.backend.jvm.lower.JvmOptimizationLowering                  : loaded 2 times (x 80B)
Class org.jetbrains.kotlin.backend.jvm.JvmLoweringPhasesKt$jvmFilePhases$60           : loaded 2 times (x 125B)
Class org.jetbrains.kotlin.backend.common.lower.InnerClassesLowering                  : loaded 2 times (x 88B)
Class org.jetbrains.kotlin.config.IrVerificationMode$Companion                        : loaded 2 times (x 71B)
Class org.jetbrains.kotlin.com.intellij.openapi.vfs.VirtualFileSetFactoryKt           : loaded 2 times (x 71B)
Class org.jetbrains.kotlin.com.intellij.psi.PsiReferenceExpression                    : loaded 2 times (x 70B)
Class org.jetbrains.kotlin.extensions.internal.CandidateInterceptor                   : loaded 2 times (x 72B)
Class org.jetbrains.kotlin.com.intellij.pom.java.InternalPersistentJavaLanguageLevelReaderService$DefaultImpl: loaded 2 times (x 74B)
Class com.google.devtools.ksp.processing.KSPJvmConfig                                 : loaded 2 times (x 72B)
Class com.google.common.reflect.TypeToken$1                                           : loaded 2 times (x 110B)
Class com.google.common.cache.LocalCache$ComputingValueReference                      : loaded 2 times (x 96B)
Class com.google.common.collect.ImmutableMap$IteratorBasedImmutableMap                : loaded 2 times (x 126B)
Class com.google.common.collect.SingletonImmutableSet                                 : loaded 2 times (x 146B)
Class org.jetbrains.kotlin.metadata.ProtoBuf$StringTable                              : loaded 2 times (x 108B)
Class org.jetbrains.kotlin.psi.KtTypeProjection                                       : loaded 2 times (x 584B)
Class org.jetbrains.kotlin.psi.stubs.KotlinFunctionTypeStub                           : loaded 2 times (x 70B)
Class org.jetbrains.kotlin.fir.analysis.checkers.expression.FirGenericArrayClassLiteralSupport: loaded 2 times (x 70B)
Class org.jetbrains.kotlin.metadata.ProtoBuf$Annotation$Argument                      : loaded 2 times (x 108B)
Class org.jetbrains.kotlin.protobuf.WireFormat$FieldType$1                            : loaded 2 times (x 83B)
Class org.jetbrains.kotlin.protobuf.ByteString                                        : loaded 2 times (x 108B)
Class org.jetbrains.kotlin.fir.DependencyListForCliModule$Builder                     : loaded 2 times (x 72B)
Class org.jetbrains.kotlin.metadata.ProtoBuf$Class$Kind                               : loaded 2 times (x 82B)
Class org.jetbrains.kotlin.com.intellij.util.containers.SLRUMap                       : loaded 2 times (x 80B)
Class org.jetbrains.kotlin.com.intellij.psi.PsiType                                   : loaded 2 times (x 100B)
Class org.jetbrains.kotlin.com.intellij.psi.search.SearchScope                        : loaded 2 times (x 77B)
Class org.jetbrains.kotlin.com.intellij.psi.impl.DocumentCommitProcessor              : loaded 2 times (x 70B)
Class org.jetbrains.kotlin.org.codehaus.stax2.ri.typed.ValueDecoderFactory            : loaded 2 times (x 72B)
Class [Lorg.jetbrains.kotlin.com.intellij.ide.plugins.ActionDescriptorName;           : loaded 2 times (x 69B)
Class org.jetbrains.kotlin.com.intellij.ide.plugins.DescriptorListLoadingContext      : loaded 2 times (x 79B)
Class org.jetbrains.kotlin.com.intellij.psi.FileContextProvider                       : loaded 2 times (x 74B)
Class org.jetbrains.kotlin.com.intellij.lang.folding.CustomFoldingBuilder             : loaded 2 times (x 77B)
Class org.jetbrains.kotlin.com.intellij.lang.jvm.JvmElement                           : loaded 2 times (x 70B)
Class org.jetbrains.kotlin.com.intellij.core.CoreJavaDirectoryService                 : loaded 2 times (x 85B)
Class org.jetbrains.kotlin.com.intellij.psi.impl.source.JavaLightStubBuilder          : loaded 2 times (x 80B)
Class org.jetbrains.kotlin.com.intellij.util.containers.ContainerUtil$9               : loaded 2 times (x 80B)
Class org.jetbrains.kotlin.backend.jvm.JvmLoweringPhasesKt$jvmFilePhases$61           : loaded 2 times (x 125B)
Class org.jetbrains.kotlin.ir.visitors.IrTransformer                                  : loaded 2 times (x 247B)
Class kotlin.reflect.jvm.internal.KClassImpl$Data$supertypes$2                        : loaded 2 times (x 79B)
Class org.jetbrains.kotlin.protobuf.ByteString$Output                                 : loaded 2 times (x 86B)
Class org.jetbrains.kotlin.com.intellij.openapi.util.LowMemoryWatcher                 : loaded 2 times (x 72B)
Class com.google.common.reflect.TypeToken$2                                           : loaded 2 times (x 110B)
Class com.google.common.cache.LocalCache$Segment                                      : loaded 2 times (x 154B)
Class org.jetbrains.kotlin.protobuf.UnmodifiableLazyStringList                        : loaded 2 times (x 277B)
Class org.jetbrains.kotlin.psi.stubs.KotlinObjectStub                                 : loaded 2 times (x 70B)
Class org.jetbrains.kotlin.psi.stubs.elements.KtAnnotationUseSiteTargetElementType    : loaded 2 times (x 100B)
Class org.jetbrains.kotlin.psi.stubs.elements.KtClassElementType                      : loaded 2 times (x 106B)
Class org.jetbrains.kotlin.fir.symbols.impl.FirClassSymbol                            : loaded 2 times (x 82B)
Class org.jetbrains.kotlin.com.intellij.core.CoreInjectedLanguageManager              : loaded 2 times (x 80B)
Class org.jetbrains.kotlin.fir.types.impl.FirImplicitFloatTypeRef                     : loaded 2 times (x 107B)
Class org.jetbrains.kotlin.fir.types.ConeAttribute                                    : loaded 2 times (x 79B)
Class org.jetbrains.kotlin.protobuf.UnmodifiableLazyStringList$2                      : loaded 2 times (x 83B)
Class org.jetbrains.kotlin.metadata.ProtoBuf$TypeParameter                            : loaded 2 times (x 130B)
Class org.jetbrains.kotlin.metadata.ProtoBuf$ValueParameter$1                         : loaded 2 times (x 144B)
Class [Lorg.jetbrains.kotlin.protobuf.WireFormat$FieldType;                           : loaded 2 times (x 69B)
Class org.jetbrains.kotlin.protobuf.WireFormat$FieldType$2                            : loaded 2 times (x 83B)
Class org.jetbrains.kotlin.cli.jvm.compiler.legacy.pipeline.ProjectEnvironmentWithCoreEnvironmentEmulation: loaded 2 times (x 95B)
Class org.jetbrains.kotlin.cli.jvm.config.JvmModulePathRoot                           : loaded 2 times (x 77B)
Class org.jetbrains.kotlin.extensions.ProcessSourcesBeforeCompilingExtension          : loaded 2 times (x 70B)
Class org.jetbrains.kotlin.com.intellij.util.containers.ConcurrentSoftHashMap         : loaded 2 times (x 154B)
Class org.jetbrains.kotlin.com.intellij.mock.MockResolveScopeManager                  : loaded 2 times (x 75B)
Class org.jetbrains.kotlin.com.intellij.openapi.extensions.ExtensionPointAndAreaListener: loaded 2 times (x 70B)
Class org.jetbrains.kotlin.com.intellij.openapi.progress.Task$WithResult              : loaded 2 times (x 85B)
Class [Lorg.jetbrains.kotlin.com.intellij.openapi.fileTypes.FileType;                 : loaded 2 times (x 69B)
Class org.jetbrains.kotlin.com.intellij.lang.LanguageExtension                        : loaded 2 times (x 96B)
Class org.jetbrains.kotlin.com.intellij.core.CoreFileTypeRegistry                     : loaded 2 times (x 81B)
Class org.jetbrains.kotlin.cli.jvm.compiler.KotlinCoreEnvironment                     : loaded 2 times (x 72B)
Class org.jetbrains.kotlin.it.unimi.dsi.fastutil.objects.ObjectSpliterator            : loaded 2 times (x 70B)
Class [Lorg.jetbrains.kotlin.config.JvmSerializeIrMode;                               : loaded 2 times (x 69B)
Class org.jetbrains.kotlin.backend.jvm.JvmLoweringPhasesKt$jvmFilePhases$62           : loaded 2 times (x 125B)
Class [Lorg.jetbrains.kotlin.config.LanguageFeature$State;                            : loaded 2 times (x 69B)
Class [Lorg.jetbrains.kotlin.config.ReturnValueCheckerMode;                           : loaded 2 times (x 69B)
Class [Lorg.jetbrains.kotlin.config.IrVerificationMode;                               : loaded 2 times (x 69B)
Class org.jetbrains.kotlin.com.google.common.collect.ImmutableEntry                   : loaded 2 times (x 82B)
Class org.jetbrains.kotlin.it.unimi.dsi.fastutil.objects.Object2ObjectFunction        : loaded 2 times (x 70B)
Class org.jetbrains.kotlin.fir.session.FirJvmSessionFactory$LibraryContext            : loaded 2 times (x 72B)
Class org.jetbrains.kotlin.com.intellij.psi.PsiJavaReference                          : loaded 2 times (x 70B)
Class org.jetbrains.kotlin.utils.DescriptionAware                                     : loaded 2 times (x 70B)
Class org.jetbrains.kotlin.cli.common.messages.XcodeStyleMessageRenderer              : loaded 2 times (x 78B)
Class com.google.common.collect.ImmutableBiMap                                        : loaded 2 times (x 143B)
Class com.google.common.collect.Iterators$4                                           : loaded 2 times (x 82B)
Class com.google.common.cache.CacheLoader                                             : loaded 2 times (x 74B)
Class com.google.common.collect.AbstractListMultimap                                  : loaded 2 times (x 172B)
Class org.gradle.api.internal.classpath.ModuleRegistry                                : loaded 2 times (x 70B)
Class org.gradle.internal.installation.GradleInstallation$1                           : loaded 2 times (x 75B)
Class org.jetbrains.kotlin.fir.scopes.impl.FirSubstitutionOverrideStorage             : loaded 2 times (x 72B)
Class org.jetbrains.kotlin.psi.KtStatementExpression                                  : loaded 2 times (x 70B)
Class org.jetbrains.kotlin.resolve.calls.inference.components.PostponedArgumentInputTypesResolver$Companion: loaded 2 times (x 71B)
Class org.jetbrains.kotlin.util.ArrayMapAccessor                                      : loaded 2 times (x 75B)
Class org.jetbrains.kotlin.util.AbstractArrayMapOwner$AbstractArrayMapAccessor        : loaded 2 times (x 71B)
Class org.jetbrains.kotlin.fir.types.impl.ConeClassLikeTypeImpl                       : loaded 2 times (x 83B)
Class org.jetbrains.kotlin.protobuf.WireFormat$FieldType$3                            : loaded 2 times (x 83B)
Class org.jetbrains.kotlin.psi.KtDeclarationContainer                                 : loaded 2 times (x 70B)
Class org.jetbrains.kotlin.fir.FirModuleData                                          : loaded 2 times (x 82B)
Class org.jetbrains.kotlin.fir.session.environment.AbstractProjectFileSearchScope$EMPTY: loaded 2 times (x 77B)
Class org.jetbrains.kotlin.cli.jvm.modules.JavaModuleGraph                            : loaded 2 times (x 72B)
Class org.jetbrains.kotlin.cli.jvm.compiler.jarfs.FastJarFileSystem                   : loaded 2 times (x 101B)
Class org.jetbrains.kotlin.utils.PlatformUtilsKt                                      : loaded 2 times (x 71B)
Class org.jetbrains.kotlin.com.intellij.pom.java.LanguageLevel                        : loaded 2 times (x 80B)
Class org.jetbrains.kotlin.com.intellij.psi.PsiExpression                             : loaded 2 times (x 70B)
Class org.jetbrains.kotlin.com.intellij.psi.PsiTypeElement                            : loaded 2 times (x 70B)
Class org.jetbrains.kotlin.com.intellij.psi.search.impl.VirtualFileEnumeration        : loaded 2 times (x 70B)
Class org.jetbrains.kotlin.com.intellij.psi.search.EverythingGlobalScope              : loaded 2 times (x 96B)
Class org.jetbrains.kotlin.com.intellij.openapi.vfs.InvalidVirtualFileAccessException : loaded 2 times (x 82B)
Class [Lorg.jetbrains.kotlin.com.intellij.openapi.util.LowMemoryWatcher$LowMemoryWatcherType;: loaded 2 times (x 69B)
Class org.jetbrains.kotlin.com.intellij.ide.plugins.ContainerDescriptor               : loaded 2 times (x 72B)
Class org.jetbrains.kotlin.com.intellij.core.CorePsiPackageImplementationHelper       : loaded 2 times (x 77B)
Class org.jetbrains.kotlin.com.intellij.psi.stubs.ObjectStubSerializer                : loaded 2 times (x 70B)
Class org.jetbrains.kotlin.com.intellij.psi.PsiFragment                               : loaded 2 times (x 70B)
Class org.jetbrains.kotlin.com.intellij.psi.PsiReferenceContributor                   : loaded 2 times (x 76B)
Class org.jetbrains.kotlin.com.intellij.util.DefaultJava11Shim                        : loaded 2 times (x 80B)
Class org.jetbrains.kotlin.com.intellij.psi.stubs.BinaryFileStubBuilders              : loaded 2 times (x 90B)
Class org.jetbrains.kotlin.com.intellij.openapi.application.ex.ApplicationEx          : loaded 2 times (x 70B)
Class org.jetbrains.kotlin.cli.jvm.compiler.KotlinCoreApplicationEnvironmentMode      : loaded 2 times (x 70B)
Class org.jetbrains.kotlin.cli.jvm.modules.CoreJrtFileSystem                          : loaded 2 times (x 101B)
Class org.jetbrains.kotlin.backend.jvm.JvmLoweringPhasesKt$jvmFilePhases$63           : loaded 2 times (x 125B)
Class org.jetbrains.kotlin.backend.jvm.lower.JvmInnerClassesLowering                  : loaded 2 times (x 88B)
Class org.jetbrains.kotlin.backend.common.lower.EnumWhenLowering                      : loaded 2 times (x 357B)
Class org.jetbrains.kotlin.storage.SimpleLock$Companion                               : loaded 2 times (x 71B)
Class org.jetbrains.kotlin.backend.common.phaser.PhaseBuildersKt                      : loaded 2 times (x 71B)
Class kotlin.jvm.internal.DoubleCompanionObject                                       : loaded 2 times (x 71B)
Class com.google.devtools.ksp.processing.KSPLogger                                    : loaded 2 times (x 70B)
Class com.google.common.collect.ImmutableSet$JdkBackedSetBuilderImpl                  : loaded 2 times (x 76B)
Class com.google.common.util.concurrent.internal.InternalFutureFailureAccess          : loaded 2 times (x 72B)
Class com.google.common.collect.Iterators$5                                           : loaded 2 times (x 82B)
Class org.jetbrains.kotlin.psi.KtAnnotationUseSiteTarget                              : loaded 2 times (x 443B)
Class [Lorg.jetbrains.kotlin.psi.KtPrimaryConstructor;                                : loaded 2 times (x 69B)
Class [Lorg.jetbrains.kotlin.com.intellij.psi.impl.ElementBase;                       : loaded 2 times (x 69B)
Class org.jetbrains.kotlin.resolve.checkers.FunInterfaceDeclarationChecker            : loaded 2 times (x 74B)
Class org.jetbrains.kotlin.psi.KtPropertyAccessor                                     : loaded 2 times (x 882B)
Class [Lorg.jetbrains.kotlin.fir.caches.FirCachesFactory$KeyReferenceStrength;        : loaded 2 times (x 69B)
Class org.jetbrains.kotlin.com.intellij.AbstractBundle$MyResourceControl              : loaded 2 times (x 78B)
Class org.jetbrains.kotlin.resolve.calls.inference.components.TrivialConstraintTypeInferenceOracle: loaded 2 times (x 547B)
Class [Lorg.jetbrains.kotlin.metadata.ProtoBuf$Annotation$Argument$Value$Type;        : loaded 2 times (x 69B)
Class org.jetbrains.kotlin.metadata.ProtoBuf$Contract$1                               : loaded 2 times (x 144B)
Class org.jetbrains.kotlin.metadata.ProtoBuf$Type$1                                   : loaded 2 times (x 144B)
Class org.jetbrains.kotlin.protobuf.WireFormat$FieldType$4                            : loaded 2 times (x 83B)
Class org.jetbrains.kotlin.psi.KtElement                                              : loaded 2 times (x 70B)
Class org.jetbrains.kotlin.fir.util.ConeTypeRegistry                                  : loaded 2 times (x 73B)
Class org.jetbrains.kotlin.cli.jvm.compiler.CliVirtualFileFinderFactory               : loaded 2 times (x 76B)
Class org.jetbrains.kotlin.cli.jvm.compiler.jarfs.ZipEntryDescription                 : loaded 2 times (x 72B)
Class org.jetbrains.kotlin.resolve.extensions.AssignResolutionAltererExtension        : loaded 2 times (x 70B)
Class org.jetbrains.kotlin.extensions.ProjectExtensionDescriptor                      : loaded 2 times (x 72B)
Class org.jetbrains.kotlin.resolve.jvm.JvmCodeAnalyzerInitializer                     : loaded 2 times (x 76B)
Class org.jetbrains.kotlin.com.intellij.psi.scope.ElementClassHint                    : loaded 2 times (x 70B)
Class org.jetbrains.kotlin.cli.jvm.compiler.KotlinCoreEnvironment$ProjectEnvironment  : loaded 2 times (x 90B)
Class org.jetbrains.kotlin.parsing.KotlinParserDefinition                             : loaded 2 times (x 95B)
Class org.jetbrains.kotlin.kotlinx.collections.immutable.implementations.immutableMap.TrieNode: loaded 2 times (x 72B)
Class org.jetbrains.kotlin.com.intellij.ide.plugins.PluginContentDescriptor           : loaded 2 times (x 72B)
Class org.jetbrains.kotlin.fir.MutableOrEmptyList                                     : loaded 2 times (x 173B)
Class org.jetbrains.kotlin.metadata.ProtoBuf$Modality                                 : loaded 2 times (x 82B)
Class org.jetbrains.kotlin.cli.jvm.compiler.jarfs.LargeDynamicMappedBuffer            : loaded 2 times (x 73B)
Class org.jetbrains.kotlin.com.intellij.util.containers.ConcurrentWeakHashMap         : loaded 2 times (x 154B)
Class org.jetbrains.kotlin.com.intellij.psi.PsiMethod                                 : loaded 2 times (x 70B)
Class org.jetbrains.kotlin.com.intellij.lang.jvm.JvmTypeParametersOwner               : loaded 2 times (x 70B)
Class org.jetbrains.kotlin.com.intellij.psi.stubs.StubInputStream                     : loaded 2 times (x 113B)
Class org.jetbrains.kotlin.com.intellij.util.messages.impl.CompositeMessageBus$WhenMappings: loaded 2 times (x 71B)
Class org.jetbrains.kotlin.kotlinx.collections.immutable.ExtensionsKt                 : loaded 2 times (x 71B)
Class org.jetbrains.kotlin.com.intellij.mock.MockComponentManager$1                   : loaded 2 times (x 75B)
Class org.jetbrains.kotlin.com.intellij.openapi.application.ApplicationManager        : loaded 2 times (x 71B)
Class org.jetbrains.kotlin.backend.common.phaser.IrValidationBeforeLoweringPhase      : loaded 2 times (x 77B)
Class org.jetbrains.kotlin.backend.common.LoweringContext                             : loaded 2 times (x 70B)
Class org.jetbrains.kotlin.backend.jvm.lower.FakeLocalVariablesForIrInlinerLowering   : loaded 2 times (x 352B)
Class org.jetbrains.kotlin.backend.jvm.JvmLoweringPhasesKt$jvmFilePhases$64           : loaded 2 times (x 125B)
Class org.jetbrains.kotlin.backend.common.ModuleLoweringPass                          : loaded 2 times (x 70B)
Class org.jetbrains.kotlin.com.intellij.openapi.util.Key                              : loaded 2 times (x 77B)
Class org.jetbrains.kotlin.protobuf.ExtensionRegistryLite                             : loaded 2 times (x 74B)
Class org.jetbrains.kotlin.name.FqNameUnsafe                                          : loaded 2 times (x 72B)
Class [Lkotlin.jvm.internal.markers.KMappedMarker;                                    : loaded 2 times (x 69B)
Class kotlin.text.RegexKt                                                             : loaded 2 times (x 71B)
Class com.google.common.collect.Iterators$6                                           : loaded 2 times (x 81B)
Class com.google.common.collect.HashBiMap$Inverse                                     : loaded 2 times (x 142B)
Class com.google.common.cache.LocalCache$LocalManualCache$1                           : loaded 2 times (x 75B)
Class [Lorg.jetbrains.kotlin.types.model.TypeArgumentListMarker;                      : loaded 2 times (x 69B)
Class org.jetbrains.kotlin.psi.KtPackageDirective                                     : loaded 2 times (x 592B)
Class org.jetbrains.kotlin.psi.stubs.elements.KtUserTypeElementType                   : loaded 2 times (x 103B)
Class org.jetbrains.kotlin.fir.resolve.inference.ConeConstraintSystemUtilContext      : loaded 2 times (x 89B)
Class org.jetbrains.kotlin.fir.types.ConeAttributes$Companion                         : loaded 2 times (x 73B)
Class org.jetbrains.kotlin.com.intellij.util.io.ResourceHandle                        : loaded 2 times (x 79B)
Class org.jetbrains.kotlin.metadata.ProtoBuf$StringTable$1                            : loaded 2 times (x 144B)
Class org.jetbrains.kotlin.fir.caches.FirThreadUnsafeCachesFactory                    : loaded 2 times (x 78B)
Class org.jetbrains.kotlin.resolve.jvm.modules.JavaModuleResolver                     : loaded 2 times (x 70B)
Class org.jetbrains.kotlin.resolve.jvm.modules.JavaModuleInfo$Companion               : loaded 2 times (x 71B)
Class org.jetbrains.kotlin.com.intellij.util.text.CharArrayUtil                       : loaded 2 times (x 71B)
Class org.jetbrains.kotlin.fir.extensions.FirExtensionRegistrar                       : loaded 2 times (x 73B)
Class org.jetbrains.kotlin.com.intellij.util.containers.SoftKeySoftValueHashMap       : loaded 2 times (x 110B)
Class org.jetbrains.kotlin.com.intellij.core.CoreJavaFileCodeStyleFacade              : loaded 2 times (x 99B)
Class org.jetbrains.kotlin.com.intellij.psi.impl.JavaPsiImplementationHelper          : loaded 2 times (x 79B)
Class org.jetbrains.kotlin.com.intellij.psi.search.ProjectScopeBuilder                : loaded 2 times (x 76B)
Class org.jetbrains.kotlin.com.intellij.ide.plugins.ModuleDependenciesDescriptor$Companion: loaded 2 times (x 71B)
Class org.jetbrains.kotlin.cli.jvm.compiler.DummyJavaFileCodeStyleFacadeFactory       : loaded 2 times (x 74B)
Class org.jetbrains.kotlin.com.intellij.psi.PsiMember                                 : loaded 2 times (x 70B)
Class org.jetbrains.kotlin.com.intellij.util.containers.Unsafe                        : loaded 2 times (x 71B)
Class org.jetbrains.kotlin.com.intellij.util.ConcurrentLongObjectHashMap$TreeNode     : loaded 2 times (x 78B)
Class org.jetbrains.kotlin.com.intellij.psi.PsiReferenceRegistrar                     : loaded 2 times (x 80B)
Class org.jetbrains.kotlin.kotlinx.collections.immutable.ImmutableCollection          : loaded 2 times (x 70B)
Class org.jetbrains.kotlin.utils.fileUtils.FileUtilsKt                                : loaded 2 times (x 71B)
Class org.jetbrains.kotlin.config.JvmAbiStability                                     : loaded 2 times (x 79B)
Class org.jetbrains.kotlin.backend.jvm.JvmLoweringPhasesKt$jvmFilePhases$65           : loaded 2 times (x 125B)
Class org.jetbrains.kotlin.container.InvalidCardinalityException                      : loaded 2 times (x 82B)
Class org.jetbrains.kotlin.cli.plugins.PluginsOptionsParserKt                         : loaded 2 times (x 71B)
Class org.jetbrains.kotlin.storage.LockBasedStorageManager$1                          : loaded 2 times (x 108B)
Class org.jetbrains.kotlin.config.AnalysisFlag                                        : loaded 2 times (x 72B)
Class org.jetbrains.kotlin.com.google.common.collect.UnmodifiableIterator             : loaded 2 times (x 80B)
Class org.jetbrains.kotlin.com.google.common.collect.Maps                             : loaded 2 times (x 71B)
Class org.jetbrains.kotlin.com.intellij.util.containers.RefHashMap$Key                : loaded 2 times (x 70B)
Class [Lorg.jetbrains.kotlin.psi.KtDeclarationWithBody;                               : loaded 2 times (x 69B)
Class com.google.common.collect.ImmutableCollection                                   : loaded 2 times (x 125B)
Class org.gradle.api.internal.classpath.DefaultModuleRegistry                         : loaded 2 times (x 84B)
Class [Lorg.jetbrains.kotlin.psi.KtValVarKeywordOwner;                                : loaded 2 times (x 69B)
Class androidx.compose.compiler.plugins.kotlin.ModuleMetrics                          : loaded 2 times (x 70B)
Class androidx.compose.compiler.plugins.kotlin.k1.ComposeDiagnosticSuppressor         : loaded 2 times (x 77B)
Class org.jetbrains.kotlin.psi.KtCallElement                                          : loaded 2 times (x 70B)
Class org.jetbrains.kotlin.psi.stubs.KotlinParameterStub                              : loaded 2 times (x 70B)
Class org.jetbrains.kotlin.psi.KtTypeAlias                                            : loaded 2 times (x 1071B)
Class org.jetbrains.kotlin.resolve.checkers.ConstModifierChecker                      : loaded 2 times (x 74B)
Class org.jetbrains.kotlin.fir.symbols.impl.FirCallableSymbol                         : loaded 2 times (x 76B)
Class org.jetbrains.kotlin.fir.scopes.impl.FirDeclaredMemberScopeProvider$nestedClassifierCache$1: loaded 2 times (x 75B)
Class org.jetbrains.kotlin.fir.types.impl.FirImplicitBooleanTypeRef                   : loaded 2 times (x 107B)
Class org.jetbrains.kotlin.metadata.ProtoBuf$Annotation$Argument$1                    : loaded 2 times (x 144B)
Class org.jetbrains.kotlin.metadata.jvm.JvmModuleProtoBuf$Module$1                    : loaded 2 times (x 144B)
Class org.jetbrains.kotlin.metadata.ProtoBuf$Function$1                               : loaded 2 times (x 144B)
Class org.jetbrains.kotlin.cli.jvm.index.JvmDependenciesIndexImpl                     : loaded 2 times (x 77B)
Class org.jetbrains.kotlin.metadata.deserialization.Flags$BooleanFlagField            : loaded 2 times (x 76B)
Class org.jetbrains.kotlin.resolve.calls.checkers.AdditionalTypeChecker               : loaded 2 times (x 70B)
Class org.jetbrains.kotlin.asJava.LightClassGenerationSupport$Companion               : loaded 2 times (x 71B)
Class org.jetbrains.kotlin.com.intellij.psi.search.ProjectScope                       : loaded 2 times (x 71B)
Class org.jetbrains.kotlin.com.intellij.psi.PsiPrimitiveType                          : loaded 2 times (x 102B)
Class org.jetbrains.kotlin.com.intellij.psi.search.GlobalSearchScope                  : loaded 2 times (x 96B)
Class org.jetbrains.kotlin.com.intellij.openapi.util.io.FileTooBigException           : loaded 2 times (x 82B)
Class org.jetbrains.kotlin.com.intellij.openapi.application.TransactionGuard          : loaded 2 times (x 73B)
Class org.jetbrains.kotlin.com.fasterxml.aalto.impl.IoStreamException                 : loaded 2 times (x 85B)
Class org.jetbrains.kotlin.load.kotlin.JvmPackagePartProviderBase$ModuleMappingInfo   : loaded 2 times (x 72B)
Class org.jetbrains.kotlin.com.intellij.lang.jvm.JvmNamedElement                      : loaded 2 times (x 70B)
Class org.jetbrains.kotlin.util.OneElementArrayMap                                    : loaded 2 times (x 84B)
Class org.jetbrains.kotlin.com.intellij.lang.Language$1                               : loaded 2 times (x 107B)
Class org.jetbrains.kotlin.com.intellij.openapi.vfs.encoding.EncodingProjectManager   : loaded 2 times (x 74B)
Class org.jetbrains.kotlin.com.intellij.util.messages.Topic                           : loaded 2 times (x 76B)
Class org.jetbrains.kotlin.backend.jvm.lower.MakePropertyDelegateMethodsStaticLowering: loaded 2 times (x 344B)
Class org.jetbrains.kotlin.backend.jvm.JvmLoweringPhasesKt$jvmFilePhases$66           : loaded 2 times (x 125B)
Class [Lorg.jetbrains.kotlin.psi.KtCallElement;                                       : loaded 2 times (x 69B)
Class org.jetbrains.kotlin.cli.common.CLICompilerKt                                   : loaded 2 times (x 71B)
Class com.google.common.collect.ImmutableMap$MapViewOfValuesAsSingletonSets           : loaded 2 times (x 126B)
Class org.jetbrains.kotlin.cli.pipeline.PipelineContext                               : loaded 2 times (x 78B)
Class org.jetbrains.kotlin.cli.pipeline.ConfigurationUpdater                          : loaded 2 times (x 72B)
Class org.jetbrains.kotlin.fir.extensions.FirPredicateBasedProviderImpl$Matcher       : loaded 2 times (x 81B)
Class org.jetbrains.kotlin.util.Time$Companion                                        : loaded 2 times (x 71B)
Class com.google.common.collect.RegularImmutableMap                                   : loaded 2 times (x 121B)
Class org.jetbrains.kotlin.resolve.DefaultImportProvider                              : loaded 2 times (x 75B)
Class org.jetbrains.kotlin.psi.KtImportInfo$ImportContent$ExpressionBased             : loaded 2 times (x 72B)
Class com.google.common.collect.Lists                                                 : loaded 2 times (x 71B)
Class com.google.common.util.concurrent.ListenableFuture                              : loaded 2 times (x 70B)
Class com.google.common.cache.ReferenceEntry                                          : loaded 2 times (x 70B)
Class com.google.common.base.Converter                                                : loaded 2 times (x 90B)
Class com.google.common.collect.ImmutableSet$CachingAsList                            : loaded 2 times (x 148B)
Class org.gradle.api.internal.DefaultClassPathProvider                                : loaded 2 times (x 76B)
Class org.jetbrains.kotlin.kdoc.lexer.KDocTokens                                      : loaded 2 times (x 70B)
Class org.jetbrains.kotlin.resolve.checkers.EnumCompanionInEnumConstructorCallChecker : loaded 2 times (x 74B)
Class org.jetbrains.kotlin.resolve.checkers.ContractDescriptionBlockChecker           : loaded 2 times (x 74B)
Class org.jetbrains.kotlin.container.StorageComponentContainer                        : loaded 2 times (x 86B)
Class org.jetbrains.kotlin.fir.symbols.impl.FirNamedFunctionSymbol                    : loaded 2 times (x 80B)
Class org.jetbrains.kotlin.fir.symbols.impl.FirClassifierSymbol                       : loaded 2 times (x 79B)
Class org.jetbrains.kotlin.fir.types.impl.FirImplicitNullableAnyTypeRef               : loaded 2 times (x 107B)
Class org.jetbrains.kotlin.fir.java.FirProjectSessionProvider                         : loaded 2 times (x 73B)
Class org.jetbrains.kotlin.KtSourceFile                                               : loaded 2 times (x 70B)
Class org.jetbrains.kotlin.extensions.CompilerConfigurationExtension$Companion        : loaded 2 times (x 72B)
Class org.jetbrains.kotlin.com.intellij.codeInsight.ExternalAnnotationsListener       : loaded 2 times (x 70B)
Class org.jetbrains.kotlin.com.intellij.psi.impl.PsiElementFinderImpl                 : loaded 2 times (x 88B)
Class org.jetbrains.kotlin.cli.jvm.compiler.CliLightClassGenerationSupport$CliLightClassSupport: loaded 2 times (x 80B)
Class org.jetbrains.kotlin.com.intellij.AbstractBundle                                : loaded 2 times (x 78B)
Class org.jetbrains.kotlin.com.intellij.psi.scope.PsiScopeProcessor                   : loaded 2 times (x 70B)
Class org.jetbrains.kotlin.com.intellij.psi.search.GlobalSearchScope$1                : loaded 2 times (x 96B)
Class org.jetbrains.kotlin.com.intellij.lang.folding.FoldingBuilderEx                 : loaded 2 times (x 77B)
Class org.jetbrains.kotlin.com.intellij.psi.stubs.LightStubBuilder                    : loaded 2 times (x 80B)
Class org.jetbrains.kotlin.com.intellij.psi.impl.source.tree.java.PsiIdentifierImpl   : loaded 2 times (x 434B)
Class org.jetbrains.kotlin.com.intellij.openapi.progress.ProgressIndicatorProvider    : loaded 2 times (x 73B)
Class org.jetbrains.kotlin.com.intellij.mock.MockComponentManager                     : loaded 2 times (x 157B)
Class org.jetbrains.kotlin.com.intellij.openapi.diagnostic.Logger$DefaultFactory      : loaded 2 times (x 74B)
Class org.jetbrains.kotlin.backend.jvm.JvmLoweringPhasesKt$jvmFilePhases$67           : loaded 2 times (x 125B)
Class org.jetbrains.kotlin.backend.jvm.lower.InterfaceDefaultCallsLowering            : loaded 2 times (x 353B)
Class org.jetbrains.kotlin.backend.jvm.JvmLoweringPhasesKt$jvmFilePhases$30           : loaded 2 times (x 125B)
Class org.jetbrains.kotlin.backend.jvm.lower.VarargLowering                           : loaded 2 times (x 353B)
Class kotlin.reflect.jvm.internal.KClassImpl$Data$allMembers$2                        : loaded 2 times (x 79B)
Class org.jetbrains.kotlin.cli.common.arguments.Enables$Container                     : loaded 2 times (x 70B)
Class com.google.common.collect.ImmutableSet$SerializedForm                           : loaded 2 times (x 73B)
Class kotlin.properties.NotNullVar                                                    : loaded 2 times (x 79B)
Class com.google.common.util.concurrent.AbstractFuture                                : loaded 2 times (x 106B)
Class com.google.common.collect.Iterators$9                                           : loaded 2 times (x 81B)
Class com.google.common.base.FunctionalEquivalence                                    : loaded 2 times (x 83B)
Class com.google.common.collect.AbstractMapBasedMultimap                              : loaded 2 times (x 139B)
Class com.google.common.collect.ImmutableAsList                                       : loaded 2 times (x 209B)
Class org.jetbrains.kotlin.psi.KtNameReferenceExpression                              : loaded 2 times (x 632B)
Class org.jetbrains.kotlin.fir.types.TypeConstructionUtilsKt                          : loaded 2 times (x 71B)
Class kotlin.io.FileTreeWalk$FileTreeWalkIterator$SingleFileState                     : loaded 2 times (x 74B)
Class org.jetbrains.kotlin.config.JvmClosureGenerationScheme                          : loaded 2 times (x 79B)
Class org.jetbrains.kotlin.fir.extensions.FirExtension                                : loaded 2 times (x 75B)
Class org.jetbrains.kotlin.com.intellij.mock.MockDumbService                          : loaded 2 times (x 78B)
Class org.jetbrains.kotlin.com.intellij.psi.search.GlobalSearchScope$2                : loaded 2 times (x 105B)
Class org.jetbrains.kotlin.com.intellij.ide.plugins.PluginManagerCore                 : loaded 2 times (x 71B)
Class org.jetbrains.kotlin.org.codehaus.stax2.LocationInfo                            : loaded 2 times (x 70B)
Class com.google.common.collect.Sets$1                                                : loaded 2 times (x 139B)
Class org.jetbrains.kotlin.com.intellij.util.messages.impl.MessageBusImpl$syncPublisher$1: loaded 2 times (x 79B)
Class org.jetbrains.kotlin.com.intellij.model.psi.UrlReferenceHost                    : loaded 2 times (x 70B)
Class [Lorg.jetbrains.kotlin.config.JvmTarget;                                        : loaded 2 times (x 69B)
Class org.jetbrains.kotlin.com.intellij.lang.LanguageParserDefinitions                : loaded 2 times (x 96B)
Class org.jetbrains.kotlin.backend.jvm.lower.InlinedClassReferencesBoxingLowering     : loaded 2 times (x 344B)
Class org.jetbrains.kotlin.backend.jvm.JvmLoweringPhasesKt$jvmFilePhases$68           : loaded 2 times (x 125B)
Class org.jetbrains.kotlin.backend.jvm.lower.JvmInnerClassConstructorCallsLowering    : loaded 2 times (x 86B)
Class org.jetbrains.kotlin.backend.jvm.JvmLoweringPhasesKt$jvmFilePhases$31           : loaded 2 times (x 125B)
Class org.jetbrains.kotlin.backend.jvm.lower.JvmAnnotationImplementationLowering      : loaded 2 times (x 81B)
Class org.jetbrains.kotlin.com.intellij.util.containers.MultiMap$2                    : loaded 2 times (x 75B)
Class org.jetbrains.kotlin.config.ExplicitApiMode                                     : loaded 2 times (x 79B)
Class org.jetbrains.kotlin.cli.pipeline.jvm.JvmConfigurationPipelinePhase             : loaded 2 times (x 85B)
Class kotlin.reflect.jvm.internal.impl.builtins.PrimitiveType$typeFqName$2            : loaded 2 times (x 79B)
Class kotlin.coroutines.jvm.internal.RestrictedContinuationImpl                       : loaded 2 times (x 87B)
Class com.google.common.reflect.TypeResolver$TypeTable                                : loaded 2 times (x 73B)
Class com.google.common.cache.CacheLoader$SupplierToCacheLoader                       : loaded 2 times (x 75B)
Class org.jetbrains.kotlin.it.unimi.dsi.fastutil.objects.ObjectSet                    : loaded 2 times (x 70B)
Class [Lorg.jetbrains.kotlin.com.intellij.openapi.progress.impl.CoreProgressManager$CheckCanceledBehavior;: loaded 2 times (x 69B)
Class org.jetbrains.kotlin.psi.stubs.KotlinNameReferenceExpressionStub                : loaded 2 times (x 70B)
Class org.jetbrains.kotlin.psi.KtModifierList                                         : loaded 2 times (x 512B)
Class org.jetbrains.kotlin.types.model.TypeSystemContext                              : loaded 2 times (x 70B)
Class org.jetbrains.kotlin.fir.types.impl.FirImplicitUByteTypeRef                     : loaded 2 times (x 107B)
Class org.jetbrains.kotlin.fir.symbols.impl.ConeClassLikeLookupTagImpl                : loaded 2 times (x 76B)
Class org.jetbrains.kotlin.fir.types.FirResolvedTypeRef                               : loaded 2 times (x 105B)
Class org.jetbrains.kotlin.metadata.ProtoBuf$QualifiedNameTable$QualifiedName$Kind    : loaded 2 times (x 82B)
Class org.jetbrains.kotlin.metadata.ProtoBuf$Annotation$1                             : loaded 2 times (x 144B)
Class org.jetbrains.kotlin.protobuf.AbstractParser                                    : loaded 2 times (x 144B)
Class org.jetbrains.kotlin.compiler.plugin.CompilerPluginRegistrarKt                  : loaded 2 times (x 71B)
Class org.jetbrains.kotlin.extensions.internal.TypeResolutionInterceptor$Companion    : loaded 2 times (x 72B)
Class org.jetbrains.kotlin.extensions.DeclarationAttributeAltererExtension            : loaded 2 times (x 70B)
Class org.jetbrains.kotlin.codegen.extensions.ClassBuilderInterceptorExtension$Companion: loaded 2 times (x 72B)
Class org.jetbrains.kotlin.com.intellij.psi.PsiConstantEvaluationHelper               : loaded 2 times (x 74B)
Class org.jetbrains.kotlin.com.intellij.core.CoreJavaPsiImplementationHelper          : loaded 2 times (x 80B)
Class [Lorg.jetbrains.kotlin.com.intellij.psi.PsiAnnotationMemberValue;               : loaded 2 times (x 69B)
Class org.jetbrains.kotlin.com.intellij.psi.impl.AnyPsiChangeListener                 : loaded 2 times (x 70B)
Class org.jetbrains.kotlin.com.intellij.openapi.progress.Task$Modal                   : loaded 2 times (x 84B)
Class org.jetbrains.kotlin.com.intellij.openapi.vfs.VirtualFileCopyEvent              : loaded 2 times (x 78B)
Class kotlin.reflect.jvm.internal.KCallableImpl                                       : loaded 2 times (x 105B)
Class org.jetbrains.kotlin.com.intellij.lang.jvm.JvmClass                             : loaded 2 times (x 70B)
Class org.jetbrains.kotlin.com.intellij.psi.impl.source.tree.java.PsiJavaTokenImpl    : loaded 2 times (x 378B)
Class org.jetbrains.kotlin.org.picocontainer.ComponentAdapter                         : loaded 2 times (x 70B)
Class org.jetbrains.kotlin.it.unimi.dsi.fastutil.objects.Object2ObjectOpenCustomHashMap: loaded 2 times (x 179B)
Class org.jetbrains.kotlin.com.intellij.lang.java.JavaLanguage                        : loaded 2 times (x 107B)
Class org.jetbrains.kotlin.com.intellij.util.Function                                 : loaded 2 times (x 70B)
Class org.jetbrains.kotlin.backend.jvm.JvmLoweringPhasesKt$jvmFilePhases$69           : loaded 2 times (x 125B)
Class org.jetbrains.kotlin.backend.common.lower.InitializersLowering                  : loaded 2 times (x 87B)
Class org.jetbrains.kotlin.backend.jvm.JvmLoweringPhasesKt$jvmFilePhases$32           : loaded 2 times (x 125B)
Class org.jetbrains.kotlin.backend.common.lower.AnnotationImplementationLowering      : loaded 2 times (x 81B)
Class org.jetbrains.kotlin.it.unimi.dsi.fastutil.objects.ObjectCollection             : loaded 2 times (x 70B)
Class org.jetbrains.kotlin.it.unimi.dsi.fastutil.Hash$Strategy                        : loaded 2 times (x 70B)
Class org.jetbrains.kotlin.com.google.common.collect.AbstractMultimap                 : loaded 2 times (x 123B)
Class org.jetbrains.kotlin.load.java.ReportLevel$Companion                            : loaded 2 times (x 71B)
Class org.jetbrains.kotlin.config.AnalysisFlag$Delegates$ReturnValueCheckerDisabledByDefault: loaded 2 times (x 71B)
Class org.jetbrains.kotlin.cli.pipeline.CheckCompilationErrors$CheckDiagnosticCollector: loaded 2 times (x 75B)
Class org.jetbrains.kotlin.com.google.common.collect.Multiset                         : loaded 2 times (x 70B)
Class [Lorg.jetbrains.kotlin.config.LanguageVersion;                                  : loaded 2 times (x 69B)
Class org.jetbrains.kotlin.com.google.common.collect.CollectPreconditions             : loaded 2 times (x 71B)
Class org.jetbrains.kotlin.cli.common.CompilerSystemProperties$value$1                : loaded 2 times (x 125B)
Class kotlin.text.MatchNamedGroupCollection                                           : loaded 2 times (x 70B)
Class com.google.common.reflect.TypeResolver$TypeTable$1                              : loaded 2 times (x 73B)
Class com.google.common.collect.Maps$EntryTransformer                                 : loaded 2 times (x 70B)
Class org.gradle.internal.service.ServiceLookupException                              : loaded 2 times (x 82B)
Class org.jetbrains.kotlin.com.google.common.collect.Multimap                         : loaded 2 times (x 70B)
Class org.jetbrains.kotlin.psi.KtClassBody                                            : loaded 2 times (x 446B)
Class org.jetbrains.kotlin.resolve.checkers.PrivateInlineFunctionsReturningAnonymousObjectsChecker: loaded 2 times (x 74B)
Class org.jetbrains.kotlin.resolve.checkers.DynamicReceiverChecker                    : loaded 2 times (x 74B)
Class org.jetbrains.kotlin.it.unimi.dsi.fastutil.ints.o                               : loaded 2 times (x 118B)
Class [Lorg.jetbrains.kotlin.protobuf.Internal$EnumLite;                              : loaded 2 times (x 69B)
Class org.jetbrains.kotlin.cli.jvm.compiler.CliTraceHolder                            : loaded 2 times (x 77B)
Class org.jetbrains.kotlin.com.intellij.psi.codeStyle.JavaCodeStyleSettingsFacade     : loaded 2 times (x 73B)
Class org.jetbrains.kotlin.com.intellij.psi.impl.source.resolve.PsiResolveHelperImpl  : loaded 2 times (x 111B)
Class [Lorg.jetbrains.kotlin.com.intellij.psi.ResolveResult;                          : loaded 2 times (x 69B)
Class org.jetbrains.kotlin.com.intellij.psi.ResolveResult                             : loaded 2 times (x 70B)
Class org.jetbrains.kotlin.com.intellij.psi.impl.PsiManagerImpl                       : loaded 2 times (x 126B)
Class org.jetbrains.kotlin.com.google.common.base.Converter                           : loaded 2 times (x 90B)
Class org.jetbrains.kotlin.com.intellij.ide.plugins.IdeaPluginDescriptor              : loaded 2 times (x 70B)
Class org.jetbrains.kotlin.com.intellij.util.lang.ZipFilePool$EntryResolver           : loaded 2 times (x 70B)
Class org.jetbrains.kotlin.com.intellij.ide.plugins.NonShareableJavaZipFilePool       : loaded 2 times (x 72B)
Class org.jetbrains.kotlin.config.phaser.NamedCompilerPhase                           : loaded 2 times (x 80B)
Class org.jetbrains.kotlin.com.intellij.lang.jvm.JvmModifiersOwner                    : loaded 2 times (x 70B)
Class org.jetbrains.kotlin.com.intellij.lexer.DelegateLexer                           : loaded 2 times (x 84B)
Class org.jetbrains.kotlin.com.intellij.openapi.diagnostic.LogLevel                   : loaded 2 times (x 79B)
Class org.jetbrains.kotlin.com.google.common.collect.Multimaps$Entries                : loaded 2 times (x 118B)
Class org.jetbrains.kotlin.backend.common.lower.LocalDeclarationsLowering             : loaded 2 times (x 88B)
Class org.jetbrains.kotlin.backend.jvm.JvmLoweringPhasesKt$jvmFilePhases$33           : loaded 2 times (x 125B)
Class org.jetbrains.kotlin.com.intellij.util.containers.MultiMap$4                    : loaded 2 times (x 75B)
Class org.jetbrains.kotlin.compiler.plugin.CliOptionProcessingException               : loaded 2 times (x 82B)
Class org.jetbrains.kotlin.config.phaser.PhaseSet$Empty                               : loaded 2 times (x 73B)
Class org.jetbrains.kotlin.cli.common.CLICompiler$disableURLConnectionCaches$1        : loaded 2 times (x 113B)
Class org.jetbrains.kotlin.cli.pipeline.CheckCompilationErrors                        : loaded 2 times (x 75B)
Class [Lcom.google.common.cache.LocalCache$EntryFactory;                              : loaded 2 times (x 69B)
Class org.gradle.internal.classloader.ClassLoaderFactory                              : loaded 2 times (x 70B)
Class androidx.compose.compiler.plugins.kotlin.k1.ComposableCallChecker               : loaded 2 times (x 85B)
Class org.jetbrains.kotlin.psi.KtDotQualifiedExpression                               : loaded 2 times (x 573B)
Class org.jetbrains.kotlin.psi.KtReferenceExpression                                  : loaded 2 times (x 70B)
Class org.jetbrains.kotlin.psi.KtImportList                                           : loaded 2 times (x 444B)
Class [Lorg.jetbrains.kotlin.psi.KtParameterList;                                     : loaded 2 times (x 69B)
Class org.jetbrains.kotlin.psi.stubs.KotlinFunctionStub                               : loaded 2 times (x 70B)
Class org.jetbrains.kotlin.fir.scopes.impl.TypeAliasConstructorsSubstitutingScope     : loaded 2 times (x 79B)
Class org.jetbrains.kotlin.fir.types.TypeComponents                                   : loaded 2 times (x 72B)
Class org.jetbrains.kotlin.fir.scopes.FirScopeProvider                                : loaded 2 times (x 76B)
Class org.jetbrains.kotlin.util.EmptyArrayMap                                         : loaded 2 times (x 83B)
Class kotlin.jvm.internal.Ref$LongRef                                                 : loaded 2 times (x 71B)
Class [Lorg.jetbrains.kotlin.com.intellij.lang.jvm.JvmAnnotatedElement;               : loaded 2 times (x 69B)
Class org.jetbrains.kotlin.fir.extensions.FirExtensionSessionComponent                : loaded 2 times (x 76B)
Class org.jetbrains.kotlin.cli.jvm.compiler.MockInferredAnnotationsManager$Companion  : loaded 2 times (x 71B)
Class org.jetbrains.kotlin.asJava.finder.JavaElementFinder$Companion                  : loaded 2 times (x 71B)
Class org.jetbrains.kotlin.com.intellij.util.lang.JavaVersion                         : loaded 2 times (x 74B)
Class org.jetbrains.kotlin.com.intellij.psi.PsiClassType                              : loaded 2 times (x 119B)
Class org.jetbrains.kotlin.com.intellij.testFramework.LightVirtualFile$1              : loaded 2 times (x 94B)
Class org.jetbrains.kotlin.com.intellij.openapi.util.Factory                          : loaded 2 times (x 70B)
Class org.jetbrains.kotlin.com.intellij.openapi.extensions.impl.ExtensionsAreaImplKt  : loaded 2 times (x 71B)
Class org.jetbrains.kotlin.storage.CacheWithNullableValues                            : loaded 2 times (x 70B)
Class org.jetbrains.kotlin.com.fasterxml.aalto.in.ReaderConfig$EncodingContext        : loaded 2 times (x 72B)
Class kotlinx.coroutines.internal.ThreadContextKt$findOne$1                           : loaded 2 times (x 78B)
Class org.jetbrains.kotlin.com.intellij.util.containers.UnsafeWeakList                : loaded 2 times (x 122B)
Class org.jetbrains.kotlin.com.intellij.lang.jvm.JvmField                             : loaded 2 times (x 70B)
Class org.jetbrains.kotlin.kotlinx.collections.immutable.ImmutableSet                 : loaded 2 times (x 70B)
Class org.jetbrains.kotlin.com.intellij.psi.impl.source.tree.PsiWhiteSpaceImpl        : loaded 2 times (x 376B)
Class org.jetbrains.kotlin.com.intellij.openapi.extensions.impl.ImplementationClassResolver: loaded 2 times (x 70B)
Class org.jetbrains.kotlin.cli.jvm.modules.CoreJrtVirtualFile                         : loaded 2 times (x 154B)
Class org.jetbrains.kotlin.com.intellij.ide.plugins.PluginEnabler                     : loaded 2 times (x 70B)
Class org.jetbrains.kotlin.cli.jvm.modules.CoreJrtFileSystem$Companion                : loaded 2 times (x 71B)
Class org.jetbrains.kotlin.backend.common.phaser.PhaseBuildersKt$createSimpleNamedCompilerPhase$1: loaded 2 times (x 80B)
Class org.jetbrains.kotlin.backend.jvm.lower.JvmInnerClassesMemberBodyLowering        : loaded 2 times (x 86B)
Class org.jetbrains.kotlin.backend.common.lower.FlattenStringConcatenationLowering    : loaded 2 times (x 344B)
Class org.jetbrains.kotlin.backend.jvm.JvmLoweringPhasesKt$jvmFilePhases$34           : loaded 2 times (x 125B)
Class org.jetbrains.kotlin.config.AnalysisFlag$Delegates$Boolean                      : loaded 2 times (x 71B)
Class kotlin.reflect.jvm.internal.KProperty0Impl$delegateValue$1                      : loaded 2 times (x 79B)
Class org.jetbrains.kotlin.cli.pipeline.PerformanceNotifications$AnalysisFinished     : loaded 2 times (x 77B)
Class org.jetbrains.kotlin.backend.jvm.lower.TypeAliasAnnotationMethodsLowering       : loaded 2 times (x 85B)
Class org.jetbrains.kotlin.platform.jvm.JdkPlatform                                   : loaded 2 times (x 75B)
Class org.jetbrains.kotlin.backend.jvm.lower.SuspendLambdaLowering                    : loaded 2 times (x 80B)
Class com.google.common.base.CommonPattern                                            : loaded 2 times (x 74B)
Class com.google.common.cache.LocalCache$LocalManualCache                             : loaded 2 times (x 99B)
Class org.gradle.internal.service.CachingServiceLocator                               : loaded 2 times (x 82B)
Class org.jetbrains.kotlin.backend.common.lower.ArrayConstructorLowering              : loaded 2 times (x 85B)
Class org.jetbrains.kotlin.psi.stubs.KotlinPropertyStub                               : loaded 2 times (x 70B)
Class org.jetbrains.kotlin.psi.KtBlockCodeFragmentType                                : loaded 2 times (x 84B)
Class org.jetbrains.kotlin.com.intellij.psi.impl.source.tree.ICodeFragmentElementType : loaded 2 times (x 84B)
Class org.jetbrains.kotlin.protobuf.ExtensionRegistryLite$ObjectIntPair               : loaded 2 times (x 72B)
Class org.jetbrains.kotlin.metadata.ProtoBuf$Class$1                                  : loaded 2 times (x 144B)
Class org.jetbrains.kotlin.fir.extensions.FirExpressionResolutionExtension            : loaded 2 times (x 76B)
Class org.jetbrains.kotlin.com.intellij.openapi.util.NotNullLazyKey                   : loaded 2 times (x 77B)
Class org.jetbrains.kotlin.com.intellij.psi.scope.processor.MethodCandidatesProcessor : loaded 2 times (x 112B)
Class org.jetbrains.kotlin.load.kotlin.KotlinBinaryClassCache                         : loaded 2 times (x 75B)
Class org.jetbrains.kotlin.backend.jvm.JvmLoweringPhasesKt$jvmFilePhases$50           : loaded 2 times (x 125B)
Class org.jetbrains.kotlin.kotlinx.collections.immutable.implementations.immutableSet.PersistentHashSetBuilder: loaded 2 times (x 174B)
Class org.jetbrains.kotlin.com.intellij.psi.PsiIdentifier                             : loaded 2 times (x 70B)
Class org.jetbrains.kotlin.com.intellij.psi.stubs.BinaryFileStubBuilder               : loaded 2 times (x 70B)
Class org.jetbrains.kotlin.kotlinx.collections.immutable.implementations.immutableSet.TrieNodeIterator: loaded 2 times (x 72B)
Class org.jetbrains.kotlin.com.intellij.ide.highlighter.ArchiveFileType               : loaded 2 times (x 85B)
Class org.jetbrains.kotlin.com.intellij.util.pico.TooManySatisfiableConstructorsException: loaded 2 times (x 82B)
Class org.jetbrains.kotlin.com.intellij.util.ConcurrentLongObjectHashMap$ForwardingNode: loaded 2 times (x 77B)
Class org.jetbrains.kotlin.com.intellij.openapi.progress.impl.CoreProgressManager$1   : loaded 2 times (x 84B)
Class org.jetbrains.kotlin.com.intellij.lang.impl.PsiBuilderFactoryImpl               : loaded 2 times (x 76B)
Class org.jetbrains.kotlin.com.intellij.openapi.util.text.Strings                     : loaded 2 times (x 71B)
Class org.jetbrains.kotlin.com.intellij.core.JavaCoreApplicationEnvironment           : loaded 2 times (x 94B)
Class org.jetbrains.kotlin.backend.jvm.lower.ProcessOptionalAnnotations               : loaded 2 times (x 80B)
Class org.jetbrains.kotlin.backend.jvm.lower.JvmInitializersLowering                  : loaded 2 times (x 87B)
Class org.jetbrains.kotlin.backend.jvm.JvmLoweringPhasesKt$jvmFilePhases$35           : loaded 2 times (x 125B)
Class org.jetbrains.kotlin.backend.jvm.lower.AssertionLowering                        : loaded 2 times (x 256B)
Class org.jetbrains.kotlin.com.intellij.util.containers.MultiMap$6                    : loaded 2 times (x 75B)
Class [Lkotlin.jvm.functions.Function3;                                               : loaded 2 times (x 69B)
Class org.jetbrains.kotlin.config.JvmAnalysisFlags$Delegates$JavaTypeEnhancementStateNullByDefault: loaded 2 times (x 71B)
Class org.jetbrains.kotlin.config.LanguageVersionSettingsKt                           : loaded 2 times (x 71B)
Class com.google.common.math.IntMath                                                  : loaded 2 times (x 71B)
Class androidx.compose.compiler.plugins.kotlin.ComposeConfiguration                   : loaded 2 times (x 71B)
Class org.jetbrains.kotlin.psi.KtAnonymousInitializer                                 : loaded 2 times (x 70B)
Class org.jetbrains.kotlin.resolve.checkers.ValueClassDeclarationChecker              : loaded 2 times (x 74B)
Class org.jetbrains.kotlin.resolve.checkers.ExpectActualInTheSameModuleChecker        : loaded 2 times (x 74B)
Class org.jetbrains.kotlin.fir.resolve.calls.overloads.DefaultCallConflictResolverFactory: loaded 2 times (x 72B)
Class org.jetbrains.kotlin.fir.types.impl.FirImplicitULongTypeRef                     : loaded 2 times (x 107B)
Class org.jetbrains.kotlin.fir.types.impl.FirImplicitAnnotationTypeRef                : loaded 2 times (x 107B)
Class org.jetbrains.kotlin.com.intellij.util.keyFMap.PairElementsFMap                 : loaded 2 times (x 80B)
Class org.jetbrains.kotlin.cli.jvm.compiler.CliJavaModuleUtilsKt                      : loaded 2 times (x 71B)
Class org.jetbrains.kotlin.codegen.extensions.ClassFileFactoryFinalizerExtension$Companion: loaded 2 times (x 72B)
Class org.jetbrains.kotlin.com.intellij.psi.controlFlow.ControlFlow                   : loaded 2 times (x 70B)
Class org.jetbrains.kotlin.com.intellij.psi.PsiElementVisitor                         : loaded 2 times (x 81B)
Class [Lorg.jetbrains.kotlin.com.intellij.util.messages.Topic$BroadcastDirection;     : loaded 2 times (x 69B)
Class org.jetbrains.kotlin.it.unimi.dsi.fastutil.objects.AbstractObjectSet            : loaded 2 times (x 179B)
Class org.jetbrains.kotlin.com.intellij.openapi.application.Application               : loaded 2 times (x 70B)
Class org.jetbrains.kotlin.com.intellij.openapi.util.AtomicNotNullLazyValue           : loaded 2 times (x 77B)
Class org.jetbrains.kotlin.storage.MemoizedFunctionToNotNull                          : loaded 2 times (x 70B)
Class org.jetbrains.kotlin.com.intellij.platform.diagnostic.telemetry.TelemetryManagerKt$instance$1: loaded 2 times (x 78B)
Class org.jetbrains.kotlin.com.intellij.openapi.progress.impl.CoreProgressManager$2   : loaded 2 times (x 84B)
Class org.jetbrains.kotlin.com.intellij.psi.PsiReferenceServiceImpl                   : loaded 2 times (x 73B)
Class org.jetbrains.kotlin.com.intellij.openapi.extensions.impl.InterfaceExtensionPoint: loaded 2 times (x 88B)
Class org.jetbrains.kotlin.com.intellij.openapi.util.ModificationTracker              : loaded 2 times (x 70B)
Class org.jetbrains.kotlin.com.intellij.util.containers.FastUtilHashingStrategies$1   : loaded 2 times (x 79B)
Class org.jetbrains.kotlin.cli.common.config.ContentRoot                              : loaded 2 times (x 70B)
Class org.jetbrains.kotlin.backend.common.DeclarationTransformer                      : loaded 2 times (x 70B)
Class org.jetbrains.kotlin.backend.jvm.JvmLoweringPhasesKt$jvmFilePhases$36           : loaded 2 times (x 125B)
Class org.jetbrains.kotlin.backend.jvm.lower.MoveOrCopyCompanionObjectFieldsLowering  : loaded 2 times (x 85B)
Class org.jetbrains.kotlin.cli.common.arguments.ConfigureCommonLanguageFeaturesKt     : loaded 2 times (x 71B)
Class org.jetbrains.kotlin.load.java.NullabilityAnnotationStates                      : loaded 2 times (x 70B)
Class org.jetbrains.kotlin.backend.jvm.lower.TailCallOptimizationLowering             : loaded 2 times (x 80B)
Class [Lorg.jetbrains.kotlin.com.intellij.openapi.extensions.PluginId;                : loaded 2 times (x 69B)
Class org.jetbrains.kotlin.cli.common.ArgumentsKt                                     : loaded 2 times (x 71B)
Class org.jetbrains.kotlin.config.LanguageFeature$Companion                           : loaded 2 times (x 71B)
Class org.jetbrains.kotlin.backend.jvm.JvmLoweringPhasesKt$jvmFilePhases$81           : loaded 2 times (x 125B)
Class [Lcom.google.common.collect.HashBiMap$BiEntry;                                  : loaded 2 times (x 69B)
Class com.google.common.reflect.Types$TypeVariableInvocationHandler                   : loaded 2 times (x 75B)
Class com.google.common.collect.ImmutableMapEntry                                     : loaded 2 times (x 85B)
Class [Lorg.jetbrains.kotlin.psi.KtQualifiedExpression;                               : loaded 2 times (x 69B)
Class [Lorg.jetbrains.kotlin.psi.KtClass;                                             : loaded 2 times (x 69B)
Class org.jetbrains.kotlin.KtNodeType$KtLeftBoundNodeType                             : loaded 2 times (x 76B)
Class org.jetbrains.kotlin.lexer.KtSingleValueToken                                   : loaded 2 times (x 77B)
Class org.jetbrains.kotlin.fir.caches.FirCachesFactoryKt                              : loaded 2 times (x 71B)
Class org.jetbrains.kotlin.fir.types.impl.FirImplicitAnyTypeRef                       : loaded 2 times (x 107B)
Class org.jetbrains.kotlin.metadata.ProtoBuf$TypeParameterOrBuilder                   : loaded 2 times (x 70B)
Class org.jetbrains.kotlin.metadata.ProtoBuf$Property                                 : loaded 2 times (x 172B)
Class org.jetbrains.kotlin.resolve.jvm.modules.JavaModuleInfo$Companion$read$1$visitModule$1: loaded 2 times (x 81B)
Class [Lorg.jetbrains.kotlin.config.JvmClosureGenerationScheme;                       : loaded 2 times (x 69B)
Class org.jetbrains.kotlin.fir.extensions.FirExtensionRegistrarAdapter                : loaded 2 times (x 71B)
Class org.jetbrains.kotlin.extensions.PreprocessedVirtualFileFactoryExtension$Companion: loaded 2 times (x 72B)
Class org.jetbrains.kotlin.cli.jvm.compiler.jarfs.FastJarHandler                      : loaded 2 times (x 72B)
Class org.jetbrains.kotlin.com.intellij.psi.impl.source.resolve.JavaResolveCache      : loaded 2 times (x 74B)
Class org.jetbrains.kotlin.com.intellij.psi.PsiManager                                : loaded 2 times (x 113B)
Class org.jetbrains.kotlin.com.intellij.util.lang.ZipFilePool                         : loaded 2 times (x 72B)
Class org.jetbrains.kotlin.com.intellij.psi.impl.source.resolve.reference.ReferenceProvidersRegistryImpl: loaded 2 times (x 75B)
Class org.jetbrains.kotlin.com.intellij.psi.presentation.java.VariablePresentationProvider: loaded 2 times (x 74B)
Class org.jetbrains.kotlin.com.intellij.openapi.command.CommandProcessorEx            : loaded 2 times (x 74B)
Class org.jetbrains.kotlin.com.intellij.openapi.progress.impl.CoreProgressManager$3   : loaded 2 times (x 89B)
Class org.jetbrains.kotlin.com.intellij.util.pico.AmbiguousComponentResolutionException: loaded 2 times (x 82B)
Class org.jetbrains.kotlin.com.intellij.util.containers.FastUtilHashingStrategies$2   : loaded 2 times (x 81B)
Class org.jetbrains.kotlin.backend.jvm.JvmLoweringPhasesKt$jvmFilePhases$37           : loaded 2 times (x 125B)
Class org.jetbrains.kotlin.config.AnalysisFlag$Delegates$ApiModeDisabledByDefault     : loaded 2 times (x 71B)
Class org.jetbrains.kotlin.config.LanguageVersionSettingsImpl                         : loaded 2 times (x 83B)
Class org.jetbrains.kotlin.it.unimi.dsi.fastutil.objects.Reference2ObjectMap$FastEntrySet: loaded 2 times (x 70B)
Class org.jetbrains.kotlin.util.CompilerType                                          : loaded 2 times (x 79B)
Class org.jetbrains.kotlin.name.FqName                                                : loaded 2 times (x 72B)
Class org.jetbrains.kotlin.backend.jvm.JvmLoweringPhasesKt$jvmLoweringPhases$17       : loaded 2 times (x 125B)
Class com.google.common.base.Predicates                                               : loaded 2 times (x 71B)
Class com.google.common.collect.ImmutableMapEntry$NonTerminalImmutableMapEntry        : loaded 2 times (x 85B)
Class com.google.common.base.Equivalence                                              : loaded 2 times (x 82B)
Class com.google.common.base.Function                                                 : loaded 2 times (x 70B)
Class org.jetbrains.kotlin.psi.KtImportAlias                                          : loaded 2 times (x 560B)
Class [Lorg.jetbrains.kotlin.psi.KtTypeParameter;                                     : loaded 2 times (x 69B)
Class org.jetbrains.kotlin.com.intellij.psi.tree.ICompositeElementType                : loaded 2 times (x 70B)
Class org.jetbrains.kotlin.container.UnresolvedServiceException                       : loaded 2 times (x 82B)
Class org.jetbrains.kotlin.metadata.ProtoBuf$TypeTable                                : loaded 2 times (x 109B)
Class org.jetbrains.kotlin.protobuf.MessageLiteOrBuilder                              : loaded 2 times (x 70B)
Class org.jetbrains.kotlin.serialization.deserialization.DeserializationConfiguration : loaded 2 times (x 70B)
Class org.jetbrains.kotlin.com.intellij.openapi.util.io.FileUtil                      : loaded 2 times (x 71B)
Class org.jetbrains.kotlin.com.google.common.primitives.Longs                         : loaded 2 times (x 71B)
Class org.jetbrains.kotlin.fir.extensions.FirScriptResolutionConfigurationExtension   : loaded 2 times (x 76B)
Class org.jetbrains.kotlin.com.intellij.openapi.vfs.PersistentFSConstants             : loaded 2 times (x 71B)
Class org.jetbrains.kotlin.it.unimi.dsi.fastutil.objects.ObjectOpenHashSet            : loaded 2 times (x 184B)
Class org.jetbrains.kotlin.com.intellij.core.CoreJavaCodeStyleManager$1               : loaded 2 times (x 207B)
Class org.jetbrains.kotlin.com.intellij.psi.impl.source.resolve.JavaResolveCache$1    : loaded 2 times (x 78B)
Class org.jetbrains.kotlin.com.intellij.psi.util.CachedValueProvider                  : loaded 2 times (x 70B)
Class org.jetbrains.kotlin.com.intellij.openapi.vfs.NonPhysicalFileSystem             : loaded 2 times (x 70B)
Class org.jetbrains.kotlin.com.intellij.psi.NavigatablePsiElement                     : loaded 2 times (x 70B)
Class org.jetbrains.kotlin.com.intellij.psi.tree.IElementType$Predicate               : loaded 2 times (x 70B)
Class org.jetbrains.kotlin.com.intellij.pom.PomNamedTarget                            : loaded 2 times (x 70B)
Class org.jetbrains.kotlin.com.intellij.openapi.progress.impl.CoreProgressManager     : loaded 2 times (x 113B)
Class org.jetbrains.kotlin.ir.declarations.IrDeclarationContainer                     : loaded 2 times (x 70B)
Class org.jetbrains.kotlin.backend.jvm.JvmLoweringPhasesKt$jvmFilePhases$38           : loaded 2 times (x 125B)
Class org.jetbrains.kotlin.backend.jvm.lower.RemoveDuplicatedInlinedLocalClassesLowering: loaded 2 times (x 80B)
Class org.jetbrains.kotlin.config.AnalysisFlag$Delegates$Boolean$Companion            : loaded 2 times (x 71B)
Class kotlin.reflect.jvm.internal.KCallableImpl$_returnType$1                         : loaded 2 times (x 79B)
Class org.jetbrains.kotlin.config.LanguageFeatureBehaviorAfterSinceVersion$CannotBeDisabled: loaded 2 times (x 71B)
Class org.jetbrains.kotlin.name.ClassId$Companion                                     : loaded 2 times (x 71B)
Class org.jetbrains.kotlin.com.intellij.psi.FileViewProviderFactory                   : loaded 2 times (x 70B)
Class kotlin.jvm.internal.markers.KMutableListIterator                                : loaded 2 times (x 70B)
Class com.google.common.collect.RegularImmutableList                                  : loaded 2 times (x 213B)
Class com.google.common.cache.CacheBuilder$OneWeigher                                 : loaded 2 times (x 82B)
Class org.jetbrains.kotlin.cli.jvm.JvmArgumentsKt$configureStandardLibs$2             : loaded 2 times (x 127B)
Class org.jetbrains.kotlin.cli.common.config.ContentRootsKt                           : loaded 2 times (x 71B)
Class [Lorg.jetbrains.kotlin.psi.KtFunction;                                          : loaded 2 times (x 69B)
Class org.jetbrains.kotlin.psi.stubs.elements.KtBlockStringTemplateEntryElementType   : loaded 2 times (x 100B)
Class org.jetbrains.kotlin.psi.stubs.elements.KtFunctionTypeElementType               : loaded 2 times (x 100B)
Class org.jetbrains.kotlin.psi.KtTypeParameterListOwnerStub                           : loaded 2 times (x 996B)
Class org.jetbrains.kotlin.fir.FirPlatformSpecificCastChecker                         : loaded 2 times (x 72B)
Class org.jetbrains.kotlin.fir.declarations.FirTypeParameterRefsOwner                 : loaded 2 times (x 70B)
Class org.jetbrains.kotlin.types.model.TypeSystemCommonSuperTypesContext              : loaded 2 times (x 70B)
Class org.jetbrains.kotlin.fir.extensions.FirPredicateBasedProviderImpl               : loaded 2 times (x 77B)
Class org.jetbrains.kotlin.util.ArrayMapImpl                                          : loaded 2 times (x 84B)
Class org.jetbrains.kotlin.metadata.ProtoBuf$AnnotationOrBuilder                      : loaded 2 times (x 70B)
Class org.jetbrains.kotlin.protobuf.WireFormat$FieldType                              : loaded 2 times (x 83B)
Class org.jetbrains.kotlin.cli.jvm.compiler.VfsBasedProjectEnvironmentKt              : loaded 2 times (x 71B)
Class [Lorg.jetbrains.kotlin.it.unimi.dsi.fastutil.objects.Object2ObjectFunction;     : loaded 2 times (x 69B)
Class org.jetbrains.kotlin.cli.jvm.compiler.ClasspathRootsResolver$RootsAndModules    : loaded 2 times (x 72B)
Class org.jetbrains.kotlin.fir.extensions.FirAnalysisHandlerExtension                 : loaded 2 times (x 73B)
Class org.jetbrains.kotlin.asJava.KotlinAsJavaSupportBase                             : loaded 2 times (x 104B)
Class org.jetbrains.kotlin.com.intellij.core.CoreJavaCodeStyleManager$2               : loaded 2 times (x 73B)
Class org.jetbrains.kotlin.com.intellij.psi.impl.PsiTreeChangePreprocessor            : loaded 2 times (x 70B)
Class org.jetbrains.kotlin.com.intellij.lang.jvm.JvmMethod                            : loaded 2 times (x 70B)
Class org.jetbrains.kotlin.com.intellij.pom.PomRenameableTarget                       : loaded 2 times (x 70B)
Class [Lorg.jetbrains.kotlin.com.intellij.openapi.extensions.impl.ExtensionComponentAdapter;: loaded 2 times (x 69B)
Class org.jetbrains.kotlin.com.intellij.openapi.fileTypes.PlainTextParserDefinition$1 : loaded 2 times (x 84B)
Class org.jetbrains.kotlin.com.intellij.platform.diagnostic.telemetry.TelemetryManager: loaded 2 times (x 70B)
Class org.jetbrains.kotlin.com.intellij.lang.PsiBuilderFactory                        : loaded 2 times (x 76B)
Class org.jetbrains.kotlin.com.intellij.openapi.diagnostic.Logger$Factory             : loaded 2 times (x 70B)
Class org.jetbrains.kotlin.config.JvmSerializeIrMode$Companion                        : loaded 2 times (x 71B)
Class org.jetbrains.kotlin.backend.jvm.JvmLoweringPhasesKt$jvmFilePhases$39           : loaded 2 times (x 125B)
Class org.jetbrains.kotlin.cli.common.arguments.CommonCompilerArgumentsConfiguratorKt : loaded 2 times (x 71B)
Class org.jetbrains.kotlin.util.PhaseType                                             : loaded 2 times (x 79B)
Class org.jetbrains.kotlin.com.intellij.openapi.extensions.LoadingOrder$2             : loaded 2 times (x 78B)
Class com.google.common.collect.Maps$EntryFunction                                    : loaded 2 times (x 91B)
Class com.google.common.reflect.Types$ClassOwnership$1LocalClass                      : loaded 2 times (x 71B)
Class org.gradle.internal.classloader.ClasspathUtil                                   : loaded 2 times (x 71B)
Class [Lorg.jetbrains.kotlin.psi.KtNamed;                                             : loaded 2 times (x 69B)
Class org.jetbrains.kotlin.resolve.checkers.SuspendLimitationsChecker                 : loaded 2 times (x 74B)
Class org.jetbrains.kotlin.fir.types.FirMissingDependencyStorage$cache$1              : loaded 2 times (x 75B)
Class org.jetbrains.kotlin.fir.types.FirCorrespondingSupertypesCache                  : loaded 2 times (x 72B)
Class [Lorg.jetbrains.kotlin.metadata.ProtoBuf$QualifiedNameTable$QualifiedName$Kind; : loaded 2 times (x 69B)
Class [Lorg.jetbrains.kotlin.metadata.ProtoBuf$TypeParameter$Variance;                : loaded 2 times (x 69B)
Class org.jetbrains.kotlin.metadata.ProtoBuf$Constructor                              : loaded 2 times (x 130B)
Class org.jetbrains.kotlin.fir.caches.FirCachesFactory                                : loaded 2 times (x 78B)
Class org.jetbrains.kotlin.fir.DependencyListForCliModule$Builder$BuilderForDefaultDependenciesModule: loaded 2 times (x 72B)
Class org.jetbrains.kotlin.platform.JsPlatformKt                                      : loaded 2 times (x 71B)
Class org.jetbrains.kotlin.resolve.jvm.modules.JavaModuleInfo$Requires                : loaded 2 times (x 72B)
Class org.jetbrains.kotlin.cli.jvm.modules.JavaVersionUtilsKt                         : loaded 2 times (x 71B)
Class org.jetbrains.kotlin.resolve.jvm.KotlinJavaPsiFacade$KotlinPsiElementFinderWrapper: loaded 2 times (x 70B)
Class org.jetbrains.kotlin.extensions.CollectAdditionalSourcesExtension               : loaded 2 times (x 70B)
Class org.jetbrains.kotlin.com.intellij.psi.search.GlobalSearchScope$AbstractFilesScope: loaded 2 times (x 105B)
Class org.jetbrains.kotlin.kotlinx.collections.immutable.ImmutableMap                 : loaded 2 times (x 70B)
Class org.jetbrains.kotlin.com.intellij.openapi.extensions.ExtensionPointDescriptor   : loaded 2 times (x 72B)
Class org.jetbrains.kotlin.com.intellij.psi.search.searches.SmartExtensionPoint       : loaded 2 times (x 72B)
Class org.jetbrains.kotlin.com.intellij.openapi.project.PossiblyDumbAware             : loaded 2 times (x 70B)
Class org.jetbrains.kotlin.com.intellij.lang.jvm.JvmMember                            : loaded 2 times (x 70B)
Class [Lorg.jetbrains.kotlin.com.intellij.openapi.extensions.LoadingOrder$Orderable;  : loaded 2 times (x 69B)
Class org.jetbrains.kotlin.com.intellij.util.ConcurrentLongObjectHashMap$CounterCell  : loaded 2 times (x 71B)
Class org.jetbrains.kotlin.com.intellij.openapi.progress.PerformInBackgroundOption    : loaded 2 times (x 70B)
Class org.jetbrains.kotlin.com.intellij.openapi.util.UserDataHolderUnprotected        : loaded 2 times (x 70B)
Class org.jetbrains.kotlin.kotlinx.collections.immutable.implementations.immutableList.AbstractPersistentList: loaded 2 times (x 298B)
Class org.jetbrains.kotlin.config.JvmAbiStability$Companion                           : loaded 2 times (x 71B)
Class org.jetbrains.kotlin.com.intellij.openapi.extensions.ExtensionPointName         : loaded 2 times (x 72B)
Class org.jetbrains.kotlin.backend.jvm.lower.JvmStaticInObjectLowering                : loaded 2 times (x 80B)
Class org.jetbrains.kotlin.ir.declarations.IrMetadataSourceOwner                      : loaded 2 times (x 70B)
Class org.jetbrains.kotlin.cli.jvm.compiler.KotlinCoreApplicationEnvironmentMode$UnitTest: loaded 2 times (x 71B)
Class org.jetbrains.kotlin.com.intellij.psi.FileViewProvider                          : loaded 2 times (x 70B)
Class kotlin.jvm.internal.RepeatableContainer                                         : loaded 2 times (x 70B)
Class org.jetbrains.kotlin.com.intellij.ide.plugins.ImmutableZipFileDataLoader        : loaded 2 times (x 77B)
Class org.jetbrains.kotlin.com.fasterxml.aalto.util.TextBuilder                       : loaded 2 times (x 72B)
Class kotlin.collections.builders.SetBuilder                                          : loaded 2 times (x 143B)
Class com.google.common.util.concurrent.Uninterruptibles                              : loaded 2 times (x 71B)
Class [Lorg.jetbrains.kotlin.psi.KtAnnotationUseSiteTarget;                           : loaded 2 times (x 69B)
Class org.jetbrains.kotlin.psi.KtClassInitializer                                     : loaded 2 times (x 784B)
Class [Lorg.jetbrains.kotlin.com.intellij.psi.PsiNameIdentifierOwner;                 : loaded 2 times (x 69B)
Class org.jetbrains.kotlin.mpp.FunctionSymbolMarker                                   : loaded 2 times (x 70B)
Class org.jetbrains.kotlin.fir.declarations.FirDeclaration                            : loaded 2 times (x 106B)
Class org.jetbrains.kotlin.fir.symbols.FirLazyDeclarationResolver                     : loaded 2 times (x 77B)
Class org.jetbrains.kotlin.metadata.ProtoBuf$VersionRequirementTableOrBuilder         : loaded 2 times (x 70B)
Class org.jetbrains.org.objectweb.asm.ModuleVisitor                                   : loaded 2 times (x 81B)
Class org.jetbrains.kotlin.com.intellij.psi.impl.PsiElementBase                       : loaded 2 times (x 291B)
Class org.jetbrains.kotlin.com.intellij.psi.impl.source.JavaDummyHolder               : loaded 2 times (x 798B)
Class org.jetbrains.kotlin.com.intellij.util.containers.ConcurrentSoftKeySoftValueHashMap: loaded 2 times (x 149B)
Class org.jetbrains.kotlin.com.intellij.psi.impl.file.impl.FileManagerImpl            : loaded 2 times (x 84B)
Class org.jetbrains.kotlin.com.intellij.openapi.roots.FileIndexFacade                 : loaded 2 times (x 84B)
Class org.jetbrains.kotlin.com.fasterxml.aalto.in.ByteBasedPName                      : loaded 2 times (x 79B)
Class org.jetbrains.kotlin.com.intellij.util.xml.dom.XmlInterner                      : loaded 2 times (x 70B)
Class org.jetbrains.kotlin.com.intellij.util.QueryExecutor                            : loaded 2 times (x 70B)
Class [Lorg.jetbrains.kotlin.kotlinx.collections.immutable.implementations.immutableSet.TrieNodeIterator;: loaded 2 times (x 69B)
Class org.jetbrains.kotlin.com.intellij.openapi.extensions.impl.BeanExtensionPoint    : loaded 2 times (x 91B)
Class org.jetbrains.kotlin.com.intellij.openapi.extensions.ExtensionPoint$Kind        : loaded 2 times (x 79B)
Class [Lorg.jetbrains.kotlin.com.intellij.openapi.util.Key;                           : loaded 2 times (x 69B)
Class org.jetbrains.kotlin.cli.jvm.compiler.IdeaStandaloneExecutionSetup              : loaded 2 times (x 71B)
Class org.jetbrains.kotlin.backend.jvm.lower.JvmSafeCallChainFoldingLowering          : loaded 2 times (x 80B)
Class org.jetbrains.kotlin.backend.common.lower.DefaultArgumentStubGenerator          : loaded 2 times (x 96B)
Class org.jetbrains.kotlin.backend.jvm.lower.PolymorphicSignatureLowering             : loaded 2 times (x 256B)
Class org.jetbrains.kotlin.com.intellij.core.CoreProjectEnvironment                   : loaded 2 times (x 82B)
Class org.jetbrains.kotlin.kotlinx.collections.immutable.implementations.immutableSet.PersistentHashSet$Companion: loaded 2 times (x 71B)
Class org.jetbrains.kotlin.com.intellij.psi.ClassFileViewProviderFactory              : loaded 2 times (x 74B)
Class org.jetbrains.kotlin.com.intellij.openapi.diagnostic.ControlFlowException       : loaded 2 times (x 70B)
Class com.google.common.util.concurrent.LazyLogger                                    : loaded 2 times (x 72B)
Class com.google.common.collect.Maps                                                  : loaded 2 times (x 71B)
Class org.gradle.api.specs.Spec                                                       : loaded 2 times (x 70B)
Class org.jetbrains.kotlin.com.intellij.psi.impl.source.resolve.ResolveCache$1        : loaded 2 times (x 78B)
Class [Lorg.jetbrains.kotlin.psi.KtPackageDirective;                                  : loaded 2 times (x 69B)
Class [Lorg.jetbrains.kotlin.psi.KtAnnotationsContainer;                              : loaded 2 times (x 69B)
Class org.jetbrains.kotlin.psi.stubs.elements.KtImportAliasElementType                : loaded 2 times (x 100B)
Class org.jetbrains.kotlin.kdoc.lexer.KDocLexer                                       : loaded 2 times (x 87B)
Class [Lorg.jetbrains.kotlin.container.ComponentStorageState;                         : loaded 2 times (x 69B)
Class org.jetbrains.kotlin.fir.types.impl.FirImplicitDoubleTypeRef                    : loaded 2 times (x 107B)
Class org.jetbrains.kotlin.fir.types.ConeSimpleKotlinType                             : loaded 2 times (x 79B)
Class org.jetbrains.kotlin.fir.types.ConeRigidType                                    : loaded 2 times (x 77B)
Class org.jetbrains.kotlin.protobuf.ProtocolStringList                                : loaded 2 times (x 70B)
Class org.jetbrains.kotlin.com.intellij.psi.impl.source.PsiClassReferenceType         : loaded 2 times (x 120B)
Class org.jetbrains.kotlin.com.fasterxml.aalto.in.InputCharTypes                      : loaded 2 times (x 72B)
Class org.jetbrains.kotlin.kotlinx.collections.immutable.internal.MutabilityOwnership : loaded 2 times (x 71B)
Class org.jetbrains.kotlin.com.intellij.psi.PsiPackage                                : loaded 2 times (x 70B)
Class org.jetbrains.kotlin.com.intellij.psi.tree.StubFileElementType                  : loaded 2 times (x 102B)
Class org.jetbrains.kotlin.com.intellij.lang.java.JavaParserDefinition                : loaded 2 times (x 95B)
Class org.jetbrains.kotlin.com.intellij.openapi.command.CommandProcessor              : loaded 2 times (x 74B)
Class org.jetbrains.kotlin.com.intellij.util.CharTable                                : loaded 2 times (x 70B)
Class org.jetbrains.kotlin.com.intellij.openapi.util.registry.EarlyAccessRegistryManager: loaded 2 times (x 71B)
Class org.jetbrains.kotlin.cli.jvm.compiler.CoreEnvironmentUtilsKt                    : loaded 2 times (x 71B)
Class org.jetbrains.kotlin.com.intellij.openapi.vfs.DeprecatedVirtualFileSystem       : loaded 2 times (x 101B)
Class org.jetbrains.kotlin.backend.common.phaser.PerformByIrFilePhase                 : loaded 2 times (x 80B)
Class org.jetbrains.kotlin.backend.common.lower.DefaultParameterInjector              : loaded 2 times (x 357B)
Class org.jetbrains.kotlin.com.intellij.util.cls.ClsFormatException                   : loaded 2 times (x 82B)
Class [Lorg.jetbrains.kotlin.com.intellij.lang.jvm.types.JvmPrimitiveTypeKind;        : loaded 2 times (x 69B)
Class org.jetbrains.kotlin.com.intellij.openapi.extensions.impl.ExtensionPointImplKt  : loaded 2 times (x 71B)
Class org.jetbrains.kotlin.name.Name                                                  : loaded 2 times (x 75B)
Class org.jetbrains.kotlin.com.intellij.openapi.ui.Queryable                          : loaded 2 times (x 70B)
Class com.google.common.reflect.Types$JavaVersion                                     : loaded 2 times (x 83B)
Class [Lcom.google.common.collect.ImmutableEntry;                                     : loaded 2 times (x 69B)
Class [Lorg.jetbrains.kotlin.psi.KtModifierListOwner;                                 : loaded 2 times (x 69B)
Class org.jetbrains.kotlin.com.intellij.lang.PsiParser                                : loaded 2 times (x 70B)
Class org.jetbrains.kotlin.resolve.checkers.DataObjectContentChecker                  : loaded 2 times (x 74B)
Class org.jetbrains.kotlin.resolve.checkers.DeprecationInheritanceChecker             : loaded 2 times (x 74B)
Class org.jetbrains.kotlin.psi.KtPrimaryConstructor                                   : loaded 2 times (x 1274B)
Class org.jetbrains.kotlin.fir.types.ConeKotlinTypeProjection                         : loaded 2 times (x 73B)
Class org.jetbrains.kotlin.metadata.ProtoBuf$TypeTable$1                              : loaded 2 times (x 144B)
Class org.jetbrains.kotlin.cli.jvm.index.JvmDependenciesIndexImpl$Cache               : loaded 2 times (x 72B)
Class org.jetbrains.kotlin.metadata.deserialization.Flags                             : loaded 2 times (x 71B)
Class org.jetbrains.kotlin.com.intellij.util.containers.ConcurrentWeakKeySoftValueHashMap: loaded 2 times (x 149B)
Class org.jetbrains.kotlin.com.intellij.openapi.project.DumbService$DumbModeListener  : loaded 2 times (x 70B)
Class org.jetbrains.kotlin.cli.jvm.compiler.jarfs.ZipImplementationKt                 : loaded 2 times (x 71B)
Class org.jetbrains.kotlin.com.intellij.psi.PsiJvmMember                              : loaded 2 times (x 70B)
Class org.jetbrains.kotlin.com.intellij.navigation.ItemPresentation                   : loaded 2 times (x 70B)
Class org.jetbrains.kotlin.com.intellij.psi.impl.ConstantExpressionEvaluator          : loaded 2 times (x 70B)
Class org.jetbrains.kotlin.com.intellij.psi.impl.source.JavaFileElementType           : loaded 2 times (x 113B)
Class org.jetbrains.kotlin.com.intellij.openapi.command.impl.CoreCommandProcessor     : loaded 2 times (x 79B)
Class org.jetbrains.kotlin.com.intellij.platform.diagnostic.telemetry.Scope           : loaded 2 times (x 72B)
Class org.jetbrains.kotlin.com.intellij.lang.DefaultASTFactory                        : loaded 2 times (x 70B)
Class org.jetbrains.kotlin.com.intellij.util.EventDispatcher                          : loaded 2 times (x 72B)
Class org.jetbrains.kotlin.com.intellij.openapi.vfs.local.CoreLocalFileSystem         : loaded 2 times (x 103B)
Class org.jetbrains.kotlin.com.intellij.psi.impl.LanguageConstantExpressionEvaluator  : loaded 2 times (x 96B)
Class org.jetbrains.kotlin.cli.jvm.K2JVMCompilerKt                                    : loaded 2 times (x 71B)
Class org.jetbrains.kotlin.ir.declarations.IrDeclarationParent                        : loaded 2 times (x 70B)
Class org.jetbrains.kotlin.backend.jvm.JvmPhasesKt                                    : loaded 2 times (x 71B)
Class org.jetbrains.kotlin.name.FqNamesUtilKt                                         : loaded 2 times (x 71B)
Class org.jetbrains.kotlin.com.intellij.util.containers.ContainerUtil                 : loaded 2 times (x 71B)
Class org.jetbrains.kotlin.com.intellij.openapi.util.ObjectTree                       : loaded 2 times (x 72B)
Class org.jetbrains.kotlin.protobuf.CodedOutputStream$ByteBufferOutputStream          : loaded 2 times (x 86B)
Class kotlin.reflect.jvm.internal.KClassImpl$Data$constructors$2                      : loaded 2 times (x 79B)
Class [Lorg.jetbrains.kotlin.com.intellij.ide.plugins.MyXmlInterner;                  : loaded 2 times (x 69B)
Class org.jetbrains.kotlin.fir.FirAnnotationContainer                                 : loaded 2 times (x 70B)
Class [Lorg.jetbrains.kotlin.util.PhaseType;                                          : loaded 2 times (x 69B)
Class kotlin.reflect.jvm.internal.KClassCacheKt                                       : loaded 2 times (x 71B)
Class org.jetbrains.kotlin.psi.stubs.KotlinFileStub                                   : loaded 2 times (x 70B)
Class com.google.common.cache.LocalCache$LoadingValueReference                        : loaded 2 times (x 96B)
Class org.jetbrains.kotlin.com.intellij.util.containers.LinkedCustomHashMap$Entry     : loaded 2 times (x 79B)
Class [Lorg.jetbrains.kotlin.psi.KtTypeReference;                                     : loaded 2 times (x 69B)
Class [Lorg.jetbrains.kotlin.psi.KtImportInfo;                                        : loaded 2 times (x 69B)
Class org.jetbrains.kotlin.psi.stubs.elements.KtContractEffectListElementType         : loaded 2 times (x 103B)
Class org.jetbrains.kotlin.resolve.extensions.SyntheticResolveExtension               : loaded 2 times (x 70B)
Class org.jetbrains.kotlin.resolve.checkers.ActualTypealiasToSpecialAnnotationChecker : loaded 2 times (x 74B)
Class org.jetbrains.kotlin.fir.symbols.impl.FirClassLikeSymbol                        : loaded 2 times (x 82B)
Class org.jetbrains.kotlin.fir.types.impl.FirImplicitNothingTypeRef                   : loaded 2 times (x 107B)
Class org.jetbrains.kotlin.name.StandardClassIds                                      : loaded 2 times (x 71B)
Class org.jetbrains.kotlin.metadata.ProtoBuf$Function                                 : loaded 2 times (x 161B)
Class org.jetbrains.kotlin.extensions.CollectAdditionalSourcesExtension$Companion     : loaded 2 times (x 72B)
Class org.jetbrains.kotlin.com.fasterxml.aalto.in.XmlScanner                          : loaded 2 times (x 123B)
Class org.jetbrains.kotlin.name.StandardClassIds$Annotations                          : loaded 2 times (x 71B)
Class org.jetbrains.kotlin.mpp.ClassLikeSymbolMarker                                  : loaded 2 times (x 70B)
Class org.jetbrains.kotlin.com.intellij.core.JavaCoreApplicationEnvironment$1         : loaded 2 times (x 78B)
Class org.jetbrains.kotlin.com.intellij.lang.jvm.JvmTypeDeclaration                   : loaded 2 times (x 70B)
Class org.jetbrains.kotlin.io.opentelemetry.api.trace.DefaultTracer                   : loaded 2 times (x 74B)
Class org.jetbrains.kotlin.com.intellij.lang.ASTFactory                               : loaded 2 times (x 74B)
Class org.jetbrains.kotlin.com.intellij.util.pico.PicoIntrospectionException          : loaded 2 times (x 82B)
Class org.jetbrains.kotlin.cli.jvm.compiler.KotlinToJVMBytecodeCompilerKt             : loaded 2 times (x 71B)
Class org.jetbrains.kotlin.backend.jvm.lower.CollectionStubMethodLowering             : loaded 2 times (x 85B)
Class org.jetbrains.kotlin.resolve.jvm.KotlinJavaPsiFacade                            : loaded 2 times (x 86B)
Class org.jetbrains.kotlin.cli.pipeline.AbstractCliPipeline                           : loaded 2 times (x 75B)
Class org.jetbrains.kotlin.protobuf.GeneratedMessageLite$ExtendableMessageOrBuilder   : loaded 2 times (x 70B)
Class org.jetbrains.kotlin.metadata.ProtoBuf$FunctionOrBuilder                        : loaded 2 times (x 70B)
Class com.google.common.reflect.Invokable$MethodInvokable                             : loaded 2 times (x 107B)
Class com.google.common.base.Platform                                                 : loaded 2 times (x 71B)
Class org.jetbrains.kotlin.fir.java.FirCliSession                                     : loaded 2 times (x 83B)
Class [Lorg.jetbrains.kotlin.psi.KtPureElement;                                       : loaded 2 times (x 69B)
Class [Lorg.jetbrains.kotlin.com.intellij.psi.impl.PsiElementBase;                    : loaded 2 times (x 69B)
Class org.jetbrains.kotlin.com.intellij.psi.tree.TokenSet                             : loaded 2 times (x 72B)
Class org.jetbrains.kotlin.lexer.KtKeywordToken                                       : loaded 2 times (x 78B)
Class org.jetbrains.kotlin.resolve.checkers.ResultClassInReturnTypeChecker            : loaded 2 times (x 74B)
Class org.jetbrains.kotlin.fir.FirLanguageSettingsComponentKt                         : loaded 2 times (x 71B)
Class org.jetbrains.kotlin.fir.extensions.AbstractFirRegisteredPluginAnnotations      : loaded 2 times (x 79B)
Class org.jetbrains.kotlin.name.StandardClassIdsKt                                    : loaded 2 times (x 71B)
Class org.jetbrains.kotlin.metadata.ProtoBuf$VersionRequirementTable                  : loaded 2 times (x 107B)
Class org.jetbrains.kotlin.protobuf.LazyField                                         : loaded 2 times (x 83B)
Class org.jetbrains.kotlin.resolve.checkers.ReservedMembersAndConstructsForValueClass : loaded 2 times (x 74B)
Class org.jetbrains.kotlin.extensions.PreprocessedFileCreator                         : loaded 2 times (x 72B)
Class org.jetbrains.kotlin.load.java.structure.JavaModifierListOwner                  : loaded 2 times (x 70B)
Class org.jetbrains.kotlin.resolve.extensions.AnalysisHandlerExtension                : loaded 2 times (x 70B)
Class org.jetbrains.kotlin.com.intellij.psi.impl.source.DummyHolderFactory            : loaded 2 times (x 71B)
Class org.jetbrains.kotlin.com.intellij.openapi.fileTypes.BinaryFileTypeDecompilers   : loaded 2 times (x 90B)
Class [Lorg.jetbrains.kotlin.com.intellij.openapi.extensions.ExtensionPointListener;  : loaded 2 times (x 69B)
Class org.jetbrains.kotlin.com.intellij.psi.tree.IFileElementType                     : loaded 2 times (x 84B)
Class org.jetbrains.kotlin.com.intellij.psi.tree.ILazyParseableElementTypeBase        : loaded 2 times (x 70B)
Class org.jetbrains.kotlin.com.intellij.psi.tree.IElementType                         : loaded 2 times (x 75B)
Class org.jetbrains.kotlin.com.intellij.util.messages.SimpleMessageBusConnection      : loaded 2 times (x 70B)
Class org.jetbrains.kotlin.com.intellij.openapi.extensions.impl.ExtensionPointImpl    : loaded 2 times (x 88B)
Class org.jetbrains.kotlin.modules.Module                                             : loaded 2 times (x 70B)
Class org.jetbrains.kotlin.resolve.checkers.SealedInterfaceAllowedChecker             : loaded 2 times (x 74B)
Class org.jetbrains.kotlin.config.LanguageVersionSettings$Companion                   : loaded 2 times (x 71B)
Class org.jetbrains.kotlin.com.intellij.extapi.psi.StubBasedPsiElementBase$1          : loaded 2 times (x 77B)
Class org.jetbrains.kotlin.psi.KtObjectDeclaration                                    : loaded 2 times (x 1101B)
Class org.jetbrains.kotlin.codegen.CompilationException                               : loaded 2 times (x 95B)
Class kotlin.jvm.internal.CharCompanionObject                                         : loaded 2 times (x 71B)
Class kotlin.coroutines.jvm.internal.RestrictedSuspendLambda                          : loaded 2 times (x 91B)
Class com.google.devtools.ksp.processing.KspGradleLogger$Companion                    : loaded 2 times (x 71B)
Class com.google.common.collect.Maps$8                                                : loaded 2 times (x 82B)
Class [Lorg.jetbrains.kotlin.psi.KtImportAlias;                                       : loaded 2 times (x 69B)
Class org.jetbrains.kotlin.psi.stubs.KotlinPropertyAccessorStub                       : loaded 2 times (x 70B)
Class [Lorg.jetbrains.kotlin.psi.KtNamedDeclaration;                                  : loaded 2 times (x 69B)
Class org.jetbrains.kotlin.psi.stubs.elements.KtDotQualifiedExpressionElementType     : loaded 2 times (x 103B)
Class [Lorg.jetbrains.kotlin.resolve.calls.checkers.CallChecker;                      : loaded 2 times (x 69B)
Class org.jetbrains.kotlin.fir.builder.FirAnnotationContainerBuilder                  : loaded 2 times (x 70B)
Class org.jetbrains.kotlin.fir.symbols.impl.FirThisOwnerSymbol                        : loaded 2 times (x 70B)
Class org.jetbrains.kotlin.metadata.jvm.JvmModuleProtoBuf$PackageParts                : loaded 2 times (x 128B)
Class org.jetbrains.kotlin.metadata.ProtoBuf$TypeParameter$1                          : loaded 2 times (x 144B)
Class org.jetbrains.kotlin.cli.jvm.compiler.JvmPackagePartProviderKt                  : loaded 2 times (x 71B)
Class org.jetbrains.kotlin.com.intellij.openapi.vfs.VirtualFileVisitor                : loaded 2 times (x 76B)
Class org.jetbrains.kotlin.fir.FirModuleCapabilities$Companion                        : loaded 2 times (x 73B)
Class org.jetbrains.kotlin.cli.jvm.compiler.ClasspathRootsResolver$RootWithPrefix     : loaded 2 times (x 72B)
Class org.jetbrains.kotlin.cli.jvm.compiler.jarfs.FastJarFileSystem$Companion         : loaded 2 times (x 71B)
Class org.jetbrains.kotlin.com.intellij.psi.scope.processor.ConflictFilterProcessor   : loaded 2 times (x 90B)
Class org.jetbrains.kotlin.com.intellij.psi.PsiDocumentManager                        : loaded 2 times (x 96B)
Class org.jetbrains.kotlin.com.intellij.openapi.util.Comparing                        : loaded 2 times (x 71B)
Class org.jetbrains.kotlin.kotlinx.collections.immutable.PersistentCollection$Builder : loaded 2 times (x 70B)
Class org.jetbrains.kotlin.psi.stubs.elements.KtEnumEntrySuperClassReferenceExpressionElementType: loaded 2 times (x 100B)
Class org.jetbrains.kotlin.com.intellij.lang.java.lexer.JavaDocLexer                  : loaded 2 times (x 87B)
Class org.jetbrains.kotlin.com.intellij.platform.diagnostic.telemetry.PlatformScopesKt: loaded 2 times (x 71B)
Class org.jetbrains.kotlin.com.intellij.openapi.extensions.PluginId                   : loaded 2 times (x 75B)
Class org.jetbrains.kotlin.com.intellij.mock.MockFileDocumentManagerImpl              : loaded 2 times (x 83B)
Class org.jetbrains.kotlin.com.intellij.openapi.util.Disposer$1                       : loaded 2 times (x 75B)
Class org.jetbrains.kotlin.com.intellij.util.pico.DefaultPicoContainer                : loaded 2 times (x 75B)
Class org.jetbrains.kotlin.com.intellij.openapi.extensions.PluginDescriptor           : loaded 2 times (x 70B)
Class org.jetbrains.kotlin.com.intellij.openapi.extensions.AreaInstance               : loaded 2 times (x 70B)
Class org.jetbrains.kotlin.compiler.plugin.CliOptionValue                             : loaded 2 times (x 72B)
Class [Lorg.jetbrains.kotlin.psi.KtTypeProjection;                                    : loaded 2 times (x 69B)
Class org.jetbrains.kotlin.cli.pipeline.CheckCompilationErrors$CheckMessageCollector  : loaded 2 times (x 75B)
Class org.jetbrains.kotlin.com.google.common.base.Function                            : loaded 2 times (x 70B)
Class androidx.compose.compiler.plugins.kotlin.inference.TypeAdapter                  : loaded 2 times (x 70B)
Class com.google.common.collect.AbstractMapBasedMultimap$WrappedCollection            : loaded 2 times (x 124B)
Class com.google.common.util.concurrent.ExecutionError                                : loaded 2 times (x 82B)
Class kotlin.collections.MutableMapWithDefaultImpl                                    : loaded 2 times (x 144B)
Class org.jetbrains.kotlin.psi.KtUserType                                             : loaded 2 times (x 512B)
Class kotlin.sequences.SequencesKt__SequenceBuilderKt$sequence$$inlined$Sequence$1    : loaded 2 times (x 75B)
Class com.google.common.base.Predicates$CompositionPredicate                          : loaded 2 times (x 88B)
Class com.google.common.collect.Sets$SetView                                          : loaded 2 times (x 138B)
Class com.google.common.cache.LocalCache$StrongValueReference                         : loaded 2 times (x 90B)
Class org.jetbrains.kotlin.psi.stubs.elements.KtConstructorElementType                : loaded 2 times (x 107B)
Class org.jetbrains.kotlin.resolve.checkers.StubForBuilderInferenceParameterTypeChecker: loaded 2 times (x 74B)
Class org.jetbrains.kotlin.resolve.checkers.MultiFieldValueClassAnnotationsChecker    : loaded 2 times (x 74B)
Class [Lorg.jetbrains.kotlin.fir.types.ConeKotlinTypeProjection;                      : loaded 2 times (x 69B)
Class org.jetbrains.kotlin.resolve.calls.inference.components.TrivialConstraintTypeInferenceOracle$Companion: loaded 2 times (x 71B)
Class org.jetbrains.kotlin.fir.scopes.FirLookupDefaultStarImportsInSourcesSettingHolder: loaded 2 times (x 71B)
Class org.jetbrains.kotlin.metadata.ProtoBuf$QualifiedNameTable$QualifiedName$1       : loaded 2 times (x 144B)
Class org.jetbrains.kotlin.metadata.deserialization.BinaryVersion$Companion           : loaded 2 times (x 71B)
Class org.jetbrains.kotlin.fir.deserialization.MultipleModuleDataProvider             : loaded 2 times (x 74B)
Class org.jetbrains.kotlin.util.TypeRegistry                                          : loaded 2 times (x 73B)
Class org.jetbrains.kotlin.load.java.JavaModuleAnnotationsProvider                    : loaded 2 times (x 70B)
Class com.google.common.collect.ImmutableList$1                                       : loaded 2 times (x 97B)
Class org.jetbrains.kotlin.asJava.KotlinAsJavaSupportBase$Companion                   : loaded 2 times (x 71B)
Class org.jetbrains.kotlin.com.intellij.util.LocalizationUtil                         : loaded 2 times (x 71B)
Class org.jetbrains.kotlin.com.intellij.psi.JVMElementFactory                         : loaded 2 times (x 70B)
Class org.jetbrains.kotlin.kotlinx.collections.immutable.implementations.immutableList.BufferIterator: loaded 2 times (x 99B)
Class org.jetbrains.kotlin.com.intellij.util.messages.impl.BaseBusConnection          : loaded 2 times (x 78B)
Class org.jetbrains.kotlin.com.intellij.util.messages.MessageBusFactory               : loaded 2 times (x 71B)
Class org.jetbrains.kotlin.cli.jvm.compiler.KotlinCoreApplicationEnvironment          : loaded 2 times (x 94B)
Class org.jetbrains.kotlin.backend.jvm.lower.PropertyReferenceLowering                : loaded 2 times (x 353B)
Class org.jetbrains.kotlin.backend.common.FileLoweringPass                            : loaded 2 times (x 70B)
Class [Lorg.jetbrains.kotlin.config.JVMAssertionsMode;                                : loaded 2 times (x 69B)
Class org.jetbrains.kotlin.config.JVMAssertionsMode                                   : loaded 2 times (x 79B)
Class org.jetbrains.kotlin.com.intellij.openapi.util.Disposer$2                       : loaded 2 times (x 76B)
Class org.jetbrains.kotlin.com.intellij.util.IncorrectOperationException              : loaded 2 times (x 82B)
Class com.google.common.collect.ImmutableEnumSet                                      : loaded 2 times (x 146B)
Class org.jetbrains.kotlin.util.PerformanceManager                                    : loaded 2 times (x 74B)
Class org.gradle.internal.classloader.VisitableURLClassLoader$InstrumentingVisitableURLClassLoader: loaded 2 times (x 123B)
Class org.jetbrains.kotlin.psi.KtTypeConstraintList                                   : loaded 2 times (x 444B)
Class [Lorg.jetbrains.kotlin.psi.KtParameter;                                         : loaded 2 times (x 69B)
Class org.jetbrains.kotlin.psi.KtParameter                                            : loaded 2 times (x 1157B)
Class org.jetbrains.kotlin.psi.stubs.elements.KtCollectionLiteralExpressionElementType: loaded 2 times (x 100B)
Class org.jetbrains.kotlin.fir.extensions.FirRegisteredPluginAnnotationsKt            : loaded 2 times (x 71B)
Class org.jetbrains.kotlin.metadata.ProtoBuf$ValueParameter                           : loaded 2 times (x 133B)
Class org.jetbrains.kotlin.metadata.ProtoBuf$ClassOrBuilder                           : loaded 2 times (x 70B)
Class org.jetbrains.kotlin.metadata.ProtoBuf$QualifiedNameTable$1                     : loaded 2 times (x 144B)
Class org.jetbrains.kotlin.com.intellij.openapi.vfs.VfsUtilCore$1                     : loaded 2 times (x 76B)
Class org.jetbrains.kotlin.fir.java.enhancement.FirEnhancedSymbolsStorage             : loaded 2 times (x 72B)
Class org.jetbrains.kotlin.resolve.jvm.modules.JavaModuleInfo                         : loaded 2 times (x 72B)
Class org.jetbrains.kotlin.com.intellij.util.containers.SoftHashMap                   : loaded 2 times (x 127B)
Class [Lorg.jetbrains.kotlin.com.intellij.openapi.vfs.VirtualFileFilter;              : loaded 2 times (x 69B)
Class org.jetbrains.kotlin.com.intellij.core.CoreProjectScopeBuilder$CoreLibrariesScope: loaded 2 times (x 96B)
Class org.jetbrains.kotlin.com.intellij.psi.impl.PsiModificationTrackerImpl           : loaded 2 times (x 84B)
Class org.jetbrains.kotlin.org.codehaus.stax2.typed.TypedXMLStreamException           : loaded 2 times (x 84B)
Class com.google.common.collect.ListMultimap                                          : loaded 2 times (x 70B)
Class com.google.common.collect.ImmutableEnumMap                                      : loaded 2 times (x 126B)
Class org.jetbrains.kotlin.com.google.common.collect.AbstractMapEntry                 : loaded 2 times (x 81B)
Class org.jetbrains.kotlin.backend.common.lower.ConstEvaluationLowering               : loaded 2 times (x 80B)
Class org.jetbrains.kotlin.backend.jvm.lower.BridgeLowering                           : loaded 2 times (x 85B)
Class org.jetbrains.kotlin.backend.common.lower.InnerClassConstructorCallsLowering    : loaded 2 times (x 86B)
Class org.jetbrains.kotlin.backend.jvm.lower.DirectInvokeLowering                     : loaded 2 times (x 353B)
Class org.jetbrains.kotlin.backend.jvm.lower.JvmLateinitLowering                      : loaded 2 times (x 346B)
Class org.jetbrains.kotlin.backend.jvm.JvmLoweringPhasesKt$jvmFilePhases$80           : loaded 2 times (x 125B)
Class org.jetbrains.kotlin.storage.LockBasedStorageManager$MapBasedMemoizedFunction   : loaded 2 times (x 82B)
Class kotlin.reflect.jvm.internal.KProperty0Impl$_getter$1                            : loaded 2 times (x 79B)
Class org.jetbrains.kotlin.config.LoggingContext                                      : loaded 2 times (x 70B)
Class org.jetbrains.kotlin.diagnostics.DiagnosticReporter                             : loaded 2 times (x 73B)
Class org.jetbrains.kotlin.com.intellij.openapi.util.ObjectNode$1                     : loaded 2 times (x 77B)
Class org.jetbrains.kotlin.com.intellij.util.containers.DisposableWrapperList         : loaded 2 times (x 199B)
Class org.jetbrains.kotlin.backend.jvm.JvmBackendContext                              : loaded 2 times (x 122B)
Class org.jetbrains.kotlin.backend.jvm.JvmLoweringPhasesKt$jvmLoweringPhases$16       : loaded 2 times (x 125B)
Class org.jetbrains.kotlin.cli.jvm.JvmArgumentsKt$configureStandardLibs$1             : loaded 2 times (x 127B)
Class [Lorg.jetbrains.kotlin.config.LanguageOrApiVersion;                             : loaded 2 times (x 69B)
Class kotlin.reflect.jvm.internal.impl.name.FqNameUnsafe$1                            : loaded 2 times (x 74B)
Class com.google.common.math.IntMath$1                                                : loaded 2 times (x 71B)
Class [Lcom.google.common.cache.CacheBuilder$NullListener;                            : loaded 2 times (x 69B)
Class org.gradle.internal.classloader.VisitableURLClassLoader$Spec                    : loaded 2 times (x 74B)
Class org.gradle.internal.classpath.DefaultClassPath                                  : loaded 2 times (x 90B)
Class org.jetbrains.kotlin.com.intellij.core.CoreApplicationEnvironment               : loaded 2 times (x 93B)
Class org.jetbrains.kotlin.resolve.checkers.EnumEntriesRedeclarationChecker           : loaded 2 times (x 74B)
Class org.jetbrains.kotlin.psi.KtDeclaration                                          : loaded 2 times (x 70B)
Class org.jetbrains.kotlin.container.ComponentProvider                                : loaded 2 times (x 70B)
Class org.jetbrains.kotlin.fir.resolve.FirSamResolver                                 : loaded 2 times (x 72B)
Class org.jetbrains.kotlin.fir.scopes.FirScope                                        : loaded 2 times (x 78B)
Class org.jetbrains.kotlin.metadata.ProtoBuf$Annotation$Argument$ValueOrBuilder       : loaded 2 times (x 70B)
Class org.jetbrains.kotlin.com.intellij.openapi.vfs.VfsUtilCore$2                     : loaded 2 times (x 76B)
Class org.jetbrains.kotlin.cli.jvm.compiler.JvmPackagePartProvider                    : loaded 2 times (x 93B)
Class org.jetbrains.kotlin.fir.DependencyListForCliModule                             : loaded 2 times (x 72B)
Class org.jetbrains.kotlin.com.intellij.psi.impl.JavaPsiFacadeEx                      : loaded 2 times (x 87B)
Class org.jetbrains.kotlin.com.intellij.psi.TypeAnnotationProvider$1                  : loaded 2 times (x 75B)
Class org.jetbrains.kotlin.com.intellij.core.CoreProjectScopeBuilder$ContentSearchScope: loaded 2 times (x 96B)
Class org.jetbrains.kotlin.com.intellij.ide.plugins.IdeaPluginDescriptorImpl          : loaded 2 times (x 94B)
Class org.jetbrains.kotlin.org.codehaus.stax2.ri.typed.ValueDecoderFactory$DecoderBase: loaded 2 times (x 81B)
Class org.jetbrains.kotlin.com.intellij.openapi.vfs.newvfs.CachingVirtualFileSystem   : loaded 2 times (x 70B)
Class org.jetbrains.kotlin.com.intellij.psi.impl.source.resolve.reference.ReferenceProvidersRegistry$1: loaded 2 times (x 74B)
Class org.jetbrains.kotlin.com.intellij.util.messages.impl.MessagePublisher           : loaded 2 times (x 76B)
Class org.jetbrains.kotlin.com.intellij.platform.diagnostic.telemetry.IJTracer        : loaded 2 times (x 70B)
Class org.jetbrains.kotlin.com.intellij.openapi.util.Iconable                         : loaded 2 times (x 70B)
Class org.jetbrains.kotlin.com.intellij.openapi.extensions.ExtensionPointListener     : loaded 2 times (x 70B)
Class org.jetbrains.kotlin.com.intellij.openapi.extensions.ExtensionPoint             : loaded 2 times (x 70B)
Class org.jetbrains.kotlin.com.intellij.openapi.extensions.ExtensionsArea             : loaded 2 times (x 70B)
Class org.jetbrains.kotlin.com.intellij.psi.PsiKeyword                                : loaded 2 times (x 70B)
Class org.jetbrains.kotlin.backend.common.phaser.PhaseDescription                     : loaded 2 times (x 70B)
Class org.jetbrains.kotlin.com.intellij.codeInsight.JavaContainerProvider             : loaded 2 times (x 71B)
Class org.jetbrains.kotlin.util.UnitStats                                             : loaded 2 times (x 72B)
Class org.jetbrains.kotlin.util.Time                                                  : loaded 2 times (x 71B)
Class org.jetbrains.kotlin.com.google.common.collect.LinkedHashMultimap               : loaded 2 times (x 175B)
Class org.jetbrains.kotlin.cli.pipeline.jvm.JvmConfigurationUpdater                   : loaded 2 times (x 72B)
Class com.google.devtools.ksp.processing.KspGradleLogger                              : loaded 2 times (x 79B)
Class com.google.common.reflect.Types$ClassOwnership                                  : loaded 2 times (x 80B)
Class [Lorg.jetbrains.kotlin.psi.KtFileAnnotationList;                                : loaded 2 times (x 69B)
Class org.jetbrains.kotlin.psi.KtAnnotation                                           : loaded 2 times (x 446B)
Class org.jetbrains.kotlin.psi.KtAnnotationEntry                                      : loaded 2 times (x 521B)
Class org.jetbrains.kotlin.psi.stubs.KotlinConstructorStub                            : loaded 2 times (x 70B)
Class org.jetbrains.kotlin.psi.stubs.elements.KtBackingFieldElementType               : loaded 2 times (x 103B)
Class org.jetbrains.kotlin.psi.stubs.elements.KtContractEffectElementType             : loaded 2 times (x 100B)
Class org.jetbrains.kotlin.psi.KtClassLikeDeclaration                                 : loaded 2 times (x 70B)
Class org.jetbrains.kotlin.resolve.checkers.PropertiesWithBackingFieldsInsideValueClass: loaded 2 times (x 74B)
Class org.jetbrains.kotlin.resolve.checkers.SinceKotlinAnnotationValueChecker         : loaded 2 times (x 77B)
Class org.jetbrains.kotlin.com.intellij.extapi.psi.ASTDelegatePsiElement              : loaded 2 times (x 306B)
Class org.jetbrains.kotlin.fir.scopes.FirOverrideChecker                              : loaded 2 times (x 70B)
Class [Lorg.jetbrains.kotlin.fir.types.ConeKotlinType;                                : loaded 2 times (x 69B)
Class org.jetbrains.kotlin.fir.types.builder.FirResolvedTypeRefBuilder                : loaded 2 times (x 76B)
Class [Lorg.jetbrains.kotlin.fir.FirSession$Kind;                                     : loaded 2 times (x 69B)
Class org.jetbrains.kotlin.metadata.ProtoBuf$ConstructorOrBuilder                     : loaded 2 times (x 70B)
Class org.jetbrains.kotlin.fir.session.ComponentsContainersKt                         : loaded 2 times (x 71B)
Class org.jetbrains.kotlin.com.intellij.util.containers.ConcurrentList                : loaded 2 times (x 70B)
Class org.jetbrains.kotlin.config.AnalysisFlag$Delegates$ListOfStrings                : loaded 2 times (x 71B)
Class [Lorg.jetbrains.kotlin.com.intellij.psi.PsiModifierListOwner;                   : loaded 2 times (x 69B)
Class org.jetbrains.kotlin.resolve.jvm.KotlinJavaPsiFacade$KotlinPsiElementFinderWrapperImplDumbAware: loaded 2 times (x 82B)
Class org.jetbrains.kotlin.fir.serialization.FirMetadataSerializerPlugin              : loaded 2 times (x 76B)
Class org.jetbrains.kotlin.metadata.ProtoBuf$Visibility                               : loaded 2 times (x 82B)
Class org.jetbrains.kotlin.asJava.KotlinAsJavaSupport$Companion                       : loaded 2 times (x 71B)
Class org.jetbrains.kotlin.com.intellij.openapi.editor.event.DocumentListener         : loaded 2 times (x 70B)
Class org.jetbrains.kotlin.idea.KotlinFileType                                        : loaded 2 times (x 90B)
Class org.jetbrains.kotlin.com.fasterxml.aalto.in.Utf32Reader                         : loaded 2 times (x 95B)
Class org.jetbrains.kotlin.com.fasterxml.aalto.in.InputBootstrapper                   : loaded 2 times (x 84B)
Class org.jetbrains.kotlin.com.fasterxml.aalto.util.UriCanonicalizer                  : loaded 2 times (x 72B)
Class org.jetbrains.kotlin.com.intellij.psi.impl.compiled.ClassFileStubBuilder        : loaded 2 times (x 97B)
Class org.jetbrains.kotlin.com.intellij.psi.PsiFile                                   : loaded 2 times (x 70B)
Class org.jetbrains.kotlin.com.intellij.psi.impl.source.resolve.reference.ReferenceProvidersRegistryImpl$2: loaded 2 times (x 75B)
Class org.jetbrains.kotlin.com.intellij.openapi.project.IndexNotReadyException        : loaded 2 times (x 85B)
Class org.jetbrains.kotlin.cli.common.arguments.ConfigureJvmLanguageFeaturesKt        : loaded 2 times (x 71B)
Class org.jetbrains.kotlin.com.intellij.util.containers.WeakHashMap                   : loaded 2 times (x 127B)
Class org.jetbrains.kotlin.cli.common.messages.PrintingMessageCollector               : loaded 2 times (x 80B)
Class org.jetbrains.kotlin.com.intellij.openapi.extensions.ExtensionPointListener$Companion: loaded 2 times (x 71B)
Class org.jetbrains.kotlin.config.ApiVersion$Companion                                : loaded 2 times (x 71B)
Class kotlin.annotation.Repeatable                                                    : loaded 2 times (x 70B)
Class com.google.common.collect.Sets$FilteredSet                                      : loaded 2 times (x 137B)
Class com.google.common.io.Closer                                                     : loaded 2 times (x 78B)
Class com.google.common.collect.RegularImmutableMap$Values                            : loaded 2 times (x 207B)
Class com.google.common.collect.ImmutableSet                                          : loaded 2 times (x 145B)
Class org.gradle.internal.classloader.ClassLoaderSpec                                 : loaded 2 times (x 71B)
Class [Lorg.jetbrains.kotlin.psi.KtElementImplStub;                                   : loaded 2 times (x 69B)
Class org.jetbrains.kotlin.psi.KtClass                                                : loaded 2 times (x 1101B)
Class org.jetbrains.kotlin.resolve.checkers.InnerClassInsideValueClass                : loaded 2 times (x 74B)
Class [Lorg.jetbrains.kotlin.resolve.checkers.DeclarationChecker;                     : loaded 2 times (x 69B)
Class org.jetbrains.kotlin.fir.types.impl.FirImplicitByteTypeRef                      : loaded 2 times (x 107B)
Class org.jetbrains.kotlin.protobuf.SmallSortedMap                                    : loaded 2 times (x 130B)
Class org.jetbrains.kotlin.psi.KtAnnotated                                            : loaded 2 times (x 70B)
Class org.jetbrains.kotlin.cli.common.GroupedKtSourcesKt                              : loaded 2 times (x 71B)
Class [Lorg.jetbrains.kotlin.fir.extensions.FirAnalysisHandlerExtension;              : loaded 2 times (x 69B)
Class org.jetbrains.kotlin.com.intellij.util.ConcurrencyUtil                          : loaded 2 times (x 71B)
Class org.jetbrains.kotlin.cli.common.extensions.ScriptEvaluationExtension$Companion  : loaded 2 times (x 72B)
Class org.jetbrains.kotlin.cli.common.extensions.ScriptEvaluationExtension            : loaded 2 times (x 70B)
Class org.jetbrains.kotlin.com.intellij.util.io.FileAccessorCache                     : loaded 2 times (x 83B)
Class org.jetbrains.kotlin.com.intellij.psi.JavaModuleSystem                          : loaded 2 times (x 70B)
Class org.jetbrains.kotlin.com.intellij.openapi.application.impl.ModalityStateEx      : loaded 2 times (x 73B)
Class org.jetbrains.kotlin.utils.WrappedValues$1                                      : loaded 2 times (x 71B)
Class org.jetbrains.kotlin.com.intellij.codeInsight.folding.CodeFoldingSettings       : loaded 2 times (x 71B)
Class org.jetbrains.kotlin.io.opentelemetry.api.trace.SpanBuilder                     : loaded 2 times (x 70B)
Class org.jetbrains.kotlin.com.intellij.util.messages.Topic$BroadcastDirection        : loaded 2 times (x 79B)
Class org.jetbrains.kotlin.com.intellij.openapi.util.registry.EarlyAccessRegistryManagerKt: loaded 2 times (x 71B)
Class org.jetbrains.kotlin.com.intellij.openapi.progress.ProgressManager              : loaded 2 times (x 93B)
Class org.jetbrains.kotlin.com.intellij.util.containers.IntKeyWeakValueHashMap        : loaded 2 times (x 78B)
Class org.jetbrains.kotlin.load.java.JavaTypeEnhancementState$Companion               : loaded 2 times (x 71B)
Class org.jetbrains.kotlin.com.intellij.psi.PsiDirectory                              : loaded 2 times (x 70B)
Class org.jetbrains.kotlin.com.intellij.psi.impl.PsiElementFactoryImpl$1              : loaded 2 times (x 78B)
Class kotlin.jvm.internal.LongCompanionObject                                         : loaded 2 times (x 71B)
Class org.jetbrains.kotlin.backend.jvm.lower.JvmDefaultConstructorLowering            : loaded 2 times (x 85B)
Class com.google.common.cache.CacheStats                                              : loaded 2 times (x 71B)
Class [Lorg.jetbrains.kotlin.psi.KtDotQualifiedExpression;                            : loaded 2 times (x 69B)
Class org.jetbrains.kotlin.psi.KtAnnotationsContainer                                 : loaded 2 times (x 70B)
Class org.jetbrains.kotlin.fir.scopes.impl.FirGeneratedMemberDeclarationsStorage$ClassifierStorage: loaded 2 times (x 72B)
Class org.jetbrains.kotlin.fir.extensions.FirExtensionService                         : loaded 2 times (x 83B)
Class org.jetbrains.kotlin.backend.jvm.lower.ReplaceKFunctionInvokeWithFunctionInvoke : loaded 2 times (x 343B)
Class org.jetbrains.kotlin.fir.types.CompilerConeAttributes$EnhancedNullability       : loaded 2 times (x 79B)
Class org.jetbrains.kotlin.protobuf.SmallSortedMap$EmptySet                           : loaded 2 times (x 71B)
Class org.jetbrains.kotlin.load.kotlin.ModuleMappingUtilKt                            : loaded 2 times (x 71B)
Class org.jetbrains.kotlin.com.intellij.util.containers.ShareableKey                  : loaded 2 times (x 70B)
Class org.jetbrains.kotlin.protobuf.MessageLite                                       : loaded 2 times (x 70B)
Class org.jetbrains.kotlin.cli.jvm.compiler.jarfs.ByteArrayCharSequence               : loaded 2 times (x 84B)
Class org.jetbrains.kotlin.serialization.DescriptorSerializerPlugin                   : loaded 2 times (x 70B)
Class org.jetbrains.kotlin.com.intellij.openapi.project.DumbService$Companion         : loaded 2 times (x 71B)
Class org.jetbrains.kotlin.com.intellij.core.CoreProjectScopeBuilder                  : loaded 2 times (x 77B)
Class org.jetbrains.kotlin.com.intellij.util.CachedValuesFactory                      : loaded 2 times (x 70B)
Class org.jetbrains.kotlin.com.intellij.ide.plugins.ModuleDependenciesDescriptor      : loaded 2 times (x 72B)
Class org.jetbrains.kotlin.cli.jvm.config.JvmContentRootsKt                           : loaded 2 times (x 71B)
Class org.jetbrains.kotlin.com.intellij.util.containers.ConcurrentRefHashMap          : loaded 2 times (x 154B)
Class org.jetbrains.kotlin.com.intellij.openapi.extensions.ExtensionPointAdapter      : loaded 2 times (x 76B)
Class org.jetbrains.kotlin.com.intellij.serviceContainer.LazyExtensionInstance        : loaded 2 times (x 74B)
Class org.jetbrains.kotlin.cli.common.localfs.KotlinLocalFileSystem                   : loaded 2 times (x 103B)
Class org.jetbrains.kotlin.com.intellij.mock.MockApplication                          : loaded 2 times (x 324B)
Class org.jetbrains.kotlin.backend.jvm.lower.RepeatedAnnotationLowering               : loaded 2 times (x 344B)
Class org.jetbrains.kotlin.backend.common.lower.IrBuildingTransformer                 : loaded 2 times (x 336B)
Class org.jetbrains.kotlin.backend.jvm.lower.JvmDefaultArgumentStubGenerator          : loaded 2 times (x 96B)
Class org.jetbrains.kotlin.com.intellij.openapi.util.RecursionGuard                   : loaded 2 times (x 75B)
Class org.jetbrains.kotlin.com.intellij.openapi.util.Disposer$CheckedDisposableImpl   : loaded 2 times (x 79B)
Class org.jetbrains.kotlin.config.phaser.PhaseSet                                     : loaded 2 times (x 73B)
Class org.jetbrains.kotlin.com.intellij.util.containers.Interner                      : loaded 2 times (x 74B)
Class org.jetbrains.kotlin.diagnostics.DiagnosticReporterFactory                      : loaded 2 times (x 71B)
Class org.jetbrains.kotlin.com.intellij.util.containers.WeakInterner                  : loaded 2 times (x 75B)
Class org.jetbrains.kotlin.config.MavenComparableVersion$ListItem                     : loaded 2 times (x 218B)
Class org.jetbrains.kotlin.resolve.jvm.extensions.SyntheticJavaResolveExtension       : loaded 2 times (x 70B)
Class kotlin.jdk7.AutoCloseableKt                                                     : loaded 2 times (x 71B)
Class com.google.common.io.Closer$Suppressor                                          : loaded 2 times (x 70B)
Class com.google.common.util.concurrent.AbstractFuture$Listener                       : loaded 2 times (x 72B)
Class org.gradle.api.internal.classpath.Module$ModuleAlias                            : loaded 2 times (x 70B)
Class [Lorg.jetbrains.kotlin.psi.KtExpressionImplStub;                                : loaded 2 times (x 69B)
Class org.jetbrains.kotlin.com.intellij.psi.tree.IReparseableLeafElementType          : loaded 2 times (x 70B)
Class org.jetbrains.kotlin.psi.KtPureClassOrObject                                    : loaded 2 times (x 70B)
Class org.jetbrains.kotlin.fir.caches.FirCachesFactory$ValueReferenceStrength         : loaded 2 times (x 79B)
Class org.jetbrains.kotlin.metadata.jvm.deserialization.ModuleMapping$Companion       : loaded 2 times (x 71B)
Class [Lorg.jetbrains.kotlin.it.unimi.dsi.fastutil.objects.Object2ObjectOpenHashMap;  : loaded 2 times (x 69B)
Class org.jetbrains.kotlin.extensions.AnnotationBasedExtension                        : loaded 2 times (x 70B)
Class org.jetbrains.kotlin.resolve.jvm.extensions.SyntheticJavaResolveExtension$Companion: loaded 2 times (x 72B)
Class org.jetbrains.kotlin.com.intellij.DynamicBundle                                 : loaded 2 times (x 78B)
Class org.jetbrains.kotlin.com.intellij.psi.PsiAnnotation                             : loaded 2 times (x 70B)
Class org.jetbrains.kotlin.com.intellij.openapi.project.DumbUtil                      : loaded 2 times (x 70B)
Class org.jetbrains.kotlin.com.intellij.util.containers.UnsafeWeakList$MyReference    : loaded 2 times (x 79B)
Class org.jetbrains.kotlin.com.intellij.openapi.project.DumbAware                     : loaded 2 times (x 70B)
Class org.jetbrains.kotlin.com.intellij.psi.PsiParameter                              : loaded 2 times (x 70B)
Class org.jetbrains.kotlin.com.intellij.util.containers.ContainerUtil$9$1             : loaded 2 times (x 82B)
Class org.jetbrains.kotlin.cli.jvm.config.JvmContentRoot                              : loaded 2 times (x 70B)
Class org.jetbrains.kotlin.it.unimi.dsi.fastutil.doubles.Double2ObjectMap             : loaded 2 times (x 70B)
Class org.jetbrains.kotlin.com.intellij.openapi.fileEditor.FileDocumentManager        : loaded 2 times (x 82B)
Class org.jetbrains.kotlin.com.intellij.openapi.vfs.impl.ArchiveHandler               : loaded 2 times (x 79B)
Class org.jetbrains.kotlin.com.intellij.openapi.util.text.CharSequenceWithStringHash  : loaded 2 times (x 70B)
Class org.jetbrains.kotlin.com.intellij.util.containers.MultiMap                      : loaded 2 times (x 75B)
Class org.jetbrains.kotlin.it.unimi.dsi.fastutil.ints.Int2ObjectMap                   : loaded 2 times (x 70B)
Class org.jetbrains.kotlin.it.unimi.dsi.fastutil.objects.Object2ObjectMap$FastEntrySet: loaded 2 times (x 70B)
Class [Lorg.jetbrains.kotlin.utils.DescriptionAware;                                  : loaded 2 times (x 69B)
Class org.jetbrains.kotlin.extensions.internal.CallResolutionInterceptorExtension     : loaded 2 times (x 70B)
Class org.jetbrains.kotlin.cli.jvm.compiler.CompileEnvironmentException               : loaded 2 times (x 82B)
Class org.jetbrains.kotlin.com.intellij.openapi.vfs.impl.BulkVirtualFileListenerAdapter: loaded 2 times (x 78B)
Class kotlin.io.FileTreeWalk$DirectoryState                                           : loaded 2 times (x 73B)
Class com.google.common.base.Supplier                                                 : loaded 2 times (x 70B)
Class org.gradle.internal.classloader.VisitableURLClassLoader                         : loaded 2 times (x 117B)
Class org.jetbrains.kotlin.psi.stubs.elements.KtStringTemplateExpressionElementType   : loaded 2 times (x 103B)
Class org.jetbrains.kotlin.resolve.checkers.ContextualDeclarationChecker              : loaded 2 times (x 74B)
Class org.jetbrains.kotlin.container.ValueResolver                                    : loaded 2 times (x 70B)
Class org.jetbrains.kotlin.fir.types.impl.FirImplicitEnumTypeRef                      : loaded 2 times (x 107B)
Class org.jetbrains.kotlin.cli.jvm.compiler.VfsBasedProjectEnvironment                : loaded 2 times (x 95B)
Class org.jetbrains.kotlin.resolve.checkers.DeclarationChecker                        : loaded 2 times (x 70B)
Class org.jetbrains.kotlin.com.intellij.psi.impl.file.PsiPackageImpl                  : loaded 2 times (x 773B)
Class org.jetbrains.kotlin.types.DefaultTypeAttributeTranslator                       : loaded 2 times (x 75B)
Class org.jetbrains.kotlin.com.intellij.openapi.util.Conditions                       : loaded 2 times (x 71B)
Class org.jetbrains.kotlin.com.intellij.lang.LanguageUtil                             : loaded 2 times (x 71B)
Class org.jetbrains.kotlin.com.intellij.util.pico.CyclicDependencyException           : loaded 2 times (x 82B)
Class org.jetbrains.kotlin.com.intellij.openapi.progress.Progressive                  : loaded 2 times (x 70B)
Class org.jetbrains.kotlin.com.intellij.psi.stubs.ObjectStubTree                      : loaded 2 times (x 79B)
Class org.jetbrains.kotlin.com.intellij.openapi.vfs.VirtualFile                       : loaded 2 times (x 154B)
Class org.jetbrains.kotlin.com.intellij.concurrency.JobLauncher                       : loaded 2 times (x 71B)
Class org.jetbrains.kotlin.com.intellij.openapi.util.registry.Registry                : loaded 2 times (x 72B)
Class org.jetbrains.kotlin.backend.jvm.JvmLoweringPhasesKt$jvmFilePhases$70           : loaded 2 times (x 125B)
Class org.jetbrains.kotlin.backend.jvm.lower.JvmBuiltInsLowering                      : loaded 2 times (x 80B)
Class org.jetbrains.kotlin.storage.LockBasedStorageManager$ExceptionHandlingStrategy  : loaded 2 times (x 70B)
Class org.jetbrains.kotlin.it.unimi.dsi.fastutil.ints.IntSet                          : loaded 2 times (x 70B)
Class org.jetbrains.kotlin.com.google.common.collect.SetMultimap                      : loaded 2 times (x 70B)
Class org.jetbrains.kotlin.com.intellij.psi.impl.source.DummyHolderElement            : loaded 2 times (x 264B)
Class [Lorg.jetbrains.kotlin.metadata.ProtoBuf$Modality;                              : loaded 2 times (x 69B)
Class org.jetbrains.kotlin.fir.extensions.FirFunctionTypeKindExtension                : loaded 2 times (x 76B)
Class org.jetbrains.kotlin.com.intellij.lang.ASTFactory$DefaultFactoryHolder          : loaded 2 times (x 71B)
Class org.jetbrains.kotlin.com.intellij.psi.stubs.PsiFileStub                         : loaded 2 times (x 70B)
Class com.google.common.collect.ImmutableList$SerializedForm                          : loaded 2 times (x 73B)
Class org.gradle.internal.Cast                                                        : loaded 2 times (x 71B)
Class org.gradle.api.Action                                                           : loaded 2 times (x 70B)
Class org.jetbrains.kotlin.load.java.structure.JavaTypeParameterListOwner             : loaded 2 times (x 70B)
Class org.jetbrains.kotlin.psi.stubs.KotlinAnnotationEntryStub                        : loaded 2 times (x 70B)
Class org.jetbrains.kotlin.com.intellij.psi.TokenType                                 : loaded 2 times (x 70B)
Class org.jetbrains.kotlin.resolve.checkers.ReifiedTypeParameterAnnotationChecker     : loaded 2 times (x 74B)
Class org.jetbrains.kotlin.container.ContainerConsistencyException                    : loaded 2 times (x 82B)
Class org.jetbrains.kotlin.container.ValueResolveContext                              : loaded 2 times (x 70B)
Class org.jetbrains.kotlin.mpp.SimpleFunctionSymbolMarker                             : loaded 2 times (x 70B)
Class org.jetbrains.kotlin.mpp.ConstructorSymbolMarker                                : loaded 2 times (x 70B)
Class org.jetbrains.kotlin.fir.types.impl.FirImplicitLongTypeRef                      : loaded 2 times (x 107B)
Class org.jetbrains.kotlin.metadata.jvm.JvmModuleProtoBuf$PackageParts$1              : loaded 2 times (x 144B)
Class org.jetbrains.kotlin.protobuf.CodedOutputStream                                 : loaded 2 times (x 72B)
Class org.jetbrains.kotlin.metadata.ProtoBuf$Annotation                               : loaded 2 times (x 109B)
Class org.jetbrains.kotlin.config.JvmClosureGenerationScheme$Companion                : loaded 2 times (x 71B)
Class org.jetbrains.kotlin.fir.extensions.FirTypeAttributeExtension                   : loaded 2 times (x 77B)
Class org.jetbrains.kotlin.cli.jvm.compiler.jarfs.FastJarFileSystemKt                 : loaded 2 times (x 71B)
Class org.jetbrains.kotlin.com.intellij.psi.PsiImportStatementBase                    : loaded 2 times (x 70B)
Class org.jetbrains.kotlin.com.intellij.psi.PsiReference                              : loaded 2 times (x 70B)
Class org.jetbrains.kotlin.com.fasterxml.aalto.in.FixedNsContext                      : loaded 2 times (x 77B)
Class org.jetbrains.kotlin.com.intellij.openapi.extensions.LoadingOrder$1             : loaded 2 times (x 78B)
Class org.jetbrains.kotlin.com.intellij.ide.plugins.PluginEnabler$Headless            : loaded 2 times (x 70B)
Class org.jetbrains.kotlin.com.intellij.psi.augment.PsiAugmentProvider                : loaded 2 times (x 83B)
Class org.jetbrains.kotlin.com.intellij.openapi.extensions.impl.ExtensionComponentAdapter: loaded 2 times (x 80B)
Class org.jetbrains.kotlin.kotlinx.collections.immutable.PersistentSet                : loaded 2 times (x 70B)
Class org.jetbrains.kotlin.com.intellij.psi.impl.source.tree.LeafPsiElement           : loaded 2 times (x 321B)
Class org.jetbrains.kotlin.com.intellij.lang.DefaultASTFactoryImpl                    : loaded 2 times (x 78B)
Class org.jetbrains.kotlin.com.intellij.util.Java11Shim$Companion                     : loaded 2 times (x 71B)
Class org.jetbrains.kotlin.config.JvmSerializeIrMode                                  : loaded 2 times (x 79B)
Class org.jetbrains.kotlin.backend.common.lower.ExpectDeclarationRemover              : loaded 2 times (x 350B)
Class org.jetbrains.kotlin.backend.jvm.JvmLoweringPhasesKt$jvmFilePhases$71           : loaded 2 times (x 125B)
Class org.jetbrains.kotlin.compiler.plugin.CompilerPluginRegistrar                    : loaded 2 times (x 73B)
Class [Lorg.jetbrains.kotlin.com.intellij.navigation.NavigationItem;                  : loaded 2 times (x 69B)
Class org.jetbrains.kotlin.storage.DefaultSimpleLock                                  : loaded 2 times (x 78B)
Class kotlinx.coroutines.internal.LimitedDispatcher                                   : loaded 2 times (x 105B)
Class org.jetbrains.kotlin.metadata.deserialization.MetadataVersion$Companion         : loaded 2 times (x 71B)
Class org.jetbrains.kotlin.com.fasterxml.aalto.impl.CommonConfig                      : loaded 2 times (x 73B)
Class com.google.common.collect.Sets                                                  : loaded 2 times (x 71B)
Class com.google.common.collect.HashBiMap                                             : loaded 2 times (x 143B)
Class com.google.common.base.Strings                                                  : loaded 2 times (x 71B)
Class com.google.common.base.Ticker                                                   : loaded 2 times (x 72B)
Class org.jetbrains.kotlin.psi.KtFunctionTypeReceiver                                 : loaded 2 times (x 444B)
Class [Lorg.jetbrains.kotlin.psi.KtNullableType;                                      : loaded 2 times (x 69B)
Class org.jetbrains.kotlin.fir.scopes.impl.FirIntersectionOverrideStorage$special$$inlined$createCache$1: loaded 2 times (x 75B)
Class org.jetbrains.kotlin.types.model.TypeSystemTypeFactoryContext                   : loaded 2 times (x 70B)
Class org.jetbrains.kotlin.fir.types.impl.FirImplicitCharSequenceTypeRef              : loaded 2 times (x 107B)
Class org.jetbrains.kotlin.fir.types.CompilerConeAttributes$ExtensionFunctionType     : loaded 2 times (x 79B)
Class org.jetbrains.kotlin.util.AbstractArrayMapOwner                                 : loaded 2 times (x 81B)
Class org.jetbrains.kotlin.resolve.calls.checkers.CallChecker                         : loaded 2 times (x 70B)
Class [Lorg.jetbrains.kotlin.com.intellij.openapi.editor.event.DocumentListener;      : loaded 2 times (x 69B)
Class org.jetbrains.kotlin.com.intellij.ide.plugins.RawPluginDescriptor               : loaded 2 times (x 72B)
Class org.jetbrains.kotlin.org.codehaus.stax2.XMLStreamReader2                        : loaded 2 times (x 70B)
Class org.jetbrains.kotlin.com.intellij.psi.PsiReferenceService                       : loaded 2 times (x 73B)
Class org.jetbrains.kotlin.com.google.common.collect.AbstractMultimap$EntrySet        : loaded 2 times (x 138B)
Class org.jetbrains.kotlin.backend.jvm.JvmLoweringPhasesKt$jvmFilePhases$72           : loaded 2 times (x 125B)
Class org.jetbrains.kotlin.backend.jvm.lower.InterfaceSuperCallsLowering              : loaded 2 times (x 344B)
Class org.jetbrains.kotlin.backend.jvm.JvmLoweringPhasesKt                            : loaded 2 times (x 71B)
Class org.jetbrains.kotlin.types.model.TypeArgumentMarker                             : loaded 2 times (x 70B)
Class org.jetbrains.kotlin.com.intellij.openapi.util.ObjectNode$NodeChildren          : loaded 2 times (x 70B)
Class kotlin.reflect.jvm.internal.KCallableImpl$_typeParameters$1                     : loaded 2 times (x 79B)
Class org.jetbrains.kotlin.config.JvmTarget                                           : loaded 2 times (x 83B)
Class kotlin.reflect.jvm.internal.pcollections.MapEntry                               : loaded 2 times (x 72B)
Class org.jetbrains.kotlin.fir.resolve.inference.InferenceComponents                  : loaded 2 times (x 72B)
Class org.jetbrains.kotlin.fir.symbols.impl.FirFunctionSymbol                         : loaded 2 times (x 78B)
Class com.google.devtools.ksp.processing.KSPConfig                                    : loaded 2 times (x 72B)
Class [Lcom.google.common.cache.LocalCache$Segment;                                   : loaded 2 times (x 69B)
Class com.google.common.base.Predicate                                                : loaded 2 times (x 70B)
Class [Lcom.google.common.cache.LocalCache$Strength;                                  : loaded 2 times (x 69B)
Class com.google.common.cache.CacheBuilder$1                                          : loaded 2 times (x 85B)
Class com.google.common.collect.ImmutableMap                                          : loaded 2 times (x 120B)
Class org.gradle.internal.classpath.DefaultClassPath$ImmutableUniqueList$Builder      : loaded 2 times (x 75B)
Class org.jetbrains.kotlin.psi.KtTypeElement                                          : loaded 2 times (x 70B)
Class [Lorg.jetbrains.kotlin.lexer.KtSingleValueToken;                                : loaded 2 times (x 69B)
Class org.jetbrains.kotlin.psi.KtDeclarationWithBody                                  : loaded 2 times (x 70B)
Class org.jetbrains.kotlin.psi.KtCallableDeclaration                                  : loaded 2 times (x 70B)
Class org.jetbrains.kotlin.metadata.ProtoBuf$QualifiedNameTable$QualifiedName$Kind$1  : loaded 2 times (x 74B)
Class org.jetbrains.kotlin.fir.scopes.impl.FirStandardOverrideChecker                 : loaded 2 times (x 81B)
Class org.jetbrains.kotlin.protobuf.Internal$EnumLite                                 : loaded 2 times (x 70B)
Class org.jetbrains.kotlin.extensions.internal.TypeResolutionInterceptorExtension     : loaded 2 times (x 70B)
Class org.jetbrains.kotlin.com.intellij.core.JavaPsiBundle                            : loaded 2 times (x 71B)
Class [Lorg.jetbrains.kotlin.com.intellij.psi.PsiAnnotation;                          : loaded 2 times (x 69B)
Class org.jetbrains.kotlin.com.intellij.psi.PsiQualifiedReference                     : loaded 2 times (x 70B)
Class org.jetbrains.kotlin.com.fasterxml.aalto.util.NameTable                         : loaded 2 times (x 71B)
Class org.jetbrains.kotlin.com.fasterxml.aalto.in.StreamScanner                       : loaded 2 times (x 134B)
Class org.jetbrains.kotlin.com.intellij.psi.impl.source.resolve.ResolveCache$AbstractResolver: loaded 2 times (x 70B)
Class org.jetbrains.kotlin.com.intellij.psi.util.MethodSignature                      : loaded 2 times (x 70B)
Class org.jetbrains.kotlin.com.intellij.lang.jvm.JvmParameter                         : loaded 2 times (x 70B)
Class org.jetbrains.kotlin.com.intellij.openapi.util.ModificationTracker$1            : loaded 2 times (x 75B)
Class org.jetbrains.kotlin.com.intellij.psi.stubs.StubElement                         : loaded 2 times (x 70B)
Class org.jetbrains.kotlin.com.intellij.openapi.command.CommandToken                  : loaded 2 times (x 70B)
Class org.jetbrains.kotlin.com.intellij.openapi.extensions.DefaultPluginDescriptor    : loaded 2 times (x 85B)
Class org.jetbrains.kotlin.com.intellij.util.ArrayUtil                                : loaded 2 times (x 71B)
Class org.jetbrains.kotlin.backend.jvm.lower.FileClassLowering                        : loaded 2 times (x 80B)
Class org.jetbrains.kotlin.backend.jvm.JvmLoweringPhasesKt$jvmFilePhases$73           : loaded 2 times (x 125B)
Class org.jetbrains.kotlin.compiler.plugin.CliOption                                  : loaded 2 times (x 79B)
Class org.jetbrains.kotlin.compiler.plugin.PluginProcessingException                  : loaded 2 times (x 82B)
Class org.jetbrains.kotlin.cli.pipeline.jvm.JvmBackendPipelinePhase                   : loaded 2 times (x 82B)
Class org.jetbrains.kotlin.com.google.common.collect.SortedMapDifference              : loaded 2 times (x 70B)
Class org.jetbrains.kotlin.com.intellij.util.containers.RefHashMap$HardKey            : loaded 2 times (x 77B)
Class [Lorg.jetbrains.kotlin.psi.KtElement;                                           : loaded 2 times (x 69B)
Class kotlin.reflect.jvm.internal.KProperty1Impl$_getter$1                            : loaded 2 times (x 79B)
Class org.jetbrains.kotlin.com.intellij.psi.impl.file.PsiDirectoryFactoryImpl         : loaded 2 times (x 77B)
Class org.jetbrains.kotlin.cli.pipeline.SuccessfulPipelineExecutionException          : loaded 2 times (x 82B)
Class [Lorg.jetbrains.kotlin.psi.KtDeclarationStub;                                   : loaded 2 times (x 69B)
Class org.jetbrains.kotlin.utils.exceptions.KotlinExceptionWithAttachments            : loaded 2 times (x 70B)
Class com.google.common.cache.LocalCache                                              : loaded 2 times (x 187B)
Class com.google.common.cache.CacheBuilder$2                                          : loaded 2 times (x 79B)
Class org.jetbrains.kotlin.psi.KtImportInfo                                           : loaded 2 times (x 70B)
Class [Lorg.jetbrains.kotlin.psi.KtObjectDeclaration;                                 : loaded 2 times (x 69B)
Class org.jetbrains.kotlin.com.intellij.psi.stubs.IStubElementType                    : loaded 2 times (x 96B)
Class org.jetbrains.kotlin.resolve.checkers.KClassWithIncorrectTypeArgumentChecker    : loaded 2 times (x 74B)
Class org.jetbrains.kotlin.fir.types.ConeFlexibleType                                 : loaded 2 times (x 78B)
Class org.jetbrains.kotlin.fir.scopes.impl.FirDynamicMembersStorage                   : loaded 2 times (x 72B)
Class org.jetbrains.kotlin.resolve.calls.inference.components.VariableFixationFinder  : loaded 2 times (x 72B)
Class org.jetbrains.kotlin.fir.declarations.SealedClassInheritorsProvider             : loaded 2 times (x 72B)
Class org.jetbrains.kotlin.fir.FirSession$Kind                                        : loaded 2 times (x 79B)
Class org.jetbrains.kotlin.cli.jvm.compiler.MockExternalAnnotationsManager            : loaded 2 times (x 87B)
Class org.jetbrains.kotlin.kotlinx.collections.immutable.PersistentSet$Builder        : loaded 2 times (x 70B)
Class org.jetbrains.kotlin.backend.jvm.extensions.ClassGeneratorExtension             : loaded 2 times (x 70B)
Class org.jetbrains.kotlin.fir.FirSessionComponent                                    : loaded 2 times (x 70B)
Class org.jetbrains.kotlin.com.intellij.psi.codeStyle.JavaFileCodeStyleFacadeFactory  : loaded 2 times (x 70B)
Class org.jetbrains.kotlin.com.intellij.lang.jvm.JvmAnnotatedElement                  : loaded 2 times (x 70B)
Class org.jetbrains.kotlin.com.intellij.psi.impl.source.javadoc.PsiDocTokenImpl       : loaded 2 times (x 378B)
Class org.jetbrains.kotlin.com.intellij.psi.impl.source.CodeFragmentElement           : loaded 2 times (x 264B)
Class org.jetbrains.kotlin.com.intellij.lang.FileASTNode                              : loaded 2 times (x 70B)
Class org.jetbrains.kotlin.com.intellij.openapi.vfs.encoding.EncodingRegistry         : loaded 2 times (x 74B)
Class org.jetbrains.kotlin.com.intellij.serviceContainer.BaseKeyedLazyInstance        : loaded 2 times (x 78B)
Class org.jetbrains.kotlin.backend.jvm.lower.SpecialAccessLowering                    : loaded 2 times (x 353B)
Class org.jetbrains.kotlin.backend.jvm.JvmLoweringPhasesKt$jvmFilePhases$74           : loaded 2 times (x 125B)
Class [Lorg.jetbrains.kotlin.it.unimi.dsi.fastutil.Hash;                              : loaded 2 times (x 69B)
Class org.gradle.internal.classloader.ClassLoaderHierarchy                            : loaded 2 times (x 70B)
Class kotlin.reflect.jvm.internal.KClassImpl$Data$typeParameters$2                    : loaded 2 times (x 79B)
Class org.jetbrains.kotlin.psi.KtPureElement                                          : loaded 2 times (x 70B)
Class kotlin.reflect.jvm.internal.ReflectProperties$LazyVal                           : loaded 2 times (x 75B)
Class org.jetbrains.kotlin.config.LanguageVersion                                     : loaded 2 times (x 91B)
Class org.jetbrains.kotlin.analyzer.CompilationErrorException                         : loaded 2 times (x 82B)
Class org.jetbrains.kotlin.metadata.ProtoBuf$EnumEntry                                : loaded 2 times (x 121B)
Class kotlin.reflect.jvm.internal.KCallableImpl$_annotations$1                        : loaded 2 times (x 79B)
Class org.jetbrains.kotlin.cli.common.messages.MessageRenderer$1                      : loaded 2 times (x 86B)
Class org.jetbrains.kotlin.fir.types.ConeInferenceContext                             : loaded 2 times (x 70B)
Class org.jetbrains.kotlin.cli.jvm.K2JVMCompiler                                      : loaded 2 times (x 83B)
Class [Lcom.google.common.collect.AbstractMapEntry;                                   : loaded 2 times (x 69B)
Class com.google.common.collect.ImmutableEntry                                        : loaded 2 times (x 82B)
Class com.google.common.cache.CacheBuilder$3                                          : loaded 2 times (x 72B)
Class com.google.common.collect.ArrayListMultimap                                     : loaded 2 times (x 172B)
Class org.gradle.api.GradleException                                                  : loaded 2 times (x 82B)
Class kotlin.reflect.jvm.internal.KClassImpl$Data$inheritedNonStaticMembers$2         : loaded 2 times (x 79B)
Class androidx.compose.compiler.plugins.kotlin.inference.LazySchemeStorage            : loaded 2 times (x 70B)
Class [Lorg.jetbrains.kotlin.psi.KtConstructor;                                       : loaded 2 times (x 69B)
Class [Lorg.jetbrains.kotlin.psi.KtPropertyAccessor;                                  : loaded 2 times (x 69B)
Class [Lorg.jetbrains.kotlin.psi.KtClassOrObject;                                     : loaded 2 times (x 69B)
Class [Lorg.jetbrains.kotlin.com.intellij.extapi.psi.StubBasedPsiElementBase;         : loaded 2 times (x 69B)
Class org.jetbrains.kotlin.psi.stubs.elements.KtTypeAliasElementType                  : loaded 2 times (x 100B)
Class org.jetbrains.kotlin.container.ComponentResolveContext                          : loaded 2 times (x 75B)
Class org.jetbrains.kotlin.fir.MutableOrEmptyList$Companion                           : loaded 2 times (x 71B)
Class org.jetbrains.kotlin.types.model.FlexibleTypeMarker                             : loaded 2 times (x 70B)
Class org.jetbrains.kotlin.fir.declarations.FirClass                                  : loaded 2 times (x 162B)
Class org.jetbrains.kotlin.types.model.TypeArgumentListMarker                         : loaded 2 times (x 70B)
Class org.jetbrains.kotlin.fir.resolve.providers.FirSymbolProvider                    : loaded 2 times (x 81B)
Class org.jetbrains.kotlin.metadata.deserialization.BinaryVersion                     : loaded 2 times (x 74B)
Class org.jetbrains.kotlin.cli.jvm.modules.CliJavaModuleFinder$systemModules$1        : loaded 2 times (x 80B)
Class org.jetbrains.kotlin.com.intellij.psi.PsiModifierList                           : loaded 2 times (x 70B)
Class org.jetbrains.kotlin.com.intellij.util.containers.ConcurrentWeakKeySoftValueHashMap$HardKey: loaded 2 times (x 81B)
Class org.jetbrains.kotlin.com.intellij.psi.impl.source.BasicJavaDummyElement         : loaded 2 times (x 268B)
Class org.jetbrains.kotlin.com.intellij.psi.search.ProjectAwareFileFilter             : loaded 2 times (x 70B)
Class org.jetbrains.kotlin.com.intellij.psi.impl.PsiDocumentManagerBase               : loaded 2 times (x 133B)
Class org.jetbrains.kotlin.load.kotlin.KotlinBinaryClassCache$Companion               : loaded 2 times (x 71B)
Class org.jetbrains.kotlin.types.AbstractTypeApproximator$Companion                   : loaded 2 times (x 71B)
Class org.jetbrains.kotlin.com.intellij.psi.PsiWhiteSpace                             : loaded 2 times (x 70B)
Class org.jetbrains.kotlin.com.intellij.openapi.vfs.impl.VirtualFileManagerImpl       : loaded 2 times (x 89B)
Class org.jetbrains.kotlin.kotlinx.collections.immutable.PersistentCollection         : loaded 2 times (x 70B)
Class org.jetbrains.kotlin.com.intellij.util.ArrayUtilRt                              : loaded 2 times (x 71B)
Class org.jetbrains.kotlin.resolve.calls.inference.components.ConstraintSystemUtilContext: loaded 2 times (x 70B)
Class org.jetbrains.kotlin.backend.jvm.JvmLoweringPhasesKt$jvmFilePhases$75           : loaded 2 times (x 125B)
Class org.jetbrains.kotlin.backend.jvm.lower.FunctionNVarargBridgeLowering            : loaded 2 times (x 353B)
Class org.jetbrains.kotlin.backend.jvm.lower.UniqueLoopLabelsLowering                 : loaded 2 times (x 79B)
Class [Lorg.jetbrains.kotlin.compiler.plugin.CliOption;                               : loaded 2 times (x 69B)
Class org.jetbrains.kotlin.config.AnalysisFlag$Delegate                               : loaded 2 times (x 75B)
Class org.jetbrains.kotlin.config.CompilerConfigurationKey                            : loaded 2 times (x 72B)
Class org.jetbrains.kotlin.cli.common.messages.MessageRenderer$2                      : loaded 2 times (x 86B)
Class [Lorg.jetbrains.kotlin.load.java.ReportLevel;                                   : loaded 2 times (x 69B)
Class org.jetbrains.kotlin.backend.jvm.JvmLoweringPhasesKt$jvmLoweringPhases$15       : loaded 2 times (x 125B)
Class com.google.common.base.Suppliers$MemoizingSupplier                              : loaded 2 times (x 79B)
Class com.google.common.collect.CollectPreconditions                                  : loaded 2 times (x 71B)
Class org.jetbrains.kotlin.psi.KtFileAnnotationList                                   : loaded 2 times (x 506B)
Class org.jetbrains.kotlin.psi.KtProperty                                             : loaded 2 times (x 1324B)
Class org.jetbrains.kotlin.analyzer.common.CommonPlatformConfigurator                 : loaded 2 times (x 80B)
Class org.jetbrains.kotlin.fir.scopes.impl.FirDelegatedMembersFilter$Default          : loaded 2 times (x 72B)
Class org.jetbrains.kotlin.fir.scopes.impl.FirSubstitutionOverrideStorage$special$$inlined$createCache$1: loaded 2 times (x 75B)
Class org.jetbrains.kotlin.metadata.ProtoBuf$EnumEntry$1                              : loaded 2 times (x 144B)
Class org.jetbrains.kotlin.cli.jvm.index.JavaRoot$RootTypes                           : loaded 2 times (x 71B)
Class org.jetbrains.kotlin.com.intellij.psi.PsiAnnotationMemberValue                  : loaded 2 times (x 70B)
Class org.jetbrains.kotlin.com.intellij.lang.injection.InjectedLanguageManager        : loaded 2 times (x 80B)
Class org.jetbrains.kotlin.cli.jvm.compiler.KotlinCoreEnvironment$Companion$getOrCreateApplicationEnvironment$1$2: loaded 2 times (x 74B)
Class org.jetbrains.kotlin.com.intellij.pom.java.InternalPersistentJavaLanguageLevelReaderService: loaded 2 times (x 70B)
Class org.jetbrains.kotlin.com.fasterxml.aalto.in.PName                               : loaded 2 times (x 75B)
Class org.jetbrains.kotlin.com.intellij.ide.plugins.XmlReader                         : loaded 2 times (x 71B)
Class org.jetbrains.kotlin.fir.scopes.FirPlatformClassMapper                          : loaded 2 times (x 75B)
Class org.jetbrains.kotlin.resolve.calls.checkers.CapturingInClosureChecker           : loaded 2 times (x 74B)
Class org.jetbrains.kotlin.BlockExpressionElementType                                 : loaded 2 times (x 98B)
Class org.jetbrains.kotlin.com.intellij.psi.compiled.ClsStubBuilder                   : loaded 2 times (x 73B)
Class org.jetbrains.kotlin.com.intellij.util.lang.CompoundRuntimeException            : loaded 2 times (x 82B)
Class org.jetbrains.kotlin.org.picocontainer.PicoContainer                            : loaded 2 times (x 70B)
Class org.jetbrains.kotlin.com.intellij.lang.LanguageASTFactory                       : loaded 2 times (x 96B)
Class org.jetbrains.kotlin.com.intellij.openapi.fileTypes.PlainTextLanguage           : loaded 2 times (x 107B)
Class org.jetbrains.kotlin.com.intellij.util.messages.MessageBusOwner                 : loaded 2 times (x 70B)
Class org.jetbrains.kotlin.backend.jvm.lower.JvmKotlinNothingValueExceptionLowering   : loaded 2 times (x 86B)
Class org.jetbrains.kotlin.backend.jvm.JvmLoweringPhasesKt$jvmFilePhases$76           : loaded 2 times (x 125B)
Class org.jetbrains.kotlin.backend.jvm.lower.EnumClassLowering                        : loaded 2 times (x 85B)
Class org.jetbrains.kotlin.com.intellij.openapi.progress.Task                         : loaded 2 times (x 84B)
Class org.jetbrains.kotlin.storage.NotNullLazyValue                                   : loaded 2 times (x 70B)
Class org.jetbrains.kotlin.it.unimi.dsi.fastutil.objects.m                            : loaded 2 times (x 99B)
Class org.jetbrains.kotlin.com.intellij.psi.impl.source.tree.CompositePsiElement      : loaded 2 times (x 394B)
Class kotlin.reflect.jvm.internal.KPropertyImpl$_descriptor$1                         : loaded 2 times (x 79B)
Class [Lorg.jetbrains.kotlin.psi.KtImportDirective;                                   : loaded 2 times (x 69B)
Class org.jetbrains.kotlin.com.intellij.psi.search.searches.SuperMethodsSearch$1      : loaded 2 times (x 79B)
Class org.jetbrains.kotlin.com.intellij.openapi.application.QueryExecutorBase         : loaded 2 times (x 75B)
Class org.jetbrains.kotlin.cli.common.messages.MessageRenderer$3                      : loaded 2 times (x 87B)
Class com.google.common.collect.Maps$AbstractFilteredMap                              : loaded 2 times (x 127B)
Class com.google.common.collect.SortedMapDifference                                   : loaded 2 times (x 70B)
Class org.jetbrains.kotlin.psi.stubs.elements.KtNameReferenceExpressionElementType    : loaded 2 times (x 103B)
Class org.jetbrains.kotlin.psi.stubs.elements.KtPlaceHolderWithTextStubElementType    : loaded 2 times (x 100B)
Class org.jetbrains.kotlin.psi.stubs.elements.KtFunctionElementType                   : loaded 2 times (x 104B)
Class org.jetbrains.kotlin.psi.KtModifierListOwner                                    : loaded 2 times (x 70B)
Class org.jetbrains.kotlin.com.intellij.extapi.psi.StubBasedPsiElementBase            : loaded 2 times (x 315B)
Class [Lorg.jetbrains.kotlin.psi.KtTypeElement;                                       : loaded 2 times (x 69B)
Class org.jetbrains.kotlin.fir.scopes.FirKotlinScopeProvider                          : loaded 2 times (x 77B)
Class org.jetbrains.kotlin.metadata.jvm.deserialization.ModuleMapping                 : loaded 2 times (x 72B)
Class org.jetbrains.kotlin.fir.caches.FirThreadUnsafeCache                            : loaded 2 times (x 74B)
Class org.jetbrains.kotlin.fir.DependencyListForCliModule$Companion                   : loaded 2 times (x 71B)
Class org.jetbrains.kotlin.cli.jvm.index.JavaRoot                                     : loaded 2 times (x 72B)
Class org.jetbrains.kotlin.resolve.diagnostics.DiagnosticSuppressor$Companion         : loaded 2 times (x 72B)
Class org.jetbrains.kotlin.com.intellij.psi.controlFlow.ControlFlowFactory$1          : loaded 2 times (x 78B)
Class org.jetbrains.kotlin.com.intellij.openapi.util.RecursionManager                 : loaded 2 times (x 71B)
Class org.jetbrains.kotlin.com.intellij.openapi.extensions.ExtensionPointPriorityListener: loaded 2 times (x 70B)
Class org.jetbrains.kotlin.com.intellij.testFramework.LightVirtualFile                : loaded 2 times (x 170B)
Class org.jetbrains.kotlin.kotlinx.collections.immutable.PersistentMap                : loaded 2 times (x 70B)
Class androidx.compose.compiler.plugins.kotlin.ComposeCommandLineProcessor$Companion  : loaded 2 times (x 71B)
Class org.jetbrains.kotlin.cli.jvm.compiler.IdeaExtensionPoints                       : loaded 2 times (x 71B)
Class org.jetbrains.kotlin.com.intellij.psi.presentation.java.PackagePresentationProvider: loaded 2 times (x 74B)
Class org.jetbrains.kotlin.com.intellij.openapi.extensions.BaseExtensionPointName     : loaded 2 times (x 72B)
Class org.jetbrains.kotlin.ir.declarations.IrPackageFragment                          : loaded 2 times (x 107B)
Class org.jetbrains.kotlin.ir.IrElementBase                                           : loaded 2 times (x 94B)
Class org.jetbrains.kotlin.ir.declarations.IrAnnotationContainer                      : loaded 2 times (x 70B)
Class org.jetbrains.kotlin.backend.jvm.JvmLoweringPhasesKt$jvmFilePhases$77           : loaded 2 times (x 125B)
Class org.jetbrains.kotlin.backend.jvm.lower.SyntheticAccessorLowering                : loaded 2 times (x 80B)
Class org.jetbrains.kotlin.backend.jvm.lower.JvmDefaultParameterInjector              : loaded 2 times (x 357B)
Class org.jetbrains.kotlin.backend.jvm.lower.JvmStringConcatenationLowering           : loaded 2 times (x 353B)
Class org.jetbrains.kotlin.backend.jvm.JvmLoweringPhasesKt$jvmFilePhases$40           : loaded 2 times (x 125B)
Class org.jetbrains.kotlin.cli.pipeline.jvm.JvmFrontendPipelinePhase                  : loaded 2 times (x 82B)
Class org.jetbrains.kotlin.com.google.common.collect.Maps$EntryTransformer            : loaded 2 times (x 70B)
Class org.jetbrains.kotlin.it.unimi.dsi.fastutil.objects.n                            : loaded 2 times (x 174B)
Class [Lcom.google.common.collect.ImmutableMapEntry;                                  : loaded 2 times (x 69B)
Class kotlin.reflect.jvm.internal.KProperty1Impl                                      : loaded 2 times (x 128B)
Class kotlin.reflect.jvm.internal.KPropertyImpl$Companion                             : loaded 2 times (x 71B)
Class kotlin.reflect.jvm.internal.KClassImpl$Data$objectInstance$2                    : loaded 2 times (x 79B)
Class org.jetbrains.kotlin.cli.common.messages.MessageRenderer$4                      : loaded 2 times (x 87B)
Class [Lorg.jetbrains.kotlin.config.AnnotationDefaultTargetMode;                      : loaded 2 times (x 69B)
Class kotlin.collections.builders.MapBuilder$KeysItr                                  : loaded 2 times (x 81B)
Class com.google.common.cache.LocalCache$EntryFactory                                 : loaded 2 times (x 83B)
Class [Lorg.jetbrains.kotlin.psi.KtAnnotationEntry;                                   : loaded 2 times (x 69B)
Class org.jetbrains.kotlin.psi.stubs.KotlinClassOrObjectStub                          : loaded 2 times (x 70B)
Class [Lorg.jetbrains.kotlin.lexer.KtModifierKeywordToken;                            : loaded 2 times (x 69B)
Class org.jetbrains.kotlin.com.intellij.psi.WhiteSpaceTokenType                       : loaded 2 times (x 79B)
Class [Lorg.jetbrains.kotlin.name.Name;                                               : loaded 2 times (x 69B)
Class org.jetbrains.kotlin.fir.types.ConeClassLikeType                                : loaded 2 times (x 82B)
Class org.jetbrains.kotlin.fir.resolve.providers.impl.FirSyntheticFunctionInterfaceProviderBase: loaded 2 times (x 85B)
Class org.jetbrains.kotlin.metadata.ProtoBuf$Contract                                 : loaded 2 times (x 107B)
Class org.jetbrains.kotlin.metadata.ProtoBuf$VersionRequirementTable$1                : loaded 2 times (x 144B)
Class org.jetbrains.kotlin.com.intellij.openapi.util.io.BufferExposingByteArrayInputStream: loaded 2 times (x 92B)
Class org.jetbrains.kotlin.fir.extensions.FirFunctionCallRefinementExtension          : loaded 2 times (x 77B)
Class org.jetbrains.kotlin.extensions.StorageComponentContainerContributor$Companion  : loaded 2 times (x 72B)
Class org.jetbrains.kotlin.com.intellij.psi.impl.JavaPsiFacadeImpl                    : loaded 2 times (x 88B)
Class org.jetbrains.kotlin.com.intellij.psi.PsiResolveHelper                          : loaded 2 times (x 70B)
Class org.jetbrains.kotlin.com.intellij.openapi.project.Project                       : loaded 2 times (x 70B)
Class org.jetbrains.kotlin.parsing.KotlinCommonParserDefinition                       : loaded 2 times (x 95B)
Class org.jetbrains.kotlin.com.intellij.lang.jvm.JvmPackage                           : loaded 2 times (x 70B)
Class org.jetbrains.kotlin.com.intellij.openapi.extensions.LoadingOrder               : loaded 2 times (x 72B)
Class org.jetbrains.kotlin.com.intellij.util.concurrency.SynchronizedClearableLazy$Companion: loaded 2 times (x 71B)
Class org.jetbrains.kotlin.com.intellij.lang.ParserDefinition                         : loaded 2 times (x 70B)
Class org.jetbrains.kotlin.backend.jvm.JvmLoweringPhasesKt$jvmFilePhases$78           : loaded 2 times (x 125B)
Class org.jetbrains.kotlin.backend.jvm.JvmLoweringPhasesKt$jvmFilePhases$41           : loaded 2 times (x 125B)
Class org.jetbrains.kotlin.backend.jvm.lower.JvmOverloadsAnnotationLowering           : loaded 2 times (x 85B)
Class org.jetbrains.kotlin.compiler.plugin.ComponentRegistrar                         : loaded 2 times (x 70B)
Class org.jetbrains.kotlin.config.JvmAnalysisFlags                                    : loaded 2 times (x 71B)
Class org.jetbrains.kotlin.utils.PathUtil                                             : loaded 2 times (x 71B)
Class org.jetbrains.kotlin.backend.common.lower.SingleAbstractMethodLowering          : loaded 2 times (x 363B)
Class org.jetbrains.kotlin.org.codehaus.stax2.typed.TypedXMLStreamReader              : loaded 2 times (x 70B)
Class [Lorg.jetbrains.kotlin.config.JvmAbiStability;                                  : loaded 2 times (x 69B)
Class org.jetbrains.kotlin.com.intellij.openapi.extensions.ExtensionPointUtil$1       : loaded 2 times (x 78B)
Class org.jetbrains.kotlin.com.intellij.psi.scope.processor.MethodsProcessor          : loaded 2 times (x 106B)
Class org.jetbrains.kotlin.com.intellij.util.Processor                                : loaded 2 times (x 70B)
Class org.jetbrains.kotlin.cli.pipeline.ConfigurationPipelineArtifact                 : loaded 2 times (x 72B)
Class com.google.common.collect.Iterables$5                                           : loaded 2 times (x 81B)
Class com.google.common.reflect.Types$NativeTypeVariableEquals                        : loaded 2 times (x 71B)
Class com.google.common.reflect.TypeParameter                                         : loaded 2 times (x 72B)
Class com.google.common.cache.LocalCache$AbstractReferenceEntry                       : loaded 2 times (x 107B)
Class org.gradle.internal.IoActions                                                   : loaded 2 times (x 71B)
Class org.jetbrains.kotlin.LambdaExpressionElementType                                : loaded 2 times (x 95B)
Class org.jetbrains.kotlin.psi.stubs.elements.KtValueArgumentElementType              : loaded 2 times (x 100B)
Class org.jetbrains.kotlin.resolve.checkers.KotlinVersionStringAnnotationValueChecker : loaded 2 times (x 77B)
Class org.jetbrains.kotlin.psi.KtDeclarationStub                                      : loaded 2 times (x 713B)
Class org.jetbrains.kotlin.psi.KtFunction                                             : loaded 2 times (x 70B)
Class org.jetbrains.kotlin.analyzer.common.CommonPlatformAnalyzerServices             : loaded 2 times (x 77B)
Class org.jetbrains.kotlin.fir.declarations.FirDeclarationOverloadabilityHelper       : loaded 2 times (x 70B)
Class org.jetbrains.kotlin.protobuf.WireFormat                                        : loaded 2 times (x 71B)
Class org.jetbrains.kotlin.metadata.ProtoBuf$QualifiedNameTable                       : loaded 2 times (x 107B)
Class org.jetbrains.kotlin.metadata.ProtoBuf$QualifiedNameTableOrBuilder              : loaded 2 times (x 70B)
Class org.jetbrains.org.objectweb.asm.Attribute                                       : loaded 2 times (x 75B)
Class org.jetbrains.org.objectweb.asm.Label                                           : loaded 2 times (x 72B)
Class org.jetbrains.kotlin.resolve.jvm.NotFoundPackagesCachingStrategy                : loaded 2 times (x 70B)
Class org.jetbrains.kotlin.com.intellij.util.containers.ConcurrentRefValueHashMap$ValueReference: loaded 2 times (x 70B)
Class org.jetbrains.kotlin.com.intellij.util.CachedValuesManagerImpl                  : loaded 2 times (x 82B)
Class org.jetbrains.kotlin.com.intellij.psi.impl.source.resolve.ResolveCache          : loaded 2 times (x 84B)
Class org.jetbrains.kotlin.com.intellij.psi.impl.file.impl.JavaFileManager            : loaded 2 times (x 70B)
Class org.jetbrains.kotlin.com.intellij.openapi.vfs.CompactVirtualFileSetFactory      : loaded 2 times (x 75B)
Class org.jetbrains.kotlin.com.google.common.collect.AbstractMultimap$Entries         : loaded 2 times (x 120B)
Class org.jetbrains.kotlin.com.intellij.openapi.extensions.impl.ExtensionPointImpl$doAddChangeListener$listenerAdapter$1: loaded 2 times (x 77B)
Class org.jetbrains.kotlin.com.intellij.psi.PsiTarget                                 : loaded 2 times (x 70B)
Class org.jetbrains.kotlin.com.intellij.lexer.MergingLexerAdapterBase                 : loaded 2 times (x 87B)
Class org.jetbrains.kotlin.com.intellij.psi.PsiComment                                : loaded 2 times (x 70B)
Class org.jetbrains.kotlin.com.intellij.openapi.fileTypes.FileType                    : loaded 2 times (x 70B)
Class org.jetbrains.kotlin.com.intellij.openapi.util.UserDataHolder                   : loaded 2 times (x 70B)
Class org.jetbrains.kotlin.cli.common.modules.ModuleChunk                             : loaded 2 times (x 73B)
Class org.jetbrains.kotlin.backend.jvm.JvmLoweringPhasesKt$jvmLoweringPhases$1        : loaded 2 times (x 125B)
Class org.jetbrains.kotlin.backend.jvm.JvmLoweringPhasesKt$jvmFilePhases$79           : loaded 2 times (x 125B)
Class org.jetbrains.kotlin.backend.jvm.JvmLoweringPhasesKt$jvmFilePhases$42           : loaded 2 times (x 125B)
Class org.jetbrains.kotlin.backend.jvm.lower.SingletonOrConstantDelegationLowering    : loaded 2 times (x 80B)
Class org.jetbrains.kotlin.com.google.common.collect.ImmutableMap                     : loaded 2 times (x 120B)
Class org.jetbrains.kotlin.com.intellij.lang.jvm.facade.JvmFacade                     : loaded 2 times (x 70B)
Class org.jetbrains.kotlin.codegen.extensions.ClassBuilderInterceptorExtension        : loaded 2 times (x 70B)
Class kotlin.reflect.jvm.internal.KClassImpl$Data$allNonStaticMembers$2               : loaded 2 times (x 79B)
Class org.jetbrains.kotlin.resolve.jvm.extensions.AnalysisHandlerExtension$Companion  : loaded 2 times (x 72B)
Class [Lorg.jetbrains.kotlin.platform.TargetPlatformVersion;                          : loaded 2 times (x 69B)
Class org.jetbrains.kotlin.types.extensions.TypeAttributeTranslators                  : loaded 2 times (x 72B)
Class org.jetbrains.kotlin.com.intellij.openapi.vfs.VirtualFileListener               : loaded 2 times (x 70B)
Class org.jetbrains.kotlin.utils.KotlinExceptionWithAttachments                       : loaded 2 times (x 94B)
Class org.jetbrains.kotlin.com.intellij.openapi.progress.impl.ProgressManagerScopeKt  : loaded 2 times (x 71B)
Class com.google.common.cache.CacheLoader$InvalidCacheLoadException                   : loaded 2 times (x 82B)
Class com.google.common.collect.ImmutableSet$RegularSetBuilderImpl                    : loaded 2 times (x 77B)
Class org.jetbrains.kotlin.psi.KtNamed                                                : loaded 2 times (x 70B)
Class org.jetbrains.kotlin.fir.types.impl.FirImplicitUShortTypeRef                    : loaded 2 times (x 107B)
Class org.jetbrains.kotlin.fir.types.FirTypeRef                                       : loaded 2 times (x 102B)
Class org.jetbrains.kotlin.KtPsiSourceFile                                            : loaded 2 times (x 77B)
Class org.jetbrains.kotlin.metadata.jvm.JvmModuleProtoBuf$PackagePartsOrBuilder       : loaded 2 times (x 70B)
Class [Lorg.jetbrains.kotlin.it.unimi.dsi.fastutil.objects.m;                         : loaded 2 times (x 69B)
Class org.jetbrains.kotlin.load.java.structure.JavaClassifier                         : loaded 2 times (x 70B)
Class org.jetbrains.kotlin.com.intellij.psi.TypeAnnotationProvider                    : loaded 2 times (x 70B)
Class org.jetbrains.kotlin.com.intellij.openapi.vfs.VirtualFileWithAssignedFileType   : loaded 2 times (x 70B)
Class org.jetbrains.kotlin.com.intellij.psi.impl.PsiManagerEx                         : loaded 2 times (x 122B)
Class org.jetbrains.kotlin.com.intellij.openapi.fileTypes.PlainTextFileType           : loaded 2 times (x 90B)
Class [Lorg.jetbrains.kotlin.metadata.ProtoBuf$Visibility;                            : loaded 2 times (x 69B)
Class org.jetbrains.kotlin.kotlinx.collections.immutable.implementations.immutableMap.PersistentHashMap: loaded 2 times (x 157B)
Class [Lorg.jetbrains.kotlin.com.intellij.openapi.util.ModificationTracker;           : loaded 2 times (x 69B)
Class org.jetbrains.kotlin.com.intellij.util.text.CharArrayExternalizable             : loaded 2 times (x 70B)
Class org.jetbrains.kotlin.com.intellij.util.pico.DefaultPicoContainer$LinkedHashSetWrapper: loaded 2 times (x 72B)
Class org.jetbrains.kotlin.com.intellij.util.messages.impl.RootBus                    : loaded 2 times (x 101B)
Class org.jetbrains.kotlin.cli.jvm.config.JvmClasspathRootBase                        : loaded 2 times (x 70B)
Class org.jetbrains.kotlin.backend.jvm.JvmLoweringPhasesKt$jvmLoweringPhases$2        : loaded 2 times (x 125B)
Class org.jetbrains.kotlin.backend.jvm.lower.InterfaceObjectCallsLowering             : loaded 2 times (x 344B)
Class org.jetbrains.kotlin.backend.jvm.lower.FragmentLocalFunctionPatchLowering       : loaded 2 times (x 353B)
Class org.jetbrains.kotlin.backend.jvm.JvmLoweringPhasesKt$jvmFilePhases$43           : loaded 2 times (x 125B)
Class org.jetbrains.kotlin.backend.common.lower.LocalClassPopupLowering               : loaded 2 times (x 87B)
Class org.jetbrains.kotlin.cli.jvm.compiler.KotlinCoreProjectEnvironment              : loaded 2 times (x 89B)
Class org.jetbrains.kotlin.it.unimi.dsi.fastutil.ints.IntCollection                   : loaded 2 times (x 70B)
Class org.jetbrains.kotlin.cli.pipeline.PerformanceNotifications$TranslationToIrStarted: loaded 2 times (x 77B)
Class org.jetbrains.kotlin.config.phaser.ActionState                                  : loaded 2 times (x 72B)
Class org.jetbrains.kotlin.com.google.common.collect.LinkedHashMultimap$ValueEntry    : loaded 2 times (x 89B)
Class org.jetbrains.kotlin.resolve.jvm.modules.JavaModule$Explicit                    : loaded 2 times (x 80B)
Class kotlin.reflect.jvm.internal.KClassImpl$Data$sealedSubclasses$2                  : loaded 2 times (x 79B)
Class org.jetbrains.kotlin.load.kotlin.VirtualFileFinder                              : loaded 2 times (x 90B)
Class org.jetbrains.kotlin.fir.session.FirSharableJavaComponents                      : loaded 2 times (x 72B)
Class org.jetbrains.kotlin.metadata.ProtoBuf$ContractOrBuilder                        : loaded 2 times (x 70B)
Class org.jetbrains.kotlin.protobuf.Utf8                                              : loaded 2 times (x 71B)
Class org.jetbrains.kotlin.com.intellij.psi.PsiInvalidElementAccessException          : loaded 2 times (x 85B)
Class org.jetbrains.kotlin.progress.CompilationCanceledException                      : loaded 2 times (x 82B)
Class kotlin.text.MatcherMatchResult$groups$1                                         : loaded 2 times (x 151B)
Class com.google.common.collect.FluentIterable                                        : loaded 2 times (x 81B)
Class com.google.common.cache.LocalCache$StrongEntry                                  : loaded 2 times (x 108B)
Class com.google.common.util.concurrent.AbstractFuture$TrustedFuture                  : loaded 2 times (x 114B)
Class com.google.common.cache.LoadingCache                                            : loaded 2 times (x 70B)
Class org.jetbrains.kotlin.fir.FirPureAbstractElement                                 : loaded 2 times (x 87B)
Class org.jetbrains.kotlin.psi.KtImportDirective                                      : loaded 2 times (x 459B)
Class [Lorg.jetbrains.kotlin.psi.KtModifierListOwnerStub;                             : loaded 2 times (x 69B)
Class org.jetbrains.kotlin.resolve.checkers.RequireKotlinAnnotationValueChecker       : loaded 2 times (x 77B)
Class org.jetbrains.kotlin.container.DslKt                                            : loaded 2 times (x 71B)
Class org.jetbrains.kotlin.fir.analysis.FirDefaultOverridesBackwardCompatibilityHelper: loaded 2 times (x 74B)
Class org.jetbrains.kotlin.types.model.DynamicTypeMarker                              : loaded 2 times (x 70B)
Class org.jetbrains.kotlin.resolve.calls.inference.components.ConstraintIncorporator  : loaded 2 times (x 72B)
Class org.jetbrains.kotlin.com.intellij.psi.PsiClassOwner                             : loaded 2 times (x 70B)
Class org.jetbrains.kotlin.backend.common.extensions.IrGenerationExtension$Companion  : loaded 2 times (x 72B)
Class org.jetbrains.kotlin.com.intellij.codeInsight.InferredAnnotationsManager        : loaded 2 times (x 74B)
Class [Lorg.jetbrains.kotlin.com.intellij.lang.jvm.types.JvmType;                     : loaded 2 times (x 69B)
Class org.jetbrains.kotlin.com.intellij.ide.plugins.KotlinK2ModeCompatibilityCheckerKt: loaded 2 times (x 71B)
Class org.jetbrains.kotlin.fir.extensions.FirExtensionService$Companion               : loaded 2 times (x 73B)
Class org.jetbrains.kotlin.com.intellij.ide.plugins.DescriptorListLoadingContext$1    : loaded 2 times (x 78B)
Class org.jetbrains.kotlin.com.intellij.util.messages.impl.SimpleMessageBusConnectionImpl: loaded 2 times (x 81B)
Class org.jetbrains.kotlin.com.intellij.psi.stubs.UpToDateStubIndexMismatch           : loaded 2 times (x 87B)
Class org.jetbrains.kotlin.com.intellij.model.psi.PsiExternalReferenceHost            : loaded 2 times (x 70B)
Class org.jetbrains.kotlin.com.intellij.openapi.vfs.VirtualFileManager                : loaded 2 times (x 82B)
Class [Lorg.jetbrains.kotlin.com.intellij.util.messages.impl.BusState;                : loaded 2 times (x 69B)
Class org.jetbrains.kotlin.com.intellij.util.messages.impl.MessageBusImpl             : loaded 2 times (x 97B)
Class org.jetbrains.kotlin.com.intellij.openapi.fileTypes.UnknownFileType             : loaded 2 times (x 80B)
Class org.jetbrains.kotlin.com.intellij.openapi.vfs.impl.jar.CoreJarFileSystem        : loaded 2 times (x 101B)
Class org.jetbrains.kotlin.com.intellij.util.containers.LockFreeCopyOnWriteArrayList  : loaded 2 times (x 199B)
Class org.jetbrains.kotlin.it.unimi.dsi.fastutil.objects.r                            : loaded 2 times (x 143B)
Class org.jetbrains.kotlin.backend.jvm.JvmLoweringPhasesKt$jvmLoweringPhases$3        : loaded 2 times (x 125B)
Class org.jetbrains.kotlin.backend.jvm.JvmLoweringPhasesKt$jvmFilePhases$44           : loaded 2 times (x 125B)
Class org.jetbrains.kotlin.ir.inline.InlineCallableReferenceToLambdaPhase             : loaded 2 times (x 259B)
Class org.jetbrains.kotlin.com.intellij.util.containers.RefHashMap                    : loaded 2 times (x 127B)
Class org.jetbrains.kotlin.fir.types.impl.FirResolvedTypeRefImpl                      : loaded 2 times (x 106B)
Class org.jetbrains.kotlin.fir.builder.FirBuilderDslKt                                : loaded 2 times (x 71B)
Class org.jetbrains.kotlin.fir.FirPlatformSpecificCastChecker$Default                 : loaded 2 times (x 72B)
Class kotlin.io.FileTreeWalk$FileTreeWalkIterator$TopDownDirectoryState               : loaded 2 times (x 74B)
Class com.google.common.base.Suppliers$NonSerializableMemoizingSupplier               : loaded 2 times (x 79B)
Class com.google.common.collect.RegularImmutableMap$BucketOverflowException           : loaded 2 times (x 82B)
Class [Lcom.google.common.cache.Weigher;                                              : loaded 2 times (x 69B)
Class org.jetbrains.kotlin.fir.scopes.FirDefaultImportProviderHolder                  : loaded 2 times (x 72B)
Class androidx.compose.compiler.plugins.kotlin.inference.ErrorReporter                : loaded 2 times (x 70B)
Class org.jetbrains.kotlin.fir.scopes.impl.FirDeclaredMemberScopeProvider             : loaded 2 times (x 72B)
Class org.jetbrains.kotlin.serialization.deserialization.MetadataPartProvider         : loaded 2 times (x 70B)
Class org.jetbrains.kotlin.cli.common.GroupedKtSources                                : loaded 2 times (x 72B)
Class org.jetbrains.kotlin.cli.jvm.compiler.JavaLanguageLevelKt$EntriesMappings       : loaded 2 times (x 71B)
Class org.jetbrains.kotlin.fir.extensions.FirStatusTransformerExtension               : loaded 2 times (x 86B)
Class org.jetbrains.kotlin.metadata.ProtoBuf$Modality$1                               : loaded 2 times (x 74B)
Class org.jetbrains.kotlin.resolve.extensions.ExtraImportsProviderExtension           : loaded 2 times (x 70B)
Class org.jetbrains.kotlin.com.intellij.psi.impl.source.DummyHolderFactory$DefaultFactory: loaded 2 times (x 87B)
Class org.jetbrains.kotlin.com.intellij.util.containers.ConcurrentWeakValueHashMap    : loaded 2 times (x 149B)
Class org.jetbrains.kotlin.com.intellij.psi.scope.processor.FilterScopeProcessor      : loaded 2 times (x 82B)
Class org.jetbrains.kotlin.com.intellij.lang.jvm.types.JvmReferenceType               : loaded 2 times (x 70B)
Class org.jetbrains.kotlin.com.intellij.psi.search.GlobalSearchScope$LazyFilesScope   : loaded 2 times (x 105B)
Class org.jetbrains.kotlin.com.intellij.psi.impl.PsiDocumentManagerBase$3             : loaded 2 times (x 84B)
Class org.jetbrains.kotlin.com.intellij.psi.impl.smartPointers.SmartPointerManagerImpl: loaded 2 times (x 81B)
Class org.jetbrains.kotlin.com.intellij.openapi.util.LowMemoryWatcher$LowMemoryWatcherType: loaded 2 times (x 79B)
Class org.jetbrains.kotlin.com.intellij.psi.impl.JavaClassSupersImpl                  : loaded 2 times (x 73B)
Class [Lorg.jetbrains.kotlin.com.fasterxml.aalto.in.PName;                            : loaded 2 times (x 69B)
Class org.jetbrains.kotlin.com.intellij.psi.codeStyle.SuggestedNameInfo               : loaded 2 times (x 73B)
Class org.jetbrains.kotlin.com.intellij.psi.impl.compiled.ClsCustomNavigationPolicy   : loaded 2 times (x 70B)
Class org.jetbrains.kotlin.com.intellij.openapi.util.NotNullLazyValue$1               : loaded 2 times (x 77B)
Class org.jetbrains.kotlin.com.intellij.psi.presentation.java.MethodPresentationProvider: loaded 2 times (x 74B)
Class org.jetbrains.kotlin.com.intellij.psi.tree.IReparseableElementTypeBase          : loaded 2 times (x 70B)
Class [Lorg.jetbrains.kotlin.com.intellij.lang.Language;                              : loaded 2 times (x 69B)
Class org.jetbrains.kotlin.com.intellij.openapi.application.impl.ApplicationInfoImpl  : loaded 2 times (x 74B)
Class org.jetbrains.kotlin.com.intellij.openapi.vfs.impl.jar.CoreJarHandler           : loaded 2 times (x 84B)
Class org.jetbrains.kotlin.backend.jvm.JvmLoweringPhasesKt$jvmLoweringPhases$4        : loaded 2 times (x 125B)
Class org.jetbrains.kotlin.backend.jvm.lower.ObjectClassLowering                      : loaded 2 times (x 84B)
Class org.jetbrains.kotlin.backend.jvm.JvmLoweringPhasesKt$jvmFilePhases$45           : loaded 2 times (x 125B)
Class org.jetbrains.kotlin.psi.KtEnumEntry                                            : loaded 2 times (x 1103B)
Class org.jetbrains.kotlin.com.intellij.openapi.util.ObjectNode$ListNodeChildren      : loaded 2 times (x 78B)
Class org.jetbrains.kotlin.com.intellij.reference.SoftReference                       : loaded 2 times (x 82B)
Class org.jetbrains.kotlin.cli.pipeline.PipelineArtifact                              : loaded 2 times (x 71B)
Class org.jetbrains.kotlin.psi.KtDynamicType                                          : loaded 2 times (x 506B)
Class org.jetbrains.kotlin.load.java.structure.impl.classFiles.BinaryClassSignatureParser$ClsFormatException: loaded 2 times (x 82B)
Class org.gradle.internal.classloader.FilteringClassLoader                            : loaded 2 times (x 105B)
Class kotlin.sequences.SequenceBuilderIterator                                        : loaded 2 times (x 85B)
Class [Lorg.jetbrains.kotlin.psi.KtExpression;                                        : loaded 2 times (x 69B)
Class org.jetbrains.kotlin.KtNodeType                                                 : loaded 2 times (x 76B)
Class org.jetbrains.kotlin.resolve.AnnotationsKt                                      : loaded 2 times (x 71B)
Class org.jetbrains.kotlin.fir.types.CompilerConeAttributes                           : loaded 2 times (x 71B)
Class org.jetbrains.kotlin.fir.types.ConeTypeConstructorMarker                        : loaded 2 times (x 70B)
Class org.jetbrains.kotlin.load.kotlin.PackageAndMetadataPartProvider                 : loaded 2 times (x 70B)
Class org.jetbrains.kotlin.resolve.jvm.KotlinJavaPsiFacade$1                          : loaded 2 times (x 78B)
Class org.jetbrains.kotlin.fir.extensions.FirDeclarationGenerationExtension           : loaded 2 times (x 85B)
Class [Lorg.jetbrains.kotlin.com.intellij.psi.search.GlobalSearchScope;               : loaded 2 times (x 69B)
Class org.jetbrains.kotlin.com.intellij.psi.util.CachedValuesManager                  : loaded 2 times (x 82B)
Class org.jetbrains.kotlin.com.fasterxml.aalto.in.ByteSourceBootstrapper              : loaded 2 times (x 85B)
Class org.jetbrains.kotlin.com.intellij.ide.plugins.ReadModuleContext                 : loaded 2 times (x 70B)
Class org.jetbrains.kotlin.com.intellij.openapi.util.NotNullLazyValue$2               : loaded 2 times (x 77B)
Class org.jetbrains.kotlin.com.intellij.psi.PsiQualifiedNamedElement                  : loaded 2 times (x 70B)
Class org.jetbrains.kotlin.com.intellij.openapi.fileTypes.LanguageFileType            : loaded 2 times (x 90B)
Class org.jetbrains.kotlin.com.intellij.diagnostic.PluginException                    : loaded 2 times (x 85B)
Class org.jetbrains.kotlin.com.intellij.psi.impl.source.CharTableImpl                 : loaded 2 times (x 76B)
Class org.jetbrains.kotlin.com.intellij.util.Java11Shim                               : loaded 2 times (x 80B)
Class [Lorg.jetbrains.kotlin.com.intellij.openapi.extensions.ExtensionPoint$Kind;     : loaded 2 times (x 69B)
Class org.jetbrains.kotlin.com.intellij.util.pico.DefaultPicoContainer$InstanceComponentAdapter: loaded 2 times (x 77B)
Class org.jetbrains.kotlin.com.intellij.util.messages.impl.CompositeMessageBusKt      : loaded 2 times (x 71B)
Class org.jetbrains.kotlin.ir.declarations.IrModuleFragment                           : loaded 2 times (x 98B)
Class org.jetbrains.kotlin.backend.jvm.JvmLoweringPhasesKt$jvmLoweringPhases$5        : loaded 2 times (x 125B)
Class org.jetbrains.kotlin.backend.jvm.JvmLoweringPhasesKt$jvmFilePhases$46           : loaded 2 times (x 125B)
Class org.jetbrains.kotlin.cli.jvm.plugins.PluginCliParser                            : loaded 2 times (x 71B)
Class org.jetbrains.kotlin.storage.LockBasedStorageManager                            : loaded 2 times (x 108B)
Class [Lorg.jetbrains.kotlin.config.ExplicitApiMode;                                  : loaded 2 times (x 69B)
Class org.jetbrains.kotlin.it.unimi.dsi.fastutil.ints.AbstractInt2ObjectMap           : loaded 2 times (x 188B)
Class org.jetbrains.kotlin.config.phaser.BeforeOrAfter                                : loaded 2 times (x 79B)
Class org.jetbrains.kotlin.diagnostics.impl.BaseDiagnosticsCollector$RawReporter      : loaded 2 times (x 70B)
Class com.google.common.base.Equivalence$Identity                                     : loaded 2 times (x 82B)
Class com.google.common.base.PairwiseEquivalence                                      : loaded 2 times (x 83B)
Class com.google.common.collect.AbstractIterator$State                                : loaded 2 times (x 79B)
Class com.google.common.reflect.Types$JavaVersion$1                                   : loaded 2 times (x 83B)
Class com.google.common.collect.RegularImmutableBiMap                                 : loaded 2 times (x 149B)
Class com.google.common.cache.LocalCache$ValueReference                               : loaded 2 times (x 70B)
Class androidx.compose.compiler.plugins.kotlin.ComposeIrGenerationExtension           : loaded 2 times (x 79B)
Class org.jetbrains.kotlin.psi.stubs.impl.KotlinTypeBean                              : loaded 2 times (x 70B)
Class [Lorg.jetbrains.kotlin.psi.KtDeclarationContainer;                              : loaded 2 times (x 69B)
Class org.jetbrains.kotlin.resolve.checkers.CyclicAnnotationsChecker                  : loaded 2 times (x 74B)
Class org.jetbrains.kotlin.descriptors.annotations.Annotated                          : loaded 2 times (x 70B)
Class org.jetbrains.kotlin.fir.types.ConeClassifierLookupTag                          : loaded 2 times (x 74B)
Class org.jetbrains.kotlin.cli.common.localfs.KotlinLocalVirtualFile                  : loaded 2 times (x 154B)
Class org.jetbrains.kotlin.resolve.jvm.KotlinJavaPsiFacade$2                          : loaded 2 times (x 77B)
Class org.jetbrains.kotlin.com.intellij.openapi.util.io.FileUtilRt                    : loaded 2 times (x 71B)
Class org.jetbrains.kotlin.com.intellij.psi.impl.PsiConstantEvaluationHelperImpl      : loaded 2 times (x 74B)
Class org.jetbrains.kotlin.asJava.classes.KtUltraLightSupport                         : loaded 2 times (x 70B)
Class org.jetbrains.kotlin.com.intellij.openapi.util.RecursionGuard$StackStamp        : loaded 2 times (x 70B)
Class [Lorg.jetbrains.kotlin.com.intellij.psi.PsiAnnotationOwner;                     : loaded 2 times (x 69B)
Class org.jetbrains.kotlin.com.intellij.psi.TypeAnnotationProvider$Static             : loaded 2 times (x 75B)
Class org.jetbrains.kotlin.com.intellij.lang.java.parser.BasicJavaParserUtil$ParserWrapper: loaded 2 times (x 70B)
Class org.jetbrains.kotlin.com.intellij.openapi.project.DumbService                   : loaded 2 times (x 77B)
Class org.jetbrains.kotlin.com.intellij.psi.util.JavaClassSupers                      : loaded 2 times (x 73B)
Class org.jetbrains.kotlin.com.intellij.psi.PsiClass                                  : loaded 2 times (x 70B)
Class org.jetbrains.kotlin.com.intellij.psi.JavaDirectoryService                      : loaded 2 times (x 85B)
Class org.jetbrains.kotlin.com.intellij.psi.impl.source.javadoc.PsiDocTagValueImpl    : loaded 2 times (x 449B)
Class org.jetbrains.kotlin.com.intellij.psi.impl.source.tree.PsiPlainTextImpl         : loaded 2 times (x 360B)
Class [Lorg.jetbrains.kotlin.com.intellij.openapi.util.UserDataHolderEx;              : loaded 2 times (x 69B)
Class org.jetbrains.kotlin.com.intellij.platform.diagnostic.telemetry.TelemetryManagerKt: loaded 2 times (x 71B)
Class org.jetbrains.kotlin.com.intellij.util.messages.impl.MessageBusEx               : loaded 2 times (x 70B)
Class org.jetbrains.kotlin.com.intellij.openapi.util.registry.EarlyAccessRegistryManagerKt$lazyMap$1: loaded 2 times (x 78B)
Class org.jetbrains.kotlin.com.intellij.openapi.diagnostic.Attachment                 : loaded 2 times (x 72B)
Class org.jetbrains.kotlin.backend.common.lower.InitializersCleanupLowering           : loaded 2 times (x 88B)
Class org.jetbrains.kotlin.backend.jvm.JvmLoweringPhasesKt$jvmFilePhases$47           : loaded 2 times (x 125B)
Class org.jetbrains.kotlin.backend.jvm.JvmLoweringPhasesKt$jvmFilePhases$10           : loaded 2 times (x 125B)
Class com.google.common.collect.RegularImmutableMap$KeySet                            : loaded 2 times (x 152B)
Class org.jetbrains.kotlin.config.JvmAnalysisFlags$Delegates$JvmDefaultModeNullByDefault: loaded 2 times (x 71B)
Class org.jetbrains.kotlin.backend.common.phaser.CompositePhase                       : loaded 2 times (x 76B)
Class [Lkotlin.reflect.jvm.internal.impl.builtins.functions.FunctionClassKind;        : loaded 2 times (x 69B)
Class kotlin.text.MatcherMatchResult                                                  : loaded 2 times (x 80B)
Class org.jetbrains.kotlin.platform.TargetPlatformKt                                  : loaded 2 times (x 71B)
Class org.jetbrains.kotlin.platform.SimplePlatform                                    : loaded 2 times (x 75B)
Class kotlin.text.MatchGroupCollection                                                : loaded 2 times (x 70B)
Class org.jetbrains.kotlin.asJava.finder.JavaElementFinder                            : loaded 2 times (x 88B)
Class org.jetbrains.kotlin.cli.common.CLICompiler$Companion                           : loaded 2 times (x 71B)
Class kotlin.coroutines.jvm.internal.Boxing                                           : loaded 2 times (x 71B)
Class org.jetbrains.kotlin.cli.common.extensions.ShellExtension                       : loaded 2 times (x 70B)
Class com.google.common.hash.PrimitiveSink                                            : loaded 2 times (x 70B)
Class com.google.common.reflect.Types$JavaVersion$2                                   : loaded 2 times (x 83B)
Class com.google.common.reflect.Types                                                 : loaded 2 times (x 71B)
Class com.google.common.collect.Hashing                                               : loaded 2 times (x 71B)
Class com.google.common.base.PatternCompiler                                          : loaded 2 times (x 70B)
Class com.google.common.util.concurrent.AbstractFuture$Failure                        : loaded 2 times (x 72B)
Class com.google.common.base.Equivalence$Equals                                       : loaded 2 times (x 82B)
Class com.google.common.base.Preconditions                                            : loaded 2 times (x 71B)
Class org.jetbrains.kotlin.com.intellij.psi.impl.source.SubstrateRef                  : loaded 2 times (x 76B)
Class org.jetbrains.kotlin.psi.stubs.elements.KtConstantExpressionElementType         : loaded 2 times (x 100B)
Class org.jetbrains.kotlin.resolve.checkers.ExplicitApiDeclarationChecker$Companion   : loaded 2 times (x 71B)
Class org.jetbrains.kotlin.resolve.checkers.DelegationChecker                         : loaded 2 times (x 74B)
Class [Lorg.jetbrains.kotlin.types.model.KotlinTypeMarker;                            : loaded 2 times (x 69B)
Class org.jetbrains.kotlin.metadata.deserialization.Flags$EnumLiteFlagField           : loaded 2 times (x 76B)
Class org.jetbrains.kotlin.com.intellij.ide.plugins.PluginDescriptorLoader            : loaded 2 times (x 71B)
Class org.jetbrains.kotlin.com.intellij.openapi.util.NotNullLazyValue$4               : loaded 2 times (x 77B)
Class org.jetbrains.kotlin.com.intellij.openapi.util.NotNullLazyValue                 : loaded 2 times (x 77B)
Class org.jetbrains.kotlin.com.intellij.psi.compiled.ClassFileDecompilers$Full        : loaded 2 times (x 77B)
Class org.jetbrains.kotlin.com.intellij.psi.impl.source.tree.java.PsiFragmentImpl     : loaded 2 times (x 608B)
Class org.jetbrains.kotlin.com.intellij.psi.impl.source.tree.OwnBufferLeafPsiElement  : loaded 2 times (x 305B)
Class org.jetbrains.kotlin.com.intellij.lang.MetaLanguage                             : loaded 2 times (x 109B)
Class org.jetbrains.kotlin.com.intellij.codeInsight.highlighting.PassRunningAssert    : loaded 2 times (x 72B)
Class org.jetbrains.kotlin.com.intellij.openapi.util.registry.RegistryValueListener   : loaded 2 times (x 70B)
Class org.jetbrains.kotlin.backend.jvm.JvmLoweringPhasesKt$jvmLoweringPhases$7        : loaded 2 times (x 80B)
Class org.jetbrains.kotlin.backend.jvm.lower.AddContinuationLowering                  : loaded 2 times (x 80B)
Class org.jetbrains.kotlin.backend.jvm.JvmLoweringPhasesKt$jvmFilePhases$48           : loaded 2 times (x 125B)
Class org.jetbrains.kotlin.backend.jvm.JvmLoweringPhasesKt$jvmFilePhases$11           : loaded 2 times (x 125B)
Class org.jetbrains.kotlin.cli.common.arguments.JavaTypeEnhancementStateParser        : loaded 2 times (x 72B)
Class kotlin.reflect.jvm.internal.KProperty0Impl                                      : loaded 2 times (x 128B)
Class org.jetbrains.kotlin.progress.CompilationCanceledStatus                         : loaded 2 times (x 70B)
Class org.jetbrains.kotlin.com.intellij.openapi.util.ObjectNode                       : loaded 2 times (x 72B)
Class org.jetbrains.kotlin.config.ReturnValueCheckerMode                              : loaded 2 times (x 79B)
Class com.google.common.reflect.Types$JavaVersion$3                                   : loaded 2 times (x 83B)
Class com.google.common.base.Joiner$1                                                 : loaded 2 times (x 80B)
Class com.google.common.collect.PeekingIterator                                       : loaded 2 times (x 70B)
Class [Lorg.jetbrains.kotlin.psi.KtStatementExpression;                               : loaded 2 times (x 69B)
Class org.jetbrains.kotlin.psi.stubs.KotlinStubWithFqName                             : loaded 2 times (x 70B)
Class org.jetbrains.kotlin.fir.types.ConeDynamicType$Companion                        : loaded 2 times (x 71B)
Class org.jetbrains.kotlin.metadata.jvm.deserialization.ModuleMappingKt               : loaded 2 times (x 71B)
Class [Lorg.jetbrains.kotlin.com.intellij.lang.jvm.JvmElement;                        : loaded 2 times (x 69B)
Class org.jetbrains.kotlin.com.intellij.core.CorePsiDocumentManager                   : loaded 2 times (x 133B)
Class org.jetbrains.kotlin.com.intellij.psi.PsiElementFinder                          : loaded 2 times (x 87B)
Class org.jetbrains.kotlin.load.kotlin.KotlinBinaryClassCache$cache$1                 : loaded 2 times (x 83B)
Class org.jetbrains.kotlin.com.fasterxml.aalto.in.AttributeCollector                  : loaded 2 times (x 72B)
Class org.jetbrains.kotlin.org.codehaus.stax2.XMLStreamLocation2                      : loaded 2 times (x 70B)
Class org.jetbrains.kotlin.org.codehaus.stax2.ri.typed.ValueDecoderFactory$BooleanDecoder: loaded 2 times (x 81B)
Class org.jetbrains.kotlin.com.intellij.psi.PsiField                                  : loaded 2 times (x 70B)
Class org.jetbrains.kotlin.com.intellij.psi.impl.PsiSubstitutorFactoryImpl            : loaded 2 times (x 74B)
Class org.jetbrains.kotlin.com.intellij.psi.javadoc.PsiSnippetAttributeValue          : loaded 2 times (x 70B)
Class org.jetbrains.kotlin.com.intellij.psi.impl.source.tree.LazyParseableElement     : loaded 2 times (x 226B)
Class org.jetbrains.kotlin.com.intellij.core.CoreEncodingRegistry                     : loaded 2 times (x 74B)
Class org.jetbrains.kotlin.com.intellij.util.keyFMap.KeyFMap                          : loaded 2 times (x 70B)
Class org.jetbrains.kotlin.cli.jvm.compiler.EnvironmentConfigFiles                    : loaded 2 times (x 79B)
Class org.jetbrains.kotlin.backend.jvm.JvmLoweringPhasesKt$jvmLoweringPhases$8        : loaded 2 times (x 125B)
Class org.jetbrains.kotlin.backend.jvm.lower.RenameFieldsLowering                     : loaded 2 times (x 84B)
Class org.jetbrains.kotlin.backend.jvm.JvmLoweringPhasesKt$jvmFilePhases$49           : loaded 2 times (x 125B)
Class org.jetbrains.kotlin.backend.jvm.lower.StaticCallableReferenceLowering          : loaded 2 times (x 344B)
Class org.jetbrains.kotlin.backend.jvm.JvmLoweringPhasesKt$jvmFilePhases$12           : loaded 2 times (x 125B)
Class org.jetbrains.kotlin.cli.common.messages.MessageCollector$Companion$NONE$1      : loaded 2 times (x 76B)
Class org.jetbrains.kotlin.it.unimi.dsi.fastutil.objects.ReferenceSet                 : loaded 2 times (x 70B)
Class org.jetbrains.kotlin.backend.jvm.lower.JvmInventNamesForLocalClasses            : loaded 2 times (x 85B)
Class org.jetbrains.kotlin.config.MavenComparableVersion$Item                         : loaded 2 times (x 70B)
Class org.jetbrains.kotlin.backend.common.lower.SharedVariablesLowering               : loaded 2 times (x 85B)
Class org.jetbrains.org.objectweb.asm.ClassReader                                     : loaded 2 times (x 92B)
Class com.google.common.collect.Maps$IteratorBasedAbstractMap                         : loaded 2 times (x 125B)
Class com.google.common.reflect.Types$JavaVersion$4                                   : loaded 2 times (x 83B)
Class com.google.common.base.Joiner$2                                                 : loaded 2 times (x 79B)
Class com.google.common.cache.LocalCache$EntryFactory$1                               : loaded 2 times (x 83B)
Class [Lcom.google.common.cache.RemovalListener;                                      : loaded 2 times (x 69B)
Class org.jetbrains.kotlin.com.intellij.psi.tree.IReparseableElementType              : loaded 2 times (x 94B)
Class org.jetbrains.kotlin.metadata.ProtoBuf$EnumEntryOrBuilder                       : loaded 2 times (x 70B)
Class org.jetbrains.kotlin.com.intellij.openapi.util.KeyedExtensionCollector$MyExtensionPointListener: loaded 2 times (x 79B)
Class org.jetbrains.kotlin.com.intellij.psi.impl.file.PsiPackageBase                  : loaded 2 times (x 420B)
Class org.jetbrains.kotlin.com.intellij.psi.impl.source.tree.TreeElementVisitor       : loaded 2 times (x 73B)
Class org.jetbrains.kotlin.org.codehaus.stax2.ri.typed.ValueDecoderFactory$IntDecoder : loaded 2 times (x 81B)
Class org.jetbrains.kotlin.resolve.jvm.modules.JavaModule                             : loaded 2 times (x 70B)
Class org.jetbrains.kotlin.com.intellij.psi.PsiNameIdentifierOwner                    : loaded 2 times (x 70B)
Class org.jetbrains.kotlin.com.intellij.openapi.extensions.SortingException           : loaded 2 times (x 82B)
Class org.jetbrains.kotlin.com.intellij.lexer.EmptyLexer                              : loaded 2 times (x 84B)
Class [Lorg.jetbrains.kotlin.com.intellij.openapi.util.UserDataHolder;                : loaded 2 times (x 69B)
Class org.jetbrains.kotlin.com.intellij.util.ConcurrentLongObjectHashMap$TreeBin      : loaded 2 times (x 78B)
Class org.jetbrains.kotlin.com.intellij.util.messages.impl.MessageBusConnectionImpl   : loaded 2 times (x 87B)
Class org.jetbrains.kotlin.com.intellij.psi.FileTypeFileViewProviders                 : loaded 2 times (x 90B)
Class org.jetbrains.kotlin.backend.jvm.JvmLoweringPhasesKt$jvmLoweringPhases$9        : loaded 2 times (x 125B)
Class org.jetbrains.kotlin.backend.jvm.ir.IrInlineReferenceLocator                    : loaded 2 times (x 163B)
Class org.jetbrains.kotlin.backend.jvm.JvmLoweringPhasesKt$jvmFilePhases$13           : loaded 2 times (x 125B)
Class org.jetbrains.kotlin.backend.common.ClassLoweringPass                           : loaded 2 times (x 70B)
Class org.jetbrains.kotlin.load.java.JavaNullabilityAnnotationsStatus$Companion       : loaded 2 times (x 71B)
Class org.jetbrains.kotlin.backend.common.lower.KotlinNothingValueExceptionLowering   : loaded 2 times (x 86B)
Class org.jetbrains.kotlin.backend.jvm.JvmLoweringPhasesKt$jvmLoweringPhases$14       : loaded 2 times (x 125B)
Class org.jetbrains.kotlin.cli.common.CreatePhaseConfigKt                             : loaded 2 times (x 71B)
Class com.google.common.reflect.Types$JavaVersion$5                                   : loaded 2 times (x 71B)
Class [Lcom.google.common.reflect.Types$ClassOwnership;                               : loaded 2 times (x 69B)
Class com.google.common.cache.LocalCache$EntryFactory$2                               : loaded 2 times (x 83B)
Class [Lorg.jetbrains.kotlin.psi.KtClassLikeDeclaration;                              : loaded 2 times (x 69B)
Class org.jetbrains.kotlin.resolve.calls.checkers.SynchronizedByValueChecker          : loaded 2 times (x 74B)
Class org.jetbrains.kotlin.fir.types.ConeKotlinType                                   : loaded 2 times (x 75B)
Class org.jetbrains.kotlin.cli.jvm.compiler.PsiBasedProjectFileSearchScope            : loaded 2 times (x 78B)
Class org.jetbrains.kotlin.fir.session.environment.AbstractProjectEnvironment         : loaded 2 times (x 70B)
Class [Lorg.jetbrains.kotlin.com.intellij.lang.jvm.JvmPackage;                        : loaded 2 times (x 69B)
Class org.jetbrains.kotlin.codegen.extensions.ClassFileFactoryFinalizerExtension      : loaded 2 times (x 70B)
Class org.jetbrains.kotlin.com.intellij.util.containers.SoftKeySoftValueHashMap$ValueReference: loaded 2 times (x 80B)
Class org.jetbrains.kotlin.com.intellij.openapi.util.RecursionManager$CalculationStack: loaded 2 times (x 72B)
Class org.jetbrains.kotlin.com.intellij.psi.PsiAnnotationOwner                        : loaded 2 times (x 70B)
Class org.jetbrains.kotlin.com.fasterxml.aalto.in.ReaderScanner                       : loaded 2 times (x 124B)
Class org.jetbrains.kotlin.com.fasterxml.aalto.in.ByteBasedScanner                    : loaded 2 times (x 126B)
Class org.jetbrains.kotlin.com.intellij.psi.PsiJvmModifiersOwner                      : loaded 2 times (x 70B)
Class org.jetbrains.kotlin.com.intellij.util.messages.impl.ToDirectChildrenMessagePublisher: loaded 2 times (x 76B)
Class org.jetbrains.kotlin.com.intellij.openapi.command.impl.CoreCommandProcessor$1   : loaded 2 times (x 80B)
Class org.jetbrains.kotlin.com.intellij.psi.stubs.ManyProjectsStubIndexMismatch       : loaded 2 times (x 87B)
Class org.jetbrains.kotlin.com.intellij.psi.PsiReferenceProviderBean                  : loaded 2 times (x 86B)
Class org.jetbrains.kotlin.com.intellij.psi.impl.source.resolve.reference.ReferenceProvidersRegistry: loaded 2 times (x 74B)
Class org.jetbrains.kotlin.com.intellij.psi.impl.ReparseableASTNode                   : loaded 2 times (x 70B)
Class org.jetbrains.kotlin.com.intellij.openapi.application.ModalityState             : loaded 2 times (x 72B)
Class org.jetbrains.kotlin.org.picocontainer.MutablePicoContainer                     : loaded 2 times (x 70B)
Class org.jetbrains.kotlin.com.intellij.lang.Language                                 : loaded 2 times (x 107B)
Class org.jetbrains.kotlin.backend.jvm.lower.AnonymousObjectSuperConstructorLowering  : loaded 2 times (x 353B)
Class org.jetbrains.kotlin.backend.jvm.JvmLoweringPhasesKt$jvmFilePhases$14           : loaded 2 times (x 125B)
Class org.jetbrains.kotlin.load.java.ReportLevel                                      : loaded 2 times (x 79B)
Class org.jetbrains.kotlin.com.intellij.openapi.util.registry.Registry$1              : loaded 2 times (x 77B)
Class kotlin.reflect.jvm.internal.KClassImpl$Data$allStaticMembers$2                  : loaded 2 times (x 79B)
Class org.jetbrains.kotlin.com.intellij.util.containers.FastUtilHashingStrategies     : loaded 2 times (x 71B)
Class org.jetbrains.kotlin.com.intellij.ide.plugins.PathResolver                      : loaded 2 times (x 70B)
Class org.jetbrains.kotlin.cli.jvm.compiler.KotlinCoreEnvironment$Companion           : loaded 2 times (x 71B)
Class com.google.common.collect.ImmutableMapEntrySet$RegularEntrySet                  : loaded 2 times (x 152B)
Class com.google.common.cache.LocalCache$EntryFactory$3                               : loaded 2 times (x 83B)
Class com.google.common.base.Ticker$1                                                 : loaded 2 times (x 72B)
Class com.google.common.collect.Maps$BiMapConverter                                   : loaded 2 times (x 90B)
Class androidx.compose.compiler.plugins.kotlin.FeatureFlags                           : loaded 2 times (x 72B)
Class [Lorg.jetbrains.kotlin.psi.KtFunctionType;                                      : loaded 2 times (x 69B)
Class org.jetbrains.kotlin.psi.stubs.KotlinBackingFieldStub                           : loaded 2 times (x 70B)
Class org.jetbrains.kotlin.psi.stubs.elements.KtPropertyAccessorElementType           : loaded 2 times (x 103B)
Class org.jetbrains.kotlin.container.ComponentRegistry                                : loaded 2 times (x 72B)
Class org.jetbrains.kotlin.fir.scopes.impl.FirDynamicMembersStorage$special$$inlined$createCache$1: loaded 2 times (x 75B)
Class org.jetbrains.kotlin.fir.types.impl.FirImplicitNullableNothingTypeRef           : loaded 2 times (x 107B)
Class org.jetbrains.kotlin.types.model.AnnotationMarker                               : loaded 2 times (x 70B)
Class org.jetbrains.kotlin.fir.caches.FirCache                                        : loaded 2 times (x 73B)
Class org.jetbrains.kotlin.cli.jvm.compiler.JavaLanguageLevelKt                       : loaded 2 times (x 71B)
Class org.jetbrains.kotlin.resolve.diagnostics.DiagnosticSuppressor                   : loaded 2 times (x 70B)
Class org.jetbrains.kotlin.com.intellij.psi.util.CachedValue                          : loaded 2 times (x 70B)
Class org.jetbrains.kotlin.cli.jvm.modules.CliJavaModuleResolver                      : loaded 2 times (x 78B)
Class org.jetbrains.kotlin.com.intellij.ide.plugins.PluginDescriptorLoader$loadForCoreEnv$1: loaded 2 times (x 95B)
Class org.jetbrains.kotlin.com.intellij.openapi.components.Service                    : loaded 2 times (x 70B)
Class org.jetbrains.kotlin.com.intellij.psi.impl.source.tree.JavaASTFactory           : loaded 2 times (x 75B)
Class org.jetbrains.kotlin.it.unimi.dsi.fastutil.doubles.Double2ObjectFunction        : loaded 2 times (x 70B)
Class org.jetbrains.kotlin.com.intellij.psi.impl.source.resolve.reference.TrackingReferenceRegistrar: loaded 2 times (x 80B)
Class org.jetbrains.kotlin.com.intellij.psi.impl.source.tree.TreeElement              : loaded 2 times (x 195B)
Class org.jetbrains.kotlin.com.intellij.openapi.extensions.impl.ExtensionsAreaImpl    : loaded 2 times (x 82B)
Class org.jetbrains.kotlin.com.intellij.util.messages.impl.BusState                   : loaded 2 times (x 79B)
Class org.jetbrains.kotlin.com.intellij.util.messages.MessageBus                      : loaded 2 times (x 70B)
Class org.jetbrains.kotlin.backend.jvm.lower.GenerateJvmDefaultCompatibilityBridges   : loaded 2 times (x 85B)
Class org.jetbrains.kotlin.backend.jvm.JvmLoweringPhasesKt$jvmFilePhases$15           : loaded 2 times (x 125B)
Class [Lkotlin.jvm.functions.Function1;                                               : loaded 2 times (x 69B)
Class org.jetbrains.kotlin.storage.LockBasedStorageManager$NotValue                   : loaded 2 times (x 79B)
Class org.jetbrains.kotlin.diagnostics.impl.PendingDiagnosticsCollectorWithSuppress   : loaded 2 times (x 78B)
Class org.jetbrains.kotlin.com.google.common.collect.Maps$BiMapConverter              : loaded 2 times (x 90B)
Class org.jetbrains.kotlin.it.unimi.dsi.fastutil.objects.z                            : loaded 2 times (x 99B)
Class org.jetbrains.kotlin.it.unimi.dsi.fastutil.objects.Reference2ObjectMap          : loaded 2 times (x 70B)
Class org.jetbrains.kotlin.it.unimi.dsi.fastutil.objects.Reference2ObjectFunction     : loaded 2 times (x 70B)
Class org.jetbrains.kotlin.cli.common.PropertiesKt                                    : loaded 2 times (x 71B)
Class org.jetbrains.kotlin.util.PerformanceManagerImpl                                : loaded 2 times (x 74B)
Class org.jetbrains.kotlin.backend.jvm.JvmLoweringPhasesKt$jvmFilePhases$84           : loaded 2 times (x 125B)
Class com.google.common.cache.LocalCache$EntryFactory$4                               : loaded 2 times (x 83B)
Class com.google.common.collect.ImmutableSet$Builder                                  : loaded 2 times (x 85B)
Class org.jetbrains.kotlin.psi.stubs.elements.KtAnnotationEntryElementType            : loaded 2 times (x 104B)
Class org.jetbrains.kotlin.container.ComponentStorageState                            : loaded 2 times (x 79B)
Class org.jetbrains.kotlin.fir.scopes.impl.FirDynamicMembersStorage$special$$inlined$createCache$2: loaded 2 times (x 75B)
Class org.jetbrains.kotlin.fir.types.ConeTypeProjection                               : loaded 2 times (x 72B)
Class org.jetbrains.kotlin.fir.types.impl.FirImplicitBuiltinTypeRef                   : loaded 2 times (x 107B)
Class org.jetbrains.kotlin.protobuf.CodedInputStream                                  : loaded 2 times (x 72B)
Class org.jetbrains.org.objectweb.asm.Context                                         : loaded 2 times (x 72B)
Class org.jetbrains.kotlin.cli.jvm.compiler.jarfs.FastJarVirtualFile                  : loaded 2 times (x 155B)
Class org.jetbrains.kotlin.com.intellij.openapi.util.Couple                           : loaded 2 times (x 72B)
Class org.jetbrains.kotlin.cli.jvm.compiler.ClasspathRootsResolver                    : loaded 2 times (x 72B)
Class org.jetbrains.kotlin.resolve.extensions.SyntheticResolveExtension$Companion     : loaded 2 times (x 72B)
Class org.jetbrains.kotlin.com.intellij.psi.JavaElementVisitor                        : loaded 2 times (x 204B)
Class org.jetbrains.kotlin.com.intellij.core.CoreLanguageLevelProjectExtension        : loaded 2 times (x 74B)
Class org.jetbrains.kotlin.com.intellij.psi.impl.source.PsiImmediateClassType         : loaded 2 times (x 119B)
Class org.jetbrains.kotlin.com.intellij.psi.PsiClassType$Stub                         : loaded 2 times (x 119B)
Class org.jetbrains.kotlin.com.intellij.psi.search.GlobalSearchScope$FilesScope       : loaded 2 times (x 105B)
Class org.jetbrains.kotlin.com.intellij.psi.PsiFileFactory                            : loaded 2 times (x 82B)
Class org.jetbrains.kotlin.com.intellij.psi.impl.PsiToDocumentSynchronizer            : loaded 2 times (x 84B)
Class org.jetbrains.kotlin.kotlinx.collections.immutable.implementations.immutableMap.PersistentHashMap$Companion: loaded 2 times (x 71B)
Class org.jetbrains.kotlin.fir.deserialization.LibraryPathFilter                      : loaded 2 times (x 72B)
Class org.jetbrains.kotlin.com.intellij.psi.PsiSubstitutorFactory                     : loaded 2 times (x 74B)
Class org.jetbrains.kotlin.com.intellij.openapi.extensions.LoadingOrder$Orderable     : loaded 2 times (x 70B)
Class org.jetbrains.kotlin.kotlinx.collections.immutable.implementations.immutableSet.PersistentHashSet: loaded 2 times (x 204B)
Class [Lorg.jetbrains.kotlin.com.intellij.util.containers.ConcurrentLongObjectMap$LongEntry;: loaded 2 times (x 69B)
Class org.jetbrains.kotlin.com.intellij.util.ConcurrentLongObjectHashMap$Node         : loaded 2 times (x 77B)
Class org.jetbrains.kotlin.com.intellij.pom.Navigatable                               : loaded 2 times (x 70B)
Class org.jetbrains.kotlin.com.intellij.openapi.vfs.impl.VirtualFileManagerImpl$LoggingListener: loaded 2 times (x 93B)
Class org.jetbrains.kotlin.com.intellij.util.keyFMap.DebugFMap                        : loaded 2 times (x 80B)
Class org.jetbrains.kotlin.cli.jvm.compiler.legacy.pipeline.JvmCompilerPipelineKt     : loaded 2 times (x 71B)
Class org.jetbrains.kotlin.backend.jvm.lower.JvmExpectDeclarationRemover              : loaded 2 times (x 350B)
Class org.jetbrains.kotlin.backend.jvm.lower.JvmMultiFieldValueClassLowering          : loaded 2 times (x 367B)
Class org.jetbrains.kotlin.backend.jvm.JvmLoweringPhasesKt$jvmFilePhases$16           : loaded 2 times (x 125B)
Class org.jetbrains.kotlin.resolve.JvmCompilerDeserializationConfiguration$1          : loaded 2 times (x 125B)
Class org.jetbrains.kotlin.utils.WrappedValues$WrappedProcessCanceledException        : loaded 2 times (x 82B)
Class org.jetbrains.kotlin.config.AnalysisFlag$Delegates$WarningLevelMap              : loaded 2 times (x 71B)
Class org.jetbrains.kotlin.cli.pipeline.PipelinePhaseKt                               : loaded 2 times (x 71B)
Class org.jetbrains.kotlin.com.google.common.collect.ImmutableEnumMap                 : loaded 2 times (x 126B)
Class kotlin.reflect.jvm.internal.impl.builtins.functions.FunctionClassKind           : loaded 2 times (x 80B)
Class kotlin.reflect.jvm.internal.KCallableImpl$_parameters$1                         : loaded 2 times (x 79B)
Class org.jetbrains.kotlin.progress.ProgressIndicatorAndCompilationCanceledStatus     : loaded 2 times (x 71B)
Class kotlin.concurrent.LocksKt                                                       : loaded 2 times (x 71B)
Class com.google.common.cache.LocalCache$EntryFactory$5                               : loaded 2 times (x 83B)
Class androidx.compose.compiler.plugins.kotlin.lower.ClassStabilityFieldSerializationPlugin: loaded 2 times (x 83B)
Class androidx.compose.compiler.plugins.kotlin.k1.ComposableTargetChecker             : loaded 2 times (x 78B)
Class org.jetbrains.kotlin.psi.stubs.KotlinPlaceHolderStub                            : loaded 2 times (x 70B)
Class org.jetbrains.kotlin.psi.stubs.KotlinCallableStubBase                           : loaded 2 times (x 70B)
Class org.jetbrains.kotlin.resolve.checkers.ExpectActualClassifiersAreInBetaChecker   : loaded 2 times (x 74B)
Class org.jetbrains.kotlin.container.ComponentContainer                               : loaded 2 times (x 70B)
Class org.jetbrains.kotlin.fir.scopes.impl.FirDynamicMembersStorage$special$$inlined$createCache$3: loaded 2 times (x 75B)
Class org.jetbrains.kotlin.mpp.DeclarationSymbolMarker                                : loaded 2 times (x 70B)
Class org.jetbrains.kotlin.resolve.calls.inference.components.PostponedArgumentInputTypesResolver: loaded 2 times (x 72B)
Class org.jetbrains.kotlin.util.ArrayMapImpl$Companion                                : loaded 2 times (x 71B)
Class org.jetbrains.kotlin.protobuf.MessageLite$Builder                               : loaded 2 times (x 70B)
Class org.jetbrains.kotlin.com.intellij.openapi.vfs.VfsUtilCore                       : loaded 2 times (x 71B)
Class org.jetbrains.kotlin.com.intellij.openapi.util.io.FileUtil$1                    : loaded 2 times (x 77B)
Class org.jetbrains.kotlin.com.intellij.openapi.util.io.FileUtilRt$SymlinkResolver    : loaded 2 times (x 70B)
Class org.jetbrains.kotlin.fir.extensions.FirAnalysisHandlerExtension$Companion       : loaded 2 times (x 72B)
Class org.jetbrains.kotlin.resolve.extensions.AssignResolutionAltererExtension$Companion: loaded 2 times (x 72B)
Class org.jetbrains.kotlin.com.intellij.psi.impl.source.JavaDummyHolderFactory        : loaded 2 times (x 87B)
Class org.jetbrains.kotlin.com.intellij.util.containers.HashSetInterner               : loaded 2 times (x 75B)
Class org.jetbrains.kotlin.com.intellij.psi.impl.GeneratedMarkerVisitor               : loaded 2 times (x 77B)
Class org.jetbrains.kotlin.com.intellij.openapi.vfs.VirtualFileFilter$1               : loaded 2 times (x 75B)
Class org.jetbrains.kotlin.com.fasterxml.aalto.in.PName1                              : loaded 2 times (x 79B)
Class org.jetbrains.kotlin.com.fasterxml.aalto.UncheckedStreamException               : loaded 2 times (x 82B)
Class org.jetbrains.kotlin.com.intellij.platform.diagnostic.telemetry.TelemetryManager$Companion: loaded 2 times (x 71B)
Class org.jetbrains.kotlin.kotlinx.collections.immutable.implementations.immutableList.UtilsKt: loaded 2 times (x 71B)
Class org.jetbrains.kotlin.cli.jvm.compiler.CliCompilerUtilsKt                        : loaded 2 times (x 71B)
Class org.jetbrains.kotlin.backend.jvm.lower.ApiVersionIsAtLeastEvaluationLowering    : loaded 2 times (x 256B)
Class org.jetbrains.kotlin.backend.jvm.lower.ReplaceNumberToCharCallSitesLowering     : loaded 2 times (x 344B)
Class org.jetbrains.kotlin.backend.jvm.JvmLoweringPhasesKt$jvmFilePhases$17           : loaded 2 times (x 125B)
Class org.jetbrains.kotlin.config.JVMAssertionsMode$Companion                         : loaded 2 times (x 71B)
Class kotlin.reflect.jvm.internal.KClassImpl$Data$simpleName$2                        : loaded 2 times (x 79B)
Class org.jetbrains.kotlin.com.fasterxml.aalto.in.ByteBasedPNameFactory               : loaded 2 times (x 71B)
Class org.jetbrains.kotlin.com.intellij.psi.impl.file.PsiDirectoryFactory             : loaded 2 times (x 76B)
Class kotlin.jvm.internal.ByteCompanionObject                                         : loaded 2 times (x 71B)
Class com.google.common.cache.LocalCache$EntryFactory$6                               : loaded 2 times (x 83B)
Class org.gradle.internal.installation.CurrentGradleInstallationLocator               : loaded 2 times (x 71B)
Class [Lorg.jetbrains.kotlin.psi.KtIntersectionType;                                  : loaded 2 times (x 69B)
Class org.jetbrains.kotlin.psi.stubs.KotlinAnnotationUseSiteTargetStub                : loaded 2 times (x 70B)
Class org.jetbrains.kotlin.psi.stubs.elements.KtModifierListElementType               : loaded 2 times (x 103B)
Class org.jetbrains.kotlin.psi.stubs.elements.KtParameterElementType                  : loaded 2 times (x 104B)
Class org.jetbrains.kotlin.resolve.checkers.TrailingCommaDeclarationChecker           : loaded 2 times (x 74B)
Class org.jetbrains.kotlin.metadata.builtins.BuiltInsProtoBuf                         : loaded 2 times (x 71B)
Class org.jetbrains.kotlin.util.AttributeArrayOwner                                   : loaded 2 times (x 82B)
Class [Lorg.jetbrains.kotlin.com.intellij.lang.jvm.JvmAnnotation;                     : loaded 2 times (x 69B)
Class [Lorg.jetbrains.kotlin.cli.jvm.modules.CoreJrtVirtualFile;                      : loaded 2 times (x 69B)
Class org.jetbrains.kotlin.com.intellij.psi.impl.IsConstantExpressionVisitor          : loaded 2 times (x 205B)
Class org.jetbrains.kotlin.cli.jvm.compiler.KotlinCliJavaFileManagerImpl$Companion    : loaded 2 times (x 71B)
Class org.jetbrains.kotlin.com.intellij.psi.PsiPolyVariantReference                   : loaded 2 times (x 70B)
Class org.jetbrains.kotlin.com.intellij.psi.impl.PsiElementFactoryImpl                : loaded 2 times (x 259B)
Class org.jetbrains.kotlin.com.intellij.util.LocalTimeCounter                         : loaded 2 times (x 71B)
Class org.jetbrains.kotlin.com.intellij.openapi.vfs.VirtualFileFilter$2               : loaded 2 times (x 75B)
Class org.jetbrains.kotlin.com.fasterxml.aalto.in.PName2                              : loaded 2 times (x 79B)
Class org.jetbrains.kotlin.fir.analysis.checkers.FirPrimaryConstructorSuperTypeCheckerPlatformComponent: loaded 2 times (x 72B)
Class org.jetbrains.kotlin.types.KotlinType                                           : loaded 2 times (x 83B)
Class org.jetbrains.kotlin.com.intellij.psi.PsiTypeParameterListOwner                 : loaded 2 times (x 70B)
Class org.jetbrains.kotlin.com.intellij.psi.PsiLiteralValue                           : loaded 2 times (x 70B)
Class org.jetbrains.kotlin.com.intellij.lexer.DummyLexer                              : loaded 2 times (x 84B)
Class org.jetbrains.kotlin.com.intellij.util.containers.Stack                         : loaded 2 times (x 213B)
Class org.jetbrains.kotlin.com.intellij.openapi.editor.impl.event.DocumentEventImpl   : loaded 2 times (x 86B)
Class org.jetbrains.kotlin.com.intellij.util.keyFMap.EmptyFMap                        : loaded 2 times (x 79B)
Class org.jetbrains.kotlin.backend.jvm.lower.JvmInlineCallableReferenceToLambdaWithDefaultsPhase: loaded 2 times (x 261B)
Class org.jetbrains.kotlin.backend.jvm.lower.SerializeIrPhase                         : loaded 2 times (x 80B)
Class org.jetbrains.kotlin.backend.jvm.JvmLoweringPhasesKt$jvmFilePhases$18           : loaded 2 times (x 125B)
Class org.jetbrains.kotlin.compiler.plugin.PluginCliOptionProcessingException         : loaded 2 times (x 82B)
Class org.jetbrains.kotlin.com.google.common.collect.Platform                         : loaded 2 times (x 71B)
Class org.jetbrains.kotlin.com.google.common.collect.AbstractMapBasedMultimap$WrappedCollection: loaded 2 times (x 124B)
Class org.jetbrains.kotlin.cli.common.messages.GroupingMessageCollector               : loaded 2 times (x 81B)
Class org.jetbrains.kotlin.cli.pipeline.jvm.JvmCliPipeline                            : loaded 2 times (x 76B)
Class org.jetbrains.kotlin.resolve.checkers.SealedInheritorInSameModuleChecker        : loaded 2 times (x 74B)
Class kotlin.coroutines.jvm.internal.SpillingKt                                       : loaded 2 times (x 71B)
Class com.google.common.collect.ImmutableSet$EmptySetBuilderImpl                      : loaded 2 times (x 76B)
Class com.google.common.cache.LocalCache$EntryFactory$7                               : loaded 2 times (x 83B)
Class com.google.common.collect.ImmutableList                                         : loaded 2 times (x 206B)
Class org.gradle.internal.service.DefaultServiceLocator                               : loaded 2 times (x 83B)
Class org.jetbrains.kotlin.com.intellij.psi.impl.source.SubstrateRef$StubRef          : loaded 2 times (x 77B)
Class [Lorg.jetbrains.kotlin.psi.KtNameReferenceExpression;                           : loaded 2 times (x 69B)
Class org.jetbrains.kotlin.psi.KtSecondaryConstructor                                 : loaded 2 times (x 1274B)
Class [Lorg.jetbrains.kotlin.psi.KtTypeParameterListOwner;                            : loaded 2 times (x 69B)
Class org.jetbrains.kotlin.resolve.calls.checkers.DeprecatedCallChecker               : loaded 2 times (x 74B)
Class org.jetbrains.kotlin.resolve.PlatformConfiguratorBase                           : loaded 2 times (x 80B)
Class org.jetbrains.kotlin.fir.scopes.FirContainingNamesAwareScope                    : loaded 2 times (x 81B)
Class org.jetbrains.kotlin.metadata.ProtoBuf$Package$1                                : loaded 2 times (x 144B)
Class org.jetbrains.kotlin.com.intellij.core.CoreJavaFileManager                      : loaded 2 times (x 86B)
Class org.jetbrains.kotlin.load.kotlin.PackagePartProvider                            : loaded 2 times (x 70B)
Class org.jetbrains.kotlin.fir.extensions.FirReplSnippetResolveExtension              : loaded 2 times (x 78B)
Class org.jetbrains.kotlin.fir.extensions.FirAssignExpressionAltererExtension         : loaded 2 times (x 76B)
Class org.jetbrains.kotlin.metadata.ProtoBuf$Class$Kind$1                             : loaded 2 times (x 74B)
Class org.jetbrains.kotlin.extensions.TypeAttributeTranslatorExtension$Companion      : loaded 2 times (x 72B)
Class org.jetbrains.kotlin.extensions.TypeAttributeTranslatorExtension                : loaded 2 times (x 70B)
Class org.jetbrains.kotlin.extensions.ProcessSourcesBeforeCompilingExtension$Companion: loaded 2 times (x 72B)
Class org.jetbrains.kotlin.extensions.PreprocessedVirtualFileFactoryExtension         : loaded 2 times (x 70B)
Class org.jetbrains.kotlin.com.intellij.core.CoreJavaCodeStyleManager$1CancelException: loaded 2 times (x 82B)
Class org.jetbrains.kotlin.com.intellij.lang.jvm.JvmAnnotation                        : loaded 2 times (x 70B)
Class org.jetbrains.kotlin.com.intellij.lang.jvm.facade.JvmElementProvider            : loaded 2 times (x 70B)
Class org.jetbrains.kotlin.psi.stubs.elements.KtFileElementType                       : loaded 2 times (x 111B)
Class org.jetbrains.kotlin.com.fasterxml.aalto.in.PName3                              : loaded 2 times (x 79B)
Class org.jetbrains.kotlin.com.fasterxml.aalto.in.MergedStream                        : loaded 2 times (x 92B)
Class org.jetbrains.kotlin.com.intellij.ide.plugins.DataLoader                        : loaded 2 times (x 70B)
Class org.jetbrains.kotlin.load.java.structure.JavaAnnotationOwner                    : loaded 2 times (x 70B)
Class org.jetbrains.kotlin.com.intellij.ide.plugins.PluginXmlPathResolver$Companion   : loaded 2 times (x 71B)
Class org.jetbrains.kotlin.com.intellij.util.io.DataOutputStream                      : loaded 2 times (x 105B)
Class org.jetbrains.kotlin.kotlinx.collections.immutable.implementations.immutableSet.TrieNode: loaded 2 times (x 72B)
Class org.jetbrains.kotlin.com.intellij.lang.PsiBuilder                               : loaded 2 times (x 70B)
Class org.jetbrains.kotlin.com.intellij.openapi.extensions.PluginAware                : loaded 2 times (x 70B)
Class org.jetbrains.kotlin.com.intellij.openapi.vfs.VirtualFilePropertyEvent          : loaded 2 times (x 80B)
Class org.jetbrains.kotlin.cli.jvm.compiler.KotlinCoreApplicationEnvironmentMode$Production: loaded 2 times (x 71B)
Class org.jetbrains.kotlin.backend.jvm.lower.JvmIrValidationAfterLoweringPhase        : loaded 2 times (x 77B)
Class org.jetbrains.kotlin.backend.jvm.lower.JvmInlineClassLowering                   : loaded 2 times (x 367B)
Class org.jetbrains.kotlin.backend.jvm.JvmLoweringPhasesKt$jvmFilePhases$19           : loaded 2 times (x 125B)
Class org.jetbrains.kotlin.backend.common.BodyLoweringPass                            : loaded 2 times (x 70B)
Class org.jetbrains.kotlin.compiler.plugin.CliOptionsKt                               : loaded 2 times (x 71B)
Class [Lorg.jetbrains.kotlin.storage.LockBasedStorageManager$NotValue;                : loaded 2 times (x 69B)
Class org.jetbrains.kotlin.it.unimi.dsi.fastutil.ints.Int2ObjectMap$FastEntrySet      : loaded 2 times (x 70B)
Class org.jetbrains.kotlin.cli.pipeline.PerformanceNotifications$TranslationToIrFinished: loaded 2 times (x 77B)
Class [Lorg.jetbrains.kotlin.com.intellij.lang.jvm.JvmModifiersOwner;                 : loaded 2 times (x 69B)
Class org.jetbrains.kotlin.resolve.jvm.modules.JavaModuleInfo$Exports                 : loaded 2 times (x 72B)
Class [Lorg.jetbrains.kotlin.psi.KtAnonymousInitializer;                              : loaded 2 times (x 69B)
Class org.jetbrains.kotlin.name.FqName$Companion                                      : loaded 2 times (x 71B)
Class com.google.common.collect.Maps$EntrySet                                         : loaded 2 times (x 136B)
Class com.google.common.cache.LocalCache$EntryFactory$8                               : loaded 2 times (x 83B)
Class com.google.common.collect.ImmutableSet$SetBuilderImpl                           : loaded 2 times (x 76B)
Class org.gradle.internal.installation.CurrentGradleInstallation                      : loaded 2 times (x 73B)
Class androidx.compose.compiler.plugins.kotlin.inference.NodeAdapter                  : loaded 2 times (x 70B)
Class androidx.compose.compiler.plugins.kotlin.k1.ComposableDeclarationChecker        : loaded 2 times (x 77B)
Class [Lorg.jetbrains.kotlin.psi.KtFunctionTypeReceiver;                              : loaded 2 times (x 69B)
Class org.jetbrains.kotlin.psi.KtNullableType                                         : loaded 2 times (x 510B)
Class org.jetbrains.kotlin.psi.stubs.KotlinTypeAliasStub                              : loaded 2 times (x 70B)
Class [Lorg.jetbrains.kotlin.psi.KtProperty;                                          : loaded 2 times (x 69B)
Class org.jetbrains.kotlin.mpp.ClassifierSymbolMarker                                 : loaded 2 times (x 70B)
Class org.jetbrains.kotlin.types.model.SimpleTypeMarker                               : loaded 2 times (x 70B)
Class org.jetbrains.kotlin.fir.resolve.providers.impl.FirExtensionSyntheticFunctionInterfaceProvider: loaded 2 times (x 85B)
Class org.jetbrains.kotlin.metadata.ProtoBuf$Annotation$ArgumentOrBuilder             : loaded 2 times (x 70B)
Class org.jetbrains.kotlin.protobuf.FieldSet$FieldDescriptorLite                      : loaded 2 times (x 70B)
Class org.jetbrains.kotlin.protobuf.AbstractMessageLite                               : loaded 2 times (x 98B)
Class [Lorg.jetbrains.kotlin.psi.KtUserType;                                          : loaded 2 times (x 69B)
Class [Lorg.jetbrains.kotlin.it.unimi.dsi.fastutil.e;                                 : loaded 2 times (x 69B)
Class org.jetbrains.kotlin.load.java.structure.JavaNamedElement                       : loaded 2 times (x 70B)
Class org.jetbrains.kotlin.cli.common.extensions.ShellExtension$Companion             : loaded 2 times (x 72B)
Class org.jetbrains.kotlin.extensions.CompilerConfigurationExtension                  : loaded 2 times (x 70B)
Class org.jetbrains.kotlin.com.intellij.psi.impl.source.resolve.PsiResolveHelperImpl$1: loaded 2 times (x 112B)
Class [Lorg.jetbrains.kotlin.com.intellij.psi.PsiType;                                : loaded 2 times (x 69B)
Class org.jetbrains.kotlin.com.intellij.psi.search.impl.VirtualFileEnumerationAware   : loaded 2 times (x 70B)
Class org.jetbrains.kotlin.com.intellij.psi.impl.PsiCachedValuesFactory               : loaded 2 times (x 78B)
Class org.jetbrains.kotlin.com.intellij.openapi.util.StackOverflowPreventedException  : loaded 2 times (x 82B)
Class org.jetbrains.kotlin.com.intellij.openapi.vfs.VirtualFileFilter                 : loaded 2 times (x 70B)
Class [Lcom.google.common.collect.AbstractIterator$State;                             : loaded 2 times (x 69B)
Class org.jetbrains.kotlin.cli.jvm.index.JvmDependenciesDynamicCompoundIndex          : loaded 2 times (x 77B)
Class kotlin.text.MatcherMatchResult$groupValues$1                                    : loaded 2 times (x 198B)
Class [Lorg.jetbrains.kotlin.fir.extensions.FirExtensionRegistrarAdapter;             : loaded 2 times (x 69B)
Class org.jetbrains.kotlin.com.intellij.psi.PsiVariable                               : loaded 2 times (x 70B)
Class [Lorg.jetbrains.kotlin.com.intellij.openapi.util.UserDataHolderBase;            : loaded 2 times (x 69B)
Class org.jetbrains.kotlin.com.intellij.psi.stubs.StubTreeLoader                      : loaded 2 times (x 81B)
Class org.jetbrains.kotlin.com.intellij.openapi.editor.event.DocumentEvent            : loaded 2 times (x 82B)
Class org.jetbrains.kotlin.com.intellij.openapi.extensions.ExtensionNotApplicableException: loaded 2 times (x 82B)
Class org.jetbrains.kotlin.backend.jvm.lower.InterfaceLowering                        : loaded 2 times (x 349B)
Class org.jetbrains.kotlin.it.unimi.dsi.fastutil.e                                    : loaded 2 times (x 70B)
Class org.jetbrains.kotlin.fir.java.enhancement.FirEnhancedSymbolsStorage$special$$inlined$createCache$1: loaded 2 times (x 75B)
Class kotlin.jvm.internal.FloatCompanionObject                                        : loaded 2 times (x 71B)
Class com.google.common.collect.ImmutableList$SubList                                 : loaded 2 times (x 209B)
Class com.google.common.collect.ForwardingObject                                      : loaded 2 times (x 72B)
Class com.google.common.cache.CacheLoader$1                                           : loaded 2 times (x 75B)
Class org.gradle.util.internal.GUtil                                                  : loaded 2 times (x 71B)
Class org.jetbrains.kotlin.kdoc.lexer.KDocTokens$1                                    : loaded 2 times (x 84B)
Class org.jetbrains.kotlin.psi.KtModifierListOwnerStub                                : loaded 2 times (x 581B)
Class org.jetbrains.kotlin.fir.scopes.impl.FirIntersectionOverrideStorage             : loaded 2 times (x 72B)
Class org.jetbrains.kotlin.fir.types.TypeComponentsKt                                 : loaded 2 times (x 71B)
Class org.jetbrains.kotlin.types.model.TypeSystemOptimizationContext                  : loaded 2 times (x 70B)
Class org.jetbrains.kotlin.fir.extensions.FirPredicateBasedProvider                   : loaded 2 times (x 76B)
Class org.jetbrains.kotlin.fir.FirExceptionHandler                                    : loaded 2 times (x 73B)
Class org.jetbrains.kotlin.fir.session.FirJvmSessionFactory                           : loaded 2 times (x 77B)
Class org.jetbrains.kotlin.protobuf.FieldSet                                          : loaded 2 times (x 72B)
Class org.jetbrains.kotlin.psi.KtFile                                                 : loaded 2 times (x 944B)
Class [Lorg.jetbrains.kotlin.cli.jvm.index.JavaRoot$RootType;                         : loaded 2 times (x 69B)
Class org.jetbrains.kotlin.com.intellij.psi.impl.source.DummyHolder                   : loaded 2 times (x 724B)
Class org.jetbrains.kotlin.com.intellij.util.containers.ConcurrentWeakKeySoftValueHashMap$KeyReference: loaded 2 times (x 70B)
Class org.jetbrains.kotlin.com.intellij.psi.JavaRecursiveElementWalkingVisitor        : loaded 2 times (x 207B)
Class org.jetbrains.kotlin.com.intellij.psi.impl.source.resolve.PsiResolveHelperImpl$2: loaded 2 times (x 112B)
Class org.jetbrains.kotlin.backend.common.lower.InitializersLoweringBase              : loaded 2 times (x 73B)
Class kotlin.reflect.jvm.internal.pcollections.IntTreePMap                            : loaded 2 times (x 72B)
Class org.jetbrains.kotlin.util.PerformanceManagerImpl$Companion                      : loaded 2 times (x 71B)
Class org.jetbrains.kotlin.kotlinx.collections.immutable.PersistentList               : loaded 2 times (x 70B)
Class org.jetbrains.kotlin.backend.jvm.JvmLoweringPhasesKt$jvmLoweringPhases$10       : loaded 2 times (x 125B)
Class org.jetbrains.kotlin.cli.jvm.JvmArgumentsKt                                     : loaded 2 times (x 71B)
Class org.jetbrains.kotlin.metadata.ProtoBuf$Annotation$Argument$Value$Type           : loaded 2 times (x 82B)
Class org.jetbrains.kotlin.storage.LockBasedStorageManager$ExceptionHandlingStrategy$1: loaded 2 times (x 74B)
Class org.jetbrains.kotlin.storage.MemoizedFunctionToNullable                         : loaded 2 times (x 70B)
Class org.jetbrains.kotlin.cli.pipeline.jvm.JvmFir2IrPipelinePhase                    : loaded 2 times (x 82B)
Class org.jetbrains.kotlin.platform.TargetPlatformVersion                             : loaded 2 times (x 70B)
Class org.jetbrains.kotlin.metadata.ProtoBuf$TypeParameter$Variance$1                 : loaded 2 times (x 74B)
Class org.jetbrains.kotlin.fir.symbols.FirLazyResolveForbiddenException               : loaded 2 times (x 82B)
Class com.google.common.cache.AbstractCache$StatsCounter                              : loaded 2 times (x 70B)
Class androidx.compose.compiler.plugins.kotlin.FeatureFlag                            : loaded 2 times (x 80B)
Class org.jetbrains.kotlin.psi.KtTypeCodeFragmentType                                 : loaded 2 times (x 84B)
Class org.jetbrains.kotlin.kdoc.lexer.KDocTokens$2                                    : loaded 2 times (x 84B)
Class org.jetbrains.kotlin.resolve.calls.checkers.InlineCheckerWrapper                : loaded 2 times (x 75B)
Class org.jetbrains.kotlin.resolve.checkers.DeprecatedSinceKotlinAnnotationChecker    : loaded 2 times (x 74B)
Class org.jetbrains.kotlin.psi.KtNamedFunction                                        : loaded 2 times (x 1345B)
Class org.jetbrains.kotlin.resolve.checkers.LocalVariableTypeParametersChecker        : loaded 2 times (x 74B)
Class org.jetbrains.kotlin.psi.KtNamedDeclaration                                     : loaded 2 times (x 70B)
Class kotlin.reflect.jvm.internal.KDeclarationContainerImpl$Data$moduleData$2         : loaded 2 times (x 79B)
Class org.jetbrains.kotlin.metadata.ProtoBuf$Annotation$Argument$Value$Type$1         : loaded 2 times (x 74B)
Class org.jetbrains.kotlin.metadata.ProtoBuf$TypeOrBuilder                            : loaded 2 times (x 70B)
Class org.jetbrains.kotlin.metadata.ProtoBuf$TypeTableOrBuilder                       : loaded 2 times (x 70B)
Class org.jetbrains.kotlin.metadata.ProtoBuf$Package                                  : loaded 2 times (x 129B)
Class org.jetbrains.kotlin.load.kotlin.MetadataFinderFactory                          : loaded 2 times (x 70B)
Class org.jetbrains.kotlin.com.intellij.util.text.ImmutableCharSequence               : loaded 2 times (x 90B)
Class org.jetbrains.kotlin.com.intellij.openapi.util.Pair                             : loaded 2 times (x 72B)
Class org.jetbrains.kotlin.resolve.jvm.KotlinJavaPsiFacade$KotlinPsiElementFinderWrapperImpl: loaded 2 times (x 82B)
Class [Lorg.jetbrains.kotlin.metadata.ProtoBuf$MemberKind;                            : loaded 2 times (x 69B)
Class org.jetbrains.kotlin.com.intellij.psi.PsiElementFactory                         : loaded 2 times (x 70B)
Class org.jetbrains.kotlin.com.intellij.testFramework.LightVirtualFileBase$MyVirtualFileSystem: loaded 2 times (x 101B)
Class org.jetbrains.kotlin.fir.scopes.FirLookupDefaultStarImportsInSourcesSettingHolder$Companion: loaded 2 times (x 71B)
Class org.jetbrains.kotlin.cli.pipeline.PipelinePhase                                 : loaded 2 times (x 82B)
Class org.jetbrains.kotlin.resolve.checkers.InlineParameterChecker                    : loaded 2 times (x 74B)
Class org.jetbrains.kotlin.com.intellij.psi.stubs.BinaryFileStubBuilder$CompositeBinaryFileStubBuilder: loaded 2 times (x 70B)
Class org.jetbrains.kotlin.com.intellij.openapi.util.UserDataHolderBase               : loaded 2 times (x 95B)
Class org.jetbrains.kotlin.backend.jvm.JvmLoweringPhasesKt$jvmLoweringPhases$11       : loaded 2 times (x 125B)
Class org.jetbrains.kotlin.backend.jvm.lower.StaticDefaultFunctionLowering            : loaded 2 times (x 344B)
Class org.jetbrains.kotlin.backend.common.IrElementTransformerVoidWithContext         : loaded 2 times (x 345B)
Class org.jetbrains.kotlin.com.intellij.openapi.application.PathManager               : loaded 2 times (x 71B)
Class org.jetbrains.kotlin.cli.pipeline.AbstractConfigurationPhase$setupCommonConfiguration$1: loaded 2 times (x 125B)
Class org.jetbrains.kotlin.config.LanguageVersionSettings                             : loaded 2 times (x 70B)
Class org.jetbrains.kotlin.com.intellij.openapi.diagnostic.ExceptionWithAttachments   : loaded 2 times (x 70B)
Class org.jetbrains.kotlin.ir.visitors.IrVisitorVoid                                  : loaded 2 times (x 335B)
Class com.google.common.reflect.Types$TypeVariableImpl                                : loaded 2 times (x 72B)
Class com.google.common.collect.Iterators$MergingIterator                             : loaded 2 times (x 81B)
Class com.google.common.collect.RegularImmutableSet                                   : loaded 2 times (x 149B)
Class org.gradle.internal.installation.GradleInstallation                             : loaded 2 times (x 75B)
Class org.jetbrains.kotlin.lexer.KtTokens                                             : loaded 2 times (x 70B)
Class org.jetbrains.kotlin.fir.scopes.impl.FirSynthesizedStorage$special$$inlined$createCache$1: loaded 2 times (x 75B)
Class org.jetbrains.kotlin.fir.resolve.FirDefaultParametersResolver                   : loaded 2 times (x 71B)
Class org.jetbrains.kotlin.types.TypeCheckerState                                     : loaded 2 times (x 76B)
Class org.jetbrains.kotlin.resolve.calls.inference.components.ResultTypeResolver      : loaded 2 times (x 72B)
Class org.jetbrains.kotlin.fir.FirElementWithResolveState                             : loaded 2 times (x 89B)
Class kotlin.reflect.jvm.internal.KPackageImpl$data$1                                 : loaded 2 times (x 79B)
Class org.jetbrains.kotlin.fir.types.impl.FirImplicitCharTypeRef                      : loaded 2 times (x 107B)
Class org.jetbrains.kotlin.fir.types.impl.FirImplicitUIntTypeRef                      : loaded 2 times (x 107B)
Class org.jetbrains.kotlin.platform.jvm.JvmPlatforms$CompatJvmPlatform                : loaded 2 times (x 124B)
Class org.jetbrains.kotlin.resolve.JvmCompilerDeserializationConfiguration            : loaded 2 times (x 85B)
Class org.jetbrains.kotlin.fir.scopes.jvm.JvmMappedScope$FirMappedSymbolStorage$special$$inlined$createCache$1: loaded 2 times (x 75B)
Class org.jetbrains.kotlin.resolve.jvm.modules.JavaModule$Automatic                   : loaded 2 times (x 80B)
Class org.jetbrains.kotlin.cli.jvm.modules.JavaModuleGraph$module$1                   : loaded 2 times (x 125B)
Class [Lorg.jetbrains.kotlin.com.intellij.psi.PsiCheckedRenameElement;                : loaded 2 times (x 69B)
Class [Lorg.jetbrains.kotlin.com.intellij.psi.PsiNamedElement;                        : loaded 2 times (x 69B)
Class org.jetbrains.kotlin.load.java.structure.impl.source.JavaFixedElementSourceFactory: loaded 2 times (x 79B)
Class org.jetbrains.kotlin.resolve.AdditionalAnnotationChecker                        : loaded 2 times (x 70B)
Class org.jetbrains.kotlin.cli.jvm.compiler.CliLightClassGenerationSupport            : loaded 2 times (x 77B)
Class org.jetbrains.kotlin.asJava.LightClassGenerationSupport                         : loaded 2 times (x 76B)
Class org.jetbrains.kotlin.com.intellij.core.CoreJavaCodeStyleManager                 : loaded 2 times (x 97B)
Class kotlinx.coroutines.internal.ThreadContextKt$updateState$1                       : loaded 2 times (x 78B)
Class org.jetbrains.kotlin.com.intellij.openapi.progress.impl.CoreProgressManager$CheckCanceledBehavior: loaded 2 times (x 79B)
Class org.jetbrains.kotlin.com.intellij.psi.stubs.CoreStubTreeLoader                  : loaded 2 times (x 81B)
Class org.jetbrains.kotlin.com.intellij.util.containers.ConcurrentFactoryMap$2        : loaded 2 times (x 148B)
Class org.jetbrains.kotlin.backend.jvm.JvmLoweringPhasesKt$jvmLoweringPhases$12       : loaded 2 times (x 125B)
Class org.jetbrains.kotlin.backend.jvm.lower.JvmLocalClassPopupLowering               : loaded 2 times (x 87B)
Class org.jetbrains.kotlin.config.LanguageFeature$State                               : loaded 2 times (x 82B)
Class org.jetbrains.kotlin.cli.pipeline.AbstractConfigurationPhase                    : loaded 2 times (x 85B)
Class org.jetbrains.kotlin.it.unimi.dsi.fastutil.objects.Object2ObjectMap             : loaded 2 times (x 70B)
Class org.jetbrains.kotlin.cli.pipeline.PipelineStepException                         : loaded 2 times (x 82B)
Class kotlin.collections.ReversedList                                                 : loaded 2 times (x 207B)
Class com.google.common.collect.Iterables                                             : loaded 2 times (x 71B)
Class org.jetbrains.kotlin.resolve.PlatformConfiguratorBaseKt                         : loaded 2 times (x 71B)
Class org.jetbrains.kotlin.fir.scopes.jvm.JvmMappedScope$FirMappedSymbolStorage       : loaded 2 times (x 72B)
Class org.jetbrains.kotlin.psi.stubs.elements.KtImportDirectiveElementType            : loaded 2 times (x 103B)
Class org.jetbrains.kotlin.cli.jvm.compiler.ClasspathRootsResolver$Companion          : loaded 2 times (x 71B)
Class org.jetbrains.kotlin.cli.jvm.modules.CliJavaModuleFinder                        : loaded 2 times (x 75B)
Class org.jetbrains.kotlin.com.intellij.DynamicBundle$1                               : loaded 2 times (x 78B)
Class org.jetbrains.kotlin.com.intellij.psi.PsiCaseLabelElement                       : loaded 2 times (x 70B)
Class org.jetbrains.kotlin.com.intellij.util.containers.ConcurrentFactoryMap$3        : loaded 2 times (x 148B)
Class org.jetbrains.kotlin.psi.stubs.KotlinTypeParameterStub                          : loaded 2 times (x 70B)
Class org.jetbrains.kotlin.config.JVMConfigurationKeys                                : loaded 2 times (x 71B)
Class org.jetbrains.kotlin.com.intellij.psi.compiled.ClassFileDecompilers$Decompiler  : loaded 2 times (x 70B)
Class org.jetbrains.kotlin.com.intellij.psi.impl.file.PsiPackageImplementationHelper  : loaded 2 times (x 77B)
Class org.jetbrains.kotlin.cli.jvm.compiler.KotlinCoreApplicationEnvironment$Companion: loaded 2 times (x 71B)
Class org.jetbrains.kotlin.com.intellij.openapi.fileTypes.PlainTextParserDefinition   : loaded 2 times (x 95B)
Class org.jetbrains.kotlin.com.intellij.psi.impl.source.tree.PlainTextASTFactory      : loaded 2 times (x 74B)
Class org.jetbrains.kotlin.com.intellij.util.containers.ConcurrentLongObjectMap       : loaded 2 times (x 70B)
Class org.jetbrains.kotlin.io.opentelemetry.api.trace.TracerProvider                  : loaded 2 times (x 70B)
Class org.jetbrains.kotlin.com.intellij.core.CoreApplicationEnvironment$1             : loaded 2 times (x 324B)
Class org.jetbrains.kotlin.com.intellij.openapi.diagnostic.DefaultLogger              : loaded 2 times (x 100B)
Class org.jetbrains.kotlin.backend.jvm.JvmLoweringPhasesKt$jvmLoweringPhases$13       : loaded 2 times (x 125B)
Class org.jetbrains.kotlin.backend.jvm.lower.RecordEnclosingMethodsLowering           : loaded 2 times (x 80B)
Class org.jetbrains.kotlin.backend.common.lower.DefaultParameterCleaner               : loaded 2 times (x 88B)
Class org.jetbrains.kotlin.backend.jvm.lower.RemapObjectFieldAccesses                 : loaded 2 times (x 344B)
Class org.jetbrains.kotlin.com.intellij.util.containers.IntKeyWeakValueHashMap$MyReference: loaded 2 times (x 79B)
Class kotlin.reflect.jvm.internal.impl.builtins.functions.FunctionClassKind$Companion : loaded 2 times (x 71B)
Class org.jetbrains.kotlin.psi.stubs.KotlinImportAliasStub                            : loaded 2 times (x 70B)
Class kotlin.collections.ReversedList$listIterator$1                                  : loaded 2 times (x 94B)

---------------  S Y S T E M  ---------------

OS:
 Windows 11 , 64 bit Build 26100 (10.0.26100.8521)
OS uptime: 0 days 2:17 hours
Hyper-V role detected

CPU: total 8 (initial active 8) (4 cores per cpu, 2 threads per core) family 6 model 142 stepping 12 microcode 0xde, cx8, cmov, fxsr, ht, mmx, 3dnowpref, sse, sse2, sse3, ssse3, sse4.1, sse4.2, popcnt, lzcnt, tsc, tscinvbit, avx, avx2, aes, erms, clmul, bmi1, bmi2, adx, fma, vzeroupper, clflush, clflushopt, hv, rdtscp, f16c
Processor Information for the first 8 processors :
  Max Mhz: 1800, Current Mhz: 1600, Mhz Limit: 1584

Memory: 4k page, system-wide physical 8039M (2780M free)
TotalPageFile size 16731M (AvailPageFile size 3442M)
current process WorkingSet (physical memory assigned to process): 327M, peak: 1392M
current process commit charge ("private bytes"): 1917M, peak: 2887M

vm_info: OpenJDK 64-Bit Server VM (21.0.10+-14961533-b1163.108) for windows-amd64 JRE (21.0.10+-14961533-b1163.108), built on 2026-03-02T19:58:50Z by "builder" with MS VC++ 16.10 / 16.11 (VS2019)

END.
